filename,len_in_sec,MOS_SSL
/mnt/md1/user_wago/data/LJSpeech-1.1/wavs/LJ021-0148.wav,8.436,4.4879813
/mnt/md1/user_wago/data/LJSpeech-1.1/wavs/LJ041-0128.wav,5.92825,4.6198587
/mnt/md1/user_wago/data/LJSpeech-1.1/wavs/LJ016-0093.wav,6.40425,4.654752
/mnt/md1/user_wago/data/LJSpeech-1.1/wavs/LJ003-0080.wav,6.891875,4.635083
/mnt/md1/user_wago/data/LJSpeech-1.1/wavs/LJ048-0102.wav,8.842375,4.5837417
/mnt/md1/user_wago/data/LJSpeech-1.1/wavs/LJ026-0102.wav,7.6000625,4.5052924
/mnt/md1/user_wago/data/LJSpeech-1.1/wavs/LJ025-0110.wav,2.13175,4.49939
/mnt/md1/user_wago/data/LJSpeech-1.1/wavs/LJ005-0154.wav,2.5961875,4.636797
/mnt/md1/user_wago/data/LJSpeech-1.1/wavs/LJ021-0151.wav,9.3415625,4.381063
/mnt/md1/user_wago/data/LJSpeech-1.1/wavs/LJ034-0087.wav,7.3214375,4.6616087
/mnt/md1/user_wago/data/LJSpeech-1.1/wavs/LJ008-0232.wav,9.4228125,4.580734
/mnt/md1/user_wago/data/LJSpeech-1.1/wavs/LJ010-0238.wav,4.953,4.594116
/mnt/md1/user_wago/data/LJSpeech-1.1/wavs/LJ010-0214.wav,9.9336875,4.5425773
/mnt/md1/user_wago/data/LJSpeech-1.1/wavs/LJ038-0255.wav,2.0156875,4.5367827
/mnt/md1/user_wago/data/LJSpeech-1.1/wavs/LJ023-0072.wav,9.2255,4.2279215
/mnt/md1/user_wago/data/LJSpeech-1.1/wavs/LJ008-0302.wav,8.645,4.1823874
/mnt/md1/user_wago/data/LJSpeech-1.1/wavs/LJ016-0150.wav,7.19375,4.6552777
/mnt/md1/user_wago/data/LJSpeech-1.1/wavs/LJ022-0142.wav,5.0110625,4.587207
/mnt/md1/user_wago/data/LJSpeech-1.1/wavs/LJ049-0098.wav,9.597,4.629986
/mnt/md1/user_wago/data/LJSpeech-1.1/wavs/LJ049-0051.wav,2.4916875,4.702936
/mnt/md1/user_wago/data/LJSpeech-1.1/wavs/LJ038-0125.wav,9.20225,4.488628
/mnt/md1/user_wago/data/LJSpeech-1.1/wavs/LJ038-0148.wav,2.3755625,4.611572
/mnt/md1/user_wago/data/LJSpeech-1.1/wavs/LJ010-0196.wav,6.288125,4.5979204
/mnt/md1/user_wago/data/LJSpeech-1.1/wavs/LJ014-0136.wav,5.9630625,4.6108766
/mnt/md1/user_wago/data/LJSpeech-1.1/wavs/LJ048-0153.wav,8.8771875,4.46767
/mnt/md1/user_wago/data/LJSpeech-1.1/wavs/LJ016-0407.wav,2.538125,4.663694
/mnt/md1/user_wago/data/LJSpeech-1.1/wavs/LJ024-0002.wav,5.24325,4.3080654
/mnt/md1/user_wago/data/LJSpeech-1.1/wavs/LJ008-0158.wav,8.8888125,4.448591
/mnt/md1/user_wago/data/LJSpeech-1.1/wavs/LJ037-0055.wav,4.76725,4.777313
/mnt/md1/user_wago/data/LJSpeech-1.1/wavs/LJ004-0246.wav,7.3795,4.509229
/mnt/md1/user_wago/data/LJSpeech-1.1/wavs/LJ035-0174.wav,6.19525,4.6090612
/mnt/md1/user_wago/data/LJSpeech-1.1/wavs/LJ039-0194.wav,2.8980625,4.4146576
/mnt/md1/user_wago/data/LJSpeech-1.1/wavs/LJ025-0067.wav,6.021125,4.610096
/mnt/md1/user_wago/data/LJSpeech-1.1/wavs/LJ032-0006.wav,6.3461875,4.554154
/mnt/md1/user_wago/data/LJSpeech-1.1/wavs/LJ036-0108.wav,7.1705,4.6507826
/mnt/md1/user_wago/data/LJSpeech-1.1/wavs/LJ020-0044.wav,5.521875,4.500689
/mnt/md1/user_wago/data/LJSpeech-1.1/wavs/LJ041-0143.wav,7.46075,4.59204
/mnt/md1/user_wago/data/LJSpeech-1.1/wavs/LJ048-0127.wav,5.359375,4.623037
/mnt/md1/user_wago/data/LJSpeech-1.1/wavs/LJ028-0257.wav,6.6248125,4.2614293
/mnt/md1/user_wago/data/LJSpeech-1.1/wavs/LJ050-0069.wav,6.9499375,4.529923
/mnt/md1/user_wago/data/LJSpeech-1.1/wavs/LJ008-0091.wav,7.158875,4.6875267
/mnt/md1/user_wago/data/LJSpeech-1.1/wavs/LJ022-0064.wav,5.1735625,4.645223
/mnt/md1/user_wago/data/LJSpeech-1.1/wavs/LJ032-0016.wav,3.583,4.8025713
/mnt/md1/user_wago/data/LJSpeech-1.1/wavs/LJ008-0271.wav,2.7006875,4.6890926
/mnt/md1/user_wago/data/LJSpeech-1.1/wavs/LJ004-0010.wav,4.5001875,4.479847
/mnt/md1/user_wago/data/LJSpeech-1.1/wavs/LJ011-0223.wav,6.61325,4.6091447
/mnt/md1/user_wago/data/LJSpeech-1.1/wavs/LJ049-0154.wav,1.7021875,4.8012643
/mnt/md1/user_wago/data/LJSpeech-1.1/wavs/LJ004-0239.wav,3.71075,4.371664
/mnt/md1/user_wago/data/LJSpeech-1.1/wavs/LJ023-0087.wav,7.2981875,4.526552
/mnt/md1/user_wago/data/LJSpeech-1.1/wavs/LJ018-0113.wav,7.2981875,4.603244
/mnt/md1/user_wago/data/LJSpeech-1.1/wavs/LJ029-0036.wav,2.364,4.7270174
/mnt/md1/user_wago/data/LJSpeech-1.1/wavs/LJ017-0259.wav,8.9468125,4.4859905
/mnt/md1/user_wago/data/LJSpeech-1.1/wavs/LJ029-0154.wav,2.9676875,4.8141522
/mnt/md1/user_wago/data/LJSpeech-1.1/wavs/LJ004-0136.wav,7.0544375,4.5492134
/mnt/md1/user_wago/data/LJSpeech-1.1/wavs/LJ046-0237.wav,5.336125,4.567086
/mnt/md1/user_wago/data/LJSpeech-1.1/wavs/LJ019-0248.wav,8.0064375,4.6003637
/mnt/md1/user_wago/data/LJSpeech-1.1/wavs/LJ037-0242.wav,7.286625,4.682946
/mnt/md1/user_wago/data/LJSpeech-1.1/wavs/LJ046-0039.wav,9.5505625,4.64169
/mnt/md1/user_wago/data/LJSpeech-1.1/wavs/LJ042-0201.wav,5.4058125,4.4785223
/mnt/md1/user_wago/data/LJSpeech-1.1/wavs/LJ017-0165.wav,5.92825,4.469657
/mnt/md1/user_wago/data/LJSpeech-1.1/wavs/LJ028-0190.wav,5.6960625,4.4109764
/mnt/md1/user_wago/data/LJSpeech-1.1/wavs/LJ006-0011.wav,9.3531875,4.313005
/mnt/md1/user_wago/data/LJSpeech-1.1/wavs/LJ025-0012.wav,1.980875,4.743191
/mnt/md1/user_wago/data/LJSpeech-1.1/wavs/LJ019-0050.wav,5.1039375,4.5804534
/mnt/md1/user_wago/data/LJSpeech-1.1/wavs/LJ036-0022.wav,9.09775,4.4974113
/mnt/md1/user_wago/data/LJSpeech-1.1/wavs/LJ011-0144.wav,6.868625,4.661148
/mnt/md1/user_wago/data/LJSpeech-1.1/wavs/LJ001-0038.wav,9.7246875,4.293324
/mnt/md1/user_wago/data/LJSpeech-1.1/wavs/LJ006-0041.wav,3.490125,4.8992944
/mnt/md1/user_wago/data/LJSpeech-1.1/wavs/LJ050-0170.wav,3.583,4.3344717
/mnt/md1/user_wago/data/LJSpeech-1.1/wavs/LJ031-0097.wav,5.231625,4.730413
/mnt/md1/user_wago/data/LJSpeech-1.1/wavs/LJ006-0143.wav,2.6774375,4.6744056
/mnt/md1/user_wago/data/LJSpeech-1.1/wavs/LJ023-0034.wav,3.1883125,4.677987
/mnt/md1/user_wago/data/LJSpeech-1.1/wavs/LJ008-0156.wav,9.109375,4.520298
/mnt/md1/user_wago/data/LJSpeech-1.1/wavs/LJ016-0429.wav,6.125625,4.697676
/mnt/md1/user_wago/data/LJSpeech-1.1/wavs/LJ045-0073.wav,5.6844375,4.6148806
/mnt/md1/user_wago/data/LJSpeech-1.1/wavs/LJ005-0287.wav,6.9035,4.5052485
/mnt/md1/user_wago/data/LJSpeech-1.1/wavs/LJ009-0234.wav,4.5930625,4.5886955
/mnt/md1/user_wago/data/LJSpeech-1.1/wavs/LJ030-0219.wav,7.948375,4.6187005
/mnt/md1/user_wago/data/LJSpeech-1.1/wavs/LJ022-0147.wav,2.44525,4.830392
/mnt/md1/user_wago/data/LJSpeech-1.1/wavs/LJ003-0058.wav,3.675875,4.424652
/mnt/md1/user_wago/data/LJSpeech-1.1/wavs/LJ014-0133.wav,9.3299375,4.484631
/mnt/md1/user_wago/data/LJSpeech-1.1/wavs/LJ017-0106.wav,7.9135625,4.74091
/mnt/md1/user_wago/data/LJSpeech-1.1/wavs/LJ038-0038.wav,7.449125,4.6892276
/mnt/md1/user_wago/data/LJSpeech-1.1/wavs/LJ007-0082.wav,7.6000625,4.486822
/mnt/md1/user_wago/data/LJSpeech-1.1/wavs/LJ032-0090.wav,8.7726875,4.480835
/mnt/md1/user_wago/data/LJSpeech-1.1/wavs/LJ028-0435.wav,7.35625,4.480711
/mnt/md1/user_wago/data/LJSpeech-1.1/wavs/LJ043-0131.wav,2.909625,4.7372346
/mnt/md1/user_wago/data/LJSpeech-1.1/wavs/LJ015-0055.wav,9.4925,4.609515
/mnt/md1/user_wago/data/LJSpeech-1.1/wavs/LJ028-0025.wav,6.230125,4.7218456
/mnt/md1/user_wago/data/LJSpeech-1.1/wavs/LJ006-0006.wav,7.1124375,4.536189
/mnt/md1/user_wago/data/LJSpeech-1.1/wavs/LJ010-0232.wav,8.319875,4.754873
/mnt/md1/user_wago/data/LJSpeech-1.1/wavs/LJ037-0200.wav,3.5714375,4.585084
/mnt/md1/user_wago/data/LJSpeech-1.1/wavs/LJ050-0193.wav,3.792,4.5923357
/mnt/md1/user_wago/data/LJSpeech-1.1/wavs/LJ037-0095.wav,4.0125625,4.8306384
/mnt/md1/user_wago/data/LJSpeech-1.1/wavs/LJ014-0104.wav,3.722375,4.787564
/mnt/md1/user_wago/data/LJSpeech-1.1/wavs/LJ033-0146.wav,4.1286875,4.66367
/mnt/md1/user_wago/data/LJSpeech-1.1/wavs/LJ001-0175.wav,4.198375,4.395565
/mnt/md1/user_wago/data/LJSpeech-1.1/wavs/LJ047-0111.wav,5.162,4.635412
/mnt/md1/user_wago/data/LJSpeech-1.1/wavs/LJ019-0276.wav,4.6975625,4.5402813
/mnt/md1/user_wago/data/LJSpeech-1.1/wavs/LJ042-0176.wav,9.086125,4.3907337
/mnt/md1/user_wago/data/LJSpeech-1.1/wavs/LJ048-0192.wav,7.3214375,4.703102
/mnt/md1/user_wago/data/LJSpeech-1.1/wavs/LJ036-0057.wav,5.1851875,4.6449995
/mnt/md1/user_wago/data/LJSpeech-1.1/wavs/LJ039-0188.wav,5.4870625,4.502676
/mnt/md1/user_wago/data/LJSpeech-1.1/wavs/LJ005-0221.wav,5.13875,4.42017
/mnt/md1/user_wago/data/LJSpeech-1.1/wavs/LJ050-0010.wav,6.6596875,4.804542
/mnt/md1/user_wago/data/LJSpeech-1.1/wavs/LJ016-0202.wav,5.847,4.4690127
/mnt/md1/user_wago/data/LJSpeech-1.1/wavs/LJ023-0132.wav,8.447625,4.520664
/mnt/md1/user_wago/data/LJSpeech-1.1/wavs/LJ017-0213.wav,8.6914375,4.4704237
/mnt/md1/user_wago/data/LJSpeech-1.1/wavs/LJ013-0266.wav,5.8934375,4.6413097
/mnt/md1/user_wago/data/LJSpeech-1.1/wavs/LJ018-0118.wav,7.3795,4.520912
/mnt/md1/user_wago/data/LJSpeech-1.1/wavs/LJ026-0044.wav,8.819125,4.4061675
/mnt/md1/user_wago/data/LJSpeech-1.1/wavs/LJ008-0138.wav,6.9499375,4.50309
/mnt/md1/user_wago/data/LJSpeech-1.1/wavs/LJ023-0119.wav,9.504125,4.3931146
/mnt/md1/user_wago/data/LJSpeech-1.1/wavs/LJ025-0028.wav,3.989375,4.6070976
/mnt/md1/user_wago/data/LJSpeech-1.1/wavs/LJ019-0302.wav,6.891875,4.3750534
/mnt/md1/user_wago/data/LJSpeech-1.1/wavs/LJ004-0009.wav,8.447625,4.5320063
/mnt/md1/user_wago/data/LJSpeech-1.1/wavs/LJ039-0163.wav,8.1921875,4.1075783
/mnt/md1/user_wago/data/LJSpeech-1.1/wavs/LJ016-0395.wav,3.4785625,4.55801
/mnt/md1/user_wago/data/LJSpeech-1.1/wavs/LJ006-0277.wav,7.19375,4.551732
/mnt/md1/user_wago/data/LJSpeech-1.1/wavs/LJ016-0035.wav,8.7494375,4.4957924
/mnt/md1/user_wago/data/LJSpeech-1.1/wavs/LJ016-0431.wav,4.5815,4.63774
/mnt/md1/user_wago/data/LJSpeech-1.1/wavs/LJ028-0402.wav,6.415875,4.0777216
/mnt/md1/user_wago/data/LJSpeech-1.1/wavs/LJ006-0285.wav,4.3493125,4.657912
/mnt/md1/user_wago/data/LJSpeech-1.1/wavs/LJ041-0068.wav,9.2486875,4.5902843
/mnt/md1/user_wago/data/LJSpeech-1.1/wavs/LJ037-0154.wav,5.92825,4.7741866
/mnt/md1/user_wago/data/LJSpeech-1.1/wavs/LJ029-0013.wav,5.0923125,4.753743
/mnt/md1/user_wago/data/LJSpeech-1.1/wavs/LJ037-0002.wav,3.1766875,4.5869265
/mnt/md1/user_wago/data/LJSpeech-1.1/wavs/LJ018-0333.wav,8.900375,4.5580196
/mnt/md1/user_wago/data/LJSpeech-1.1/wavs/LJ010-0235.wav,7.6465,4.6492877
/mnt/md1/user_wago/data/LJSpeech-1.1/wavs/LJ010-0085.wav,6.6945,4.5128555
/mnt/md1/user_wago/data/LJSpeech-1.1/wavs/LJ018-0378.wav,4.279625,4.692128
/mnt/md1/user_wago/data/LJSpeech-1.1/wavs/LJ050-0178.wav,4.674375,4.7250395
/mnt/md1/user_wago/data/LJSpeech-1.1/wavs/LJ009-0070.wav,3.6875,4.6675606
/mnt/md1/user_wago/data/LJSpeech-1.1/wavs/LJ028-0464.wav,5.9630625,4.504328
/mnt/md1/user_wago/data/LJSpeech-1.1/wavs/LJ019-0271.wav,6.6945,4.448138
/mnt/md1/user_wago/data/LJSpeech-1.1/wavs/LJ039-0191.wav,6.497125,4.3604364
/mnt/md1/user_wago/data/LJSpeech-1.1/wavs/LJ023-0088.wav,5.45225,4.4310284
/mnt/md1/user_wago/data/LJSpeech-1.1/wavs/LJ011-0022.wav,8.4591875,4.4228992
/mnt/md1/user_wago/data/LJSpeech-1.1/wavs/LJ012-0027.wav,5.9514375,4.569123
/mnt/md1/user_wago/data/LJSpeech-1.1/wavs/LJ012-0029.wav,6.891875,4.7077355
/mnt/md1/user_wago/data/LJSpeech-1.1/wavs/LJ010-0179.wav,4.546625,4.670187
/mnt/md1/user_wago/data/LJSpeech-1.1/wavs/LJ014-0094.wav,9.956875,4.586076
/mnt/md1/user_wago/data/LJSpeech-1.1/wavs/LJ031-0080.wav,8.6681875,4.682304
/mnt/md1/user_wago/data/LJSpeech-1.1/wavs/LJ009-0140.wav,8.3779375,4.5952473
/mnt/md1/user_wago/data/LJSpeech-1.1/wavs/LJ003-0342.wav,6.3694375,4.658695
/mnt/md1/user_wago/data/LJSpeech-1.1/wavs/LJ037-0057.wav,5.3245,4.7301583
/mnt/md1/user_wago/data/LJSpeech-1.1/wavs/LJ016-0311.wav,7.751,4.546174
/mnt/md1/user_wago/data/LJSpeech-1.1/wavs/LJ008-0259.wav,4.45375,4.62059
/mnt/md1/user_wago/data/LJSpeech-1.1/wavs/LJ015-0024.wav,5.1851875,4.797195
/mnt/md1/user_wago/data/LJSpeech-1.1/wavs/LJ042-0092.wav,7.7161875,4.653196
/mnt/md1/user_wago/data/LJSpeech-1.1/wavs/LJ028-0090.wav,4.6279375,4.7046804
/mnt/md1/user_wago/data/LJSpeech-1.1/wavs/LJ013-0169.wav,5.3129375,4.7047963
/mnt/md1/user_wago/data/LJSpeech-1.1/wavs/LJ037-0181.wav,5.8585625,4.7091956
/mnt/md1/user_wago/data/LJSpeech-1.1/wavs/LJ043-0165.wav,6.9266875,4.582308
/mnt/md1/user_wago/data/LJSpeech-1.1/wavs/LJ033-0141.wav,6.601625,4.626049
/mnt/md1/user_wago/data/LJSpeech-1.1/wavs/LJ028-0154.wav,5.2896875,4.746161
/mnt/md1/user_wago/data/LJSpeech-1.1/wavs/LJ028-0184.wav,4.268,4.6112027
/mnt/md1/user_wago/data/LJSpeech-1.1/wavs/LJ048-0128.wav,5.0110625,4.6555605
/mnt/md1/user_wago/data/LJSpeech-1.1/wavs/LJ040-0004.wav,8.5869375,4.230776
/mnt/md1/user_wago/data/LJSpeech-1.1/wavs/LJ028-0265.wav,2.6658125,4.6805735
/mnt/md1/user_wago/data/LJSpeech-1.1/wavs/LJ001-0021.wav,8.610125,4.259556
/mnt/md1/user_wago/data/LJSpeech-1.1/wavs/LJ011-0100.wav,4.8253125,4.726071
/mnt/md1/user_wago/data/LJSpeech-1.1/wavs/LJ048-0276.wav,9.8175625,4.640441
/mnt/md1/user_wago/data/LJSpeech-1.1/wavs/LJ009-0109.wav,5.847,4.6429205
/mnt/md1/user_wago/data/LJSpeech-1.1/wavs/LJ036-0050.wav,6.50875,4.547784
/mnt/md1/user_wago/data/LJSpeech-1.1/wavs/LJ002-0011.wav,9.597,4.6281066
/mnt/md1/user_wago/data/LJSpeech-1.1/wavs/LJ034-0059.wav,9.2719375,4.715879
/mnt/md1/user_wago/data/LJSpeech-1.1/wavs/LJ018-0211.wav,9.67825,4.5497837
/mnt/md1/user_wago/data/LJSpeech-1.1/wavs/LJ012-0247.wav,8.633375,4.5702143
/mnt/md1/user_wago/data/LJSpeech-1.1/wavs/LJ038-0127.wav,4.8949375,4.7508335
/mnt/md1/user_wago/data/LJSpeech-1.1/wavs/LJ026-0021.wav,6.0559375,4.5162687
/mnt/md1/user_wago/data/LJSpeech-1.1/wavs/LJ026-0115.wav,4.9181875,4.5237484
/mnt/md1/user_wago/data/LJSpeech-1.1/wavs/LJ031-0208.wav,6.13725,4.720935
/mnt/md1/user_wago/data/LJSpeech-1.1/wavs/LJ039-0228.wav,3.432125,4.5591855
/mnt/md1/user_wago/data/LJSpeech-1.1/wavs/LJ040-0236.wav,4.686,4.3924265
/mnt/md1/user_wago/data/LJSpeech-1.1/wavs/LJ005-0235.wav,8.2734375,4.6078916
/mnt/md1/user_wago/data/LJSpeech-1.1/wavs/LJ017-0015.wav,6.7641875,4.7374797
/mnt/md1/user_wago/data/LJSpeech-1.1/wavs/LJ048-0273.wav,9.1674375,4.5806174
/mnt/md1/user_wago/data/LJSpeech-1.1/wavs/LJ014-0057.wav,8.8771875,4.6797996
/mnt/md1/user_wago/data/LJSpeech-1.1/wavs/LJ007-0020.wav,10.061375,4.693474
/mnt/md1/user_wago/data/LJSpeech-1.1/wavs/LJ021-0102.wav,4.1286875,4.5810304
/mnt/md1/user_wago/data/LJSpeech-1.1/wavs/LJ031-0190.wav,5.9863125,4.7299366
/mnt/md1/user_wago/data/LJSpeech-1.1/wavs/LJ044-0196.wav,6.61325,4.537914
/mnt/md1/user_wago/data/LJSpeech-1.1/wavs/LJ015-0078.wav,7.5304375,4.6368527
/mnt/md1/user_wago/data/LJSpeech-1.1/wavs/LJ044-0110.wav,7.739375,4.612007
/mnt/md1/user_wago/data/LJSpeech-1.1/wavs/LJ019-0053.wav,9.5273125,4.6161847
/mnt/md1/user_wago/data/LJSpeech-1.1/wavs/LJ002-0002.wav,3.4785625,4.686573
/mnt/md1/user_wago/data/LJSpeech-1.1/wavs/LJ044-0075.wav,5.429,4.3698196
/mnt/md1/user_wago/data/LJSpeech-1.1/wavs/LJ019-0011.wav,8.7610625,4.4547915
/mnt/md1/user_wago/data/LJSpeech-1.1/wavs/LJ018-0288.wav,9.57375,4.726745
/mnt/md1/user_wago/data/LJSpeech-1.1/wavs/LJ046-0095.wav,6.8570625,4.5965567
/mnt/md1/user_wago/data/LJSpeech-1.1/wavs/LJ036-0159.wav,10.061375,4.6269116
/mnt/md1/user_wago/data/LJSpeech-1.1/wavs/LJ019-0180.wav,3.9313125,4.4042683
/mnt/md1/user_wago/data/LJSpeech-1.1/wavs/LJ036-0001.wav,9.7595625,4.6600857
/mnt/md1/user_wago/data/LJSpeech-1.1/wavs/LJ022-0097.wav,5.545125,4.6387205
/mnt/md1/user_wago/data/LJSpeech-1.1/wavs/LJ022-0141.wav,7.6349375,4.4148293
/mnt/md1/user_wago/data/LJSpeech-1.1/wavs/LJ023-0083.wav,5.730875,4.3852334
/mnt/md1/user_wago/data/LJSpeech-1.1/wavs/LJ032-0166.wav,4.1519375,4.806755
/mnt/md1/user_wago/data/LJSpeech-1.1/wavs/LJ028-0410.wav,4.1403125,4.2626743
/mnt/md1/user_wago/data/LJSpeech-1.1/wavs/LJ006-0281.wav,1.1333125,4.5529847
/mnt/md1/user_wago/data/LJSpeech-1.1/wavs/LJ003-0106.wav,3.9545625,4.7617006
/mnt/md1/user_wago/data/LJSpeech-1.1/wavs/LJ038-0037.wav,7.4955625,4.65333
/mnt/md1/user_wago/data/LJSpeech-1.1/wavs/LJ040-0101.wav,4.9065625,4.3832855
/mnt/md1/user_wago/data/LJSpeech-1.1/wavs/LJ031-0116.wav,7.925125,4.571549
/mnt/md1/user_wago/data/LJSpeech-1.1/wavs/LJ020-0089.wav,5.2665,4.6159344
/mnt/md1/user_wago/data/LJSpeech-1.1/wavs/LJ008-0245.wav,6.7409375,4.5031323
/mnt/md1/user_wago/data/LJSpeech-1.1/wavs/LJ004-0227.wav,8.14575,4.451838
/mnt/md1/user_wago/data/LJSpeech-1.1/wavs/LJ003-0105.wav,7.762625,4.634456
/mnt/md1/user_wago/data/LJSpeech-1.1/wavs/LJ033-0157.wav,10.061375,4.658089
/mnt/md1/user_wago/data/LJSpeech-1.1/wavs/LJ015-0056.wav,4.76725,4.4287066
/mnt/md1/user_wago/data/LJSpeech-1.1/wavs/LJ009-0203.wav,7.4955625,4.6368933
/mnt/md1/user_wago/data/LJSpeech-1.1/wavs/LJ008-0127.wav,1.7950625,4.4362135
/mnt/md1/user_wago/data/LJSpeech-1.1/wavs/LJ040-0102.wav,7.66975,4.5477586
/mnt/md1/user_wago/data/LJSpeech-1.1/wavs/LJ049-0089.wav,6.8454375,4.474036
/mnt/md1/user_wago/data/LJSpeech-1.1/wavs/LJ005-0215.wav,3.97775,4.5749383
/mnt/md1/user_wago/data/LJSpeech-1.1/wavs/LJ005-0248.wav,8.62175,4.627555
/mnt/md1/user_wago/data/LJSpeech-1.1/wavs/LJ030-0149.wav,5.231625,4.6874123
/mnt/md1/user_wago/data/LJSpeech-1.1/wavs/LJ017-0211.wav,8.4708125,4.683039
/mnt/md1/user_wago/data/LJSpeech-1.1/wavs/LJ028-0072.wav,5.905,4.682148
/mnt/md1/user_wago/data/LJSpeech-1.1/wavs/LJ018-0250.wav,5.2896875,4.648948
/mnt/md1/user_wago/data/LJSpeech-1.1/wavs/LJ035-0181.wav,5.3941875,4.5733614
/mnt/md1/user_wago/data/LJSpeech-1.1/wavs/LJ039-0038.wav,9.7015,4.4561634
/mnt/md1/user_wago/data/LJSpeech-1.1/wavs/LJ025-0037.wav,8.2850625,4.6676464
/mnt/md1/user_wago/data/LJSpeech-1.1/wavs/LJ009-0287.wav,6.03275,4.365531
/mnt/md1/user_wago/data/LJSpeech-1.1/wavs/LJ040-0033.wav,5.22,4.6721206
/mnt/md1/user_wago/data/LJSpeech-1.1/wavs/LJ026-0117.wav,8.14575,4.666023
/mnt/md1/user_wago/data/LJSpeech-1.1/wavs/LJ046-0167.wav,9.2835,4.6668324
/mnt/md1/user_wago/data/LJSpeech-1.1/wavs/LJ040-0003.wav,9.4925,4.2848663
/mnt/md1/user_wago/data/LJSpeech-1.1/wavs/LJ029-0181.wav,7.7045625,4.5509143
/mnt/md1/user_wago/data/LJSpeech-1.1/wavs/LJ047-0228.wav,5.82375,4.5789137
/mnt/md1/user_wago/data/LJSpeech-1.1/wavs/LJ030-0197.wav,3.327625,4.6081867
/mnt/md1/user_wago/data/LJSpeech-1.1/wavs/LJ037-0264.wav,4.7904375,4.7623506
/mnt/md1/user_wago/data/LJSpeech-1.1/wavs/LJ036-0153.wav,9.806,4.7280383
/mnt/md1/user_wago/data/LJSpeech-1.1/wavs/LJ003-0280.wav,7.158875,4.517288
/mnt/md1/user_wago/data/LJSpeech-1.1/wavs/LJ014-0283.wav,7.8786875,4.4946547
/mnt/md1/user_wago/data/LJSpeech-1.1/wavs/LJ002-0142.wav,3.594625,4.726443
/mnt/md1/user_wago/data/LJSpeech-1.1/wavs/LJ040-0171.wav,7.100875,4.4060626
/mnt/md1/user_wago/data/LJSpeech-1.1/wavs/LJ019-0142.wav,8.3315,4.5712924
/mnt/md1/user_wago/data/LJSpeech-1.1/wavs/LJ005-0282.wav,4.7091875,4.2659626
/mnt/md1/user_wago/data/LJSpeech-1.1/wavs/LJ002-0280.wav,9.88725,4.3445807
/mnt/md1/user_wago/data/LJSpeech-1.1/wavs/LJ036-0092.wav,4.8020625,4.3795185
/mnt/md1/user_wago/data/LJSpeech-1.1/wavs/LJ032-0184.wav,9.318375,4.740052
/mnt/md1/user_wago/data/LJSpeech-1.1/wavs/LJ038-0097.wav,3.583,4.6855955
/mnt/md1/user_wago/data/LJSpeech-1.1/wavs/LJ028-0193.wav,3.141875,4.549613
/mnt/md1/user_wago/data/LJSpeech-1.1/wavs/LJ012-0169.wav,6.0095,4.6525283
/mnt/md1/user_wago/data/LJSpeech-1.1/wavs/LJ003-0233.wav,10.0149375,4.4779663
/mnt/md1/user_wago/data/LJSpeech-1.1/wavs/LJ028-0462.wav,1.47,4.5557394
/mnt/md1/user_wago/data/LJSpeech-1.1/wavs/LJ011-0048.wav,9.0165,4.4826393
/mnt/md1/user_wago/data/LJSpeech-1.1/wavs/LJ046-0102.wav,9.794375,4.6274877
/mnt/md1/user_wago/data/LJSpeech-1.1/wavs/LJ049-0084.wav,9.1325625,4.6081257
/mnt/md1/user_wago/data/LJSpeech-1.1/wavs/LJ006-0276.wav,9.2486875,4.3316545
/mnt/md1/user_wago/data/LJSpeech-1.1/wavs/LJ012-0091.wav,9.7479375,4.647534
/mnt/md1/user_wago/data/LJSpeech-1.1/wavs/LJ029-0203.wav,8.436,4.6439357
/mnt/md1/user_wago/data/LJSpeech-1.1/wavs/LJ011-0213.wav,1.7950625,4.5476027
/mnt/md1/user_wago/data/LJSpeech-1.1/wavs/LJ010-0082.wav,9.2486875,4.654575
/mnt/md1/user_wago/data/LJSpeech-1.1/wavs/LJ039-0225.wav,2.7006875,4.4263773
/mnt/md1/user_wago/data/LJSpeech-1.1/wavs/LJ030-0209.wav,7.56525,4.634887
/mnt/md1/user_wago/data/LJSpeech-1.1/wavs/LJ003-0193.wav,8.7726875,4.548638
/mnt/md1/user_wago/data/LJSpeech-1.1/wavs/LJ048-0012.wav,4.6163125,4.720226
/mnt/md1/user_wago/data/LJSpeech-1.1/wavs/LJ033-0210.wav,5.3941875,4.7292957
/mnt/md1/user_wago/data/LJSpeech-1.1/wavs/LJ006-0129.wav,5.069125,4.634399
/mnt/md1/user_wago/data/LJSpeech-1.1/wavs/LJ037-0124.wav,3.803625,4.744196
/mnt/md1/user_wago/data/LJSpeech-1.1/wavs/LJ012-0295.wav,6.3461875,4.6964793
/mnt/md1/user_wago/data/LJSpeech-1.1/wavs/LJ042-0005.wav,6.891875,4.720779
/mnt/md1/user_wago/data/LJSpeech-1.1/wavs/LJ048-0162.wav,7.4026875,4.603059
/mnt/md1/user_wago/data/LJSpeech-1.1/wavs/LJ045-0222.wav,6.6945,4.755269
/mnt/md1/user_wago/data/LJSpeech-1.1/wavs/LJ032-0183.wav,8.7726875,4.640449
/mnt/md1/user_wago/data/LJSpeech-1.1/wavs/LJ040-0076.wav,5.8818125,4.402239
/mnt/md1/user_wago/data/LJSpeech-1.1/wavs/LJ006-0296.wav,7.5884375,4.6275434
/mnt/md1/user_wago/data/LJSpeech-1.1/wavs/LJ033-0013.wav,3.223125,4.632783
/mnt/md1/user_wago/data/LJSpeech-1.1/wavs/LJ001-0150.wav,8.5985625,4.5890937
/mnt/md1/user_wago/data/LJSpeech-1.1/wavs/LJ016-0082.wav,3.792,4.6977205
/mnt/md1/user_wago/data/LJSpeech-1.1/wavs/LJ050-0101.wav,1.9924375,4.449941
/mnt/md1/user_wago/data/LJSpeech-1.1/wavs/LJ033-0041.wav,6.578375,4.7242985
/mnt/md1/user_wago/data/LJSpeech-1.1/wavs/LJ028-0505.wav,9.4228125,4.5839
/mnt/md1/user_wago/data/LJSpeech-1.1/wavs/LJ040-0180.wav,7.7858125,4.303026
/mnt/md1/user_wago/data/LJSpeech-1.1/wavs/LJ018-0342.wav,8.5985625,4.46027
/mnt/md1/user_wago/data/LJSpeech-1.1/wavs/LJ017-0078.wav,9.7246875,4.6284857
/mnt/md1/user_wago/data/LJSpeech-1.1/wavs/LJ024-0047.wav,10.0149375,4.0076175
/mnt/md1/user_wago/data/LJSpeech-1.1/wavs/LJ003-0173.wav,9.67825,4.4056144
/mnt/md1/user_wago/data/LJSpeech-1.1/wavs/LJ032-0093.wav,9.30675,4.590947
/mnt/md1/user_wago/data/LJSpeech-1.1/wavs/LJ038-0239.wav,6.3345625,4.78819
/mnt/md1/user_wago/data/LJSpeech-1.1/wavs/LJ016-0299.wav,10.073,4.575014
/mnt/md1/user_wago/data/LJSpeech-1.1/wavs/LJ010-0234.wav,4.3493125,4.737561
/mnt/md1/user_wago/data/LJSpeech-1.1/wavs/LJ008-0088.wav,4.093875,4.5821037
/mnt/md1/user_wago/data/LJSpeech-1.1/wavs/LJ032-0152.wav,6.7409375,4.751191
/mnt/md1/user_wago/data/LJSpeech-1.1/wavs/LJ041-0046.wav,8.83075,4.512372
/mnt/md1/user_wago/data/LJSpeech-1.1/wavs/LJ038-0093.wav,7.9135625,4.7889667
/mnt/md1/user_wago/data/LJSpeech-1.1/wavs/LJ045-0111.wav,5.55675,4.692835
/mnt/md1/user_wago/data/LJSpeech-1.1/wavs/LJ004-0178.wav,4.18675,4.476807
/mnt/md1/user_wago/data/LJSpeech-1.1/wavs/LJ030-0191.wav,4.4073125,4.7270947
/mnt/md1/user_wago/data/LJSpeech-1.1/wavs/LJ013-0162.wav,4.964625,4.76171
/mnt/md1/user_wago/data/LJSpeech-1.1/wavs/LJ030-0151.wav,3.81525,4.7109613
/mnt/md1/user_wago/data/LJSpeech-1.1/wavs/LJ041-0102.wav,5.6611875,4.3941174
/mnt/md1/user_wago/data/LJSpeech-1.1/wavs/LJ033-0175.wav,8.0760625,4.5368576
/mnt/md1/user_wago/data/LJSpeech-1.1/wavs/LJ016-0188.wav,8.552125,4.6366673
/mnt/md1/user_wago/data/LJSpeech-1.1/wavs/LJ007-0202.wav,4.3725,4.5020113
/mnt/md1/user_wago/data/LJSpeech-1.1/wavs/LJ035-0001.wav,9.875625,4.5902643
/mnt/md1/user_wago/data/LJSpeech-1.1/wavs/LJ028-0429.wav,5.835375,4.466321
/mnt/md1/user_wago/data/LJSpeech-1.1/wavs/LJ003-0347.wav,6.13725,4.671341
/mnt/md1/user_wago/data/LJSpeech-1.1/wavs/LJ010-0067.wav,9.480875,4.3199205
/mnt/md1/user_wago/data/LJSpeech-1.1/wavs/LJ017-0103.wav,8.0180625,4.669347
/mnt/md1/user_wago/data/LJSpeech-1.1/wavs/LJ029-0062.wav,8.4824375,4.642272
/mnt/md1/user_wago/data/LJSpeech-1.1/wavs/LJ008-0272.wav,8.7494375,4.328505
/mnt/md1/user_wago/data/LJSpeech-1.1/wavs/LJ018-0126.wav,5.7425,4.628663
/mnt/md1/user_wago/data/LJSpeech-1.1/wavs/LJ014-0252.wav,6.5668125,4.7143073
/mnt/md1/user_wago/data/LJSpeech-1.1/wavs/LJ018-0383.wav,3.60625,4.755084
/mnt/md1/user_wago/data/LJSpeech-1.1/wavs/LJ023-0016.wav,8.714625,4.401592
/mnt/md1/user_wago/data/LJSpeech-1.1/wavs/LJ030-0106.wav,7.6116875,4.5850525
/mnt/md1/user_wago/data/LJSpeech-1.1/wavs/LJ026-0104.wav,7.1705,4.633064
/mnt/md1/user_wago/data/LJSpeech-1.1/wavs/LJ009-0044.wav,2.4800625,4.432529
/mnt/md1/user_wago/data/LJSpeech-1.1/wavs/LJ013-0125.wav,7.6000625,4.519977
/mnt/md1/user_wago/data/LJSpeech-1.1/wavs/LJ002-0300.wav,5.5335,4.6130557
/mnt/md1/user_wago/data/LJSpeech-1.1/wavs/LJ047-0075.wav,6.3694375,4.5956163
/mnt/md1/user_wago/data/LJSpeech-1.1/wavs/LJ016-0410.wav,8.3895625,4.5769053
/mnt/md1/user_wago/data/LJSpeech-1.1/wavs/LJ001-0128.wav,9.980125,4.4974403
/mnt/md1/user_wago/data/LJSpeech-1.1/wavs/LJ008-0032.wav,6.6596875,4.4640794
/mnt/md1/user_wago/data/LJSpeech-1.1/wavs/LJ046-0125.wav,4.4305625,4.634495
/mnt/md1/user_wago/data/LJSpeech-1.1/wavs/LJ033-0185.wav,4.66275,4.675276
/mnt/md1/user_wago/data/LJSpeech-1.1/wavs/LJ019-0292.wav,2.329125,4.7209353
/mnt/md1/user_wago/data/LJSpeech-1.1/wavs/LJ015-0076.wav,3.9545625,4.698166
/mnt/md1/user_wago/data/LJSpeech-1.1/wavs/LJ047-0238.wav,9.0165,4.4218636
/mnt/md1/user_wago/data/LJSpeech-1.1/wavs/LJ008-0128.wav,9.1674375,4.267776
/mnt/md1/user_wago/data/LJSpeech-1.1/wavs/LJ037-0259.wav,3.722375,4.7692027
/mnt/md1/user_wago/data/LJSpeech-1.1/wavs/LJ012-0168.wav,5.55675,4.668092
/mnt/md1/user_wago/data/LJSpeech-1.1/wavs/LJ005-0006.wav,9.2486875,4.607747
/mnt/md1/user_wago/data/LJSpeech-1.1/wavs/LJ039-0196.wav,6.9035,4.4823284
/mnt/md1/user_wago/data/LJSpeech-1.1/wavs/LJ030-0010.wav,6.973125,4.7124395
/mnt/md1/user_wago/data/LJSpeech-1.1/wavs/LJ044-0066.wav,8.912,4.5309477
/mnt/md1/user_wago/data/LJSpeech-1.1/wavs/LJ002-0171.wav,6.1720625,4.667648
/mnt/md1/user_wago/data/LJSpeech-1.1/wavs/LJ025-0155.wav,8.1805625,4.5147552
/mnt/md1/user_wago/data/LJSpeech-1.1/wavs/LJ035-0082.wav,8.3663125,4.3991575
/mnt/md1/user_wago/data/LJSpeech-1.1/wavs/LJ044-0201.wav,8.3315,4.623099
/mnt/md1/user_wago/data/LJSpeech-1.1/wavs/LJ025-0175.wav,5.997875,4.775177
/mnt/md1/user_wago/data/LJSpeech-1.1/wavs/LJ033-0022.wav,7.6929375,4.655959
/mnt/md1/user_wago/data/LJSpeech-1.1/wavs/LJ028-0225.wav,5.835375,4.5809665
/mnt/md1/user_wago/data/LJSpeech-1.1/wavs/LJ016-0346.wav,5.5799375,4.6069956
/mnt/md1/user_wago/data/LJSpeech-1.1/wavs/LJ019-0346.wav,7.77425,4.452256
/mnt/md1/user_wago/data/LJSpeech-1.1/wavs/LJ035-0054.wav,2.7819375,4.3747826
/mnt/md1/user_wago/data/LJSpeech-1.1/wavs/LJ012-0181.wav,7.553625,4.4747605
/mnt/md1/user_wago/data/LJSpeech-1.1/wavs/LJ012-0220.wav,3.4205,4.454045
/mnt/md1/user_wago/data/LJSpeech-1.1/wavs/LJ037-0067.wav,8.900375,4.7465315
/mnt/md1/user_wago/data/LJSpeech-1.1/wavs/LJ004-0037.wav,9.1441875,4.506072
/mnt/md1/user_wago/data/LJSpeech-1.1/wavs/LJ033-0018.wav,5.9630625,4.605196
/mnt/md1/user_wago/data/LJSpeech-1.1/wavs/LJ020-0084.wav,6.996375,4.60244
/mnt/md1/user_wago/data/LJSpeech-1.1/wavs/LJ033-0110.wav,2.3871875,4.8100963
/mnt/md1/user_wago/data/LJSpeech-1.1/wavs/LJ015-0245.wav,9.4344375,4.55698
/mnt/md1/user_wago/data/LJSpeech-1.1/wavs/LJ006-0154.wav,6.9499375,4.6797028
/mnt/md1/user_wago/data/LJSpeech-1.1/wavs/LJ039-0078.wav,6.8221875,4.619634
/mnt/md1/user_wago/data/LJSpeech-1.1/wavs/LJ012-0017.wav,7.6349375,4.6151686
/mnt/md1/user_wago/data/LJSpeech-1.1/wavs/LJ023-0023.wav,7.8090625,4.7113304
/mnt/md1/user_wago/data/LJSpeech-1.1/wavs/LJ018-0337.wav,3.4669375,4.629562
/mnt/md1/user_wago/data/LJSpeech-1.1/wavs/LJ048-0020.wav,6.4623125,4.638938
/mnt/md1/user_wago/data/LJSpeech-1.1/wavs/LJ027-0100.wav,4.6046875,4.4251394
/mnt/md1/user_wago/data/LJSpeech-1.1/wavs/LJ045-0026.wav,8.1225,4.6546264
/mnt/md1/user_wago/data/LJSpeech-1.1/wavs/LJ038-0277.wav,6.125625,4.520079
/mnt/md1/user_wago/data/LJSpeech-1.1/wavs/LJ028-0482.wav,9.875625,4.4662256
/mnt/md1/user_wago/data/LJSpeech-1.1/wavs/LJ049-0103.wav,7.3098125,4.596307
/mnt/md1/user_wago/data/LJSpeech-1.1/wavs/LJ048-0039.wav,8.5636875,4.6086993
/mnt/md1/user_wago/data/LJSpeech-1.1/wavs/LJ038-0172.wav,6.9615,4.6932945
/mnt/md1/user_wago/data/LJSpeech-1.1/wavs/LJ024-0080.wav,8.04125,4.318545
/mnt/md1/user_wago/data/LJSpeech-1.1/wavs/LJ034-0152.wav,6.19525,4.448265
/mnt/md1/user_wago/data/LJSpeech-1.1/wavs/LJ049-0119.wav,7.867125,4.446071
/mnt/md1/user_wago/data/LJSpeech-1.1/wavs/LJ003-0230.wav,7.66975,4.565171
/mnt/md1/user_wago/data/LJSpeech-1.1/wavs/LJ043-0127.wav,7.7858125,4.441759
/mnt/md1/user_wago/data/LJSpeech-1.1/wavs/LJ008-0184.wav,8.5753125,4.5292683
/mnt/md1/user_wago/data/LJSpeech-1.1/wavs/LJ011-0019.wav,7.2053125,4.4657
/mnt/md1/user_wago/data/LJSpeech-1.1/wavs/LJ028-0403.wav,2.0156875,4.629299
/mnt/md1/user_wago/data/LJSpeech-1.1/wavs/LJ029-0141.wav,5.939875,4.71208
/mnt/md1/user_wago/data/LJSpeech-1.1/wavs/LJ040-0130.wav,4.3493125,4.2285748
/mnt/md1/user_wago/data/LJSpeech-1.1/wavs/LJ008-0129.wav,6.392625,4.600092
/mnt/md1/user_wago/data/LJSpeech-1.1/wavs/LJ006-0122.wav,5.069125,4.7568035
/mnt/md1/user_wago/data/LJSpeech-1.1/wavs/LJ011-0208.wav,1.7950625,4.722808
/mnt/md1/user_wago/data/LJSpeech-1.1/wavs/LJ040-0067.wav,8.215375,4.3700767
/mnt/md1/user_wago/data/LJSpeech-1.1/wavs/LJ028-0160.wav,3.1650625,4.6031
/mnt/md1/user_wago/data/LJSpeech-1.1/wavs/LJ016-0325.wav,7.6929375,4.697243
/mnt/md1/user_wago/data/LJSpeech-1.1/wavs/LJ011-0244.wav,5.5335,4.7466316
/mnt/md1/user_wago/data/LJSpeech-1.1/wavs/LJ023-0053.wav,7.9831875,4.2867837
/mnt/md1/user_wago/data/LJSpeech-1.1/wavs/LJ037-0256.wav,8.4824375,4.794498
/mnt/md1/user_wago/data/LJSpeech-1.1/wavs/LJ019-0179.wav,8.7843125,4.6309385
/mnt/md1/user_wago/data/LJSpeech-1.1/wavs/LJ026-0120.wav,6.3694375,4.625457
/mnt/md1/user_wago/data/LJSpeech-1.1/wavs/LJ016-0432.wav,9.4576875,4.543681
/mnt/md1/user_wago/data/LJSpeech-1.1/wavs/LJ038-0221.wav,4.686,4.758484
/mnt/md1/user_wago/data/LJSpeech-1.1/wavs/LJ004-0175.wav,2.6774375,4.704925
/mnt/md1/user_wago/data/LJSpeech-1.1/wavs/LJ042-0137.wav,4.5350625,4.5742693
/mnt/md1/user_wago/data/LJSpeech-1.1/wavs/LJ040-0132.wav,3.4785625,4.389674
/mnt/md1/user_wago/data/LJSpeech-1.1/wavs/LJ012-0065.wav,7.275,4.605849
/mnt/md1/user_wago/data/LJSpeech-1.1/wavs/LJ047-0051.wav,4.8485,4.5449257
/mnt/md1/user_wago/data/LJSpeech-1.1/wavs/LJ041-0192.wav,6.9266875,4.5165653
/mnt/md1/user_wago/data/LJSpeech-1.1/wavs/LJ005-0251.wav,9.20225,4.381436
/mnt/md1/user_wago/data/LJSpeech-1.1/wavs/LJ007-0105.wav,3.5481875,4.636079
/mnt/md1/user_wago/data/LJSpeech-1.1/wavs/LJ019-0081.wav,6.4739375,4.688207
/mnt/md1/user_wago/data/LJSpeech-1.1/wavs/LJ014-0043.wav,4.5930625,4.7603774
/mnt/md1/user_wago/data/LJSpeech-1.1/wavs/LJ026-0077.wav,9.585375,4.4802904
/mnt/md1/user_wago/data/LJSpeech-1.1/wavs/LJ029-0039.wav,6.5319375,4.6869364
/mnt/md1/user_wago/data/LJSpeech-1.1/wavs/LJ008-0009.wav,3.39725,4.6055646
/mnt/md1/user_wago/data/LJSpeech-1.1/wavs/LJ009-0169.wav,8.9700625,4.348778
/mnt/md1/user_wago/data/LJSpeech-1.1/wavs/LJ009-0050.wav,7.19375,4.6831245
/mnt/md1/user_wago/data/LJSpeech-1.1/wavs/LJ037-0024.wav,9.9685,4.616027
/mnt/md1/user_wago/data/LJSpeech-1.1/wavs/LJ035-0159.wav,5.9746875,4.626391
/mnt/md1/user_wago/data/LJSpeech-1.1/wavs/LJ016-0441.wav,4.8949375,4.721183
/mnt/md1/user_wago/data/LJSpeech-1.1/wavs/LJ017-0001.wav,7.56525,4.6675835
/mnt/md1/user_wago/data/LJSpeech-1.1/wavs/LJ048-0205.wav,9.7015,4.5134745
/mnt/md1/user_wago/data/LJSpeech-1.1/wavs/LJ029-0075.wav,9.689875,4.6829696
/mnt/md1/user_wago/data/LJSpeech-1.1/wavs/LJ011-0190.wav,6.8570625,4.497712
/mnt/md1/user_wago/data/LJSpeech-1.1/wavs/LJ010-0281.wav,7.100875,4.480744
/mnt/md1/user_wago/data/LJSpeech-1.1/wavs/LJ024-0014.wav,7.3446875,4.395836
/mnt/md1/user_wago/data/LJSpeech-1.1/wavs/LJ006-0246.wav,7.5884375,4.5344744
/mnt/md1/user_wago/data/LJSpeech-1.1/wavs/LJ024-0021.wav,3.780375,3.9233263
/mnt/md1/user_wago/data/LJSpeech-1.1/wavs/LJ031-0052.wav,3.803625,4.571166
/mnt/md1/user_wago/data/LJSpeech-1.1/wavs/LJ014-0285.wav,2.7586875,4.7397003
/mnt/md1/user_wago/data/LJSpeech-1.1/wavs/LJ017-0146.wav,4.686,4.754302
/mnt/md1/user_wago/data/LJSpeech-1.1/wavs/LJ028-0031.wav,5.71925,4.696251
/mnt/md1/user_wago/data/LJSpeech-1.1/wavs/LJ020-0104.wav,3.1534375,4.577462
/mnt/md1/user_wago/data/LJSpeech-1.1/wavs/LJ043-0095.wav,8.029625,4.753109
/mnt/md1/user_wago/data/LJSpeech-1.1/wavs/LJ007-0149.wav,1.667375,4.744156
/mnt/md1/user_wago/data/LJSpeech-1.1/wavs/LJ018-0116.wav,5.4754375,4.6644673
/mnt/md1/user_wago/data/LJSpeech-1.1/wavs/LJ034-0095.wav,8.5636875,4.616188
/mnt/md1/user_wago/data/LJSpeech-1.1/wavs/LJ046-0148.wav,6.2765625,4.663995
/mnt/md1/user_wago/data/LJSpeech-1.1/wavs/LJ001-0123.wav,3.6875,4.5166492
/mnt/md1/user_wago/data/LJSpeech-1.1/wavs/LJ002-0276.wav,7.843875,4.3497095
/mnt/md1/user_wago/data/LJSpeech-1.1/wavs/LJ006-0081.wav,3.97775,4.67396
/mnt/md1/user_wago/data/LJSpeech-1.1/wavs/LJ009-0184.wav,6.021125,4.303835
/mnt/md1/user_wago/data/LJSpeech-1.1/wavs/LJ014-0279.wav,5.429,4.6280575
/mnt/md1/user_wago/data/LJSpeech-1.1/wavs/LJ027-0030.wav,6.4506875,4.4987063
/mnt/md1/user_wago/data/LJSpeech-1.1/wavs/LJ008-0160.wav,9.2603125,4.48796
/mnt/md1/user_wago/data/LJSpeech-1.1/wavs/LJ015-0214.wav,4.5815,4.5534863
/mnt/md1/user_wago/data/LJSpeech-1.1/wavs/LJ010-0008.wav,5.812125,4.7581215
/mnt/md1/user_wago/data/LJSpeech-1.1/wavs/LJ028-0328.wav,5.7656875,4.591926
/mnt/md1/user_wago/data/LJSpeech-1.1/wavs/LJ008-0208.wav,5.0575,4.4603143
/mnt/md1/user_wago/data/LJSpeech-1.1/wavs/LJ018-0386.wav,6.5435625,4.545912
/mnt/md1/user_wago/data/LJSpeech-1.1/wavs/LJ004-0025.wav,6.114,4.362926
/mnt/md1/user_wago/data/LJSpeech-1.1/wavs/LJ009-0073.wav,1.8415,4.6573334
/mnt/md1/user_wago/data/LJSpeech-1.1/wavs/LJ006-0117.wav,6.7525625,4.628913
/mnt/md1/user_wago/data/LJSpeech-1.1/wavs/LJ005-0239.wav,7.8903125,4.5411887
/mnt/md1/user_wago/data/LJSpeech-1.1/wavs/LJ005-0078.wav,3.6526875,4.662444
/mnt/md1/user_wago/data/LJSpeech-1.1/wavs/LJ039-0162.wav,6.497125,4.207566
/mnt/md1/user_wago/data/LJSpeech-1.1/wavs/LJ044-0154.wav,3.223125,4.551969
/mnt/md1/user_wago/data/LJSpeech-1.1/wavs/LJ022-0014.wav,4.8485,4.7241945
/mnt/md1/user_wago/data/LJSpeech-1.1/wavs/LJ036-0094.wav,8.4824375,4.6531315
/mnt/md1/user_wago/data/LJSpeech-1.1/wavs/LJ047-0049.wav,4.97625,4.664969
/mnt/md1/user_wago/data/LJSpeech-1.1/wavs/LJ021-0020.wav,9.9220625,4.5799685
/mnt/md1/user_wago/data/LJSpeech-1.1/wavs/LJ018-0218.wav,1.771875,4.582227
/mnt/md1/user_wago/data/LJSpeech-1.1/wavs/LJ048-0080.wav,4.97625,4.3837423
/mnt/md1/user_wago/data/LJSpeech-1.1/wavs/LJ012-0142.wav,8.5753125,4.605791
/mnt/md1/user_wago/data/LJSpeech-1.1/wavs/LJ043-0002.wav,8.93525,4.669977
/mnt/md1/user_wago/data/LJSpeech-1.1/wavs/LJ012-0006.wav,4.953,4.655251
/mnt/md1/user_wago/data/LJSpeech-1.1/wavs/LJ031-0108.wav,8.4591875,4.696518
/mnt/md1/user_wago/data/LJSpeech-1.1/wavs/LJ050-0051.wav,4.9994375,4.79256
/mnt/md1/user_wago/data/LJSpeech-1.1/wavs/LJ047-0201.wav,5.24325,4.5965543
/mnt/md1/user_wago/data/LJSpeech-1.1/wavs/LJ021-0007.wav,8.819125,4.5627832
/mnt/md1/user_wago/data/LJSpeech-1.1/wavs/LJ030-0046.wav,7.83225,4.510201
/mnt/md1/user_wago/data/LJSpeech-1.1/wavs/LJ050-0201.wav,5.336125,4.795474
/mnt/md1/user_wago/data/LJSpeech-1.1/wavs/LJ019-0034.wav,7.971625,4.7610226
/mnt/md1/user_wago/data/LJSpeech-1.1/wavs/LJ018-0272.wav,9.7130625,4.6349196
/mnt/md1/user_wago/data/LJSpeech-1.1/wavs/LJ009-0170.wav,2.932875,4.4673905
/mnt/md1/user_wago/data/LJSpeech-1.1/wavs/LJ015-0204.wav,5.045875,4.700203
/mnt/md1/user_wago/data/LJSpeech-1.1/wavs/LJ027-0018.wav,9.2255,4.353389
/mnt/md1/user_wago/data/LJSpeech-1.1/wavs/LJ038-0291.wav,7.3098125,4.418482
/mnt/md1/user_wago/data/LJSpeech-1.1/wavs/LJ016-0258.wav,7.542,4.560431
/mnt/md1/user_wago/data/LJSpeech-1.1/wavs/LJ006-0075.wav,6.0559375,4.55593
/mnt/md1/user_wago/data/LJSpeech-1.1/wavs/LJ040-0069.wav,5.847,4.5517774
/mnt/md1/user_wago/data/LJSpeech-1.1/wavs/LJ015-0300.wav,5.2896875,4.5932813
/mnt/md1/user_wago/data/LJSpeech-1.1/wavs/LJ018-0180.wav,4.175125,4.774335
/mnt/md1/user_wago/data/LJSpeech-1.1/wavs/LJ019-0063.wav,5.8701875,4.658018
/mnt/md1/user_wago/data/LJSpeech-1.1/wavs/LJ049-0071.wav,6.4275,4.704365
/mnt/md1/user_wago/data/LJSpeech-1.1/wavs/LJ045-0030.wav,3.6294375,4.7345495
/mnt/md1/user_wago/data/LJSpeech-1.1/wavs/LJ010-0231.wav,6.3345625,4.539797
/mnt/md1/user_wago/data/LJSpeech-1.1/wavs/LJ018-0174.wav,6.6480625,4.661996
/mnt/md1/user_wago/data/LJSpeech-1.1/wavs/LJ003-0309.wav,4.5815,4.5839744
/mnt/md1/user_wago/data/LJSpeech-1.1/wavs/LJ017-0153.wav,5.5915625,4.703394
/mnt/md1/user_wago/data/LJSpeech-1.1/wavs/LJ007-0115.wav,6.13725,4.6890297
/mnt/md1/user_wago/data/LJSpeech-1.1/wavs/LJ050-0224.wav,6.6945,4.4917245
/mnt/md1/user_wago/data/LJSpeech-1.1/wavs/LJ026-0121.wav,9.1558125,4.548977
/mnt/md1/user_wago/data/LJSpeech-1.1/wavs/LJ038-0293.wav,7.3330625,4.4370623
/mnt/md1/user_wago/data/LJSpeech-1.1/wavs/LJ002-0138.wav,8.1689375,4.5787754
/mnt/md1/user_wago/data/LJSpeech-1.1/wavs/LJ026-0153.wav,6.601625,4.6499577
/mnt/md1/user_wago/data/LJSpeech-1.1/wavs/LJ024-0043.wav,7.925125,4.417062
/mnt/md1/user_wago/data/LJSpeech-1.1/wavs/LJ004-0216.wav,6.311375,4.4282193
/mnt/md1/user_wago/data/LJSpeech-1.1/wavs/LJ035-0047.wav,8.319875,4.3543634
/mnt/md1/user_wago/data/LJSpeech-1.1/wavs/LJ010-0017.wav,4.488625,4.745884
/mnt/md1/user_wago/data/LJSpeech-1.1/wavs/LJ001-0079.wav,4.4189375,4.4771276
/mnt/md1/user_wago/data/LJSpeech-1.1/wavs/LJ040-0162.wav,8.25025,4.491897
/mnt/md1/user_wago/data/LJSpeech-1.1/wavs/LJ007-0023.wav,6.323,4.572831
/mnt/md1/user_wago/data/LJSpeech-1.1/wavs/LJ006-0089.wav,4.1170625,4.6995835
/mnt/md1/user_wago/data/LJSpeech-1.1/wavs/LJ047-0219.wav,3.8965,4.70374
/mnt/md1/user_wago/data/LJSpeech-1.1/wavs/LJ050-0046.wav,5.521875,4.7125974
/mnt/md1/user_wago/data/LJSpeech-1.1/wavs/LJ016-0129.wav,6.9499375,4.6081386
/mnt/md1/user_wago/data/LJSpeech-1.1/wavs/LJ016-0170.wav,6.6364375,4.721871
/mnt/md1/user_wago/data/LJSpeech-1.1/wavs/LJ002-0162.wav,5.51025,4.4906845
/mnt/md1/user_wago/data/LJSpeech-1.1/wavs/LJ048-0243.wav,4.964625,4.7878003
/mnt/md1/user_wago/data/LJSpeech-1.1/wavs/LJ014-0262.wav,5.6960625,4.5802755
/mnt/md1/user_wago/data/LJSpeech-1.1/wavs/LJ014-0002.wav,9.8524375,4.7083163
/mnt/md1/user_wago/data/LJSpeech-1.1/wavs/LJ028-0139.wav,3.9429375,4.4453545
/mnt/md1/user_wago/data/LJSpeech-1.1/wavs/LJ032-0026.wav,7.4259375,4.699309
/mnt/md1/user_wago/data/LJSpeech-1.1/wavs/LJ011-0211.wav,6.4506875,4.456745
/mnt/md1/user_wago/data/LJSpeech-1.1/wavs/LJ040-0125.wav,9.2255,4.0620008
/mnt/md1/user_wago/data/LJSpeech-1.1/wavs/LJ039-0028.wav,9.2255,4.6200686
/mnt/md1/user_wago/data/LJSpeech-1.1/wavs/LJ032-0237.wav,4.9181875,4.6693387
/mnt/md1/user_wago/data/LJSpeech-1.1/wavs/LJ039-0107.wav,10.0498125,4.6087027
/mnt/md1/user_wago/data/LJSpeech-1.1/wavs/LJ036-0121.wav,6.6596875,4.7148747
/mnt/md1/user_wago/data/LJSpeech-1.1/wavs/LJ045-0177.wav,1.191375,4.3468676
/mnt/md1/user_wago/data/LJSpeech-1.1/wavs/LJ002-0327.wav,5.939875,4.502718
/mnt/md1/user_wago/data/LJSpeech-1.1/wavs/LJ022-0112.wav,7.9019375,4.6830907
/mnt/md1/user_wago/data/LJSpeech-1.1/wavs/LJ018-0229.wav,7.56525,4.6332717
/mnt/md1/user_wago/data/LJSpeech-1.1/wavs/LJ037-0101.wav,8.029625,4.728052
/mnt/md1/user_wago/data/LJSpeech-1.1/wavs/LJ042-0085.wav,9.597,4.552769
/mnt/md1/user_wago/data/LJSpeech-1.1/wavs/LJ014-0177.wav,5.521875,4.561013
/mnt/md1/user_wago/data/LJSpeech-1.1/wavs/LJ047-0036.wav,6.9150625,4.570807
/mnt/md1/user_wago/data/LJSpeech-1.1/wavs/LJ025-0066.wav,8.343125,4.5929585
/mnt/md1/user_wago/data/LJSpeech-1.1/wavs/LJ037-0086.wav,4.093875,4.766681
/mnt/md1/user_wago/data/LJSpeech-1.1/wavs/LJ002-0062.wav,9.6318125,4.6106253
/mnt/md1/user_wago/data/LJSpeech-1.1/wavs/LJ003-0160.wav,6.98475,4.4392204
/mnt/md1/user_wago/data/LJSpeech-1.1/wavs/LJ022-0195.wav,5.51025,4.523271
/mnt/md1/user_wago/data/LJSpeech-1.1/wavs/LJ028-0137.wav,2.92125,4.639215
/mnt/md1/user_wago/data/LJSpeech-1.1/wavs/LJ034-0125.wav,9.5621875,4.7249317
/mnt/md1/user_wago/data/LJSpeech-1.1/wavs/LJ006-0095.wav,9.30675,4.5094476
/mnt/md1/user_wago/data/LJSpeech-1.1/wavs/LJ041-0108.wav,6.799,4.5409875
/mnt/md1/user_wago/data/LJSpeech-1.1/wavs/LJ028-0252.wav,2.6078125,4.7051425
/mnt/md1/user_wago/data/LJSpeech-1.1/wavs/LJ005-0037.wav,3.39725,4.4927616
/mnt/md1/user_wago/data/LJSpeech-1.1/wavs/LJ042-0157.wav,9.5273125,4.3318424
/mnt/md1/user_wago/data/LJSpeech-1.1/wavs/LJ013-0130.wav,6.2416875,4.755082
/mnt/md1/user_wago/data/LJSpeech-1.1/wavs/LJ043-0125.wav,4.5930625,4.7770333
/mnt/md1/user_wago/data/LJSpeech-1.1/wavs/LJ018-0390.wav,4.7904375,4.659369
/mnt/md1/user_wago/data/LJSpeech-1.1/wavs/LJ017-0010.wav,7.1356875,4.7549825
/mnt/md1/user_wago/data/LJSpeech-1.1/wavs/LJ007-0074.wav,7.7278125,4.297753
/mnt/md1/user_wago/data/LJSpeech-1.1/wavs/LJ018-0298.wav,6.6364375,4.621449
/mnt/md1/user_wago/data/LJSpeech-1.1/wavs/LJ016-0132.wav,7.7858125,4.4315076
/mnt/md1/user_wago/data/LJSpeech-1.1/wavs/LJ047-0072.wav,9.2603125,4.458264
/mnt/md1/user_wago/data/LJSpeech-1.1/wavs/LJ011-0053.wav,9.57375,4.5345583
/mnt/md1/user_wago/data/LJSpeech-1.1/wavs/LJ019-0009.wav,4.836875,4.7085414
/mnt/md1/user_wago/data/LJSpeech-1.1/wavs/LJ010-0005.wav,9.99175,4.780365
/mnt/md1/user_wago/data/LJSpeech-1.1/wavs/LJ003-0236.wav,6.497125,4.577776
/mnt/md1/user_wago/data/LJSpeech-1.1/wavs/LJ029-0182.wav,2.1781875,4.7429395
/mnt/md1/user_wago/data/LJSpeech-1.1/wavs/LJ003-0219.wav,8.99325,4.6412573
/mnt/md1/user_wago/data/LJSpeech-1.1/wavs/LJ008-0278.wav,5.82375,4.5520763
/mnt/md1/user_wago/data/LJSpeech-1.1/wavs/LJ036-0085.wav,9.109375,4.5616636
/mnt/md1/user_wago/data/LJSpeech-1.1/wavs/LJ017-0193.wav,5.3129375,4.666342
/mnt/md1/user_wago/data/LJSpeech-1.1/wavs/LJ027-0132.wav,2.1201875,4.450602
/mnt/md1/user_wago/data/LJSpeech-1.1/wavs/LJ021-0056.wav,7.0428125,4.468877
/mnt/md1/user_wago/data/LJSpeech-1.1/wavs/LJ050-0179.wav,8.5405,4.627737
/mnt/md1/user_wago/data/LJSpeech-1.1/wavs/LJ050-0127.wav,8.3083125,4.428675
/mnt/md1/user_wago/data/LJSpeech-1.1/wavs/LJ047-0006.wav,8.1225,4.738273
/mnt/md1/user_wago/data/LJSpeech-1.1/wavs/LJ005-0084.wav,6.2185,4.629892
/mnt/md1/user_wago/data/LJSpeech-1.1/wavs/LJ044-0079.wav,7.4955625,4.674032
/mnt/md1/user_wago/data/LJSpeech-1.1/wavs/LJ016-0404.wav,8.610125,4.4233694
/mnt/md1/user_wago/data/LJSpeech-1.1/wavs/LJ008-0283.wav,6.03275,4.550394
/mnt/md1/user_wago/data/LJSpeech-1.1/wavs/LJ035-0176.wav,9.8291875,4.4509587
/mnt/md1/user_wago/data/LJSpeech-1.1/wavs/LJ019-0170.wav,9.41125,4.55102
/mnt/md1/user_wago/data/LJSpeech-1.1/wavs/LJ016-0047.wav,8.41275,4.6381288
/mnt/md1/user_wago/data/LJSpeech-1.1/wavs/LJ029-0020.wav,6.4390625,4.6927557
/mnt/md1/user_wago/data/LJSpeech-1.1/wavs/LJ041-0130.wav,7.9948125,4.651673
/mnt/md1/user_wago/data/LJSpeech-1.1/wavs/LJ048-0171.wav,6.810625,4.692233
/mnt/md1/user_wago/data/LJSpeech-1.1/wavs/LJ028-0362.wav,8.4708125,4.244127
/mnt/md1/user_wago/data/LJSpeech-1.1/wavs/LJ049-0163.wav,10.09625,4.5943203
/mnt/md1/user_wago/data/LJSpeech-1.1/wavs/LJ020-0025.wav,3.5714375,4.4790883
/mnt/md1/user_wago/data/LJSpeech-1.1/wavs/LJ003-0328.wav,6.6945,4.6293035
/mnt/md1/user_wago/data/LJSpeech-1.1/wavs/LJ002-0083.wav,3.327625,4.587916
/mnt/md1/user_wago/data/LJSpeech-1.1/wavs/LJ035-0060.wav,7.449125,4.419989
/mnt/md1/user_wago/data/LJSpeech-1.1/wavs/LJ009-0251.wav,9.898875,4.6090474
/mnt/md1/user_wago/data/LJSpeech-1.1/wavs/LJ042-0046.wav,9.6201875,4.3929453
/mnt/md1/user_wago/data/LJSpeech-1.1/wavs/LJ020-0008.wav,2.143375,4.682647
/mnt/md1/user_wago/data/LJSpeech-1.1/wavs/LJ022-0191.wav,4.3493125,4.618303
/mnt/md1/user_wago/data/LJSpeech-1.1/wavs/LJ043-0149.wav,6.8570625,4.608376
/mnt/md1/user_wago/data/LJSpeech-1.1/wavs/LJ028-0507.wav,8.3663125,4.6235585
/mnt/md1/user_wago/data/LJSpeech-1.1/wavs/LJ043-0038.wav,7.367875,4.529201
/mnt/md1/user_wago/data/LJSpeech-1.1/wavs/LJ042-0185.wav,5.2665,4.359244
/mnt/md1/user_wago/data/LJSpeech-1.1/wavs/LJ011-0292.wav,8.703,4.559459
/mnt/md1/user_wago/data/LJSpeech-1.1/wavs/LJ022-0069.wav,5.6031875,4.4543924
/mnt/md1/user_wago/data/LJSpeech-1.1/wavs/LJ030-0095.wav,7.658125,4.5590124
/mnt/md1/user_wago/data/LJSpeech-1.1/wavs/LJ012-0117.wav,9.028125,4.553018
/mnt/md1/user_wago/data/LJSpeech-1.1/wavs/LJ025-0141.wav,4.941375,4.5877466
/mnt/md1/user_wago/data/LJSpeech-1.1/wavs/LJ035-0132.wav,7.1240625,4.2737174
/mnt/md1/user_wago/data/LJSpeech-1.1/wavs/LJ039-0246.wav,5.7656875,4.527897
/mnt/md1/user_wago/data/LJSpeech-1.1/wavs/LJ019-0279.wav,7.77425,4.5675325
/mnt/md1/user_wago/data/LJSpeech-1.1/wavs/LJ050-0133.wav,6.7293125,4.633377
/mnt/md1/user_wago/data/LJSpeech-1.1/wavs/LJ002-0314.wav,7.1240625,4.3616705
/mnt/md1/user_wago/data/LJSpeech-1.1/wavs/LJ027-0150.wav,3.107,4.6328936
/mnt/md1/user_wago/data/LJSpeech-1.1/wavs/LJ041-0095.wav,7.5071875,4.5984488
/mnt/md1/user_wago/data/LJSpeech-1.1/wavs/LJ018-0285.wav,4.2099375,4.7073674
/mnt/md1/user_wago/data/LJSpeech-1.1/wavs/LJ031-0082.wav,4.9065625,4.7628117
/mnt/md1/user_wago/data/LJSpeech-1.1/wavs/LJ040-0149.wav,6.7641875,4.5125093
/mnt/md1/user_wago/data/LJSpeech-1.1/wavs/LJ032-0085.wav,6.29975,4.508238
/mnt/md1/user_wago/data/LJSpeech-1.1/wavs/LJ003-0099.wav,5.82375,4.426447
/mnt/md1/user_wago/data/LJSpeech-1.1/wavs/LJ046-0131.wav,6.1604375,4.721414
/mnt/md1/user_wago/data/LJSpeech-1.1/wavs/LJ005-0194.wav,6.891875,4.5139117
/mnt/md1/user_wago/data/LJSpeech-1.1/wavs/LJ040-0165.wav,9.7130625,4.615469
/mnt/md1/user_wago/data/LJSpeech-1.1/wavs/LJ007-0014.wav,7.8786875,4.6802645
/mnt/md1/user_wago/data/LJSpeech-1.1/wavs/LJ018-0107.wav,9.6318125,4.679423
/mnt/md1/user_wago/data/LJSpeech-1.1/wavs/LJ003-0271.wav,3.884875,4.342024
/mnt/md1/user_wago/data/LJSpeech-1.1/wavs/LJ021-0162.wav,5.6031875,4.636999
/mnt/md1/user_wago/data/LJSpeech-1.1/wavs/LJ008-0292.wav,7.0195625,4.4985805
/mnt/md1/user_wago/data/LJSpeech-1.1/wavs/LJ043-0066.wav,8.923625,4.6308684
/mnt/md1/user_wago/data/LJSpeech-1.1/wavs/LJ040-0139.wav,9.608625,4.4001904
/mnt/md1/user_wago/data/LJSpeech-1.1/wavs/LJ038-0072.wav,2.5033125,4.710775
/mnt/md1/user_wago/data/LJSpeech-1.1/wavs/LJ028-0297.wav,5.9746875,4.011895
/mnt/md1/user_wago/data/LJSpeech-1.1/wavs/LJ018-0193.wav,5.24325,4.576495
/mnt/md1/user_wago/data/LJSpeech-1.1/wavs/LJ040-0121.wav,6.125625,4.436059
/mnt/md1/user_wago/data/LJSpeech-1.1/wavs/LJ002-0205.wav,6.2185,4.532955
/mnt/md1/user_wago/data/LJSpeech-1.1/wavs/LJ042-0069.wav,8.0760625,4.4479046
/mnt/md1/user_wago/data/LJSpeech-1.1/wavs/LJ042-0064.wav,9.109375,4.488454
/mnt/md1/user_wago/data/LJSpeech-1.1/wavs/LJ046-0018.wav,3.0605625,4.8216405
/mnt/md1/user_wago/data/LJSpeech-1.1/wavs/LJ009-0225.wav,10.0265625,4.479047
/mnt/md1/user_wago/data/LJSpeech-1.1/wavs/LJ048-0050.wav,3.095375,4.7585316
/mnt/md1/user_wago/data/LJSpeech-1.1/wavs/LJ035-0145.wav,9.9685,4.4354134
/mnt/md1/user_wago/data/LJSpeech-1.1/wavs/LJ015-0126.wav,9.190625,4.3166933
/mnt/md1/user_wago/data/LJSpeech-1.1/wavs/LJ010-0157.wav,5.0226875,4.510527
/mnt/md1/user_wago/data/LJSpeech-1.1/wavs/LJ024-0064.wav,4.1519375,4.2974105
/mnt/md1/user_wago/data/LJSpeech-1.1/wavs/LJ013-0107.wav,7.658125,4.3945866
/mnt/md1/user_wago/data/LJSpeech-1.1/wavs/LJ017-0049.wav,9.597,4.6915097
/mnt/md1/user_wago/data/LJSpeech-1.1/wavs/LJ016-0279.wav,3.8616875,4.712528
/mnt/md1/user_wago/data/LJSpeech-1.1/wavs/LJ011-0250.wav,4.1635,4.65464
/mnt/md1/user_wago/data/LJSpeech-1.1/wavs/LJ014-0309.wav,9.2835,4.622967
/mnt/md1/user_wago/data/LJSpeech-1.1/wavs/LJ025-0122.wav,5.045875,4.566888
/mnt/md1/user_wago/data/LJSpeech-1.1/wavs/LJ028-0140.wav,7.7161875,4.4421673
/mnt/md1/user_wago/data/LJSpeech-1.1/wavs/LJ010-0287.wav,7.8903125,4.357581
/mnt/md1/user_wago/data/LJSpeech-1.1/wavs/LJ008-0209.wav,8.238625,4.522931
/mnt/md1/user_wago/data/LJSpeech-1.1/wavs/LJ015-0286.wav,2.6890625,4.7069383
/mnt/md1/user_wago/data/LJSpeech-1.1/wavs/LJ008-0262.wav,4.755625,4.538524
/mnt/md1/user_wago/data/LJSpeech-1.1/wavs/LJ018-0111.wav,6.19525,4.6189413
/mnt/md1/user_wago/data/LJSpeech-1.1/wavs/LJ040-0056.wav,9.9220625,4.5247955
/mnt/md1/user_wago/data/LJSpeech-1.1/wavs/LJ017-0108.wav,7.0195625,4.653182
/mnt/md1/user_wago/data/LJSpeech-1.1/wavs/LJ014-0185.wav,8.923625,4.4504695
/mnt/md1/user_wago/data/LJSpeech-1.1/wavs/LJ008-0168.wav,3.385625,4.503311
/mnt/md1/user_wago/data/LJSpeech-1.1/wavs/LJ020-0105.wav,4.3144375,3.9098754
/mnt/md1/user_wago/data/LJSpeech-1.1/wavs/LJ012-0235.wav,4.360875,4.6813684
/mnt/md1/user_wago/data/LJSpeech-1.1/wavs/LJ045-0061.wav,4.3144375,4.697423
/mnt/md1/user_wago/data/LJSpeech-1.1/wavs/LJ046-0105.wav,7.35625,4.632309
/mnt/md1/user_wago/data/LJSpeech-1.1/wavs/LJ021-0051.wav,7.19375,3.877345
/mnt/md1/user_wago/data/LJSpeech-1.1/wavs/LJ005-0296.wav,10.0033125,4.415684
/mnt/md1/user_wago/data/LJSpeech-1.1/wavs/LJ011-0016.wav,3.583,4.316373
/mnt/md1/user_wago/data/LJSpeech-1.1/wavs/LJ003-0139.wav,5.45225,4.5461054
/mnt/md1/user_wago/data/LJSpeech-1.1/wavs/LJ049-0090.wav,3.594625,4.5036297
/mnt/md1/user_wago/data/LJSpeech-1.1/wavs/LJ019-0290.wav,4.3028125,4.6635804
/mnt/md1/user_wago/data/LJSpeech-1.1/wavs/LJ002-0304.wav,9.6318125,4.2422004
/mnt/md1/user_wago/data/LJSpeech-1.1/wavs/LJ030-0051.wav,5.440625,4.74803
/mnt/md1/user_wago/data/LJSpeech-1.1/wavs/LJ039-0209.wav,8.3779375,4.4602985
/mnt/md1/user_wago/data/LJSpeech-1.1/wavs/LJ028-0046.wav,7.1240625,4.572533
/mnt/md1/user_wago/data/LJSpeech-1.1/wavs/LJ034-0077.wav,5.9863125,4.5711336
/mnt/md1/user_wago/data/LJSpeech-1.1/wavs/LJ033-0011.wav,6.5551875,4.7050867
/mnt/md1/user_wago/data/LJSpeech-1.1/wavs/LJ029-0206.wav,7.0195625,4.700544
/mnt/md1/user_wago/data/LJSpeech-1.1/wavs/LJ042-0123.wav,8.6914375,4.527993
/mnt/md1/user_wago/data/LJSpeech-1.1/wavs/LJ004-0180.wav,6.021125,4.5988617
/mnt/md1/user_wago/data/LJSpeech-1.1/wavs/LJ017-0194.wav,5.1735625,4.7082853
/mnt/md1/user_wago/data/LJSpeech-1.1/wavs/LJ004-0160.wav,3.4436875,4.4270954
/mnt/md1/user_wago/data/LJSpeech-1.1/wavs/LJ036-0117.wav,4.66275,4.5827456
/mnt/md1/user_wago/data/LJSpeech-1.1/wavs/LJ016-0006.wav,4.3144375,4.680734
/mnt/md1/user_wago/data/LJSpeech-1.1/wavs/LJ045-0049.wav,7.19375,4.491992
/mnt/md1/user_wago/data/LJSpeech-1.1/wavs/LJ017-0277.wav,1.261,4.0202084
/mnt/md1/user_wago/data/LJSpeech-1.1/wavs/LJ032-0245.wav,8.238625,4.5202303
/mnt/md1/user_wago/data/LJSpeech-1.1/wavs/LJ018-0322.wav,3.5714375,4.584058
/mnt/md1/user_wago/data/LJSpeech-1.1/wavs/LJ025-0135.wav,8.737875,4.622633
/mnt/md1/user_wago/data/LJSpeech-1.1/wavs/LJ013-0248.wav,8.319875,4.679307
/mnt/md1/user_wago/data/LJSpeech-1.1/wavs/LJ041-0173.wav,5.069125,4.4283566
/mnt/md1/user_wago/data/LJSpeech-1.1/wavs/LJ042-0068.wav,4.4305625,4.4816465
/mnt/md1/user_wago/data/LJSpeech-1.1/wavs/LJ014-0165.wav,8.795875,4.587283
/mnt/md1/user_wago/data/LJSpeech-1.1/wavs/LJ042-0022.wav,9.5621875,4.559855
/mnt/md1/user_wago/data/LJSpeech-1.1/wavs/LJ036-0162.wav,9.8408125,4.5743337
/mnt/md1/user_wago/data/LJSpeech-1.1/wavs/LJ042-0166.wav,9.8408125,4.608946
/mnt/md1/user_wago/data/LJSpeech-1.1/wavs/LJ010-0294.wav,6.578375,4.541588
/mnt/md1/user_wago/data/LJSpeech-1.1/wavs/LJ047-0047.wav,5.0923125,4.7686706
/mnt/md1/user_wago/data/LJSpeech-1.1/wavs/LJ049-0147.wav,8.737875,4.631149
/mnt/md1/user_wago/data/LJSpeech-1.1/wavs/LJ048-0197.wav,8.99325,4.498437
/mnt/md1/user_wago/data/LJSpeech-1.1/wavs/LJ038-0044.wav,5.5335,4.40241
/mnt/md1/user_wago/data/LJSpeech-1.1/wavs/LJ044-0109.wav,6.7525625,4.6135774
/mnt/md1/user_wago/data/LJSpeech-1.1/wavs/LJ042-0094.wav,3.490125,4.741285
/mnt/md1/user_wago/data/LJSpeech-1.1/wavs/LJ047-0142.wav,5.3129375,4.593229
/mnt/md1/user_wago/data/LJSpeech-1.1/wavs/LJ009-0178.wav,8.610125,4.4626865
/mnt/md1/user_wago/data/LJSpeech-1.1/wavs/LJ038-0007.wav,9.0513125,4.6563644
/mnt/md1/user_wago/data/LJSpeech-1.1/wavs/LJ011-0129.wav,2.5265,4.6251035
/mnt/md1/user_wago/data/LJSpeech-1.1/wavs/LJ016-0126.wav,2.6774375,4.6598
/mnt/md1/user_wago/data/LJSpeech-1.1/wavs/LJ002-0159.wav,4.7208125,4.6720304
/mnt/md1/user_wago/data/LJSpeech-1.1/wavs/LJ045-0002.wav,6.7176875,4.519429
/mnt/md1/user_wago/data/LJSpeech-1.1/wavs/LJ045-0186.wav,6.810625,4.5395064
/mnt/md1/user_wago/data/LJSpeech-1.1/wavs/LJ037-0182.wav,1.458375,4.657618
/mnt/md1/user_wago/data/LJSpeech-1.1/wavs/LJ003-0237.wav,9.399625,4.4592156
/mnt/md1/user_wago/data/LJSpeech-1.1/wavs/LJ006-0208.wav,2.9445,4.694802
/mnt/md1/user_wago/data/LJSpeech-1.1/wavs/LJ041-0024.wav,5.4986875,4.3910213
/mnt/md1/user_wago/data/LJSpeech-1.1/wavs/LJ015-0172.wav,4.070625,4.517904
/mnt/md1/user_wago/data/LJSpeech-1.1/wavs/LJ050-0131.wav,7.658125,4.6234384
/mnt/md1/user_wago/data/LJSpeech-1.1/wavs/LJ035-0100.wav,5.55675,4.58827
/mnt/md1/user_wago/data/LJSpeech-1.1/wavs/LJ015-0198.wav,6.2533125,4.776421
/mnt/md1/user_wago/data/LJSpeech-1.1/wavs/LJ012-0156.wav,8.51725,4.4379168
/mnt/md1/user_wago/data/LJSpeech-1.1/wavs/LJ050-0222.wav,7.8903125,4.7106
/mnt/md1/user_wago/data/LJSpeech-1.1/wavs/LJ007-0067.wav,9.7015,4.4560003
/mnt/md1/user_wago/data/LJSpeech-1.1/wavs/LJ031-0105.wav,6.40425,4.615244
/mnt/md1/user_wago/data/LJSpeech-1.1/wavs/LJ001-0157.wav,4.4421875,4.579752
/mnt/md1/user_wago/data/LJSpeech-1.1/wavs/LJ032-0196.wav,6.7525625,4.6586967
/mnt/md1/user_wago/data/LJSpeech-1.1/wavs/LJ017-0025.wav,3.02575,4.649125
/mnt/md1/user_wago/data/LJSpeech-1.1/wavs/LJ013-0267.wav,3.23475,4.7076793
/mnt/md1/user_wago/data/LJSpeech-1.1/wavs/LJ016-0138.wav,1.76025,4.720359
/mnt/md1/user_wago/data/LJSpeech-1.1/wavs/LJ028-0287.wav,7.1124375,4.527544
/mnt/md1/user_wago/data/LJSpeech-1.1/wavs/LJ008-0218.wav,3.107,4.601529
/mnt/md1/user_wago/data/LJSpeech-1.1/wavs/LJ021-0181.wav,7.066,4.293846
/mnt/md1/user_wago/data/LJSpeech-1.1/wavs/LJ033-0029.wav,7.3446875,4.6858273
/mnt/md1/user_wago/data/LJSpeech-1.1/wavs/LJ004-0196.wav,3.97775,4.2847266
/mnt/md1/user_wago/data/LJSpeech-1.1/wavs/LJ032-0221.wav,8.6798125,4.5826306
/mnt/md1/user_wago/data/LJSpeech-1.1/wavs/LJ033-0187.wav,6.6480625,4.7060513
/mnt/md1/user_wago/data/LJSpeech-1.1/wavs/LJ045-0238.wav,3.2579375,4.7404847
/mnt/md1/user_wago/data/LJSpeech-1.1/wavs/LJ035-0093.wav,2.561375,4.72673
/mnt/md1/user_wago/data/LJSpeech-1.1/wavs/LJ009-0124.wav,4.97625,4.644901
/mnt/md1/user_wago/data/LJSpeech-1.1/wavs/LJ039-0138.wav,4.55825,4.467818
/mnt/md1/user_wago/data/LJSpeech-1.1/wavs/LJ047-0218.wav,7.9135625,4.576221
/mnt/md1/user_wago/data/LJSpeech-1.1/wavs/LJ049-0066.wav,8.2966875,4.600379
/mnt/md1/user_wago/data/LJSpeech-1.1/wavs/LJ009-0301.wav,3.4553125,4.4869823
/mnt/md1/user_wago/data/LJSpeech-1.1/wavs/LJ043-0044.wav,8.319875,4.6076045
/mnt/md1/user_wago/data/LJSpeech-1.1/wavs/LJ022-0108.wav,3.0489375,4.806275
/mnt/md1/user_wago/data/LJSpeech-1.1/wavs/LJ021-0180.wav,5.0575,4.4490304
/mnt/md1/user_wago/data/LJSpeech-1.1/wavs/LJ040-0048.wav,4.256375,4.58225
/mnt/md1/user_wago/data/LJSpeech-1.1/wavs/LJ011-0242.wav,6.3461875,4.475167
/mnt/md1/user_wago/data/LJSpeech-1.1/wavs/LJ007-0234.wav,8.83075,4.586015
/mnt/md1/user_wago/data/LJSpeech-1.1/wavs/LJ007-0214.wav,8.0760625,4.6295247
/mnt/md1/user_wago/data/LJSpeech-1.1/wavs/LJ014-0143.wav,6.0095,4.3568845
/mnt/md1/user_wago/data/LJSpeech-1.1/wavs/LJ019-0143.wav,1.38875,4.0965858
/mnt/md1/user_wago/data/LJSpeech-1.1/wavs/LJ044-0223.wav,9.086125,4.3890805
/mnt/md1/user_wago/data/LJSpeech-1.1/wavs/LJ012-0270.wav,9.9336875,4.570052
/mnt/md1/user_wago/data/LJSpeech-1.1/wavs/LJ018-0079.wav,5.231625,4.727689
/mnt/md1/user_wago/data/LJSpeech-1.1/wavs/LJ028-0337.wav,6.88025,4.4922886
/mnt/md1/user_wago/data/LJSpeech-1.1/wavs/LJ048-0051.wav,8.3083125,4.677428
/mnt/md1/user_wago/data/LJSpeech-1.1/wavs/LJ028-0208.wav,1.261,4.154275
/mnt/md1/user_wago/data/LJSpeech-1.1/wavs/LJ004-0219.wav,5.13875,4.178448
/mnt/md1/user_wago/data/LJSpeech-1.1/wavs/LJ039-0017.wav,8.703,4.48129
/mnt/md1/user_wago/data/LJSpeech-1.1/wavs/LJ008-0237.wav,4.5001875,4.654271
/mnt/md1/user_wago/data/LJSpeech-1.1/wavs/LJ033-0050.wav,4.268,4.824972
/mnt/md1/user_wago/data/LJSpeech-1.1/wavs/LJ034-0021.wav,4.6046875,4.6818647
/mnt/md1/user_wago/data/LJSpeech-1.1/wavs/LJ036-0075.wav,6.03275,4.6815486
/mnt/md1/user_wago/data/LJSpeech-1.1/wavs/LJ012-0066.wav,9.51575,4.673934
/mnt/md1/user_wago/data/LJSpeech-1.1/wavs/LJ045-0125.wav,4.6163125,4.623746
/mnt/md1/user_wago/data/LJSpeech-1.1/wavs/LJ013-0029.wav,9.399625,4.583852
/mnt/md1/user_wago/data/LJSpeech-1.1/wavs/LJ013-0059.wav,1.7370625,4.475045
/mnt/md1/user_wago/data/LJSpeech-1.1/wavs/LJ016-0324.wav,6.8570625,4.7654486
/mnt/md1/user_wago/data/LJSpeech-1.1/wavs/LJ045-0126.wav,7.367875,4.6355786
/mnt/md1/user_wago/data/LJSpeech-1.1/wavs/LJ038-0024.wav,5.3129375,4.6774926
/mnt/md1/user_wago/data/LJSpeech-1.1/wavs/LJ041-0086.wav,7.4026875,4.578206
/mnt/md1/user_wago/data/LJSpeech-1.1/wavs/LJ030-0155.wav,8.424375,4.783451
/mnt/md1/user_wago/data/LJSpeech-1.1/wavs/LJ014-0156.wav,7.9948125,4.400059
/mnt/md1/user_wago/data/LJSpeech-1.1/wavs/LJ044-0198.wav,8.227,4.3892603
/mnt/md1/user_wago/data/LJSpeech-1.1/wavs/LJ003-0027.wav,6.682875,4.5616593
/mnt/md1/user_wago/data/LJSpeech-1.1/wavs/LJ013-0124.wav,2.805125,4.770283
/mnt/md1/user_wago/data/LJSpeech-1.1/wavs/LJ047-0235.wav,5.1851875,4.4827156
/mnt/md1/user_wago/data/LJSpeech-1.1/wavs/LJ034-0154.wav,9.7015,4.5012603
/mnt/md1/user_wago/data/LJSpeech-1.1/wavs/LJ021-0059.wav,3.327625,4.4339895
/mnt/md1/user_wago/data/LJSpeech-1.1/wavs/LJ050-0075.wav,1.96925,4.657619
/mnt/md1/user_wago/data/LJSpeech-1.1/wavs/LJ007-0058.wav,8.505625,4.618945
/mnt/md1/user_wago/data/LJSpeech-1.1/wavs/LJ022-0049.wav,8.7843125,4.762699
/mnt/md1/user_wago/data/LJSpeech-1.1/wavs/LJ021-0197.wav,9.0396875,4.37632
/mnt/md1/user_wago/data/LJSpeech-1.1/wavs/LJ014-0204.wav,8.3663125,4.4802623
/mnt/md1/user_wago/data/LJSpeech-1.1/wavs/LJ012-0218.wav,7.5304375,4.612586
/mnt/md1/user_wago/data/LJSpeech-1.1/wavs/LJ030-0128.wav,7.66975,4.667631
/mnt/md1/user_wago/data/LJSpeech-1.1/wavs/LJ022-0119.wav,9.388,4.634508
/mnt/md1/user_wago/data/LJSpeech-1.1/wavs/LJ039-0214.wav,5.812125,4.5185213
/mnt/md1/user_wago/data/LJSpeech-1.1/wavs/LJ010-0040.wav,8.424375,4.619778
/mnt/md1/user_wago/data/LJSpeech-1.1/wavs/LJ023-0094.wav,5.8005,4.6072407
/mnt/md1/user_wago/data/LJSpeech-1.1/wavs/LJ042-0170.wav,3.3624375,4.506259
/mnt/md1/user_wago/data/LJSpeech-1.1/wavs/LJ048-0253.wav,6.1720625,4.655589
/mnt/md1/user_wago/data/LJSpeech-1.1/wavs/LJ011-0217.wav,2.3175625,4.4851623
/mnt/md1/user_wago/data/LJSpeech-1.1/wavs/LJ003-0053.wav,8.436,4.4475946
/mnt/md1/user_wago/data/LJSpeech-1.1/wavs/LJ006-0158.wav,7.8786875,4.6271124
/mnt/md1/user_wago/data/LJSpeech-1.1/wavs/LJ044-0131.wav,2.7006875,4.56394
/mnt/md1/user_wago/data/LJSpeech-1.1/wavs/LJ023-0048.wav,5.1039375,4.577084
/mnt/md1/user_wago/data/LJSpeech-1.1/wavs/LJ006-0116.wav,9.109375,4.4936295
/mnt/md1/user_wago/data/LJSpeech-1.1/wavs/LJ019-0013.wav,7.739375,4.5846167
/mnt/md1/user_wago/data/LJSpeech-1.1/wavs/LJ026-0025.wav,8.2734375,4.396744
/mnt/md1/user_wago/data/LJSpeech-1.1/wavs/LJ008-0291.wav,2.456875,4.699283
/mnt/md1/user_wago/data/LJSpeech-1.1/wavs/LJ004-0157.wav,4.55825,4.5707397
/mnt/md1/user_wago/data/LJSpeech-1.1/wavs/LJ011-0038.wav,6.3345625,4.603172
/mnt/md1/user_wago/data/LJSpeech-1.1/wavs/LJ048-0059.wav,8.645,4.689305
/mnt/md1/user_wago/data/LJSpeech-1.1/wavs/LJ021-0122.wav,3.884875,4.4846015
/mnt/md1/user_wago/data/LJSpeech-1.1/wavs/LJ011-0059.wav,1.679,3.7305574
/mnt/md1/user_wago/data/LJSpeech-1.1/wavs/LJ034-0151.wav,2.364,4.6287484
/mnt/md1/user_wago/data/LJSpeech-1.1/wavs/LJ001-0034.wav,9.086125,4.3297462
/mnt/md1/user_wago/data/LJSpeech-1.1/wavs/LJ012-0165.wav,6.1720625,4.7088466
/mnt/md1/user_wago/data/LJSpeech-1.1/wavs/LJ025-0021.wav,5.4870625,4.685224
/mnt/md1/user_wago/data/LJSpeech-1.1/wavs/LJ046-0228.wav,9.7015,4.4270124
/mnt/md1/user_wago/data/LJSpeech-1.1/wavs/LJ029-0012.wav,9.806,4.6493154
/mnt/md1/user_wago/data/LJSpeech-1.1/wavs/LJ012-0213.wav,4.8020625,4.604085
/mnt/md1/user_wago/data/LJSpeech-1.1/wavs/LJ041-0146.wav,8.6798125,4.60283
/mnt/md1/user_wago/data/LJSpeech-1.1/wavs/LJ009-0173.wav,9.0513125,4.389393
/mnt/md1/user_wago/data/LJSpeech-1.1/wavs/LJ035-0124.wav,5.1735625,4.6249447
/mnt/md1/user_wago/data/LJSpeech-1.1/wavs/LJ001-0066.wav,9.585375,4.231751
/mnt/md1/user_wago/data/LJSpeech-1.1/wavs/LJ008-0086.wav,4.4421875,4.7205696
/mnt/md1/user_wago/data/LJSpeech-1.1/wavs/LJ004-0118.wav,8.261875,4.4481144
/mnt/md1/user_wago/data/LJSpeech-1.1/wavs/LJ018-0238.wav,7.576875,4.6483893
/mnt/md1/user_wago/data/LJSpeech-1.1/wavs/LJ003-0050.wav,2.456875,4.6232014
/mnt/md1/user_wago/data/LJSpeech-1.1/wavs/LJ029-0071.wav,6.497125,4.6773486
/mnt/md1/user_wago/data/LJSpeech-1.1/wavs/LJ047-0046.wav,8.505625,4.6316032
/mnt/md1/user_wago/data/LJSpeech-1.1/wavs/LJ021-0171.wav,6.4855,4.3726907
/mnt/md1/user_wago/data/LJSpeech-1.1/wavs/LJ031-0070.wav,3.13025,4.6404223
/mnt/md1/user_wago/data/LJSpeech-1.1/wavs/LJ046-0054.wav,6.799,4.6090345
/mnt/md1/user_wago/data/LJSpeech-1.1/wavs/LJ014-0161.wav,6.7176875,4.639995
/mnt/md1/user_wago/data/LJSpeech-1.1/wavs/LJ032-0003.wav,6.8221875,4.777113
/mnt/md1/user_wago/data/LJSpeech-1.1/wavs/LJ002-0133.wav,9.5389375,4.507427
/mnt/md1/user_wago/data/LJSpeech-1.1/wavs/LJ035-0200.wav,5.0575,4.483903
/mnt/md1/user_wago/data/LJSpeech-1.1/wavs/LJ012-0285.wav,3.4205,4.780552
/mnt/md1/user_wago/data/LJSpeech-1.1/wavs/LJ018-0182.wav,2.2595,4.794923
/mnt/md1/user_wago/data/LJSpeech-1.1/wavs/LJ044-0160.wav,7.7161875,4.365622
/mnt/md1/user_wago/data/LJSpeech-1.1/wavs/LJ012-0229.wav,8.319875,4.6096873
/mnt/md1/user_wago/data/LJSpeech-1.1/wavs/LJ017-0118.wav,7.19375,4.6716304
/mnt/md1/user_wago/data/LJSpeech-1.1/wavs/LJ031-0151.wav,7.263375,4.6882486
/mnt/md1/user_wago/data/LJSpeech-1.1/wavs/LJ039-0243.wav,6.4623125,4.508494
/mnt/md1/user_wago/data/LJSpeech-1.1/wavs/LJ016-0350.wav,5.2084375,4.401471
/mnt/md1/user_wago/data/LJSpeech-1.1/wavs/LJ002-0266.wav,6.8570625,4.552095
/mnt/md1/user_wago/data/LJSpeech-1.1/wavs/LJ007-0044.wav,9.7479375,4.573937
/mnt/md1/user_wago/data/LJSpeech-1.1/wavs/LJ025-0128.wav,6.9150625,4.6334653
/mnt/md1/user_wago/data/LJSpeech-1.1/wavs/LJ036-0103.wav,3.966125,4.757028
/mnt/md1/user_wago/data/LJSpeech-1.1/wavs/LJ042-0016.wav,4.6975625,4.549408
/mnt/md1/user_wago/data/LJSpeech-1.1/wavs/LJ005-0120.wav,6.2533125,4.6108103
/mnt/md1/user_wago/data/LJSpeech-1.1/wavs/LJ016-0380.wav,9.3415625,4.5882816
/mnt/md1/user_wago/data/LJSpeech-1.1/wavs/LJ016-0379.wav,8.35475,4.601024
/mnt/md1/user_wago/data/LJSpeech-1.1/wavs/LJ048-0114.wav,8.2038125,4.628731
/mnt/md1/user_wago/data/LJSpeech-1.1/wavs/LJ009-0021.wav,7.19375,4.4913597
/mnt/md1/user_wago/data/LJSpeech-1.1/wavs/LJ019-0165.wav,10.0033125,4.601937
/mnt/md1/user_wago/data/LJSpeech-1.1/wavs/LJ017-0003.wav,3.223125,4.7797523
/mnt/md1/user_wago/data/LJSpeech-1.1/wavs/LJ023-0063.wav,1.946,4.3758316
/mnt/md1/user_wago/data/LJSpeech-1.1/wavs/LJ011-0267.wav,7.5304375,4.653973
/mnt/md1/user_wago/data/LJSpeech-1.1/wavs/LJ034-0053.wav,6.77575,4.6489472
/mnt/md1/user_wago/data/LJSpeech-1.1/wavs/LJ009-0079.wav,8.5636875,4.4765205
/mnt/md1/user_wago/data/LJSpeech-1.1/wavs/LJ041-0083.wav,6.7409375,4.65825
/mnt/md1/user_wago/data/LJSpeech-1.1/wavs/LJ018-0381.wav,8.1109375,4.6524706
/mnt/md1/user_wago/data/LJSpeech-1.1/wavs/LJ004-0176.wav,5.162,4.577896
/mnt/md1/user_wago/data/LJSpeech-1.1/wavs/LJ047-0052.wav,6.59,4.661363
/mnt/md1/user_wago/data/LJSpeech-1.1/wavs/LJ006-0146.wav,7.4955625,4.4407387
/mnt/md1/user_wago/data/LJSpeech-1.1/wavs/LJ031-0055.wav,6.206875,4.6436963
/mnt/md1/user_wago/data/LJSpeech-1.1/wavs/LJ046-0132.wav,5.521875,4.6552343
/mnt/md1/user_wago/data/LJSpeech-1.1/wavs/LJ039-0220.wav,7.7278125,4.4758487
/mnt/md1/user_wago/data/LJSpeech-1.1/wavs/LJ041-0191.wav,6.973125,4.470123
/mnt/md1/user_wago/data/LJSpeech-1.1/wavs/LJ022-0098.wav,7.077625,4.6854415
/mnt/md1/user_wago/data/LJSpeech-1.1/wavs/LJ029-0190.wav,5.545125,4.5417833
/mnt/md1/user_wago/data/LJSpeech-1.1/wavs/LJ028-0363.wav,5.069125,4.413247
/mnt/md1/user_wago/data/LJSpeech-1.1/wavs/LJ014-0221.wav,5.7425,4.6153297
/mnt/md1/user_wago/data/LJSpeech-1.1/wavs/LJ048-0160.wav,7.8786875,4.601907
/mnt/md1/user_wago/data/LJSpeech-1.1/wavs/LJ005-0166.wav,4.360875,4.715712
/mnt/md1/user_wago/data/LJSpeech-1.1/wavs/LJ004-0161.wav,7.275,4.475819
/mnt/md1/user_wago/data/LJSpeech-1.1/wavs/LJ014-0168.wav,8.505625,4.7677307
/mnt/md1/user_wago/data/LJSpeech-1.1/wavs/LJ050-0109.wav,6.5668125,4.5783257
/mnt/md1/user_wago/data/LJSpeech-1.1/wavs/LJ011-0131.wav,9.794375,4.544117
/mnt/md1/user_wago/data/LJSpeech-1.1/wavs/LJ005-0073.wav,8.2966875,4.5138316
/mnt/md1/user_wago/data/LJSpeech-1.1/wavs/LJ002-0323.wav,7.08925,4.32907
/mnt/md1/user_wago/data/LJSpeech-1.1/wavs/LJ028-0348.wav,3.23475,4.5837603
/mnt/md1/user_wago/data/LJSpeech-1.1/wavs/LJ027-0113.wav,6.311375,4.474746
/mnt/md1/user_wago/data/LJSpeech-1.1/wavs/LJ008-0028.wav,6.520375,4.4935017
/mnt/md1/user_wago/data/LJSpeech-1.1/wavs/LJ023-0038.wav,7.6929375,4.4003453
/mnt/md1/user_wago/data/LJSpeech-1.1/wavs/LJ019-0167.wav,9.5389375,4.564168
/mnt/md1/user_wago/data/LJSpeech-1.1/wavs/LJ045-0059.wav,9.4460625,4.6178727
/mnt/md1/user_wago/data/LJSpeech-1.1/wavs/LJ025-0086.wav,5.812125,4.691683
/mnt/md1/user_wago/data/LJSpeech-1.1/wavs/LJ028-0473.wav,6.50875,4.5698442
/mnt/md1/user_wago/data/LJSpeech-1.1/wavs/LJ018-0375.wav,4.6046875,4.749829
/mnt/md1/user_wago/data/LJSpeech-1.1/wavs/LJ018-0031.wav,8.6914375,4.648251
/mnt/md1/user_wago/data/LJSpeech-1.1/wavs/LJ044-0195.wav,8.2850625,4.631809
/mnt/md1/user_wago/data/LJSpeech-1.1/wavs/LJ003-0284.wav,3.2811875,4.703795
/mnt/md1/user_wago/data/LJSpeech-1.1/wavs/LJ026-0087.wav,7.751,4.566024
/mnt/md1/user_wago/data/LJSpeech-1.1/wavs/LJ029-0140.wav,7.0079375,4.796761
/mnt/md1/user_wago/data/LJSpeech-1.1/wavs/LJ018-0336.wav,7.2169375,4.5523906
/mnt/md1/user_wago/data/LJSpeech-1.1/wavs/LJ016-0287.wav,3.1766875,4.682166
/mnt/md1/user_wago/data/LJSpeech-1.1/wavs/LJ016-0422.wav,6.9383125,4.559822
/mnt/md1/user_wago/data/LJSpeech-1.1/wavs/LJ008-0288.wav,3.583,4.5949144
/mnt/md1/user_wago/data/LJSpeech-1.1/wavs/LJ008-0252.wav,6.1604375,4.5967827
/mnt/md1/user_wago/data/LJSpeech-1.1/wavs/LJ019-0308.wav,5.440625,4.635389
/mnt/md1/user_wago/data/LJSpeech-1.1/wavs/LJ035-0138.wav,8.9584375,4.4541264
/mnt/md1/user_wago/data/LJSpeech-1.1/wavs/LJ047-0071.wav,7.46075,4.569429
/mnt/md1/user_wago/data/LJSpeech-1.1/wavs/LJ033-0193.wav,8.436,4.46609
/mnt/md1/user_wago/data/LJSpeech-1.1/wavs/LJ010-0011.wav,4.5350625,4.7254267
/mnt/md1/user_wago/data/LJSpeech-1.1/wavs/LJ003-0123.wav,4.256375,4.5688214
/mnt/md1/user_wago/data/LJSpeech-1.1/wavs/LJ034-0206.wav,5.5915625,4.792201
/mnt/md1/user_wago/data/LJSpeech-1.1/wavs/LJ015-0163.wav,5.127125,4.3662744
/mnt/md1/user_wago/data/LJSpeech-1.1/wavs/LJ041-0023.wav,9.7246875,4.3167734
/mnt/md1/user_wago/data/LJSpeech-1.1/wavs/LJ027-0135.wav,8.99325,4.417593
/mnt/md1/user_wago/data/LJSpeech-1.1/wavs/LJ042-0051.wav,5.835375,4.330223
/mnt/md1/user_wago/data/LJSpeech-1.1/wavs/LJ043-0073.wav,6.810625,4.6208057
/mnt/md1/user_wago/data/LJSpeech-1.1/wavs/LJ048-0007.wav,6.0559375,4.61556
/mnt/md1/user_wago/data/LJSpeech-1.1/wavs/LJ010-0199.wav,6.4275,4.676539
/mnt/md1/user_wago/data/LJSpeech-1.1/wavs/LJ038-0159.wav,3.6294375,4.6717463
/mnt/md1/user_wago/data/LJSpeech-1.1/wavs/LJ013-0044.wav,5.916625,4.63267
/mnt/md1/user_wago/data/LJSpeech-1.1/wavs/LJ012-0108.wav,6.77575,4.53309
/mnt/md1/user_wago/data/LJSpeech-1.1/wavs/LJ043-0055.wav,7.3795,4.705074
/mnt/md1/user_wago/data/LJSpeech-1.1/wavs/LJ027-0124.wav,6.77575,4.2560945
/mnt/md1/user_wago/data/LJSpeech-1.1/wavs/LJ021-0045.wav,4.7208125,4.427048
/mnt/md1/user_wago/data/LJSpeech-1.1/wavs/LJ002-0116.wav,4.2331875,4.531904
/mnt/md1/user_wago/data/LJSpeech-1.1/wavs/LJ029-0053.wav,5.8585625,4.598321
/mnt/md1/user_wago/data/LJSpeech-1.1/wavs/LJ028-0490.wav,8.795875,4.5243344
/mnt/md1/user_wago/data/LJSpeech-1.1/wavs/LJ032-0058.wav,2.8631875,4.70962
/mnt/md1/user_wago/data/LJSpeech-1.1/wavs/LJ049-0057.wav,6.6248125,4.639632
/mnt/md1/user_wago/data/LJSpeech-1.1/wavs/LJ049-0082.wav,7.7974375,4.615159
/mnt/md1/user_wago/data/LJSpeech-1.1/wavs/LJ014-0005.wav,2.2826875,4.803918
/mnt/md1/user_wago/data/LJSpeech-1.1/wavs/LJ007-0043.wav,5.6728125,4.591916
/mnt/md1/user_wago/data/LJSpeech-1.1/wavs/LJ033-0075.wav,1.853125,4.664547
/mnt/md1/user_wago/data/LJSpeech-1.1/wavs/LJ049-0145.wav,7.1705,4.6334286
/mnt/md1/user_wago/data/LJSpeech-1.1/wavs/LJ044-0024.wav,8.633375,4.446648
/mnt/md1/user_wago/data/LJSpeech-1.1/wavs/LJ032-0250.wav,2.0853125,4.726481
/mnt/md1/user_wago/data/LJSpeech-1.1/wavs/LJ018-0047.wav,9.5621875,4.6823606
/mnt/md1/user_wago/data/LJSpeech-1.1/wavs/LJ014-0172.wav,5.4986875,4.6142993
/mnt/md1/user_wago/data/LJSpeech-1.1/wavs/LJ012-0089.wav,8.0180625,4.6545534
/mnt/md1/user_wago/data/LJSpeech-1.1/wavs/LJ047-0244.wav,5.4986875,4.5992837
/mnt/md1/user_wago/data/LJSpeech-1.1/wavs/LJ012-0079.wav,6.50875,4.63401
/mnt/md1/user_wago/data/LJSpeech-1.1/wavs/LJ038-0069.wav,8.319875,4.705157
/mnt/md1/user_wago/data/LJSpeech-1.1/wavs/LJ002-0146.wav,6.7641875,4.538348
/mnt/md1/user_wago/data/LJSpeech-1.1/wavs/LJ022-0037.wav,5.440625,4.5855393
/mnt/md1/user_wago/data/LJSpeech-1.1/wavs/LJ035-0036.wav,5.2896875,4.6042614
/mnt/md1/user_wago/data/LJSpeech-1.1/wavs/LJ041-0181.wav,8.923625,4.3827214
/mnt/md1/user_wago/data/LJSpeech-1.1/wavs/LJ038-0133.wav,8.1109375,4.599309
/mnt/md1/user_wago/data/LJSpeech-1.1/wavs/LJ039-0099.wav,6.810625,4.6492953
/mnt/md1/user_wago/data/LJSpeech-1.1/wavs/LJ001-0017.wav,7.0195625,4.2523518
/mnt/md1/user_wago/data/LJSpeech-1.1/wavs/LJ048-0184.wav,8.9584375,4.607216
/mnt/md1/user_wago/data/LJSpeech-1.1/wavs/LJ003-0079.wav,7.3214375,4.634606
/mnt/md1/user_wago/data/LJSpeech-1.1/wavs/LJ049-0025.wav,3.304375,4.588957
/mnt/md1/user_wago/data/LJSpeech-1.1/wavs/LJ021-0173.wav,9.2255,4.3769484
/mnt/md1/user_wago/data/LJSpeech-1.1/wavs/LJ030-0068.wav,6.381,4.5768394
/mnt/md1/user_wago/data/LJSpeech-1.1/wavs/LJ034-0215.wav,2.2943125,4.753991
/mnt/md1/user_wago/data/LJSpeech-1.1/wavs/LJ041-0201.wav,1.667375,4.4757066
/mnt/md1/user_wago/data/LJSpeech-1.1/wavs/LJ021-0127.wav,6.0791875,4.1897182
/mnt/md1/user_wago/data/LJSpeech-1.1/wavs/LJ049-0088.wav,5.55675,4.316356
/mnt/md1/user_wago/data/LJSpeech-1.1/wavs/LJ015-0104.wav,9.4925,4.6128798
/mnt/md1/user_wago/data/LJSpeech-1.1/wavs/LJ049-0106.wav,9.295125,4.562879
/mnt/md1/user_wago/data/LJSpeech-1.1/wavs/LJ032-0040.wav,6.61325,4.539742
/mnt/md1/user_wago/data/LJSpeech-1.1/wavs/LJ039-0008.wav,9.190625,4.376819
/mnt/md1/user_wago/data/LJSpeech-1.1/wavs/LJ028-0466.wav,8.9468125,4.726183
/mnt/md1/user_wago/data/LJSpeech-1.1/wavs/LJ028-0067.wav,5.905,4.625825
/mnt/md1/user_wago/data/LJSpeech-1.1/wavs/LJ017-0107.wav,5.835375,4.6351986
/mnt/md1/user_wago/data/LJSpeech-1.1/wavs/LJ013-0242.wav,6.9615,4.6886544
/mnt/md1/user_wago/data/LJSpeech-1.1/wavs/LJ040-0158.wav,4.5815,4.5267744
/mnt/md1/user_wago/data/LJSpeech-1.1/wavs/LJ042-0171.wav,8.62175,4.4359875
/mnt/md1/user_wago/data/LJSpeech-1.1/wavs/LJ018-0313.wav,10.084625,4.734701
/mnt/md1/user_wago/data/LJSpeech-1.1/wavs/LJ037-0126.wav,3.2463125,4.713024
/mnt/md1/user_wago/data/LJSpeech-1.1/wavs/LJ042-0036.wav,6.706125,4.5622764
/mnt/md1/user_wago/data/LJSpeech-1.1/wavs/LJ017-0227.wav,5.649625,4.3658376
/mnt/md1/user_wago/data/LJSpeech-1.1/wavs/LJ030-0102.wav,6.4855,4.5958757
/mnt/md1/user_wago/data/LJSpeech-1.1/wavs/LJ028-0472.wav,6.88025,4.5615916
/mnt/md1/user_wago/data/LJSpeech-1.1/wavs/LJ047-0139.wav,7.1705,4.647709
/mnt/md1/user_wago/data/LJSpeech-1.1/wavs/LJ028-0427.wav,8.5636875,4.586941
/mnt/md1/user_wago/data/LJSpeech-1.1/wavs/LJ010-0043.wav,9.4576875,4.644204
/mnt/md1/user_wago/data/LJSpeech-1.1/wavs/LJ028-0281.wav,8.3315,4.525421
/mnt/md1/user_wago/data/LJSpeech-1.1/wavs/LJ026-0133.wav,7.158875,4.5055227
/mnt/md1/user_wago/data/LJSpeech-1.1/wavs/LJ037-0254.wav,4.2099375,4.752237
/mnt/md1/user_wago/data/LJSpeech-1.1/wavs/LJ018-0034.wav,8.737875,4.643376
/mnt/md1/user_wago/data/LJSpeech-1.1/wavs/LJ040-0231.wav,2.247875,3.9728327
/mnt/md1/user_wago/data/LJSpeech-1.1/wavs/LJ016-0237.wav,8.1109375,4.555532
/mnt/md1/user_wago/data/LJSpeech-1.1/wavs/LJ003-0312.wav,9.30675,4.3798285
/mnt/md1/user_wago/data/LJSpeech-1.1/wavs/LJ028-0224.wav,3.5714375,4.6041737
/mnt/md1/user_wago/data/LJSpeech-1.1/wavs/LJ018-0316.wav,3.722375,4.6115894
/mnt/md1/user_wago/data/LJSpeech-1.1/wavs/LJ014-0098.wav,6.787375,4.54908
/mnt/md1/user_wago/data/LJSpeech-1.1/wavs/LJ012-0275.wav,8.157375,4.5501447
/mnt/md1/user_wago/data/LJSpeech-1.1/wavs/LJ033-0066.wav,9.3648125,4.7092977
/mnt/md1/user_wago/data/LJSpeech-1.1/wavs/LJ046-0116.wav,4.0125625,4.7529845
/mnt/md1/user_wago/data/LJSpeech-1.1/wavs/LJ033-0174.wav,4.674375,4.551601
/mnt/md1/user_wago/data/LJSpeech-1.1/wavs/LJ024-0040.wav,3.675875,4.255909
/mnt/md1/user_wago/data/LJSpeech-1.1/wavs/LJ021-0132.wav,8.2966875,4.390796
/mnt/md1/user_wago/data/LJSpeech-1.1/wavs/LJ026-0071.wav,8.8655625,4.434101
/mnt/md1/user_wago/data/LJSpeech-1.1/wavs/LJ019-0059.wav,3.13025,4.535596
/mnt/md1/user_wago/data/LJSpeech-1.1/wavs/LJ037-0237.wav,5.1968125,4.813651
/mnt/md1/user_wago/data/LJSpeech-1.1/wavs/LJ014-0248.wav,5.2084375,4.7554326
/mnt/md1/user_wago/data/LJSpeech-1.1/wavs/LJ020-0009.wav,6.03275,4.635027
/mnt/md1/user_wago/data/LJSpeech-1.1/wavs/LJ043-0017.wav,8.1805625,4.6730895
/mnt/md1/user_wago/data/LJSpeech-1.1/wavs/LJ048-0188.wav,7.484,4.579607
/mnt/md1/user_wago/data/LJSpeech-1.1/wavs/LJ020-0051.wav,5.22,4.5246882
/mnt/md1/user_wago/data/LJSpeech-1.1/wavs/LJ031-0192.wav,1.853125,4.9463468
/mnt/md1/user_wago/data/LJSpeech-1.1/wavs/LJ050-0120.wav,8.029625,4.7526445
/mnt/md1/user_wago/data/LJSpeech-1.1/wavs/LJ003-0205.wav,5.638,4.6618505
/mnt/md1/user_wago/data/LJSpeech-1.1/wavs/LJ045-0122.wav,9.3299375,4.5199265
/mnt/md1/user_wago/data/LJSpeech-1.1/wavs/LJ047-0248.wav,6.601625,4.592408
/mnt/md1/user_wago/data/LJSpeech-1.1/wavs/LJ003-0087.wav,6.0443125,4.63229
/mnt/md1/user_wago/data/LJSpeech-1.1/wavs/LJ042-0232.wav,5.905,4.319819
/mnt/md1/user_wago/data/LJSpeech-1.1/wavs/LJ008-0317.wav,3.490125,4.6851015
/mnt/md1/user_wago/data/LJSpeech-1.1/wavs/LJ024-0033.wav,3.0838125,4.5265374
/mnt/md1/user_wago/data/LJSpeech-1.1/wavs/LJ029-0100.wav,5.5799375,4.696531
/mnt/md1/user_wago/data/LJSpeech-1.1/wavs/LJ030-0135.wav,9.7130625,4.6565366
/mnt/md1/user_wago/data/LJSpeech-1.1/wavs/LJ003-0038.wav,5.1735625,4.6532955
/mnt/md1/user_wago/data/LJSpeech-1.1/wavs/LJ031-0167.wav,9.504125,4.563845
/mnt/md1/user_wago/data/LJSpeech-1.1/wavs/LJ049-0024.wav,3.490125,4.5225163
/mnt/md1/user_wago/data/LJSpeech-1.1/wavs/LJ002-0163.wav,4.7091875,4.430199
/mnt/md1/user_wago/data/LJSpeech-1.1/wavs/LJ007-0072.wav,8.227,4.4355955
/mnt/md1/user_wago/data/LJSpeech-1.1/wavs/LJ003-0259.wav,3.2579375,4.3267646
/mnt/md1/user_wago/data/LJSpeech-1.1/wavs/LJ031-0067.wav,3.50175,4.77129
/mnt/md1/user_wago/data/LJSpeech-1.1/wavs/LJ041-0154.wav,6.415875,4.592411
/mnt/md1/user_wago/data/LJSpeech-1.1/wavs/LJ045-0012.wav,10.09625,4.674819
/mnt/md1/user_wago/data/LJSpeech-1.1/wavs/LJ027-0165.wav,7.275,4.3510427
/mnt/md1/user_wago/data/LJSpeech-1.1/wavs/LJ019-0306.wav,7.182125,4.5496545
/mnt/md1/user_wago/data/LJSpeech-1.1/wavs/LJ050-0019.wav,3.6294375,4.6925554
/mnt/md1/user_wago/data/LJSpeech-1.1/wavs/LJ032-0230.wav,10.0033125,4.6097918
/mnt/md1/user_wago/data/LJSpeech-1.1/wavs/LJ040-0144.wav,9.7595625,4.389726
/mnt/md1/user_wago/data/LJSpeech-1.1/wavs/LJ042-0180.wav,8.8888125,4.332912
/mnt/md1/user_wago/data/LJSpeech-1.1/wavs/LJ019-0242.wav,9.597,4.534607
/mnt/md1/user_wago/data/LJSpeech-1.1/wavs/LJ031-0157.wav,7.077625,4.5722528
/mnt/md1/user_wago/data/LJSpeech-1.1/wavs/LJ029-0143.wav,5.707625,4.73112
/mnt/md1/user_wago/data/LJSpeech-1.1/wavs/LJ009-0290.wav,7.2981875,4.556249
/mnt/md1/user_wago/data/LJSpeech-1.1/wavs/LJ018-0139.wav,9.4460625,4.719544
/mnt/md1/user_wago/data/LJSpeech-1.1/wavs/LJ016-0001.wav,6.4623125,4.659829
/mnt/md1/user_wago/data/LJSpeech-1.1/wavs/LJ017-0282.wav,3.81525,4.5483465
/mnt/md1/user_wago/data/LJSpeech-1.1/wavs/LJ034-0159.wav,4.8949375,4.734777
/mnt/md1/user_wago/data/LJSpeech-1.1/wavs/LJ014-0281.wav,5.812125,4.666134
/mnt/md1/user_wago/data/LJSpeech-1.1/wavs/LJ042-0230.wav,8.737875,4.196658
/mnt/md1/user_wago/data/LJSpeech-1.1/wavs/LJ045-0190.wav,5.417375,4.595937
/mnt/md1/user_wago/data/LJSpeech-1.1/wavs/LJ005-0067.wav,9.20225,4.570487
/mnt/md1/user_wago/data/LJSpeech-1.1/wavs/LJ048-0113.wav,1.6441875,4.7635384
/mnt/md1/user_wago/data/LJSpeech-1.1/wavs/LJ050-0004.wav,2.8748125,4.4055543
/mnt/md1/user_wago/data/LJSpeech-1.1/wavs/LJ019-0066.wav,3.6643125,4.579434
/mnt/md1/user_wago/data/LJSpeech-1.1/wavs/LJ014-0111.wav,7.2401875,4.70043
/mnt/md1/user_wago/data/LJSpeech-1.1/wavs/LJ018-0082.wav,3.87325,4.5170555
/mnt/md1/user_wago/data/LJSpeech-1.1/wavs/LJ009-0174.wav,6.0559375,4.2180157
/mnt/md1/user_wago/data/LJSpeech-1.1/wavs/LJ016-0022.wav,1.8066875,4.340217
/mnt/md1/user_wago/data/LJSpeech-1.1/wavs/LJ021-0150.wav,8.319875,4.6191974
/mnt/md1/user_wago/data/LJSpeech-1.1/wavs/LJ033-0004.wav,10.073,4.729783
/mnt/md1/user_wago/data/LJSpeech-1.1/wavs/LJ005-0183.wav,5.3129375,4.5204306
/mnt/md1/user_wago/data/LJSpeech-1.1/wavs/LJ016-0164.wav,6.891875,4.6010404
/mnt/md1/user_wago/data/LJSpeech-1.1/wavs/LJ004-0033.wav,5.5335,4.1484942
/mnt/md1/user_wago/data/LJSpeech-1.1/wavs/LJ035-0139.wav,6.67125,4.3068986
/mnt/md1/user_wago/data/LJSpeech-1.1/wavs/LJ035-0059.wav,1.7138125,4.296128
/mnt/md1/user_wago/data/LJSpeech-1.1/wavs/LJ032-0043.wav,9.8524375,4.691242
/mnt/md1/user_wago/data/LJSpeech-1.1/wavs/LJ007-0026.wav,7.6000625,4.6092415
/mnt/md1/user_wago/data/LJSpeech-1.1/wavs/LJ042-0250.wav,6.88025,4.3952765
/mnt/md1/user_wago/data/LJSpeech-1.1/wavs/LJ002-0139.wav,2.8864375,4.4883294
/mnt/md1/user_wago/data/LJSpeech-1.1/wavs/LJ042-0033.wav,7.4259375,4.710431
/mnt/md1/user_wago/data/LJSpeech-1.1/wavs/LJ022-0086.wav,7.1124375,4.7944226
/mnt/md1/user_wago/data/LJSpeech-1.1/wavs/LJ047-0159.wav,6.1836875,4.599305
/mnt/md1/user_wago/data/LJSpeech-1.1/wavs/LJ011-0151.wav,8.436,4.3679404
/mnt/md1/user_wago/data/LJSpeech-1.1/wavs/LJ050-0182.wav,3.1766875,4.4862823
/mnt/md1/user_wago/data/LJSpeech-1.1/wavs/LJ003-0203.wav,4.9994375,4.688604
/mnt/md1/user_wago/data/LJSpeech-1.1/wavs/LJ040-0088.wav,3.8965,4.5942526
/mnt/md1/user_wago/data/LJSpeech-1.1/wavs/LJ010-0248.wav,7.6929375,4.5985775
/mnt/md1/user_wago/data/LJSpeech-1.1/wavs/LJ002-0154.wav,9.004875,4.470951
/mnt/md1/user_wago/data/LJSpeech-1.1/wavs/LJ050-0071.wav,8.9700625,4.61081
/mnt/md1/user_wago/data/LJSpeech-1.1/wavs/LJ050-0013.wav,9.190625,4.534672
/mnt/md1/user_wago/data/LJSpeech-1.1/wavs/LJ049-0187.wav,6.706125,4.552935
/mnt/md1/user_wago/data/LJSpeech-1.1/wavs/LJ015-0145.wav,9.67825,4.3280487
/mnt/md1/user_wago/data/LJSpeech-1.1/wavs/LJ025-0126.wav,9.3648125,4.5304985
/mnt/md1/user_wago/data/LJSpeech-1.1/wavs/LJ044-0174.wav,2.8980625,4.554511
/mnt/md1/user_wago/data/LJSpeech-1.1/wavs/LJ003-0313.wav,8.7494375,4.4802036
/mnt/md1/user_wago/data/LJSpeech-1.1/wavs/LJ020-0077.wav,7.263375,4.448545
/mnt/md1/user_wago/data/LJSpeech-1.1/wavs/LJ050-0249.wav,5.1851875,4.5963635
/mnt/md1/user_wago/data/LJSpeech-1.1/wavs/LJ008-0048.wav,9.8524375,4.4695253
/mnt/md1/user_wago/data/LJSpeech-1.1/wavs/LJ037-0034.wav,3.4785625,4.816991
/mnt/md1/user_wago/data/LJSpeech-1.1/wavs/LJ009-0231.wav,2.9676875,4.74308
/mnt/md1/user_wago/data/LJSpeech-1.1/wavs/LJ032-0202.wav,9.9104375,4.6441293
/mnt/md1/user_wago/data/LJSpeech-1.1/wavs/LJ016-0049.wav,2.1898125,4.5344057
/mnt/md1/user_wago/data/LJSpeech-1.1/wavs/LJ016-0433.wav,8.528875,4.616105
/mnt/md1/user_wago/data/LJSpeech-1.1/wavs/LJ032-0270.wav,6.4390625,4.5715523
/mnt/md1/user_wago/data/LJSpeech-1.1/wavs/LJ047-0177.wav,4.9298125,4.5866365
/mnt/md1/user_wago/data/LJSpeech-1.1/wavs/LJ018-0175.wav,8.6681875,4.5649137
/mnt/md1/user_wago/data/LJSpeech-1.1/wavs/LJ040-0047.wav,3.4205,4.4676857
/mnt/md1/user_wago/data/LJSpeech-1.1/wavs/LJ018-0263.wav,6.5435625,4.656375
/mnt/md1/user_wago/data/LJSpeech-1.1/wavs/LJ027-0056.wav,4.9181875,4.550149
/mnt/md1/user_wago/data/LJSpeech-1.1/wavs/LJ041-0098.wav,7.3214375,4.4995356
/mnt/md1/user_wago/data/LJSpeech-1.1/wavs/LJ026-0065.wav,4.4421875,4.633165
/mnt/md1/user_wago/data/LJSpeech-1.1/wavs/LJ050-0089.wav,3.81525,4.889928
/mnt/md1/user_wago/data/LJSpeech-1.1/wavs/LJ033-0169.wav,7.3446875,4.6419945
/mnt/md1/user_wago/data/LJSpeech-1.1/wavs/LJ016-0337.wav,5.6728125,4.735211
/mnt/md1/user_wago/data/LJSpeech-1.1/wavs/LJ046-0210.wav,6.8454375,4.5292187
/mnt/md1/user_wago/data/LJSpeech-1.1/wavs/LJ047-0192.wav,7.6000625,4.5333567
/mnt/md1/user_wago/data/LJSpeech-1.1/wavs/LJ031-0137.wav,7.553625,4.575003
/mnt/md1/user_wago/data/LJSpeech-1.1/wavs/LJ018-0152.wav,7.4143125,4.6270533
/mnt/md1/user_wago/data/LJSpeech-1.1/wavs/LJ044-0102.wav,5.6844375,4.548392
/mnt/md1/user_wago/data/LJSpeech-1.1/wavs/LJ014-0074.wav,5.51025,4.6680417
/mnt/md1/user_wago/data/LJSpeech-1.1/wavs/LJ016-0371.wav,8.633375,4.669404
/mnt/md1/user_wago/data/LJSpeech-1.1/wavs/LJ018-0067.wav,3.1766875,4.537686
/mnt/md1/user_wago/data/LJSpeech-1.1/wavs/LJ041-0080.wav,5.24325,4.4868927
/mnt/md1/user_wago/data/LJSpeech-1.1/wavs/LJ012-0178.wav,5.6031875,4.5181093
/mnt/md1/user_wago/data/LJSpeech-1.1/wavs/LJ019-0130.wav,3.780375,4.607387
/mnt/md1/user_wago/data/LJSpeech-1.1/wavs/LJ021-0030.wav,6.9615,4.5163507
/mnt/md1/user_wago/data/LJSpeech-1.1/wavs/LJ002-0224.wav,8.0180625,4.2774053
/mnt/md1/user_wago/data/LJSpeech-1.1/wavs/LJ030-0080.wav,6.0791875,4.8134627
/mnt/md1/user_wago/data/LJSpeech-1.1/wavs/LJ042-0042.wav,8.0993125,4.6772857
/mnt/md1/user_wago/data/LJSpeech-1.1/wavs/LJ022-0005.wav,3.4785625,4.6421466
/mnt/md1/user_wago/data/LJSpeech-1.1/wavs/LJ010-0261.wav,8.8655625,4.651294
/mnt/md1/user_wago/data/LJSpeech-1.1/wavs/LJ030-0007.wav,8.343125,4.5891438
/mnt/md1/user_wago/data/LJSpeech-1.1/wavs/LJ028-0251.wav,3.6526875,4.3734574
/mnt/md1/user_wago/data/LJSpeech-1.1/wavs/LJ011-0170.wav,8.1109375,4.625013
/mnt/md1/user_wago/data/LJSpeech-1.1/wavs/LJ037-0261.wav,8.6914375,4.722102
/mnt/md1/user_wago/data/LJSpeech-1.1/wavs/LJ048-0066.wav,7.7045625,4.704872
/mnt/md1/user_wago/data/LJSpeech-1.1/wavs/LJ043-0011.wav,9.689875,4.669943
/mnt/md1/user_wago/data/LJSpeech-1.1/wavs/LJ017-0071.wav,8.8539375,4.5857415
/mnt/md1/user_wago/data/LJSpeech-1.1/wavs/LJ041-0120.wav,9.086125,4.4568377
/mnt/md1/user_wago/data/LJSpeech-1.1/wavs/LJ028-0075.wav,7.286625,4.634677
/mnt/md1/user_wago/data/LJSpeech-1.1/wavs/LJ019-0078.wav,5.5335,4.6353807
/mnt/md1/user_wago/data/LJSpeech-1.1/wavs/LJ006-0229.wav,3.8384375,4.59077
/mnt/md1/user_wago/data/LJSpeech-1.1/wavs/LJ017-0152.wav,3.39725,4.5875206
/mnt/md1/user_wago/data/LJSpeech-1.1/wavs/LJ013-0132.wav,5.71925,4.594984
/mnt/md1/user_wago/data/LJSpeech-1.1/wavs/LJ019-0033.wav,6.288125,4.5891275
/mnt/md1/user_wago/data/LJSpeech-1.1/wavs/LJ009-0273.wav,3.385625,4.572342
/mnt/md1/user_wago/data/LJSpeech-1.1/wavs/LJ005-0289.wav,7.7858125,4.3767333
/mnt/md1/user_wago/data/LJSpeech-1.1/wavs/LJ003-0223.wav,6.9035,4.710911
/mnt/md1/user_wago/data/LJSpeech-1.1/wavs/LJ004-0205.wav,4.2448125,4.2451177
/mnt/md1/user_wago/data/LJSpeech-1.1/wavs/LJ038-0225.wav,8.436,4.7902765
/mnt/md1/user_wago/data/LJSpeech-1.1/wavs/LJ005-0189.wav,8.1805625,4.425743
/mnt/md1/user_wago/data/LJSpeech-1.1/wavs/LJ046-0064.wav,8.5636875,4.687911
/mnt/md1/user_wago/data/LJSpeech-1.1/wavs/LJ011-0271.wav,6.59,4.4566746
/mnt/md1/user_wago/data/LJSpeech-1.1/wavs/LJ011-0191.wav,5.5799375,4.619643
/mnt/md1/user_wago/data/LJSpeech-1.1/wavs/LJ042-0109.wav,8.157375,4.6740923
/mnt/md1/user_wago/data/LJSpeech-1.1/wavs/LJ031-0199.wav,9.0745625,4.759907
/mnt/md1/user_wago/data/LJSpeech-1.1/wavs/LJ040-0061.wav,6.311375,4.517405
/mnt/md1/user_wago/data/LJSpeech-1.1/wavs/LJ002-0322.wav,9.5389375,4.5136304
/mnt/md1/user_wago/data/LJSpeech-1.1/wavs/LJ027-0122.wav,8.2038125,4.2807827
/mnt/md1/user_wago/data/LJSpeech-1.1/wavs/LJ004-0168.wav,6.2649375,4.5967746
/mnt/md1/user_wago/data/LJSpeech-1.1/wavs/LJ040-0051.wav,7.3446875,4.5252576
/mnt/md1/user_wago/data/LJSpeech-1.1/wavs/LJ005-0277.wav,4.4073125,4.5472717
/mnt/md1/user_wago/data/LJSpeech-1.1/wavs/LJ010-0174.wav,10.0381875,4.3778157
/mnt/md1/user_wago/data/LJSpeech-1.1/wavs/LJ028-0238.wav,8.5985625,4.5332193
/mnt/md1/user_wago/data/LJSpeech-1.1/wavs/LJ017-0190.wav,5.847,4.588093
/mnt/md1/user_wago/data/LJSpeech-1.1/wavs/LJ010-0208.wav,7.0079375,4.653337
/mnt/md1/user_wago/data/LJSpeech-1.1/wavs/LJ006-0157.wav,9.980125,4.644477
/mnt/md1/user_wago/data/LJSpeech-1.1/wavs/LJ018-0242.wav,5.150375,4.6685934
/mnt/md1/user_wago/data/LJSpeech-1.1/wavs/LJ025-0052.wav,8.795875,4.673583
/mnt/md1/user_wago/data/LJSpeech-1.1/wavs/LJ044-0232.wav,6.415875,4.682238
/mnt/md1/user_wago/data/LJSpeech-1.1/wavs/LJ034-0006.wav,6.2416875,4.700167
/mnt/md1/user_wago/data/LJSpeech-1.1/wavs/LJ017-0266.wav,5.4870625,4.6755085
/mnt/md1/user_wago/data/LJSpeech-1.1/wavs/LJ036-0195.wav,6.9150625,4.6094084
/mnt/md1/user_wago/data/LJSpeech-1.1/wavs/LJ020-0085.wav,8.0760625,4.493291
/mnt/md1/user_wago/data/LJSpeech-1.1/wavs/LJ047-0140.wav,7.7858125,4.605049
/mnt/md1/user_wago/data/LJSpeech-1.1/wavs/LJ007-0039.wav,6.0559375,4.720116
/mnt/md1/user_wago/data/LJSpeech-1.1/wavs/LJ026-0053.wav,9.597,4.645069
/mnt/md1/user_wago/data/LJSpeech-1.1/wavs/LJ036-0205.wav,9.51575,4.6647615
/mnt/md1/user_wago/data/LJSpeech-1.1/wavs/LJ045-0217.wav,6.021125,4.49599
/mnt/md1/user_wago/data/LJSpeech-1.1/wavs/LJ008-0213.wav,4.0358125,4.3097425
/mnt/md1/user_wago/data/LJSpeech-1.1/wavs/LJ001-0040.wav,7.5884375,4.3796625
/mnt/md1/user_wago/data/LJSpeech-1.1/wavs/LJ006-0020.wav,6.2765625,4.789588
/mnt/md1/user_wago/data/LJSpeech-1.1/wavs/LJ003-0037.wav,6.03275,4.56623
/mnt/md1/user_wago/data/LJSpeech-1.1/wavs/LJ041-0010.wav,7.867125,4.5272946
/mnt/md1/user_wago/data/LJSpeech-1.1/wavs/LJ028-0407.wav,3.9313125,4.3374305
/mnt/md1/user_wago/data/LJSpeech-1.1/wavs/LJ016-0045.wav,9.0396875,4.723634
/mnt/md1/user_wago/data/LJSpeech-1.1/wavs/LJ017-0255.wav,5.5683125,4.6747108
/mnt/md1/user_wago/data/LJSpeech-1.1/wavs/LJ002-0010.wav,7.8090625,4.6600394
/mnt/md1/user_wago/data/LJSpeech-1.1/wavs/LJ024-0050.wav,5.6844375,4.316808
/mnt/md1/user_wago/data/LJSpeech-1.1/wavs/LJ032-0117.wav,7.4955625,4.705076
/mnt/md1/user_wago/data/LJSpeech-1.1/wavs/LJ018-0258.wav,6.09075,4.5598955
/mnt/md1/user_wago/data/LJSpeech-1.1/wavs/LJ002-0032.wav,3.989375,4.648827
/mnt/md1/user_wago/data/LJSpeech-1.1/wavs/LJ031-0198.wav,5.2665,4.732838
/mnt/md1/user_wago/data/LJSpeech-1.1/wavs/LJ047-0215.wav,6.8454375,4.5600967
/mnt/md1/user_wago/data/LJSpeech-1.1/wavs/LJ011-0248.wav,8.8539375,4.5550375
/mnt/md1/user_wago/data/LJSpeech-1.1/wavs/LJ014-0071.wav,6.4390625,4.8032784
/mnt/md1/user_wago/data/LJSpeech-1.1/wavs/LJ019-0039.wav,5.847,4.7818503
/mnt/md1/user_wago/data/LJSpeech-1.1/wavs/LJ011-0056.wav,2.851625,4.4320507
/mnt/md1/user_wago/data/LJSpeech-1.1/wavs/LJ021-0055.wav,8.528875,4.6051035
/mnt/md1/user_wago/data/LJSpeech-1.1/wavs/LJ008-0190.wav,4.6046875,4.5483084
/mnt/md1/user_wago/data/LJSpeech-1.1/wavs/LJ001-0085.wav,8.319875,4.3627863
/mnt/md1/user_wago/data/LJSpeech-1.1/wavs/LJ003-0225.wav,2.723875,4.570413
/mnt/md1/user_wago/data/LJSpeech-1.1/wavs/LJ020-0019.wav,7.2169375,4.5727577
/mnt/md1/user_wago/data/LJSpeech-1.1/wavs/LJ037-0232.wav,1.9344375,4.7477274
/mnt/md1/user_wago/data/LJSpeech-1.1/wavs/LJ042-0203.wav,2.9445,4.62009
/mnt/md1/user_wago/data/LJSpeech-1.1/wavs/LJ009-0025.wav,3.2811875,4.532174
/mnt/md1/user_wago/data/LJSpeech-1.1/wavs/LJ047-0079.wav,9.2835,4.525256
/mnt/md1/user_wago/data/LJSpeech-1.1/wavs/LJ037-0138.wav,5.4870625,4.6873927
/mnt/md1/user_wago/data/LJSpeech-1.1/wavs/LJ046-0020.wav,7.3098125,4.338454
/mnt/md1/user_wago/data/LJSpeech-1.1/wavs/LJ015-0143.wav,4.964625,4.5836945
/mnt/md1/user_wago/data/LJSpeech-1.1/wavs/LJ011-0078.wav,9.504125,4.6445913
/mnt/md1/user_wago/data/LJSpeech-1.1/wavs/LJ047-0008.wav,6.8454375,4.700742
/mnt/md1/user_wago/data/LJSpeech-1.1/wavs/LJ006-0031.wav,3.6526875,4.7641115
/mnt/md1/user_wago/data/LJSpeech-1.1/wavs/LJ019-0125.wav,9.5505625,4.497369
/mnt/md1/user_wago/data/LJSpeech-1.1/wavs/LJ003-0285.wav,7.1124375,4.65982
/mnt/md1/user_wago/data/LJSpeech-1.1/wavs/LJ013-0168.wav,4.5930625,4.84853
/mnt/md1/user_wago/data/LJSpeech-1.1/wavs/LJ016-0376.wav,4.9994375,4.58574
/mnt/md1/user_wago/data/LJSpeech-1.1/wavs/LJ019-0159.wav,8.528875,4.5183315
/mnt/md1/user_wago/data/LJSpeech-1.1/wavs/LJ048-0261.wav,6.1604375,4.658572
/mnt/md1/user_wago/data/LJSpeech-1.1/wavs/LJ019-0383.wav,9.2255,4.682814
/mnt/md1/user_wago/data/LJSpeech-1.1/wavs/LJ027-0007.wav,4.953,4.4077845
/mnt/md1/user_wago/data/LJSpeech-1.1/wavs/LJ033-0168.wav,7.867125,4.440523
/mnt/md1/user_wago/data/LJSpeech-1.1/wavs/LJ041-0117.wav,2.9909375,4.564888
/mnt/md1/user_wago/data/LJSpeech-1.1/wavs/LJ037-0224.wav,9.898875,4.675559
/mnt/md1/user_wago/data/LJSpeech-1.1/wavs/LJ031-0182.wav,7.1705,4.7127447
/mnt/md1/user_wago/data/LJSpeech-1.1/wavs/LJ014-0271.wav,8.62175,4.643718
/mnt/md1/user_wago/data/LJSpeech-1.1/wavs/LJ050-0149.wav,8.842375,4.5707374
/mnt/md1/user_wago/data/LJSpeech-1.1/wavs/LJ027-0014.wav,4.2448125,4.617318
/mnt/md1/user_wago/data/LJSpeech-1.1/wavs/LJ047-0222.wav,5.4754375,4.624097
/mnt/md1/user_wago/data/LJSpeech-1.1/wavs/LJ045-0231.wav,9.4228125,4.5414295
/mnt/md1/user_wago/data/LJSpeech-1.1/wavs/LJ049-0213.wav,3.2811875,4.6435056
/mnt/md1/user_wago/data/LJSpeech-1.1/wavs/LJ012-0274.wav,2.8748125,4.631318
/mnt/md1/user_wago/data/LJSpeech-1.1/wavs/LJ002-0182.wav,4.39575,4.62561
/mnt/md1/user_wago/data/LJSpeech-1.1/wavs/LJ049-0138.wav,6.4275,4.6957355
/mnt/md1/user_wago/data/LJSpeech-1.1/wavs/LJ010-0315.wav,5.71925,4.5731807
/mnt/md1/user_wago/data/LJSpeech-1.1/wavs/LJ038-0248.wav,8.8539375,4.631344
/mnt/md1/user_wago/data/LJSpeech-1.1/wavs/LJ044-0193.wav,9.5273125,4.365648
/mnt/md1/user_wago/data/LJSpeech-1.1/wavs/LJ033-0113.wav,3.722375,4.6487627
/mnt/md1/user_wago/data/LJSpeech-1.1/wavs/LJ042-0071.wav,6.973125,4.77581
/mnt/md1/user_wago/data/LJSpeech-1.1/wavs/LJ025-0095.wav,6.98475,4.6542253
/mnt/md1/user_wago/data/LJSpeech-1.1/wavs/LJ011-0119.wav,8.343125,4.6037436
/mnt/md1/user_wago/data/LJSpeech-1.1/wavs/LJ035-0182.wav,4.8949375,4.6045628
/mnt/md1/user_wago/data/LJSpeech-1.1/wavs/LJ018-0040.wav,6.4739375,4.6706305
/mnt/md1/user_wago/data/LJSpeech-1.1/wavs/LJ004-0064.wav,6.5668125,4.5773816
/mnt/md1/user_wago/data/LJSpeech-1.1/wavs/LJ038-0118.wav,3.780375,4.52068
/mnt/md1/user_wago/data/LJSpeech-1.1/wavs/LJ011-0014.wav,6.323,4.7158136
/mnt/md1/user_wago/data/LJSpeech-1.1/wavs/LJ047-0026.wav,8.633375,4.5637217
/mnt/md1/user_wago/data/LJSpeech-1.1/wavs/LJ029-0112.wav,9.1790625,4.646412
/mnt/md1/user_wago/data/LJSpeech-1.1/wavs/LJ015-0230.wav,8.842375,4.655265
/mnt/md1/user_wago/data/LJSpeech-1.1/wavs/LJ034-0093.wav,3.1883125,4.693145
/mnt/md1/user_wago/data/LJSpeech-1.1/wavs/LJ019-0384.wav,2.538125,4.7272253
/mnt/md1/user_wago/data/LJSpeech-1.1/wavs/LJ013-0239.wav,7.1473125,4.565476
/mnt/md1/user_wago/data/LJSpeech-1.1/wavs/LJ029-0070.wav,1.8415,4.73682
/mnt/md1/user_wago/data/LJSpeech-1.1/wavs/LJ016-0405.wav,8.552125,4.612835
/mnt/md1/user_wago/data/LJSpeech-1.1/wavs/LJ006-0019.wav,8.1109375,4.5344715
/mnt/md1/user_wago/data/LJSpeech-1.1/wavs/LJ004-0007.wav,7.7045625,4.620057
/mnt/md1/user_wago/data/LJSpeech-1.1/wavs/LJ034-0185.wav,4.569875,4.7574635
/mnt/md1/user_wago/data/LJSpeech-1.1/wavs/LJ024-0077.wav,2.71225,4.3160887
/mnt/md1/user_wago/data/LJSpeech-1.1/wavs/LJ034-0200.wav,6.288125,4.5009403
/mnt/md1/user_wago/data/LJSpeech-1.1/wavs/LJ002-0273.wav,4.6975625,4.5153027
/mnt/md1/user_wago/data/LJSpeech-1.1/wavs/LJ036-0083.wav,3.699125,4.740233
/mnt/md1/user_wago/data/LJSpeech-1.1/wavs/LJ026-0015.wav,8.552125,4.618386
/mnt/md1/user_wago/data/LJSpeech-1.1/wavs/LJ006-0266.wav,5.22,4.6240406
/mnt/md1/user_wago/data/LJSpeech-1.1/wavs/LJ023-0004.wav,8.3895625,4.707048
/mnt/md1/user_wago/data/LJSpeech-1.1/wavs/LJ048-0216.wav,7.5304375,4.597879
/mnt/md1/user_wago/data/LJSpeech-1.1/wavs/LJ013-0078.wav,7.1124375,4.7898016
/mnt/md1/user_wago/data/LJSpeech-1.1/wavs/LJ004-0153.wav,7.6465,4.4886346
/mnt/md1/user_wago/data/LJSpeech-1.1/wavs/LJ021-0141.wav,7.2401875,4.377264
/mnt/md1/user_wago/data/LJSpeech-1.1/wavs/LJ013-0127.wav,7.3214375,4.6209126
/mnt/md1/user_wago/data/LJSpeech-1.1/wavs/LJ028-0030.wav,7.4143125,4.5386457
/mnt/md1/user_wago/data/LJSpeech-1.1/wavs/LJ009-0030.wav,9.295125,4.5938134
/mnt/md1/user_wago/data/LJSpeech-1.1/wavs/LJ022-0018.wav,3.4436875,4.513847
/mnt/md1/user_wago/data/LJSpeech-1.1/wavs/LJ004-0116.wav,5.4986875,4.532559
/mnt/md1/user_wago/data/LJSpeech-1.1/wavs/LJ010-0303.wav,5.7773125,4.726787
/mnt/md1/user_wago/data/LJSpeech-1.1/wavs/LJ046-0216.wav,5.359375,4.544566
/mnt/md1/user_wago/data/LJSpeech-1.1/wavs/LJ014-0084.wav,7.4259375,4.724972
/mnt/md1/user_wago/data/LJSpeech-1.1/wavs/LJ007-0228.wav,1.38875,4.5973916
/mnt/md1/user_wago/data/LJSpeech-1.1/wavs/LJ033-0197.wav,4.8253125,4.637412
/mnt/md1/user_wago/data/LJSpeech-1.1/wavs/LJ011-0233.wav,4.0474375,4.6789246
/mnt/md1/user_wago/data/LJSpeech-1.1/wavs/LJ003-0153.wav,4.0125625,4.610535
/mnt/md1/user_wago/data/LJSpeech-1.1/wavs/LJ038-0020.wav,8.4940625,4.5408516
/mnt/md1/user_wago/data/LJSpeech-1.1/wavs/LJ019-0193.wav,10.073,4.712783
/mnt/md1/user_wago/data/LJSpeech-1.1/wavs/LJ026-0165.wav,5.9630625,4.5201592
/mnt/md1/user_wago/data/LJSpeech-1.1/wavs/LJ021-0071.wav,7.4259375,4.40019
/mnt/md1/user_wago/data/LJSpeech-1.1/wavs/LJ039-0125.wav,6.4855,4.30993
/mnt/md1/user_wago/data/LJSpeech-1.1/wavs/LJ004-0127.wav,1.7950625,4.312171
/mnt/md1/user_wago/data/LJSpeech-1.1/wavs/LJ003-0130.wav,7.2285625,4.641389
/mnt/md1/user_wago/data/LJSpeech-1.1/wavs/LJ028-0057.wav,7.1473125,4.448675
/mnt/md1/user_wago/data/LJSpeech-1.1/wavs/LJ018-0050.wav,8.2734375,4.5355515
/mnt/md1/user_wago/data/LJSpeech-1.1/wavs/LJ035-0141.wav,6.323,4.507103
/mnt/md1/user_wago/data/LJSpeech-1.1/wavs/LJ046-0155.wav,6.381,4.4816575
/mnt/md1/user_wago/data/LJSpeech-1.1/wavs/LJ037-0103.wav,4.66275,4.8381267
/mnt/md1/user_wago/data/LJSpeech-1.1/wavs/LJ021-0031.wav,8.83075,4.5097136
/mnt/md1/user_wago/data/LJSpeech-1.1/wavs/LJ014-0215.wav,6.0443125,4.5511675
/mnt/md1/user_wago/data/LJSpeech-1.1/wavs/LJ046-0114.wav,6.2416875,4.803432
/mnt/md1/user_wago/data/LJSpeech-1.1/wavs/LJ017-0280.wav,5.3825625,4.7130017
/mnt/md1/user_wago/data/LJSpeech-1.1/wavs/LJ016-0212.wav,5.92825,4.404985
/mnt/md1/user_wago/data/LJSpeech-1.1/wavs/LJ008-0258.wav,8.99325,4.699115
/mnt/md1/user_wago/data/LJSpeech-1.1/wavs/LJ048-0079.wav,8.157375,4.648799
/mnt/md1/user_wago/data/LJSpeech-1.1/wavs/LJ012-0120.wav,2.247875,4.6151643
/mnt/md1/user_wago/data/LJSpeech-1.1/wavs/LJ017-0028.wav,9.6201875,4.725419
/mnt/md1/user_wago/data/LJSpeech-1.1/wavs/LJ019-0299.wav,9.8175625,4.431891
/mnt/md1/user_wago/data/LJSpeech-1.1/wavs/LJ025-0007.wav,4.39575,4.726445
/mnt/md1/user_wago/data/LJSpeech-1.1/wavs/LJ049-0034.wav,6.3345625,4.5203657
/mnt/md1/user_wago/data/LJSpeech-1.1/wavs/LJ008-0319.wav,9.0745625,4.5806046
/mnt/md1/user_wago/data/LJSpeech-1.1/wavs/LJ018-0209.wav,4.6395625,4.534191
/mnt/md1/user_wago/data/LJSpeech-1.1/wavs/LJ019-0189.wav,8.343125,4.6147346
/mnt/md1/user_wago/data/LJSpeech-1.1/wavs/LJ023-0065.wav,5.5915625,4.5010138
/mnt/md1/user_wago/data/LJSpeech-1.1/wavs/LJ016-0085.wav,5.440625,4.738821
/mnt/md1/user_wago/data/LJSpeech-1.1/wavs/LJ028-0308.wav,7.0428125,4.296446
/mnt/md1/user_wago/data/LJSpeech-1.1/wavs/LJ027-0051.wav,1.9924375,4.733318
/mnt/md1/user_wago/data/LJSpeech-1.1/wavs/LJ028-0446.wav,5.150375,4.3202143
/mnt/md1/user_wago/data/LJSpeech-1.1/wavs/LJ040-0207.wav,5.8701875,4.415579
/mnt/md1/user_wago/data/LJSpeech-1.1/wavs/LJ031-0201.wav,7.275,4.8137574
/mnt/md1/user_wago/data/LJSpeech-1.1/wavs/LJ030-0145.wav,10.073,4.6133795
/mnt/md1/user_wago/data/LJSpeech-1.1/wavs/LJ025-0112.wav,7.0195625,4.681472
/mnt/md1/user_wago/data/LJSpeech-1.1/wavs/LJ050-0130.wav,5.4638125,4.5794315
/mnt/md1/user_wago/data/LJSpeech-1.1/wavs/LJ017-0243.wav,7.35625,4.4521866
/mnt/md1/user_wago/data/LJSpeech-1.1/wavs/LJ050-0153.wav,9.399625,4.537627
/mnt/md1/user_wago/data/LJSpeech-1.1/wavs/LJ020-0005.wav,7.3446875,4.4927583
/mnt/md1/user_wago/data/LJSpeech-1.1/wavs/LJ032-0169.wav,4.1635,4.545758
/mnt/md1/user_wago/data/LJSpeech-1.1/wavs/LJ015-0173.wav,4.953,4.4795117
/mnt/md1/user_wago/data/LJSpeech-1.1/wavs/LJ010-0114.wav,9.4460625,4.4475117
/mnt/md1/user_wago/data/LJSpeech-1.1/wavs/LJ029-0114.wav,8.8539375,4.6658363
/mnt/md1/user_wago/data/LJSpeech-1.1/wavs/LJ012-0115.wav,9.597,4.6461735
/mnt/md1/user_wago/data/LJSpeech-1.1/wavs/LJ001-0055.wav,8.610125,4.1199074
/mnt/md1/user_wago/data/LJSpeech-1.1/wavs/LJ049-0046.wav,6.1604375,4.6858277
/mnt/md1/user_wago/data/LJSpeech-1.1/wavs/LJ043-0141.wav,7.7858125,4.786445
/mnt/md1/user_wago/data/LJSpeech-1.1/wavs/LJ008-0013.wav,4.755625,4.5631905
/mnt/md1/user_wago/data/LJSpeech-1.1/wavs/LJ031-0027.wav,2.062125,4.50335
/mnt/md1/user_wago/data/LJSpeech-1.1/wavs/LJ018-0148.wav,7.3446875,4.424395
/mnt/md1/user_wago/data/LJSpeech-1.1/wavs/LJ047-0061.wav,7.46075,4.5153365
/mnt/md1/user_wago/data/LJSpeech-1.1/wavs/LJ049-0126.wav,5.2780625,4.690514
/mnt/md1/user_wago/data/LJSpeech-1.1/wavs/LJ018-0189.wav,7.0079375,4.4020753
/mnt/md1/user_wago/data/LJSpeech-1.1/wavs/LJ023-0043.wav,5.6611875,4.482204
/mnt/md1/user_wago/data/LJSpeech-1.1/wavs/LJ050-0059.wav,6.6248125,4.6760883
/mnt/md1/user_wago/data/LJSpeech-1.1/wavs/LJ007-0047.wav,6.1836875,4.7150917
/mnt/md1/user_wago/data/LJSpeech-1.1/wavs/LJ038-0101.wav,7.762625,4.7446804
/mnt/md1/user_wago/data/LJSpeech-1.1/wavs/LJ006-0267.wav,5.707625,4.5697827
/mnt/md1/user_wago/data/LJSpeech-1.1/wavs/LJ004-0086.wav,8.5405,4.4609885
/mnt/md1/user_wago/data/LJSpeech-1.1/wavs/LJ017-0273.wav,1.7370625,4.6922197
/mnt/md1/user_wago/data/LJSpeech-1.1/wavs/LJ012-0150.wav,7.367875,4.6559615
/mnt/md1/user_wago/data/LJSpeech-1.1/wavs/LJ050-0228.wav,9.794375,4.6479516
/mnt/md1/user_wago/data/LJSpeech-1.1/wavs/LJ043-0180.wav,5.13875,4.7458377
/mnt/md1/user_wago/data/LJSpeech-1.1/wavs/LJ009-0114.wav,9.41125,4.6513963
/mnt/md1/user_wago/data/LJSpeech-1.1/wavs/LJ046-0010.wav,6.0443125,4.6314154
/mnt/md1/user_wago/data/LJSpeech-1.1/wavs/LJ001-0130.wav,6.03275,4.6334395
/mnt/md1/user_wago/data/LJSpeech-1.1/wavs/LJ006-0139.wav,8.8075,4.6695967
/mnt/md1/user_wago/data/LJSpeech-1.1/wavs/LJ043-0074.wav,3.780375,4.521652
/mnt/md1/user_wago/data/LJSpeech-1.1/wavs/LJ019-0175.wav,4.76725,4.598595
/mnt/md1/user_wago/data/LJSpeech-1.1/wavs/LJ028-0433.wav,3.223125,4.5461736
/mnt/md1/user_wago/data/LJSpeech-1.1/wavs/LJ038-0026.wav,3.490125,4.6686497
/mnt/md1/user_wago/data/LJSpeech-1.1/wavs/LJ012-0154.wav,2.2246875,4.442481
/mnt/md1/user_wago/data/LJSpeech-1.1/wavs/LJ028-0085.wav,4.3725,4.50777
/mnt/md1/user_wago/data/LJSpeech-1.1/wavs/LJ008-0161.wav,3.6526875,4.571271
/mnt/md1/user_wago/data/LJSpeech-1.1/wavs/LJ014-0300.wav,7.7278125,4.6856437
/mnt/md1/user_wago/data/LJSpeech-1.1/wavs/LJ016-0043.wav,8.552125,4.563251
/mnt/md1/user_wago/data/LJSpeech-1.1/wavs/LJ009-0238.wav,7.5188125,4.5414476
/mnt/md1/user_wago/data/LJSpeech-1.1/wavs/LJ035-0207.wav,9.8175625,4.37465
/mnt/md1/user_wago/data/LJSpeech-1.1/wavs/LJ002-0107.wav,9.771125,4.587344
/mnt/md1/user_wago/data/LJSpeech-1.1/wavs/LJ012-0124.wav,8.9468125,4.5423355
/mnt/md1/user_wago/data/LJSpeech-1.1/wavs/LJ004-0036.wav,8.8655625,4.4724584
/mnt/md1/user_wago/data/LJSpeech-1.1/wavs/LJ039-0032.wav,4.2215625,4.633705
/mnt/md1/user_wago/data/LJSpeech-1.1/wavs/LJ007-0075.wav,6.2185,4.525408
/mnt/md1/user_wago/data/LJSpeech-1.1/wavs/LJ049-0203.wav,8.6914375,4.5932293
/mnt/md1/user_wago/data/LJSpeech-1.1/wavs/LJ010-0225.wav,7.681375,4.792421
/mnt/md1/user_wago/data/LJSpeech-1.1/wavs/LJ042-0086.wav,5.997875,4.7273426
/mnt/md1/user_wago/data/LJSpeech-1.1/wavs/LJ038-0276.wav,9.376375,4.61055
/mnt/md1/user_wago/data/LJSpeech-1.1/wavs/LJ038-0039.wav,6.6480625,4.6373053
/mnt/md1/user_wago/data/LJSpeech-1.1/wavs/LJ003-0068.wav,9.2486875,4.40286
/mnt/md1/user_wago/data/LJSpeech-1.1/wavs/LJ019-0064.wav,5.417375,4.7667093
/mnt/md1/user_wago/data/LJSpeech-1.1/wavs/LJ045-0209.wav,5.835375,4.5880356
/mnt/md1/user_wago/data/LJSpeech-1.1/wavs/LJ042-0080.wav,3.304375,4.720026
/mnt/md1/user_wago/data/LJSpeech-1.1/wavs/LJ032-0252.wav,8.343125,4.6398096
/mnt/md1/user_wago/data/LJSpeech-1.1/wavs/LJ028-0311.wav,8.9816875,4.5925994
/mnt/md1/user_wago/data/LJSpeech-1.1/wavs/LJ008-0178.wav,9.3415625,4.5723968
/mnt/md1/user_wago/data/LJSpeech-1.1/wavs/LJ021-0198.wav,9.7130625,4.4895473
/mnt/md1/user_wago/data/LJSpeech-1.1/wavs/LJ025-0174.wav,3.989375,4.7948475
/mnt/md1/user_wago/data/LJSpeech-1.1/wavs/LJ010-0058.wav,7.158875,4.5748763
/mnt/md1/user_wago/data/LJSpeech-1.1/wavs/LJ013-0215.wav,3.81525,4.5339274
/mnt/md1/user_wago/data/LJSpeech-1.1/wavs/LJ019-0241.wav,9.7015,4.565411
/mnt/md1/user_wago/data/LJSpeech-1.1/wavs/LJ013-0146.wav,5.5335,4.608925
/mnt/md1/user_wago/data/LJSpeech-1.1/wavs/LJ037-0143.wav,6.0443125,4.797873
/mnt/md1/user_wago/data/LJSpeech-1.1/wavs/LJ032-0022.wav,9.09775,4.6380296
/mnt/md1/user_wago/data/LJSpeech-1.1/wavs/LJ017-0112.wav,8.0064375,4.6145062
/mnt/md1/user_wago/data/LJSpeech-1.1/wavs/LJ034-0167.wav,8.0645,4.639413
/mnt/md1/user_wago/data/LJSpeech-1.1/wavs/LJ029-0016.wav,8.2734375,4.7097096
/mnt/md1/user_wago/data/LJSpeech-1.1/wavs/LJ044-0212.wav,8.238625,4.5007343
/mnt/md1/user_wago/data/LJSpeech-1.1/wavs/LJ032-0129.wav,7.391125,4.6676283
/mnt/md1/user_wago/data/LJSpeech-1.1/wavs/LJ013-0098.wav,8.5753125,4.54284
/mnt/md1/user_wago/data/LJSpeech-1.1/wavs/LJ037-0114.wav,5.8934375,4.537407
/mnt/md1/user_wago/data/LJSpeech-1.1/wavs/LJ010-0122.wav,9.2603125,4.618067
/mnt/md1/user_wago/data/LJSpeech-1.1/wavs/LJ041-0179.wav,8.99325,4.4603214
/mnt/md1/user_wago/data/LJSpeech-1.1/wavs/LJ015-0061.wav,5.0923125,4.581072
/mnt/md1/user_wago/data/LJSpeech-1.1/wavs/LJ016-0313.wav,8.795875,4.667268
/mnt/md1/user_wago/data/LJSpeech-1.1/wavs/LJ011-0272.wav,9.6434375,4.38099
/mnt/md1/user_wago/data/LJSpeech-1.1/wavs/LJ032-0091.wav,5.2896875,4.748924
/mnt/md1/user_wago/data/LJSpeech-1.1/wavs/LJ033-0144.wav,9.6550625,4.519132
/mnt/md1/user_wago/data/LJSpeech-1.1/wavs/LJ035-0110.wav,6.9035,4.4759417
/mnt/md1/user_wago/data/LJSpeech-1.1/wavs/LJ037-0096.wav,5.835375,4.663489
/mnt/md1/user_wago/data/LJSpeech-1.1/wavs/LJ048-0198.wav,9.09775,4.519666
/mnt/md1/user_wago/data/LJSpeech-1.1/wavs/LJ018-0365.wav,6.67125,4.6606402
/mnt/md1/user_wago/data/LJSpeech-1.1/wavs/LJ048-0249.wav,4.860125,4.5800343
/mnt/md1/user_wago/data/LJSpeech-1.1/wavs/LJ016-0100.wav,3.792,4.733109
/mnt/md1/user_wago/data/LJSpeech-1.1/wavs/LJ047-0166.wav,6.2533125,4.5554624
/mnt/md1/user_wago/data/LJSpeech-1.1/wavs/LJ020-0024.wav,9.318375,4.5786242
/mnt/md1/user_wago/data/LJSpeech-1.1/wavs/LJ030-0164.wav,8.6914375,4.7044296
/mnt/md1/user_wago/data/LJSpeech-1.1/wavs/LJ025-0003.wav,7.077625,4.608547
/mnt/md1/user_wago/data/LJSpeech-1.1/wavs/LJ040-0052.wav,7.4143125,4.3722267
/mnt/md1/user_wago/data/LJSpeech-1.1/wavs/LJ006-0196.wav,7.46075,4.5971713
/mnt/md1/user_wago/data/LJSpeech-1.1/wavs/LJ002-0122.wav,9.0513125,4.594884
/mnt/md1/user_wago/data/LJSpeech-1.1/wavs/LJ035-0095.wav,4.7091875,4.588277
/mnt/md1/user_wago/data/LJSpeech-1.1/wavs/LJ001-0073.wav,7.08925,4.4981785
/mnt/md1/user_wago/data/LJSpeech-1.1/wavs/LJ028-0150.wav,6.497125,4.56047
/mnt/md1/user_wago/data/LJSpeech-1.1/wavs/LJ048-0144.wav,6.601625,4.568326
/mnt/md1/user_wago/data/LJSpeech-1.1/wavs/LJ048-0206.wav,2.329125,4.5700817
/mnt/md1/user_wago/data/LJSpeech-1.1/wavs/LJ018-0091.wav,9.898875,4.610047
/mnt/md1/user_wago/data/LJSpeech-1.1/wavs/LJ013-0260.wav,8.436,4.6524105
/mnt/md1/user_wago/data/LJSpeech-1.1/wavs/LJ017-0167.wav,4.18675,4.490802
/mnt/md1/user_wago/data/LJSpeech-1.1/wavs/LJ039-0210.wav,8.505625,4.521386
/mnt/md1/user_wago/data/LJSpeech-1.1/wavs/LJ035-0161.wav,7.263375,4.4551206
/mnt/md1/user_wago/data/LJSpeech-1.1/wavs/LJ045-0109.wav,3.1534375,4.8056874
/mnt/md1/user_wago/data/LJSpeech-1.1/wavs/LJ022-0181.wav,5.254875,4.6911416
/mnt/md1/user_wago/data/LJSpeech-1.1/wavs/LJ006-0273.wav,6.2533125,4.616075
/mnt/md1/user_wago/data/LJSpeech-1.1/wavs/LJ021-0049.wav,6.0559375,4.0250607
/mnt/md1/user_wago/data/LJSpeech-1.1/wavs/LJ018-0171.wav,6.4855,4.6819963
/mnt/md1/user_wago/data/LJSpeech-1.1/wavs/LJ010-0163.wav,5.6844375,4.5848174
/mnt/md1/user_wago/data/LJSpeech-1.1/wavs/LJ045-0250.wav,4.8949375,4.6786547
/mnt/md1/user_wago/data/LJSpeech-1.1/wavs/LJ009-0214.wav,7.83225,4.6359825
/mnt/md1/user_wago/data/LJSpeech-1.1/wavs/LJ036-0044.wav,9.3531875,4.662877
/mnt/md1/user_wago/data/LJSpeech-1.1/wavs/LJ050-0104.wav,8.552125,4.5526857
/mnt/md1/user_wago/data/LJSpeech-1.1/wavs/LJ019-0199.wav,8.83075,4.767544
/mnt/md1/user_wago/data/LJSpeech-1.1/wavs/LJ019-0228.wav,7.762625,4.6622763
/mnt/md1/user_wago/data/LJSpeech-1.1/wavs/LJ013-0037.wav,7.9948125,4.654549
/mnt/md1/user_wago/data/LJSpeech-1.1/wavs/LJ037-0170.wav,9.190625,4.627068
/mnt/md1/user_wago/data/LJSpeech-1.1/wavs/LJ037-0173.wav,8.5753125,4.710302
/mnt/md1/user_wago/data/LJSpeech-1.1/wavs/LJ003-0335.wav,6.59,4.6913557
/mnt/md1/user_wago/data/LJSpeech-1.1/wavs/LJ042-0163.wav,5.939875,4.6158376
/mnt/md1/user_wago/data/LJSpeech-1.1/wavs/LJ050-0189.wav,7.066,4.690962
/mnt/md1/user_wago/data/LJSpeech-1.1/wavs/LJ017-0128.wav,10.073,4.539556
/mnt/md1/user_wago/data/LJSpeech-1.1/wavs/LJ005-0173.wav,9.99175,4.5913253
/mnt/md1/user_wago/data/LJSpeech-1.1/wavs/LJ028-0215.wav,5.626375,4.5917916
/mnt/md1/user_wago/data/LJSpeech-1.1/wavs/LJ045-0101.wav,6.4855,4.741208
/mnt/md1/user_wago/data/LJSpeech-1.1/wavs/LJ008-0118.wav,4.360875,4.7445784
/mnt/md1/user_wago/data/LJSpeech-1.1/wavs/LJ007-0221.wav,4.18675,4.39991
/mnt/md1/user_wago/data/LJSpeech-1.1/wavs/LJ012-0209.wav,8.8771875,4.553126
/mnt/md1/user_wago/data/LJSpeech-1.1/wavs/LJ019-0315.wav,4.45375,4.6524105
/mnt/md1/user_wago/data/LJSpeech-1.1/wavs/LJ018-0122.wav,7.6233125,4.624279
/mnt/md1/user_wago/data/LJSpeech-1.1/wavs/LJ005-0101.wav,4.2448125,4.727767
/mnt/md1/user_wago/data/LJSpeech-1.1/wavs/LJ010-0295.wav,5.835375,4.7158527
/mnt/md1/user_wago/data/LJSpeech-1.1/wavs/LJ044-0096.wav,4.384125,4.442709
/mnt/md1/user_wago/data/LJSpeech-1.1/wavs/LJ035-0007.wav,1.6093125,4.4085803
/mnt/md1/user_wago/data/LJSpeech-1.1/wavs/LJ046-0247.wav,4.5234375,4.7182293
/mnt/md1/user_wago/data/LJSpeech-1.1/wavs/LJ028-0219.wav,9.864,4.5058746
/mnt/md1/user_wago/data/LJSpeech-1.1/wavs/LJ044-0146.wav,5.0575,4.683875
/mnt/md1/user_wago/data/LJSpeech-1.1/wavs/LJ037-0260.wav,7.96,4.649357
/mnt/md1/user_wago/data/LJSpeech-1.1/wavs/LJ005-0169.wav,3.97775,4.5500355
/mnt/md1/user_wago/data/LJSpeech-1.1/wavs/LJ028-0037.wav,8.2850625,4.527947
/mnt/md1/user_wago/data/LJSpeech-1.1/wavs/LJ008-0055.wav,6.1488125,4.6147895
/mnt/md1/user_wago/data/LJSpeech-1.1/wavs/LJ003-0047.wav,5.127125,4.7131286
/mnt/md1/user_wago/data/LJSpeech-1.1/wavs/LJ019-0268.wav,9.190625,4.4661274
/mnt/md1/user_wago/data/LJSpeech-1.1/wavs/LJ045-0223.wav,3.3740625,4.6270876
/mnt/md1/user_wago/data/LJSpeech-1.1/wavs/LJ023-0078.wav,8.4591875,4.4530063
/mnt/md1/user_wago/data/LJSpeech-1.1/wavs/LJ016-0247.wav,8.8771875,4.493668
/mnt/md1/user_wago/data/LJSpeech-1.1/wavs/LJ040-0084.wav,3.2811875,4.533385
/mnt/md1/user_wago/data/LJSpeech-1.1/wavs/LJ010-0020.wav,8.8888125,4.7078276
/mnt/md1/user_wago/data/LJSpeech-1.1/wavs/LJ005-0163.wav,6.810625,4.6208673
/mnt/md1/user_wago/data/LJSpeech-1.1/wavs/LJ028-0390.wav,7.739375,4.2795563
/mnt/md1/user_wago/data/LJSpeech-1.1/wavs/LJ007-0231.wav,9.295125,4.586932
/mnt/md1/user_wago/data/LJSpeech-1.1/wavs/LJ010-0198.wav,9.4228125,4.5827856
/mnt/md1/user_wago/data/LJSpeech-1.1/wavs/LJ010-0135.wav,3.9545625,4.6062617
/mnt/md1/user_wago/data/LJSpeech-1.1/wavs/LJ017-0183.wav,5.2896875,4.8019037
/mnt/md1/user_wago/data/LJSpeech-1.1/wavs/LJ017-0134.wav,9.1790625,4.6306705
/mnt/md1/user_wago/data/LJSpeech-1.1/wavs/LJ025-0083.wav,4.686,4.6571274
/mnt/md1/user_wago/data/LJSpeech-1.1/wavs/LJ015-0165.wav,4.686,4.5608664
/mnt/md1/user_wago/data/LJSpeech-1.1/wavs/LJ031-0001.wav,4.279625,4.677047
/mnt/md1/user_wago/data/LJSpeech-1.1/wavs/LJ001-0104.wav,2.3871875,4.3190174
/mnt/md1/user_wago/data/LJSpeech-1.1/wavs/LJ009-0229.wav,8.8771875,4.5238094
/mnt/md1/user_wago/data/LJSpeech-1.1/wavs/LJ028-0368.wav,6.7176875,4.523079
/mnt/md1/user_wago/data/LJSpeech-1.1/wavs/LJ043-0048.wav,9.9220625,4.7054086
/mnt/md1/user_wago/data/LJSpeech-1.1/wavs/LJ006-0209.wav,8.157375,4.561772
/mnt/md1/user_wago/data/LJSpeech-1.1/wavs/LJ013-0206.wav,5.7773125,4.6602635
/mnt/md1/user_wago/data/LJSpeech-1.1/wavs/LJ046-0223.wav,2.747125,4.64182
/mnt/md1/user_wago/data/LJSpeech-1.1/wavs/LJ022-0150.wav,8.2734375,4.729307
/mnt/md1/user_wago/data/LJSpeech-1.1/wavs/LJ005-0284.wav,2.7819375,4.5291185
/mnt/md1/user_wago/data/LJSpeech-1.1/wavs/LJ009-0146.wav,5.1851875,4.578365
/mnt/md1/user_wago/data/LJSpeech-1.1/wavs/LJ015-0307.wav,5.2665,4.503001
/mnt/md1/user_wago/data/LJSpeech-1.1/wavs/LJ017-0119.wav,5.3941875,4.7456903
/mnt/md1/user_wago/data/LJSpeech-1.1/wavs/LJ038-0303.wav,9.585375,4.646243
/mnt/md1/user_wago/data/LJSpeech-1.1/wavs/LJ050-0022.wav,7.100875,4.724309
/mnt/md1/user_wago/data/LJSpeech-1.1/wavs/LJ048-0219.wav,9.9453125,4.657383
/mnt/md1/user_wago/data/LJSpeech-1.1/wavs/LJ050-0025.wav,2.9909375,4.690898
/mnt/md1/user_wago/data/LJSpeech-1.1/wavs/LJ001-0186.wav,7.6000625,4.5376477
/mnt/md1/user_wago/data/LJSpeech-1.1/wavs/LJ049-0199.wav,7.4375625,4.554984
/mnt/md1/user_wago/data/LJSpeech-1.1/wavs/LJ043-0150.wav,4.686,4.740799
/mnt/md1/user_wago/data/LJSpeech-1.1/wavs/LJ032-0110.wav,9.666625,4.6566176
/mnt/md1/user_wago/data/LJSpeech-1.1/wavs/LJ041-0133.wav,8.0993125,4.6058755
/mnt/md1/user_wago/data/LJSpeech-1.1/wavs/LJ012-0046.wav,7.1705,4.6839566
/mnt/md1/user_wago/data/LJSpeech-1.1/wavs/LJ036-0028.wav,7.1356875,4.639131
/mnt/md1/user_wago/data/LJSpeech-1.1/wavs/LJ046-0231.wav,4.8253125,4.4932675
/mnt/md1/user_wago/data/LJSpeech-1.1/wavs/LJ002-0203.wav,5.8701875,4.528562
/mnt/md1/user_wago/data/LJSpeech-1.1/wavs/LJ021-0163.wav,8.343125,4.1962547
/mnt/md1/user_wago/data/LJSpeech-1.1/wavs/LJ050-0100.wav,10.0381875,4.716299
/mnt/md1/user_wago/data/LJSpeech-1.1/wavs/LJ013-0147.wav,9.4925,4.6635103
/mnt/md1/user_wago/data/LJSpeech-1.1/wavs/LJ040-0150.wav,9.980125,4.41309
/mnt/md1/user_wago/data/LJSpeech-1.1/wavs/LJ018-0351.wav,6.13725,4.5658455
/mnt/md1/user_wago/data/LJSpeech-1.1/wavs/LJ012-0228.wav,3.4205,4.663757
/mnt/md1/user_wago/data/LJSpeech-1.1/wavs/LJ022-0102.wav,4.5234375,4.6598434
/mnt/md1/user_wago/data/LJSpeech-1.1/wavs/LJ015-0261.wav,6.09075,4.799123
/mnt/md1/user_wago/data/LJSpeech-1.1/wavs/LJ010-0236.wav,8.1689375,4.7030263
/mnt/md1/user_wago/data/LJSpeech-1.1/wavs/LJ014-0072.wav,3.617875,4.5692515
/mnt/md1/user_wago/data/LJSpeech-1.1/wavs/LJ006-0048.wav,9.956875,4.5766916
/mnt/md1/user_wago/data/LJSpeech-1.1/wavs/LJ045-0006.wav,3.8268125,4.68857
/mnt/md1/user_wago/data/LJSpeech-1.1/wavs/LJ010-0213.wav,3.3508125,4.6956134
/mnt/md1/user_wago/data/LJSpeech-1.1/wavs/LJ042-0041.wav,7.25175,4.3662705
/mnt/md1/user_wago/data/LJSpeech-1.1/wavs/LJ011-0050.wav,7.8786875,4.545046
/mnt/md1/user_wago/data/LJSpeech-1.1/wavs/LJ002-0337.wav,9.2486875,4.4682436
/mnt/md1/user_wago/data/LJSpeech-1.1/wavs/LJ009-0215.wav,7.2981875,4.613196
/mnt/md1/user_wago/data/LJSpeech-1.1/wavs/LJ004-0238.wav,7.066,4.4781103
/mnt/md1/user_wago/data/LJSpeech-1.1/wavs/LJ009-0148.wav,4.18675,4.4831157
/mnt/md1/user_wago/data/LJSpeech-1.1/wavs/LJ002-0241.wav,6.288125,4.4275393
/mnt/md1/user_wago/data/LJSpeech-1.1/wavs/LJ043-0126.wav,9.8291875,4.5639043
/mnt/md1/user_wago/data/LJSpeech-1.1/wavs/LJ013-0262.wav,8.6914375,4.689175
/mnt/md1/user_wago/data/LJSpeech-1.1/wavs/LJ002-0267.wav,5.22,4.5480785
/mnt/md1/user_wago/data/LJSpeech-1.1/wavs/LJ006-0125.wav,7.867125,4.4553113
/mnt/md1/user_wago/data/LJSpeech-1.1/wavs/LJ042-0209.wav,5.1155625,4.400752
/mnt/md1/user_wago/data/LJSpeech-1.1/wavs/LJ050-0090.wav,7.25175,4.683626
/mnt/md1/user_wago/data/LJSpeech-1.1/wavs/LJ015-0157.wav,4.8485,4.175336
/mnt/md1/user_wago/data/LJSpeech-1.1/wavs/LJ039-0177.wav,7.681375,4.3177114
/mnt/md1/user_wago/data/LJSpeech-1.1/wavs/LJ004-0193.wav,8.0180625,4.324536
/mnt/md1/user_wago/data/LJSpeech-1.1/wavs/LJ030-0101.wav,3.4205,4.539054
/mnt/md1/user_wago/data/LJSpeech-1.1/wavs/LJ006-0033.wav,7.275,4.5878077
/mnt/md1/user_wago/data/LJSpeech-1.1/wavs/LJ017-0105.wav,1.6093125,4.717198
/mnt/md1/user_wago/data/LJSpeech-1.1/wavs/LJ026-0108.wav,7.2401875,4.7060556
/mnt/md1/user_wago/data/LJSpeech-1.1/wavs/LJ019-0278.wav,7.83225,4.6637416
/mnt/md1/user_wago/data/LJSpeech-1.1/wavs/LJ005-0097.wav,7.77425,4.6742725
/mnt/md1/user_wago/data/LJSpeech-1.1/wavs/LJ019-0160.wav,5.336125,4.5745754
/mnt/md1/user_wago/data/LJSpeech-1.1/wavs/LJ006-0005.wav,4.87175,4.797187
/mnt/md1/user_wago/data/LJSpeech-1.1/wavs/LJ040-0029.wav,4.7208125,4.467806
/mnt/md1/user_wago/data/LJSpeech-1.1/wavs/LJ034-0103.wav,9.2486875,4.6001253
/mnt/md1/user_wago/data/LJSpeech-1.1/wavs/LJ017-0054.wav,6.114,4.623823
/mnt/md1/user_wago/data/LJSpeech-1.1/wavs/LJ010-0291.wav,9.898875,4.5733767
/mnt/md1/user_wago/data/LJSpeech-1.1/wavs/LJ015-0289.wav,6.2533125,4.802682
/mnt/md1/user_wago/data/LJSpeech-1.1/wavs/LJ046-0205.wav,4.8949375,4.6281967
/mnt/md1/user_wago/data/LJSpeech-1.1/wavs/LJ040-0204.wav,9.2255,4.3624306
/mnt/md1/user_wago/data/LJSpeech-1.1/wavs/LJ013-0042.wav,5.51025,4.7424135
/mnt/md1/user_wago/data/LJSpeech-1.1/wavs/LJ046-0175.wav,3.1766875,4.8464775
/mnt/md1/user_wago/data/LJSpeech-1.1/wavs/LJ037-0106.wav,6.2185,4.7553134
/mnt/md1/user_wago/data/LJSpeech-1.1/wavs/LJ007-0015.wav,2.6890625,4.853007
/mnt/md1/user_wago/data/LJSpeech-1.1/wavs/LJ012-0191.wav,5.71925,4.6501975
/mnt/md1/user_wago/data/LJSpeech-1.1/wavs/LJ013-0110.wav,7.2401875,4.7336373
/mnt/md1/user_wago/data/LJSpeech-1.1/wavs/LJ023-0110.wav,4.2448125,4.4379644
/mnt/md1/user_wago/data/LJSpeech-1.1/wavs/LJ045-0025.wav,1.586125,4.8240967
/mnt/md1/user_wago/data/LJSpeech-1.1/wavs/LJ029-0155.wav,2.65425,4.8002195
/mnt/md1/user_wago/data/LJSpeech-1.1/wavs/LJ014-0163.wav,5.3825625,4.4492316
/mnt/md1/user_wago/data/LJSpeech-1.1/wavs/LJ048-0041.wav,7.46075,4.6990023
/mnt/md1/user_wago/data/LJSpeech-1.1/wavs/LJ040-0175.wav,4.7208125,4.3327785
/mnt/md1/user_wago/data/LJSpeech-1.1/wavs/LJ036-0029.wav,5.3129375,4.649062
/mnt/md1/user_wago/data/LJSpeech-1.1/wavs/LJ014-0257.wav,7.6929375,4.6183805
/mnt/md1/user_wago/data/LJSpeech-1.1/wavs/LJ031-0092.wav,2.84,4.5975113
/mnt/md1/user_wago/data/LJSpeech-1.1/wavs/LJ018-0140.wav,2.5265,4.69187
/mnt/md1/user_wago/data/LJSpeech-1.1/wavs/LJ030-0249.wav,8.04125,4.738645
/mnt/md1/user_wago/data/LJSpeech-1.1/wavs/LJ043-0119.wav,4.5930625,4.70501
/mnt/md1/user_wago/data/LJSpeech-1.1/wavs/LJ024-0126.wav,5.7540625,4.199565
/mnt/md1/user_wago/data/LJSpeech-1.1/wavs/LJ042-0199.wav,5.545125,4.53644
/mnt/md1/user_wago/data/LJSpeech-1.1/wavs/LJ012-0193.wav,5.7773125,4.5859556
/mnt/md1/user_wago/data/LJSpeech-1.1/wavs/LJ031-0230.wav,6.6945,4.757724
/mnt/md1/user_wago/data/LJSpeech-1.1/wavs/LJ028-0413.wav,1.8066875,4.4199257
/mnt/md1/user_wago/data/LJSpeech-1.1/wavs/LJ002-0085.wav,9.0745625,4.512024
/mnt/md1/user_wago/data/LJSpeech-1.1/wavs/LJ049-0218.wav,4.3376875,4.7182045
/mnt/md1/user_wago/data/LJSpeech-1.1/wavs/LJ043-0077.wav,5.638,4.7564816
/mnt/md1/user_wago/data/LJSpeech-1.1/wavs/LJ043-0093.wav,3.699125,4.6999197
/mnt/md1/user_wago/data/LJSpeech-1.1/wavs/LJ045-0240.wav,7.449125,4.7292576
/mnt/md1/user_wago/data/LJSpeech-1.1/wavs/LJ011-0070.wav,9.4460625,4.544013
/mnt/md1/user_wago/data/LJSpeech-1.1/wavs/LJ002-0126.wav,8.238625,4.662882
/mnt/md1/user_wago/data/LJSpeech-1.1/wavs/LJ045-0072.wav,3.0721875,4.6458817
/mnt/md1/user_wago/data/LJSpeech-1.1/wavs/LJ017-0016.wav,8.2038125,4.730704
/mnt/md1/user_wago/data/LJSpeech-1.1/wavs/LJ005-0196.wav,6.2185,4.612416
/mnt/md1/user_wago/data/LJSpeech-1.1/wavs/LJ017-0088.wav,3.4436875,4.599171
/mnt/md1/user_wago/data/LJSpeech-1.1/wavs/LJ025-0032.wav,9.20225,4.556773
/mnt/md1/user_wago/data/LJSpeech-1.1/wavs/LJ026-0081.wav,8.1689375,4.5553026
/mnt/md1/user_wago/data/LJSpeech-1.1/wavs/LJ049-0167.wav,4.3725,4.7193956
/mnt/md1/user_wago/data/LJSpeech-1.1/wavs/LJ018-0053.wav,4.7091875,4.672539
/mnt/md1/user_wago/data/LJSpeech-1.1/wavs/LJ009-0191.wav,5.847,4.6739283
/mnt/md1/user_wago/data/LJSpeech-1.1/wavs/LJ046-0225.wav,9.875625,4.4024534
/mnt/md1/user_wago/data/LJSpeech-1.1/wavs/LJ004-0210.wav,5.6960625,4.328583
/mnt/md1/user_wago/data/LJSpeech-1.1/wavs/LJ039-0247.wav,8.4940625,4.5072947
/mnt/md1/user_wago/data/LJSpeech-1.1/wavs/LJ036-0009.wav,6.8570625,4.687919
/mnt/md1/user_wago/data/LJSpeech-1.1/wavs/LJ015-0215.wav,6.1720625,4.7363706
/mnt/md1/user_wago/data/LJSpeech-1.1/wavs/LJ014-0146.wav,6.799,4.4622602
/mnt/md1/user_wago/data/LJSpeech-1.1/wavs/LJ023-0022.wav,3.8616875,4.4044957
/mnt/md1/user_wago/data/LJSpeech-1.1/wavs/LJ001-0046.wav,5.4058125,4.3824534
/mnt/md1/user_wago/data/LJSpeech-1.1/wavs/LJ050-0209.wav,3.432125,4.724623
/mnt/md1/user_wago/data/LJSpeech-1.1/wavs/LJ019-0370.wav,7.925125,4.463624
/mnt/md1/user_wago/data/LJSpeech-1.1/wavs/LJ015-0023.wav,8.5636875,4.6435795
/mnt/md1/user_wago/data/LJSpeech-1.1/wavs/LJ015-0184.wav,3.81525,4.5174427
/mnt/md1/user_wago/data/LJSpeech-1.1/wavs/LJ028-0284.wav,9.67825,4.3768134
/mnt/md1/user_wago/data/LJSpeech-1.1/wavs/LJ004-0201.wav,3.1883125,4.1987214
/mnt/md1/user_wago/data/LJSpeech-1.1/wavs/LJ032-0031.wav,6.1488125,4.696705
/mnt/md1/user_wago/data/LJSpeech-1.1/wavs/LJ011-0118.wav,4.9065625,4.7629266
/mnt/md1/user_wago/data/LJSpeech-1.1/wavs/LJ025-0176.wav,8.645,4.618579
/mnt/md1/user_wago/data/LJSpeech-1.1/wavs/LJ037-0085.wav,7.7858125,4.7321157
/mnt/md1/user_wago/data/LJSpeech-1.1/wavs/LJ047-0060.wav,4.3144375,4.730921
/mnt/md1/user_wago/data/LJSpeech-1.1/wavs/LJ042-0156.wav,7.3098125,4.513302
/mnt/md1/user_wago/data/LJSpeech-1.1/wavs/LJ023-0125.wav,8.2038125,4.5095334
/mnt/md1/user_wago/data/LJSpeech-1.1/wavs/LJ015-0001.wav,8.714625,4.4011297
/mnt/md1/user_wago/data/LJSpeech-1.1/wavs/LJ007-0002.wav,4.3376875,4.6678443
/mnt/md1/user_wago/data/LJSpeech-1.1/wavs/LJ009-0159.wav,8.7494375,4.488468
/mnt/md1/user_wago/data/LJSpeech-1.1/wavs/LJ003-0086.wav,4.070625,4.6684237
/mnt/md1/user_wago/data/LJSpeech-1.1/wavs/LJ029-0049.wav,9.121,4.7374487
/mnt/md1/user_wago/data/LJSpeech-1.1/wavs/LJ035-0050.wav,5.1155625,4.3347306
/mnt/md1/user_wago/data/LJSpeech-1.1/wavs/LJ037-0031.wav,8.0064375,4.69521
/mnt/md1/user_wago/data/LJSpeech-1.1/wavs/LJ010-0018.wav,5.34775,4.6597795
/mnt/md1/user_wago/data/LJSpeech-1.1/wavs/LJ032-0199.wav,5.82375,4.7471576
/mnt/md1/user_wago/data/LJSpeech-1.1/wavs/LJ010-0307.wav,8.5869375,4.6875973
/mnt/md1/user_wago/data/LJSpeech-1.1/wavs/LJ007-0163.wav,6.9150625,4.5961237
/mnt/md1/user_wago/data/LJSpeech-1.1/wavs/LJ048-0100.wav,3.908125,4.7781024
/mnt/md1/user_wago/data/LJSpeech-1.1/wavs/LJ046-0126.wav,5.9630625,4.6589384
/mnt/md1/user_wago/data/LJSpeech-1.1/wavs/LJ019-0325.wav,3.7571875,4.405836
/mnt/md1/user_wago/data/LJSpeech-1.1/wavs/LJ013-0003.wav,4.1403125,4.7136116
/mnt/md1/user_wago/data/LJSpeech-1.1/wavs/LJ007-0046.wav,8.552125,4.606236
/mnt/md1/user_wago/data/LJSpeech-1.1/wavs/LJ036-0066.wav,6.520375,4.678148
/mnt/md1/user_wago/data/LJSpeech-1.1/wavs/LJ007-0209.wav,6.09075,4.46421
/mnt/md1/user_wago/data/LJSpeech-1.1/wavs/LJ026-0149.wav,9.4925,4.3418064
/mnt/md1/user_wago/data/LJSpeech-1.1/wavs/LJ010-0068.wav,8.3083125,4.508609
/mnt/md1/user_wago/data/LJSpeech-1.1/wavs/LJ040-0183.wav,7.484,4.442494
/mnt/md1/user_wago/data/LJSpeech-1.1/wavs/LJ009-0224.wav,6.3345625,4.67671
/mnt/md1/user_wago/data/LJSpeech-1.1/wavs/LJ018-0215.wav,9.9453125,4.6035266
/mnt/md1/user_wago/data/LJSpeech-1.1/wavs/LJ017-0191.wav,7.6929375,4.5460467
/mnt/md1/user_wago/data/LJSpeech-1.1/wavs/LJ009-0187.wav,7.925125,4.495347
/mnt/md1/user_wago/data/LJSpeech-1.1/wavs/LJ003-0325.wav,8.238625,4.630284
/mnt/md1/user_wago/data/LJSpeech-1.1/wavs/LJ015-0262.wav,5.6844375,4.519554
/mnt/md1/user_wago/data/LJSpeech-1.1/wavs/LJ015-0086.wav,2.7355,4.524867
/mnt/md1/user_wago/data/LJSpeech-1.1/wavs/LJ036-0154.wav,9.0629375,4.7550354
/mnt/md1/user_wago/data/LJSpeech-1.1/wavs/LJ004-0249.wav,5.8701875,4.6322737
/mnt/md1/user_wago/data/LJSpeech-1.1/wavs/LJ017-0258.wav,2.6658125,4.5959253
/mnt/md1/user_wago/data/LJSpeech-1.1/wavs/LJ014-0167.wav,6.9266875,4.7317348
/mnt/md1/user_wago/data/LJSpeech-1.1/wavs/LJ043-0105.wav,7.6233125,4.7103066
/mnt/md1/user_wago/data/LJSpeech-1.1/wavs/LJ050-0012.wav,6.8454375,4.5391
/mnt/md1/user_wago/data/LJSpeech-1.1/wavs/LJ005-0193.wav,4.9994375,4.532606
/mnt/md1/user_wago/data/LJSpeech-1.1/wavs/LJ028-0359.wav,6.2416875,4.3459506
/mnt/md1/user_wago/data/LJSpeech-1.1/wavs/LJ049-0042.wav,6.9499375,4.714482
/mnt/md1/user_wago/data/LJSpeech-1.1/wavs/LJ018-0235.wav,9.8291875,4.4919715
/mnt/md1/user_wago/data/LJSpeech-1.1/wavs/LJ010-0312.wav,7.66975,4.666091
/mnt/md1/user_wago/data/LJSpeech-1.1/wavs/LJ025-0009.wav,8.552125,4.605359
/mnt/md1/user_wago/data/LJSpeech-1.1/wavs/LJ038-0002.wav,9.5621875,4.6195354
/mnt/md1/user_wago/data/LJSpeech-1.1/wavs/LJ028-0271.wav,8.645,4.4578357
/mnt/md1/user_wago/data/LJSpeech-1.1/wavs/LJ002-0221.wav,9.213875,4.565893
/mnt/md1/user_wago/data/LJSpeech-1.1/wavs/LJ039-0173.wav,5.2084375,4.201494
/mnt/md1/user_wago/data/LJSpeech-1.1/wavs/LJ048-0028.wav,7.96,4.570959
/mnt/md1/user_wago/data/LJSpeech-1.1/wavs/LJ014-0292.wav,7.2401875,4.534393
/mnt/md1/user_wago/data/LJSpeech-1.1/wavs/LJ015-0190.wav,6.3461875,4.4946194
/mnt/md1/user_wago/data/LJSpeech-1.1/wavs/LJ026-0073.wav,7.8555,4.394148
/mnt/md1/user_wago/data/LJSpeech-1.1/wavs/LJ043-0056.wav,3.39725,4.7399626
/mnt/md1/user_wago/data/LJSpeech-1.1/wavs/LJ015-0028.wav,8.227,4.48168
/mnt/md1/user_wago/data/LJSpeech-1.1/wavs/LJ016-0382.wav,7.286625,4.739708
/mnt/md1/user_wago/data/LJSpeech-1.1/wavs/LJ018-0143.wav,8.610125,4.668909
/mnt/md1/user_wago/data/LJSpeech-1.1/wavs/LJ030-0049.wav,8.41275,4.5118823
/mnt/md1/user_wago/data/LJSpeech-1.1/wavs/LJ009-0258.wav,5.4058125,4.6183686
/mnt/md1/user_wago/data/LJSpeech-1.1/wavs/LJ045-0069.wav,8.1109375,4.6176124
/mnt/md1/user_wago/data/LJSpeech-1.1/wavs/LJ011-0246.wav,6.2416875,4.501108
/mnt/md1/user_wago/data/LJSpeech-1.1/wavs/LJ028-0218.wav,8.35475,4.1825747
/mnt/md1/user_wago/data/LJSpeech-1.1/wavs/LJ006-0237.wav,7.484,4.4489737
/mnt/md1/user_wago/data/LJSpeech-1.1/wavs/LJ002-0105.wav,6.114,4.5835867
/mnt/md1/user_wago/data/LJSpeech-1.1/wavs/LJ031-0213.wav,6.9266875,4.717638
/mnt/md1/user_wago/data/LJSpeech-1.1/wavs/LJ044-0145.wav,8.343125,4.60772
/mnt/md1/user_wago/data/LJSpeech-1.1/wavs/LJ038-0107.wav,9.4344375,4.593097
/mnt/md1/user_wago/data/LJSpeech-1.1/wavs/LJ012-0003.wav,8.62175,4.5889554
/mnt/md1/user_wago/data/LJSpeech-1.1/wavs/LJ026-0105.wav,4.45375,4.345137
/mnt/md1/user_wago/data/LJSpeech-1.1/wavs/LJ013-0065.wav,7.2285625,4.562442
/mnt/md1/user_wago/data/LJSpeech-1.1/wavs/LJ006-0233.wav,7.6929375,4.725043
/mnt/md1/user_wago/data/LJSpeech-1.1/wavs/LJ002-0282.wav,4.5930625,4.4641104
/mnt/md1/user_wago/data/LJSpeech-1.1/wavs/LJ007-0236.wav,3.50175,4.640589
/mnt/md1/user_wago/data/LJSpeech-1.1/wavs/LJ005-0295.wav,7.971625,4.603354
/mnt/md1/user_wago/data/LJSpeech-1.1/wavs/LJ002-0044.wav,2.54975,4.482749
/mnt/md1/user_wago/data/LJSpeech-1.1/wavs/LJ014-0264.wav,6.09075,4.533225
/mnt/md1/user_wago/data/LJSpeech-1.1/wavs/LJ043-0177.wav,9.7246875,4.765437
/mnt/md1/user_wago/data/LJSpeech-1.1/wavs/LJ006-0034.wav,5.905,4.587698
/mnt/md1/user_wago/data/LJSpeech-1.1/wavs/LJ011-0206.wav,6.50875,4.203351
/mnt/md1/user_wago/data/LJSpeech-1.1/wavs/LJ049-0139.wav,4.7091875,4.547341
/mnt/md1/user_wago/data/LJSpeech-1.1/wavs/LJ005-0299.wav,9.875625,4.456554
/mnt/md1/user_wago/data/LJSpeech-1.1/wavs/LJ049-0086.wav,8.0064375,4.533533
/mnt/md1/user_wago/data/LJSpeech-1.1/wavs/LJ020-0059.wav,6.9035,4.585723
/mnt/md1/user_wago/data/LJSpeech-1.1/wavs/LJ009-0049.wav,2.456875,4.74417
/mnt/md1/user_wago/data/LJSpeech-1.1/wavs/LJ030-0056.wav,5.150375,4.732273
/mnt/md1/user_wago/data/LJSpeech-1.1/wavs/LJ037-0097.wav,2.84,4.901968
/mnt/md1/user_wago/data/LJSpeech-1.1/wavs/LJ050-0157.wav,2.44525,4.7455177
/mnt/md1/user_wago/data/LJSpeech-1.1/wavs/LJ033-0123.wav,9.7246875,4.627391
/mnt/md1/user_wago/data/LJSpeech-1.1/wavs/LJ021-0203.wav,7.8090625,4.5428023
/mnt/md1/user_wago/data/LJSpeech-1.1/wavs/LJ009-0195.wav,6.3345625,4.726038
/mnt/md1/user_wago/data/LJSpeech-1.1/wavs/LJ022-0135.wav,6.61325,4.487035
/mnt/md1/user_wago/data/LJSpeech-1.1/wavs/LJ046-0061.wav,6.0791875,4.650455
/mnt/md1/user_wago/data/LJSpeech-1.1/wavs/LJ001-0090.wav,3.2695625,4.4655385
/mnt/md1/user_wago/data/LJSpeech-1.1/wavs/LJ022-0137.wav,5.6031875,4.753645
/mnt/md1/user_wago/data/LJSpeech-1.1/wavs/LJ014-0174.wav,5.5915625,4.649477
/mnt/md1/user_wago/data/LJSpeech-1.1/wavs/LJ020-0054.wav,8.645,4.559533
/mnt/md1/user_wago/data/LJSpeech-1.1/wavs/LJ049-0113.wav,8.5985625,4.527331
/mnt/md1/user_wago/data/LJSpeech-1.1/wavs/LJ024-0107.wav,7.9135625,4.3147597
/mnt/md1/user_wago/data/LJSpeech-1.1/wavs/LJ041-0169.wav,7.971625,4.124535
/mnt/md1/user_wago/data/LJSpeech-1.1/wavs/LJ028-0041.wav,7.0544375,4.6108904
/mnt/md1/user_wago/data/LJSpeech-1.1/wavs/LJ040-0087.wav,9.004875,4.448226
/mnt/md1/user_wago/data/LJSpeech-1.1/wavs/LJ016-0175.wav,8.737875,4.734094
/mnt/md1/user_wago/data/LJSpeech-1.1/wavs/LJ028-0084.wav,5.13875,4.582023
/mnt/md1/user_wago/data/LJSpeech-1.1/wavs/LJ005-0223.wav,9.2719375,4.4873075
/mnt/md1/user_wago/data/LJSpeech-1.1/wavs/LJ029-0163.wav,7.263375,4.567897
/mnt/md1/user_wago/data/LJSpeech-1.1/wavs/LJ013-0166.wav,7.93675,4.6015687
/mnt/md1/user_wago/data/LJSpeech-1.1/wavs/LJ009-0001.wav,7.1124375,4.526036
/mnt/md1/user_wago/data/LJSpeech-1.1/wavs/LJ017-0260.wav,2.805125,4.3364825
/mnt/md1/user_wago/data/LJSpeech-1.1/wavs/LJ029-0043.wav,9.376375,4.680641
/mnt/md1/user_wago/data/LJSpeech-1.1/wavs/LJ016-0176.wav,4.569875,4.7900167
/mnt/md1/user_wago/data/LJSpeech-1.1/wavs/LJ049-0150.wav,8.261875,4.6854467
/mnt/md1/user_wago/data/LJSpeech-1.1/wavs/LJ022-0115.wav,8.3895625,4.5285673
/mnt/md1/user_wago/data/LJSpeech-1.1/wavs/LJ047-0053.wav,8.0180625,4.6589704
/mnt/md1/user_wago/data/LJSpeech-1.1/wavs/LJ013-0235.wav,4.6046875,4.6542377
/mnt/md1/user_wago/data/LJSpeech-1.1/wavs/LJ018-0379.wav,5.1039375,4.4593725
/mnt/md1/user_wago/data/LJSpeech-1.1/wavs/LJ049-0096.wav,7.9135625,4.579777
/mnt/md1/user_wago/data/LJSpeech-1.1/wavs/LJ016-0161.wav,5.71925,4.725794
/mnt/md1/user_wago/data/LJSpeech-1.1/wavs/LJ047-0105.wav,1.5164375,4.701081
/mnt/md1/user_wago/data/LJSpeech-1.1/wavs/LJ001-0181.wav,4.6163125,4.6601543
/mnt/md1/user_wago/data/LJSpeech-1.1/wavs/LJ016-0396.wav,7.484,4.684244
/mnt/md1/user_wago/data/LJSpeech-1.1/wavs/LJ029-0124.wav,8.737875,4.713781
/mnt/md1/user_wago/data/LJSpeech-1.1/wavs/LJ047-0180.wav,9.5273125,4.467786
/mnt/md1/user_wago/data/LJSpeech-1.1/wavs/LJ011-0143.wav,8.703,4.543443
/mnt/md1/user_wago/data/LJSpeech-1.1/wavs/LJ004-0149.wav,6.4739375,4.5858564
/mnt/md1/user_wago/data/LJSpeech-1.1/wavs/LJ011-0268.wav,7.2401875,4.4893627
/mnt/md1/user_wago/data/LJSpeech-1.1/wavs/LJ028-0327.wav,6.7176875,4.4863954
/mnt/md1/user_wago/data/LJSpeech-1.1/wavs/LJ009-0040.wav,5.6960625,4.709939
/mnt/md1/user_wago/data/LJSpeech-1.1/wavs/LJ048-0106.wav,8.7843125,4.7213473
/mnt/md1/user_wago/data/LJSpeech-1.1/wavs/LJ038-0068.wav,4.2448125,4.6030717
/mnt/md1/user_wago/data/LJSpeech-1.1/wavs/LJ018-0201.wav,4.5118125,4.7067184
/mnt/md1/user_wago/data/LJSpeech-1.1/wavs/LJ028-0222.wav,3.0489375,4.605349
/mnt/md1/user_wago/data/LJSpeech-1.1/wavs/LJ002-0189.wav,8.2966875,4.5209956
/mnt/md1/user_wago/data/LJSpeech-1.1/wavs/LJ043-0174.wav,9.399625,4.5798798
/mnt/md1/user_wago/data/LJSpeech-1.1/wavs/LJ021-0156.wav,8.3083125,4.2340302
/mnt/md1/user_wago/data/LJSpeech-1.1/wavs/LJ042-0177.wav,7.77425,4.5477962
/mnt/md1/user_wago/data/LJSpeech-1.1/wavs/LJ026-0010.wav,9.4228125,4.3848944
/mnt/md1/user_wago/data/LJSpeech-1.1/wavs/LJ044-0056.wav,6.2533125,4.657999
/mnt/md1/user_wago/data/LJSpeech-1.1/wavs/LJ016-0329.wav,9.3531875,4.6649494
/mnt/md1/user_wago/data/LJSpeech-1.1/wavs/LJ010-0220.wav,7.1356875,4.663597
/mnt/md1/user_wago/data/LJSpeech-1.1/wavs/LJ004-0154.wav,5.0806875,4.659631
/mnt/md1/user_wago/data/LJSpeech-1.1/wavs/LJ041-0104.wav,5.429,4.639185
/mnt/md1/user_wago/data/LJSpeech-1.1/wavs/LJ010-0125.wav,9.0629375,4.6943064
/mnt/md1/user_wago/data/LJSpeech-1.1/wavs/LJ006-0161.wav,6.19525,4.668452
/mnt/md1/user_wago/data/LJSpeech-1.1/wavs/LJ028-0239.wav,8.819125,4.5138564
/mnt/md1/user_wago/data/LJSpeech-1.1/wavs/LJ014-0047.wav,5.2780625,4.7034283
/mnt/md1/user_wago/data/LJSpeech-1.1/wavs/LJ017-0053.wav,5.1155625,4.7105823
/mnt/md1/user_wago/data/LJSpeech-1.1/wavs/LJ020-0027.wav,3.513375,4.5691247
/mnt/md1/user_wago/data/LJSpeech-1.1/wavs/LJ003-0052.wav,9.0629375,4.523652
/mnt/md1/user_wago/data/LJSpeech-1.1/wavs/LJ002-0307.wav,7.182125,4.409444
/mnt/md1/user_wago/data/LJSpeech-1.1/wavs/LJ002-0294.wav,7.971625,4.53039
/mnt/md1/user_wago/data/LJSpeech-1.1/wavs/LJ026-0127.wav,4.686,4.6306133
/mnt/md1/user_wago/data/LJSpeech-1.1/wavs/LJ043-0155.wav,3.7339375,4.7012453
/mnt/md1/user_wago/data/LJSpeech-1.1/wavs/LJ008-0195.wav,5.4754375,4.520948
/mnt/md1/user_wago/data/LJSpeech-1.1/wavs/LJ019-0334.wav,4.29125,4.59268
/mnt/md1/user_wago/data/LJSpeech-1.1/wavs/LJ041-0003.wav,3.1534375,4.780813
/mnt/md1/user_wago/data/LJSpeech-1.1/wavs/LJ040-0220.wav,4.778875,4.6077003
/mnt/md1/user_wago/data/LJSpeech-1.1/wavs/LJ047-0037.wav,7.2981875,4.5689335
/mnt/md1/user_wago/data/LJSpeech-1.1/wavs/LJ039-0010.wav,7.19375,4.4286785
/mnt/md1/user_wago/data/LJSpeech-1.1/wavs/LJ016-0064.wav,5.254875,4.690878
/mnt/md1/user_wago/data/LJSpeech-1.1/wavs/LJ046-0173.wav,7.6349375,4.5043383
/mnt/md1/user_wago/data/LJSpeech-1.1/wavs/LJ026-0148.wav,5.61475,4.4533997
/mnt/md1/user_wago/data/LJSpeech-1.1/wavs/LJ050-0202.wav,6.9383125,4.6726384
/mnt/md1/user_wago/data/LJSpeech-1.1/wavs/LJ018-0213.wav,6.288125,4.6368656
/mnt/md1/user_wago/data/LJSpeech-1.1/wavs/LJ037-0121.wav,6.4390625,4.771268
/mnt/md1/user_wago/data/LJSpeech-1.1/wavs/LJ046-0082.wav,6.2649375,4.7845907
/mnt/md1/user_wago/data/LJSpeech-1.1/wavs/LJ050-0194.wav,6.2533125,4.697564
/mnt/md1/user_wago/data/LJSpeech-1.1/wavs/LJ018-0204.wav,8.2850625,4.4340677
/mnt/md1/user_wago/data/LJSpeech-1.1/wavs/LJ018-0199.wav,9.898875,4.502922
/mnt/md1/user_wago/data/LJSpeech-1.1/wavs/LJ030-0236.wav,7.7161875,4.7506146
/mnt/md1/user_wago/data/LJSpeech-1.1/wavs/LJ035-0030.wav,6.1488125,4.4645443
/mnt/md1/user_wago/data/LJSpeech-1.1/wavs/LJ030-0152.wav,1.6093125,4.4931383
/mnt/md1/user_wago/data/LJSpeech-1.1/wavs/LJ031-0221.wav,6.3578125,4.7715907
/mnt/md1/user_wago/data/LJSpeech-1.1/wavs/LJ028-0227.wav,8.7610625,4.576814
/mnt/md1/user_wago/data/LJSpeech-1.1/wavs/LJ019-0172.wav,9.6318125,4.648225
/mnt/md1/user_wago/data/LJSpeech-1.1/wavs/LJ016-0392.wav,7.275,4.527596
/mnt/md1/user_wago/data/LJSpeech-1.1/wavs/LJ029-0170.wav,1.5745,4.72268
/mnt/md1/user_wago/data/LJSpeech-1.1/wavs/LJ048-0282.wav,5.0923125,4.7794065
/mnt/md1/user_wago/data/LJSpeech-1.1/wavs/LJ032-0128.wav,4.070625,4.788742
/mnt/md1/user_wago/data/LJSpeech-1.1/wavs/LJ016-0088.wav,3.23475,4.633802
/mnt/md1/user_wago/data/LJSpeech-1.1/wavs/LJ002-0248.wav,5.8818125,4.4310994
/mnt/md1/user_wago/data/LJSpeech-1.1/wavs/LJ047-0157.wav,2.2826875,4.385069
/mnt/md1/user_wago/data/LJSpeech-1.1/wavs/LJ030-0069.wav,5.649625,4.68371
/mnt/md1/user_wago/data/LJSpeech-1.1/wavs/LJ045-0019.wav,6.1488125,4.358835
/mnt/md1/user_wago/data/LJSpeech-1.1/wavs/LJ041-0027.wav,9.956875,4.6191397
/mnt/md1/user_wago/data/LJSpeech-1.1/wavs/LJ031-0193.wav,7.077625,4.702841
/mnt/md1/user_wago/data/LJSpeech-1.1/wavs/LJ031-0047.wav,8.157375,4.3608975
/mnt/md1/user_wago/data/LJSpeech-1.1/wavs/LJ040-0219.wav,7.19375,4.608723
/mnt/md1/user_wago/data/LJSpeech-1.1/wavs/LJ032-0139.wav,5.82375,4.6775146
/mnt/md1/user_wago/data/LJSpeech-1.1/wavs/LJ009-0061.wav,10.0149375,4.554758
/mnt/md1/user_wago/data/LJSpeech-1.1/wavs/LJ046-0110.wav,7.66975,4.704588
/mnt/md1/user_wago/data/LJSpeech-1.1/wavs/LJ002-0149.wav,7.9135625,4.345361
/mnt/md1/user_wago/data/LJSpeech-1.1/wavs/LJ050-0005.wav,4.29125,4.6704364
/mnt/md1/user_wago/data/LJSpeech-1.1/wavs/LJ043-0088.wav,5.6960625,4.7736793
/mnt/md1/user_wago/data/LJSpeech-1.1/wavs/LJ040-0223.wav,7.5188125,4.312127
/mnt/md1/user_wago/data/LJSpeech-1.1/wavs/LJ003-0067.wav,2.433625,4.2142105
/mnt/md1/user_wago/data/LJSpeech-1.1/wavs/LJ016-0021.wav,7.9135625,4.69267
/mnt/md1/user_wago/data/LJSpeech-1.1/wavs/LJ033-0096.wav,9.2719375,4.512328
/mnt/md1/user_wago/data/LJSpeech-1.1/wavs/LJ006-0289.wav,7.1473125,4.4187574
/mnt/md1/user_wago/data/LJSpeech-1.1/wavs/LJ022-0042.wav,5.0575,4.7330055
/mnt/md1/user_wago/data/LJSpeech-1.1/wavs/LJ004-0117.wav,3.617875,3.9949217
/mnt/md1/user_wago/data/LJSpeech-1.1/wavs/LJ005-0213.wav,4.2215625,4.6210876
/mnt/md1/user_wago/data/LJSpeech-1.1/wavs/LJ009-0129.wav,9.4576875,4.2386203
/mnt/md1/user_wago/data/LJSpeech-1.1/wavs/LJ022-0174.wav,9.086125,4.356051
/mnt/md1/user_wago/data/LJSpeech-1.1/wavs/LJ038-0228.wav,3.9196875,4.6707063
/mnt/md1/user_wago/data/LJSpeech-1.1/wavs/LJ027-0121.wav,7.1124375,4.536184
/mnt/md1/user_wago/data/LJSpeech-1.1/wavs/LJ021-0082.wav,10.0265625,4.2959723
/mnt/md1/user_wago/data/LJSpeech-1.1/wavs/LJ029-0037.wav,7.1705,4.6803894
/mnt/md1/user_wago/data/LJSpeech-1.1/wavs/LJ013-0019.wav,8.6565625,4.6570463
/mnt/md1/user_wago/data/LJSpeech-1.1/wavs/LJ025-0087.wav,6.3578125,4.720557
/mnt/md1/user_wago/data/LJSpeech-1.1/wavs/LJ048-0193.wav,6.7293125,4.61747
/mnt/md1/user_wago/data/LJSpeech-1.1/wavs/LJ015-0049.wav,5.1039375,4.6287494
/mnt/md1/user_wago/data/LJSpeech-1.1/wavs/LJ016-0233.wav,1.377125,3.9927716
/mnt/md1/user_wago/data/LJSpeech-1.1/wavs/LJ038-0242.wav,8.923625,4.7149134
/mnt/md1/user_wago/data/LJSpeech-1.1/wavs/LJ005-0231.wav,3.199875,4.193816
/mnt/md1/user_wago/data/LJSpeech-1.1/wavs/LJ042-0110.wav,6.601625,4.447112
/mnt/md1/user_wago/data/LJSpeech-1.1/wavs/LJ041-0015.wav,7.3446875,4.390192
/mnt/md1/user_wago/data/LJSpeech-1.1/wavs/LJ039-0242.wav,5.440625,4.4560776
/mnt/md1/user_wago/data/LJSpeech-1.1/wavs/LJ046-0243.wav,7.3098125,4.664334
/mnt/md1/user_wago/data/LJSpeech-1.1/wavs/LJ007-0051.wav,8.9468125,4.7704606
/mnt/md1/user_wago/data/LJSpeech-1.1/wavs/LJ010-0014.wav,6.601625,4.63268
/mnt/md1/user_wago/data/LJSpeech-1.1/wavs/LJ017-0187.wav,7.1124375,4.654555
/mnt/md1/user_wago/data/LJSpeech-1.1/wavs/LJ033-0109.wav,6.8570625,4.7783995
/mnt/md1/user_wago/data/LJSpeech-1.1/wavs/LJ034-0213.wav,5.8701875,4.654404
/mnt/md1/user_wago/data/LJSpeech-1.1/wavs/LJ021-0209.wav,9.3299375,4.232256
/mnt/md1/user_wago/data/LJSpeech-1.1/wavs/LJ043-0009.wav,10.0149375,4.502265
/mnt/md1/user_wago/data/LJSpeech-1.1/wavs/LJ025-0063.wav,4.18675,4.553528
/mnt/md1/user_wago/data/LJSpeech-1.1/wavs/LJ016-0421.wav,9.7595625,4.489033
/mnt/md1/user_wago/data/LJSpeech-1.1/wavs/LJ036-0125.wav,7.263375,4.750047
/mnt/md1/user_wago/data/LJSpeech-1.1/wavs/LJ026-0074.wav,8.5405,4.5717773
/mnt/md1/user_wago/data/LJSpeech-1.1/wavs/LJ006-0099.wav,7.08925,4.5362315
/mnt/md1/user_wago/data/LJSpeech-1.1/wavs/LJ008-0167.wav,2.5729375,4.5556483
/mnt/md1/user_wago/data/LJSpeech-1.1/wavs/LJ050-0258.wav,6.206875,4.655421
/mnt/md1/user_wago/data/LJSpeech-1.1/wavs/LJ025-0146.wav,9.504125,4.6743927
/mnt/md1/user_wago/data/LJSpeech-1.1/wavs/LJ036-0002.wav,3.3624375,4.523749
/mnt/md1/user_wago/data/LJSpeech-1.1/wavs/LJ002-0259.wav,9.0513125,4.550573
/mnt/md1/user_wago/data/LJSpeech-1.1/wavs/LJ019-0373.wav,10.0033125,4.4618025
/mnt/md1/user_wago/data/LJSpeech-1.1/wavs/LJ014-0106.wav,8.72625,4.6157866
/mnt/md1/user_wago/data/LJSpeech-1.1/wavs/LJ033-0049.wav,4.279625,4.752782
/mnt/md1/user_wago/data/LJSpeech-1.1/wavs/LJ015-0171.wav,7.925125,4.35871
/mnt/md1/user_wago/data/LJSpeech-1.1/wavs/LJ044-0071.wav,5.7773125,4.5028596
/mnt/md1/user_wago/data/LJSpeech-1.1/wavs/LJ017-0245.wav,4.3260625,4.739439
/mnt/md1/user_wago/data/LJSpeech-1.1/wavs/LJ035-0188.wav,4.87175,4.5580873
/mnt/md1/user_wago/data/LJSpeech-1.1/wavs/LJ049-0107.wav,2.9909375,4.1567583
/mnt/md1/user_wago/data/LJSpeech-1.1/wavs/LJ050-0102.wav,6.0095,4.574123
/mnt/md1/user_wago/data/LJSpeech-1.1/wavs/LJ046-0016.wav,5.3825625,4.719522
/mnt/md1/user_wago/data/LJSpeech-1.1/wavs/LJ037-0136.wav,8.2734375,4.687802
/mnt/md1/user_wago/data/LJSpeech-1.1/wavs/LJ047-0128.wav,5.9514375,4.677594
/mnt/md1/user_wago/data/LJSpeech-1.1/wavs/LJ041-0070.wav,8.0645,4.6446023
/mnt/md1/user_wago/data/LJSpeech-1.1/wavs/LJ036-0165.wav,6.288125,4.762987
/mnt/md1/user_wago/data/LJSpeech-1.1/wavs/LJ030-0122.wav,2.2130625,4.7568226
/mnt/md1/user_wago/data/LJSpeech-1.1/wavs/LJ028-0494.wav,6.13725,4.6758986
/mnt/md1/user_wago/data/LJSpeech-1.1/wavs/LJ033-0112.wav,2.4916875,4.7119827
/mnt/md1/user_wago/data/LJSpeech-1.1/wavs/LJ001-0049.wav,7.7161875,4.5476403
/mnt/md1/user_wago/data/LJSpeech-1.1/wavs/LJ037-0113.wav,1.49325,4.6351814
/mnt/md1/user_wago/data/LJSpeech-1.1/wavs/LJ036-0210.wav,6.520375,4.6589527
/mnt/md1/user_wago/data/LJSpeech-1.1/wavs/LJ013-0109.wav,3.7571875,4.7714014
/mnt/md1/user_wago/data/LJSpeech-1.1/wavs/LJ008-0301.wav,9.51575,4.576788
/mnt/md1/user_wago/data/LJSpeech-1.1/wavs/LJ038-0274.wav,8.9700625,4.4684014
/mnt/md1/user_wago/data/LJSpeech-1.1/wavs/LJ005-0083.wav,7.4259375,4.667443
/mnt/md1/user_wago/data/LJSpeech-1.1/wavs/LJ003-0115.wav,5.638,4.6823463
/mnt/md1/user_wago/data/LJSpeech-1.1/wavs/LJ027-0044.wav,5.61475,4.5276737
/mnt/md1/user_wago/data/LJSpeech-1.1/wavs/LJ050-0072.wav,6.09075,4.7186804
/mnt/md1/user_wago/data/LJSpeech-1.1/wavs/LJ038-0094.wav,6.1604375,4.6616135
/mnt/md1/user_wago/data/LJSpeech-1.1/wavs/LJ040-0016.wav,7.843875,4.496042
/mnt/md1/user_wago/data/LJSpeech-1.1/wavs/LJ037-0149.wav,7.275,4.682097
/mnt/md1/user_wago/data/LJSpeech-1.1/wavs/LJ046-0202.wav,6.2185,4.669365
/mnt/md1/user_wago/data/LJSpeech-1.1/wavs/LJ032-0101.wav,9.3299375,4.624921
/mnt/md1/user_wago/data/LJSpeech-1.1/wavs/LJ032-0062.wav,9.0396875,4.5413632
/mnt/md1/user_wago/data/LJSpeech-1.1/wavs/LJ004-0051.wav,8.0064375,4.438824
/mnt/md1/user_wago/data/LJSpeech-1.1/wavs/LJ017-0261.wav,5.440625,4.7266955
/mnt/md1/user_wago/data/LJSpeech-1.1/wavs/LJ012-0005.wav,8.3663125,4.691321
/mnt/md1/user_wago/data/LJSpeech-1.1/wavs/LJ042-0035.wav,8.447625,4.616567
/mnt/md1/user_wago/data/LJSpeech-1.1/wavs/LJ006-0195.wav,9.2835,4.526918
/mnt/md1/user_wago/data/LJSpeech-1.1/wavs/LJ021-0152.wav,8.4708125,4.412101
/mnt/md1/user_wago/data/LJSpeech-1.1/wavs/LJ031-0007.wav,6.601625,4.7078943
/mnt/md1/user_wago/data/LJSpeech-1.1/wavs/LJ043-0039.wav,8.0180625,4.7119746
/mnt/md1/user_wago/data/LJSpeech-1.1/wavs/LJ006-0084.wav,7.08925,4.660895
/mnt/md1/user_wago/data/LJSpeech-1.1/wavs/LJ014-0307.wav,7.867125,4.681035
/mnt/md1/user_wago/data/LJSpeech-1.1/wavs/LJ013-0204.wav,8.04125,4.52802
/mnt/md1/user_wago/data/LJSpeech-1.1/wavs/LJ037-0044.wav,6.2649375,4.763698
/mnt/md1/user_wago/data/LJSpeech-1.1/wavs/LJ028-0428.wav,4.175125,4.6595135
/mnt/md1/user_wago/data/LJSpeech-1.1/wavs/LJ007-0238.wav,7.553625,4.6705327
/mnt/md1/user_wago/data/LJSpeech-1.1/wavs/LJ037-0205.wav,9.57375,4.653581
/mnt/md1/user_wago/data/LJSpeech-1.1/wavs/LJ022-0155.wav,5.0226875,4.6306934
/mnt/md1/user_wago/data/LJSpeech-1.1/wavs/LJ016-0362.wav,4.39575,4.570678
/mnt/md1/user_wago/data/LJSpeech-1.1/wavs/LJ002-0199.wav,8.436,4.5330615
/mnt/md1/user_wago/data/LJSpeech-1.1/wavs/LJ036-0013.wav,6.6596875,4.7224317
/mnt/md1/user_wago/data/LJSpeech-1.1/wavs/LJ032-0002.wav,3.316,4.485429
/mnt/md1/user_wago/data/LJSpeech-1.1/wavs/LJ029-0150.wav,6.706125,4.654397
/mnt/md1/user_wago/data/LJSpeech-1.1/wavs/LJ036-0071.wav,9.956875,4.5771575
/mnt/md1/user_wago/data/LJSpeech-1.1/wavs/LJ041-0193.wav,6.3694375,4.382033
/mnt/md1/user_wago/data/LJSpeech-1.1/wavs/LJ002-0306.wav,6.13725,4.3233414
/mnt/md1/user_wago/data/LJSpeech-1.1/wavs/LJ048-0272.wav,1.957625,4.7505264
/mnt/md1/user_wago/data/LJSpeech-1.1/wavs/LJ040-0172.wav,5.82375,4.283516
/mnt/md1/user_wago/data/LJSpeech-1.1/wavs/LJ036-0042.wav,7.286625,4.677483
/mnt/md1/user_wago/data/LJSpeech-1.1/wavs/LJ001-0140.wav,6.2185,4.311615
/mnt/md1/user_wago/data/LJSpeech-1.1/wavs/LJ016-0186.wav,5.9746875,4.5424614
/mnt/md1/user_wago/data/LJSpeech-1.1/wavs/LJ046-0050.wav,2.038875,4.475055
/mnt/md1/user_wago/data/LJSpeech-1.1/wavs/LJ011-0122.wav,7.542,4.7306056
/mnt/md1/user_wago/data/LJSpeech-1.1/wavs/LJ048-0085.wav,8.0064375,4.74131
/mnt/md1/user_wago/data/LJSpeech-1.1/wavs/LJ012-0266.wav,7.3446875,4.3740697
/mnt/md1/user_wago/data/LJSpeech-1.1/wavs/LJ019-0090.wav,5.2780625,4.5895824
/mnt/md1/user_wago/data/LJSpeech-1.1/wavs/LJ024-0094.wav,9.3415625,4.290443
/mnt/md1/user_wago/data/LJSpeech-1.1/wavs/LJ026-0005.wav,7.843875,4.4598284
/mnt/md1/user_wago/data/LJSpeech-1.1/wavs/LJ016-0004.wav,5.8005,4.6654234
/mnt/md1/user_wago/data/LJSpeech-1.1/wavs/LJ012-0040.wav,7.6929375,4.5510554
/mnt/md1/user_wago/data/LJSpeech-1.1/wavs/LJ021-0201.wav,2.2014375,4.534407
/mnt/md1/user_wago/data/LJSpeech-1.1/wavs/LJ039-0217.wav,7.182125,4.5238466
/mnt/md1/user_wago/data/LJSpeech-1.1/wavs/LJ050-0271.wav,7.472375,4.68891
/mnt/md1/user_wago/data/LJSpeech-1.1/wavs/LJ035-0155.wav,7.0311875,4.4592547
/mnt/md1/user_wago/data/LJSpeech-1.1/wavs/LJ029-0017.wav,9.99175,4.5895166
/mnt/md1/user_wago/data/LJSpeech-1.1/wavs/LJ005-0267.wav,5.61475,4.396495
/mnt/md1/user_wago/data/LJSpeech-1.1/wavs/LJ034-0134.wav,3.141875,4.735626
/mnt/md1/user_wago/data/LJSpeech-1.1/wavs/LJ028-0398.wav,3.792,4.5321474
/mnt/md1/user_wago/data/LJSpeech-1.1/wavs/LJ008-0003.wav,5.847,4.68167
/mnt/md1/user_wago/data/LJSpeech-1.1/wavs/LJ031-0205.wav,8.912,4.7866163
/mnt/md1/user_wago/data/LJSpeech-1.1/wavs/LJ039-0131.wav,7.2053125,4.3067193
/mnt/md1/user_wago/data/LJSpeech-1.1/wavs/LJ009-0081.wav,5.835375,4.485335
/mnt/md1/user_wago/data/LJSpeech-1.1/wavs/LJ014-0118.wav,7.8903125,4.6328926
/mnt/md1/user_wago/data/LJSpeech-1.1/wavs/LJ019-0040.wav,7.867125,4.672574
/mnt/md1/user_wago/data/LJSpeech-1.1/wavs/LJ050-0197.wav,2.0505,4.731077
/mnt/md1/user_wago/data/LJSpeech-1.1/wavs/LJ008-0215.wav,4.546625,4.629121
/mnt/md1/user_wago/data/LJSpeech-1.1/wavs/LJ018-0239.wav,8.7726875,4.6498723
/mnt/md1/user_wago/data/LJSpeech-1.1/wavs/LJ022-0012.wav,8.8655625,4.389449
/mnt/md1/user_wago/data/LJSpeech-1.1/wavs/LJ033-0095.wav,3.5365625,4.679033
/mnt/md1/user_wago/data/LJSpeech-1.1/wavs/LJ028-0134.wav,3.513375,4.464105
/mnt/md1/user_wago/data/LJSpeech-1.1/wavs/LJ016-0197.wav,2.07375,4.6617203
/mnt/md1/user_wago/data/LJSpeech-1.1/wavs/LJ031-0174.wav,2.166625,4.6297255
/mnt/md1/user_wago/data/LJSpeech-1.1/wavs/LJ038-0247.wav,4.2099375,4.686296
/mnt/md1/user_wago/data/LJSpeech-1.1/wavs/LJ011-0063.wav,5.835375,4.5906467
/mnt/md1/user_wago/data/LJSpeech-1.1/wavs/LJ008-0006.wav,4.778875,4.343441
/mnt/md1/user_wago/data/LJSpeech-1.1/wavs/LJ031-0096.wav,7.4375625,4.4675035
/mnt/md1/user_wago/data/LJSpeech-1.1/wavs/LJ024-0114.wav,4.477,4.1951227
/mnt/md1/user_wago/data/LJSpeech-1.1/wavs/LJ030-0143.wav,5.1039375,4.599796
/mnt/md1/user_wago/data/LJSpeech-1.1/wavs/LJ050-0272.wav,7.484,4.6972094
/mnt/md1/user_wago/data/LJSpeech-1.1/wavs/LJ032-0251.wav,9.8291875,4.59774
/mnt/md1/user_wago/data/LJSpeech-1.1/wavs/LJ010-0012.wav,8.6681875,4.6479735
/mnt/md1/user_wago/data/LJSpeech-1.1/wavs/LJ045-0079.wav,5.13875,4.5889463
/mnt/md1/user_wago/data/LJSpeech-1.1/wavs/LJ030-0001.wav,10.073,4.782086
/mnt/md1/user_wago/data/LJSpeech-1.1/wavs/LJ047-0135.wav,2.9793125,4.6772437
/mnt/md1/user_wago/data/LJSpeech-1.1/wavs/LJ040-0178.wav,9.9453125,4.553904
/mnt/md1/user_wago/data/LJSpeech-1.1/wavs/LJ004-0047.wav,9.7130625,4.6023407
/mnt/md1/user_wago/data/LJSpeech-1.1/wavs/LJ038-0171.wav,6.2416875,4.734209
/mnt/md1/user_wago/data/LJSpeech-1.1/wavs/LJ014-0310.wav,6.114,4.7126837
/mnt/md1/user_wago/data/LJSpeech-1.1/wavs/LJ017-0184.wav,8.052875,4.7101607
/mnt/md1/user_wago/data/LJSpeech-1.1/wavs/LJ033-0188.wav,5.1039375,4.605134
/mnt/md1/user_wago/data/LJSpeech-1.1/wavs/LJ005-0007.wav,8.51725,4.704017
/mnt/md1/user_wago/data/LJSpeech-1.1/wavs/LJ019-0056.wav,8.8075,4.5614657
/mnt/md1/user_wago/data/LJSpeech-1.1/wavs/LJ004-0121.wav,8.7726875,4.559866
/mnt/md1/user_wago/data/LJSpeech-1.1/wavs/LJ043-0100.wav,6.29975,4.6741986
/mnt/md1/user_wago/data/LJSpeech-1.1/wavs/LJ022-0082.wav,6.3694375,4.5386467
/mnt/md1/user_wago/data/LJSpeech-1.1/wavs/LJ007-0084.wav,7.542,4.4642706
/mnt/md1/user_wago/data/LJSpeech-1.1/wavs/LJ013-0051.wav,9.2603125,4.598389
/mnt/md1/user_wago/data/LJSpeech-1.1/wavs/LJ002-0112.wav,7.843875,4.5304856
/mnt/md1/user_wago/data/LJSpeech-1.1/wavs/LJ036-0178.wav,6.7525625,4.722491
/mnt/md1/user_wago/data/LJSpeech-1.1/wavs/LJ018-0133.wav,4.941375,4.8088837
/mnt/md1/user_wago/data/LJSpeech-1.1/wavs/LJ019-0080.wav,6.706125,4.56257
/mnt/md1/user_wago/data/LJSpeech-1.1/wavs/LJ025-0156.wav,7.7045625,4.6021466
/mnt/md1/user_wago/data/LJSpeech-1.1/wavs/LJ010-0010.wav,9.3648125,4.6847706
/mnt/md1/user_wago/data/LJSpeech-1.1/wavs/LJ002-0289.wav,6.392625,4.468982
/mnt/md1/user_wago/data/LJSpeech-1.1/wavs/LJ012-0230.wav,7.867125,4.5490317
/mnt/md1/user_wago/data/LJSpeech-1.1/wavs/LJ044-0031.wav,6.2416875,4.4960732
/mnt/md1/user_wago/data/LJSpeech-1.1/wavs/LJ028-0510.wav,4.6046875,4.757805
/mnt/md1/user_wago/data/LJSpeech-1.1/wavs/LJ014-0101.wav,5.254875,4.4895835
/mnt/md1/user_wago/data/LJSpeech-1.1/wavs/LJ016-0055.wav,3.23475,4.6764483
/mnt/md1/user_wago/data/LJSpeech-1.1/wavs/LJ017-0080.wav,7.1356875,4.6748185
/mnt/md1/user_wago/data/LJSpeech-1.1/wavs/LJ046-0104.wav,6.7641875,4.659245
/mnt/md1/user_wago/data/LJSpeech-1.1/wavs/LJ007-0066.wav,3.525,4.4383173
/mnt/md1/user_wago/data/LJSpeech-1.1/wavs/LJ049-0116.wav,9.480875,4.5856586
/mnt/md1/user_wago/data/LJSpeech-1.1/wavs/LJ026-0070.wav,6.125625,4.4134398
/mnt/md1/user_wago/data/LJSpeech-1.1/wavs/LJ006-0105.wav,3.966125,4.6908836
/mnt/md1/user_wago/data/LJSpeech-1.1/wavs/LJ047-0097.wav,5.069125,4.587129
/mnt/md1/user_wago/data/LJSpeech-1.1/wavs/LJ027-0001.wav,5.71925,4.285804
/mnt/md1/user_wago/data/LJSpeech-1.1/wavs/LJ034-0005.wav,9.0396875,4.5190353
/mnt/md1/user_wago/data/LJSpeech-1.1/wavs/LJ008-0108.wav,3.966125,4.499749
/mnt/md1/user_wago/data/LJSpeech-1.1/wavs/LJ009-0253.wav,8.51725,4.485553
/mnt/md1/user_wago/data/LJSpeech-1.1/wavs/LJ018-0349.wav,6.5319375,4.705803
/mnt/md1/user_wago/data/LJSpeech-1.1/wavs/LJ028-0383.wav,7.5188125,4.339372
/mnt/md1/user_wago/data/LJSpeech-1.1/wavs/LJ002-0076.wav,3.1766875,4.8182216
/mnt/md1/user_wago/data/LJSpeech-1.1/wavs/LJ049-0217.wav,7.56525,4.6066866
/mnt/md1/user_wago/data/LJSpeech-1.1/wavs/LJ018-0335.wav,4.744,4.7960114
/mnt/md1/user_wago/data/LJSpeech-1.1/wavs/LJ025-0062.wav,9.3648125,4.528129
/mnt/md1/user_wago/data/LJSpeech-1.1/wavs/LJ034-0076.wav,6.29975,4.1212583
/mnt/md1/user_wago/data/LJSpeech-1.1/wavs/LJ037-0226.wav,7.263375,4.771308
/mnt/md1/user_wago/data/LJSpeech-1.1/wavs/LJ034-0174.wav,6.706125,4.610483
/mnt/md1/user_wago/data/LJSpeech-1.1/wavs/LJ025-0025.wav,6.5435625,4.5714793
/mnt/md1/user_wago/data/LJSpeech-1.1/wavs/LJ028-0022.wav,6.810625,4.579412
/mnt/md1/user_wago/data/LJSpeech-1.1/wavs/LJ037-0202.wav,7.0079375,4.6848054
/mnt/md1/user_wago/data/LJSpeech-1.1/wavs/LJ016-0136.wav,6.8221875,4.6842604
/mnt/md1/user_wago/data/LJSpeech-1.1/wavs/LJ030-0058.wav,4.0474375,4.692
/mnt/md1/user_wago/data/LJSpeech-1.1/wavs/LJ024-0060.wav,9.504125,4.270731
/mnt/md1/user_wago/data/LJSpeech-1.1/wavs/LJ037-0151.wav,6.4623125,4.707368
/mnt/md1/user_wago/data/LJSpeech-1.1/wavs/LJ018-0338.wav,9.806,4.7464976
/mnt/md1/user_wago/data/LJSpeech-1.1/wavs/LJ050-0008.wav,7.971625,4.682545
/mnt/md1/user_wago/data/LJSpeech-1.1/wavs/LJ044-0214.wav,10.061375,4.4056444
/mnt/md1/user_wago/data/LJSpeech-1.1/wavs/LJ037-0243.wav,8.2966875,4.791902
/mnt/md1/user_wago/data/LJSpeech-1.1/wavs/LJ009-0223.wav,4.9994375,4.7306542
/mnt/md1/user_wago/data/LJSpeech-1.1/wavs/LJ015-0196.wav,7.9019375,4.600073
/mnt/md1/user_wago/data/LJSpeech-1.1/wavs/LJ007-0122.wav,6.29975,4.7015696
/mnt/md1/user_wago/data/LJSpeech-1.1/wavs/LJ003-0323.wav,4.755625,4.596985
/mnt/md1/user_wago/data/LJSpeech-1.1/wavs/LJ008-0104.wav,2.8748125,4.4793024
/mnt/md1/user_wago/data/LJSpeech-1.1/wavs/LJ035-0134.wav,8.1689375,4.4975495
/mnt/md1/user_wago/data/LJSpeech-1.1/wavs/LJ032-0191.wav,4.08225,4.695452
/mnt/md1/user_wago/data/LJSpeech-1.1/wavs/LJ018-0221.wav,8.41275,4.4845934
/mnt/md1/user_wago/data/LJSpeech-1.1/wavs/LJ015-0159.wav,2.8864375,4.0293503
/mnt/md1/user_wago/data/LJSpeech-1.1/wavs/LJ006-0066.wav,2.329125,4.40287
/mnt/md1/user_wago/data/LJSpeech-1.1/wavs/LJ019-0385.wav,9.086125,4.494117
/mnt/md1/user_wago/data/LJSpeech-1.1/wavs/LJ028-0283.wav,9.9453125,4.3737097
/mnt/md1/user_wago/data/LJSpeech-1.1/wavs/LJ041-0018.wav,5.8934375,4.657508
/mnt/md1/user_wago/data/LJSpeech-1.1/wavs/LJ049-0160.wav,7.077625,4.6938524
/mnt/md1/user_wago/data/LJSpeech-1.1/wavs/LJ010-0180.wav,7.948375,4.5310383
/mnt/md1/user_wago/data/LJSpeech-1.1/wavs/LJ016-0327.wav,5.6728125,4.6957445
/mnt/md1/user_wago/data/LJSpeech-1.1/wavs/LJ018-0110.wav,5.6031875,4.5959044
/mnt/md1/user_wago/data/LJSpeech-1.1/wavs/LJ002-0222.wav,7.8555,4.230361
/mnt/md1/user_wago/data/LJSpeech-1.1/wavs/LJ045-0243.wav,8.912,4.6375227
/mnt/md1/user_wago/data/LJSpeech-1.1/wavs/LJ039-0096.wav,9.9453125,4.4437184
/mnt/md1/user_wago/data/LJSpeech-1.1/wavs/LJ042-0146.wav,7.3214375,4.614377
/mnt/md1/user_wago/data/LJSpeech-1.1/wavs/LJ010-0302.wav,7.4259375,4.6656785
/mnt/md1/user_wago/data/LJSpeech-1.1/wavs/LJ028-0369.wav,3.432125,4.603716
/mnt/md1/user_wago/data/LJSpeech-1.1/wavs/LJ037-0012.wav,6.59,4.7028103
/mnt/md1/user_wago/data/LJSpeech-1.1/wavs/LJ028-0095.wav,7.100875,4.592146
/mnt/md1/user_wago/data/LJSpeech-1.1/wavs/LJ035-0140.wav,6.1488125,4.4180512
/mnt/md1/user_wago/data/LJSpeech-1.1/wavs/LJ019-0209.wav,4.8949375,4.7725058
/mnt/md1/user_wago/data/LJSpeech-1.1/wavs/LJ025-0173.wav,5.638,4.7295017
/mnt/md1/user_wago/data/LJSpeech-1.1/wavs/LJ014-0126.wav,8.04125,4.5213943
/mnt/md1/user_wago/data/LJSpeech-1.1/wavs/LJ028-0380.wav,3.107,4.5265684
/mnt/md1/user_wago/data/LJSpeech-1.1/wavs/LJ049-0045.wav,9.771125,4.601262
/mnt/md1/user_wago/data/LJSpeech-1.1/wavs/LJ045-0221.wav,3.1766875,4.6624165
/mnt/md1/user_wago/data/LJSpeech-1.1/wavs/LJ003-0057.wav,8.6565625,4.607113
/mnt/md1/user_wago/data/LJSpeech-1.1/wavs/LJ037-0265.wav,7.5188125,4.729196
/mnt/md1/user_wago/data/LJSpeech-1.1/wavs/LJ006-0178.wav,4.1170625,4.505483
/mnt/md1/user_wago/data/LJSpeech-1.1/wavs/LJ049-0212.wav,4.0125625,4.6736817
/mnt/md1/user_wago/data/LJSpeech-1.1/wavs/LJ041-0033.wav,7.5071875,4.6226645
/mnt/md1/user_wago/data/LJSpeech-1.1/wavs/LJ005-0222.wav,5.92825,4.601561
/mnt/md1/user_wago/data/LJSpeech-1.1/wavs/LJ010-0090.wav,8.6681875,4.622808
/mnt/md1/user_wago/data/LJSpeech-1.1/wavs/LJ044-0088.wav,9.3415625,4.5990033
/mnt/md1/user_wago/data/LJSpeech-1.1/wavs/LJ038-0112.wav,8.436,4.641174
/mnt/md1/user_wago/data/LJSpeech-1.1/wavs/LJ030-0162.wav,1.667375,4.743861
/mnt/md1/user_wago/data/LJSpeech-1.1/wavs/LJ019-0244.wav,9.3299375,4.6612396
/mnt/md1/user_wago/data/LJSpeech-1.1/wavs/LJ021-0182.wav,4.8485,4.4288216
/mnt/md1/user_wago/data/LJSpeech-1.1/wavs/LJ030-0099.wav,5.0226875,4.478398
/mnt/md1/user_wago/data/LJSpeech-1.1/wavs/LJ028-0500.wav,2.71225,4.685387
/mnt/md1/user_wago/data/LJSpeech-1.1/wavs/LJ039-0034.wav,5.5683125,4.6424036
/mnt/md1/user_wago/data/LJSpeech-1.1/wavs/LJ029-0160.wav,7.3795,4.712423
/mnt/md1/user_wago/data/LJSpeech-1.1/wavs/LJ039-0018.wav,4.2099375,4.431036
/mnt/md1/user_wago/data/LJSpeech-1.1/wavs/LJ021-0085.wav,3.3391875,4.516519
/mnt/md1/user_wago/data/LJSpeech-1.1/wavs/LJ038-0145.wav,5.127125,4.7863455
/mnt/md1/user_wago/data/LJSpeech-1.1/wavs/LJ027-0085.wav,6.0791875,4.552047
/mnt/md1/user_wago/data/LJSpeech-1.1/wavs/LJ050-0023.wav,1.481625,4.468779
/mnt/md1/user_wago/data/LJSpeech-1.1/wavs/LJ008-0265.wav,8.6681875,4.4668045
/mnt/md1/user_wago/data/LJSpeech-1.1/wavs/LJ047-0094.wav,6.392625,4.671158
/mnt/md1/user_wago/data/LJSpeech-1.1/wavs/LJ042-0001.wav,4.477,4.657301
/mnt/md1/user_wago/data/LJSpeech-1.1/wavs/LJ002-0287.wav,3.2579375,4.481368
/mnt/md1/user_wago/data/LJSpeech-1.1/wavs/LJ047-0074.wav,5.8701875,4.2569513
/mnt/md1/user_wago/data/LJSpeech-1.1/wavs/LJ008-0242.wav,9.608625,4.5292296
/mnt/md1/user_wago/data/LJSpeech-1.1/wavs/LJ006-0235.wav,7.367875,4.490009
/mnt/md1/user_wago/data/LJSpeech-1.1/wavs/LJ016-0377.wav,9.7479375,4.594149
/mnt/md1/user_wago/data/LJSpeech-1.1/wavs/LJ001-0141.wav,3.6875,4.480916
/mnt/md1/user_wago/data/LJSpeech-1.1/wavs/LJ024-0048.wav,4.093875,4.380744
/mnt/md1/user_wago/data/LJSpeech-1.1/wavs/LJ021-0193.wav,2.65425,4.6695914
/mnt/md1/user_wago/data/LJSpeech-1.1/wavs/LJ011-0145.wav,6.7641875,4.6902413
/mnt/md1/user_wago/data/LJSpeech-1.1/wavs/LJ002-0046.wav,8.7494375,4.670996
/mnt/md1/user_wago/data/LJSpeech-1.1/wavs/LJ047-0212.wav,5.8818125,4.562116
/mnt/md1/user_wago/data/LJSpeech-1.1/wavs/LJ008-0284.wav,8.9700625,4.6099324
/mnt/md1/user_wago/data/LJSpeech-1.1/wavs/LJ018-0259.wav,6.996375,4.6046743
/mnt/md1/user_wago/data/LJSpeech-1.1/wavs/LJ039-0061.wav,5.5683125,4.507617
/mnt/md1/user_wago/data/LJSpeech-1.1/wavs/LJ048-0155.wav,9.608625,4.3444567
/mnt/md1/user_wago/data/LJSpeech-1.1/wavs/LJ047-0250.wav,6.1720625,4.668166
/mnt/md1/user_wago/data/LJSpeech-1.1/wavs/LJ007-0188.wav,3.385625,4.506995
/mnt/md1/user_wago/data/LJSpeech-1.1/wavs/LJ038-0015.wav,5.03425,4.72256
/mnt/md1/user_wago/data/LJSpeech-1.1/wavs/LJ036-0189.wav,6.03275,4.6231594
/mnt/md1/user_wago/data/LJSpeech-1.1/wavs/LJ019-0234.wav,7.56525,4.625734
/mnt/md1/user_wago/data/LJSpeech-1.1/wavs/LJ027-0147.wav,7.6465,4.40886
/mnt/md1/user_wago/data/LJSpeech-1.1/wavs/LJ038-0027.wav,7.263375,4.6315665
/mnt/md1/user_wago/data/LJSpeech-1.1/wavs/LJ030-0119.wav,4.5118125,4.7127423
/mnt/md1/user_wago/data/LJSpeech-1.1/wavs/LJ045-0003.wav,3.9196875,4.6590424
/mnt/md1/user_wago/data/LJSpeech-1.1/wavs/LJ025-0118.wav,8.029625,4.5894265
/mnt/md1/user_wago/data/LJSpeech-1.1/wavs/LJ034-0069.wav,8.819125,4.660145
/mnt/md1/user_wago/data/LJSpeech-1.1/wavs/LJ004-0150.wav,3.1534375,4.476944
/mnt/md1/user_wago/data/LJSpeech-1.1/wavs/LJ046-0083.wav,9.57375,4.4998426
/mnt/md1/user_wago/data/LJSpeech-1.1/wavs/LJ028-0299.wav,6.4506875,4.51452
/mnt/md1/user_wago/data/LJSpeech-1.1/wavs/LJ013-0097.wav,2.5149375,4.75121
/mnt/md1/user_wago/data/LJSpeech-1.1/wavs/LJ028-0007.wav,5.1851875,4.583484
/mnt/md1/user_wago/data/LJSpeech-1.1/wavs/LJ016-0435.wav,9.7363125,4.23981
/mnt/md1/user_wago/data/LJSpeech-1.1/wavs/LJ003-0324.wav,5.707625,4.5268593
/mnt/md1/user_wago/data/LJSpeech-1.1/wavs/LJ016-0131.wav,6.2185,4.48071
/mnt/md1/user_wago/data/LJSpeech-1.1/wavs/LJ006-0124.wav,6.61325,4.5957484
/mnt/md1/user_wago/data/LJSpeech-1.1/wavs/LJ040-0070.wav,4.7208125,4.569662
/mnt/md1/user_wago/data/LJSpeech-1.1/wavs/LJ010-0077.wav,7.2981875,4.520102
/mnt/md1/user_wago/data/LJSpeech-1.1/wavs/LJ042-0119.wav,4.9065625,4.518637
/mnt/md1/user_wago/data/LJSpeech-1.1/wavs/LJ010-0120.wav,6.98475,4.4551477
/mnt/md1/user_wago/data/LJSpeech-1.1/wavs/LJ040-0200.wav,6.40425,4.515
/mnt/md1/user_wago/data/LJSpeech-1.1/wavs/LJ016-0369.wav,6.125625,4.618764
/mnt/md1/user_wago/data/LJSpeech-1.1/wavs/LJ048-0279.wav,6.021125,4.5878944
/mnt/md1/user_wago/data/LJSpeech-1.1/wavs/LJ002-0040.wav,5.7656875,4.7002034
/mnt/md1/user_wago/data/LJSpeech-1.1/wavs/LJ021-0019.wav,7.3446875,4.531132
/mnt/md1/user_wago/data/LJSpeech-1.1/wavs/LJ036-0142.wav,4.0241875,4.5204663
/mnt/md1/user_wago/data/LJSpeech-1.1/wavs/LJ009-0121.wav,4.45375,4.8295345
/mnt/md1/user_wago/data/LJSpeech-1.1/wavs/LJ001-0084.wav,4.2099375,4.377328
/mnt/md1/user_wago/data/LJSpeech-1.1/wavs/LJ028-0086.wav,6.125625,4.7200265
/mnt/md1/user_wago/data/LJSpeech-1.1/wavs/LJ049-0033.wav,9.5273125,4.674523
/mnt/md1/user_wago/data/LJSpeech-1.1/wavs/LJ038-0264.wav,8.436,4.3735175
/mnt/md1/user_wago/data/LJSpeech-1.1/wavs/LJ046-0168.wav,3.0025,4.637843
/mnt/md1/user_wago/data/LJSpeech-1.1/wavs/LJ049-0209.wav,5.51025,4.7868714
/mnt/md1/user_wago/data/LJSpeech-1.1/wavs/LJ018-0106.wav,1.771875,4.712811
/mnt/md1/user_wago/data/LJSpeech-1.1/wavs/LJ007-0203.wav,3.5365625,4.381929
/mnt/md1/user_wago/data/LJSpeech-1.1/wavs/LJ047-0240.wav,2.143375,4.488442
/mnt/md1/user_wago/data/LJSpeech-1.1/wavs/LJ002-0022.wav,6.996375,4.6246185
/mnt/md1/user_wago/data/LJSpeech-1.1/wavs/LJ029-0028.wav,8.6565625,4.6816654
/mnt/md1/user_wago/data/LJSpeech-1.1/wavs/LJ003-0172.wav,2.9793125,4.632903
/mnt/md1/user_wago/data/LJSpeech-1.1/wavs/LJ010-0155.wav,5.55675,4.0353456
/mnt/md1/user_wago/data/LJSpeech-1.1/wavs/LJ049-0065.wav,5.6844375,4.6995916
/mnt/md1/user_wago/data/LJSpeech-1.1/wavs/LJ032-0068.wav,9.78275,4.596175
/mnt/md1/user_wago/data/LJSpeech-1.1/wavs/LJ030-0175.wav,8.2966875,4.6557193
/mnt/md1/user_wago/data/LJSpeech-1.1/wavs/LJ028-0206.wav,4.268,4.543428
/mnt/md1/user_wago/data/LJSpeech-1.1/wavs/LJ015-0161.wav,3.13025,4.468935
/mnt/md1/user_wago/data/LJSpeech-1.1/wavs/LJ008-0254.wav,5.61475,4.309252
/mnt/md1/user_wago/data/LJSpeech-1.1/wavs/LJ026-0046.wav,7.2053125,4.5373054
/mnt/md1/user_wago/data/LJSpeech-1.1/wavs/LJ041-0186.wav,1.748625,4.565742
/mnt/md1/user_wago/data/LJSpeech-1.1/wavs/LJ050-0248.wav,5.162,4.726959
/mnt/md1/user_wago/data/LJSpeech-1.1/wavs/LJ031-0091.wav,9.1441875,4.6998987
/mnt/md1/user_wago/data/LJSpeech-1.1/wavs/LJ043-0129.wav,6.323,4.55385
/mnt/md1/user_wago/data/LJSpeech-1.1/wavs/LJ011-0140.wav,7.576875,4.667087
/mnt/md1/user_wago/data/LJSpeech-1.1/wavs/LJ039-0139.wav,9.794375,4.314093
/mnt/md1/user_wago/data/LJSpeech-1.1/wavs/LJ032-0029.wav,8.8771875,4.607246
/mnt/md1/user_wago/data/LJSpeech-1.1/wavs/LJ047-0089.wav,6.2765625,4.685271
/mnt/md1/user_wago/data/LJSpeech-1.1/wavs/LJ010-0133.wav,7.35625,4.6525474
/mnt/md1/user_wago/data/LJSpeech-1.1/wavs/LJ041-0153.wav,5.0575,4.7109523
/mnt/md1/user_wago/data/LJSpeech-1.1/wavs/LJ036-0137.wav,6.4855,4.2500644
/mnt/md1/user_wago/data/LJSpeech-1.1/wavs/LJ046-0208.wav,4.1403125,4.444891
/mnt/md1/user_wago/data/LJSpeech-1.1/wavs/LJ002-0143.wav,4.9181875,4.568631
/mnt/md1/user_wago/data/LJSpeech-1.1/wavs/LJ038-0197.wav,2.851625,4.857653
/mnt/md1/user_wago/data/LJSpeech-1.1/wavs/LJ039-0087.wav,8.447625,4.427603
/mnt/md1/user_wago/data/LJSpeech-1.1/wavs/LJ015-0101.wav,5.417375,4.550161
/mnt/md1/user_wago/data/LJSpeech-1.1/wavs/LJ042-0181.wav,6.601625,4.554919
/mnt/md1/user_wago/data/LJSpeech-1.1/wavs/LJ011-0077.wav,7.8903125,4.678521
/mnt/md1/user_wago/data/LJSpeech-1.1/wavs/LJ036-0172.wav,5.0575,4.677244
/mnt/md1/user_wago/data/LJSpeech-1.1/wavs/LJ044-0039.wav,5.359375,4.680311
/mnt/md1/user_wago/data/LJSpeech-1.1/wavs/LJ050-0081.wav,3.9429375,4.738453
/mnt/md1/user_wago/data/LJSpeech-1.1/wavs/LJ039-0182.wav,5.8934375,4.1019554
/mnt/md1/user_wago/data/LJSpeech-1.1/wavs/LJ004-0137.wav,3.316,4.698471
/mnt/md1/user_wago/data/LJSpeech-1.1/wavs/LJ006-0211.wav,6.2185,4.511503
/mnt/md1/user_wago/data/LJSpeech-1.1/wavs/LJ029-0015.wav,8.2734375,4.4472523
/mnt/md1/user_wago/data/LJSpeech-1.1/wavs/LJ005-0229.wav,9.9685,4.58727
/mnt/md1/user_wago/data/LJSpeech-1.1/wavs/LJ029-0204.wav,5.6728125,4.7811513
/mnt/md1/user_wago/data/LJSpeech-1.1/wavs/LJ009-0289.wav,6.520375,4.484104
/mnt/md1/user_wago/data/LJSpeech-1.1/wavs/LJ031-0022.wav,9.8291875,4.435443
/mnt/md1/user_wago/data/LJSpeech-1.1/wavs/LJ006-0256.wav,8.8655625,4.656721
/mnt/md1/user_wago/data/LJSpeech-1.1/wavs/LJ031-0009.wav,6.9150625,4.680249
/mnt/md1/user_wago/data/LJSpeech-1.1/wavs/LJ008-0273.wav,6.3345625,4.422938
/mnt/md1/user_wago/data/LJSpeech-1.1/wavs/LJ004-0112.wav,9.4460625,4.273408
/mnt/md1/user_wago/data/LJSpeech-1.1/wavs/LJ045-0065.wav,8.1921875,4.6446476
/mnt/md1/user_wago/data/LJSpeech-1.1/wavs/LJ011-0072.wav,6.7409375,4.7040415
/mnt/md1/user_wago/data/LJSpeech-1.1/wavs/LJ041-0178.wav,4.3260625,4.5168037
/mnt/md1/user_wago/data/LJSpeech-1.1/wavs/LJ030-0015.wav,6.6364375,4.682624
/mnt/md1/user_wago/data/LJSpeech-1.1/wavs/LJ048-0018.wav,8.3083125,4.617605
/mnt/md1/user_wago/data/LJSpeech-1.1/wavs/LJ005-0225.wav,8.645,4.6555657
/mnt/md1/user_wago/data/LJSpeech-1.1/wavs/LJ011-0279.wav,6.13725,4.598158
/mnt/md1/user_wago/data/LJSpeech-1.1/wavs/LJ005-0146.wav,8.703,4.6241465
/mnt/md1/user_wago/data/LJSpeech-1.1/wavs/LJ008-0099.wav,5.417375,4.285039
/mnt/md1/user_wago/data/LJSpeech-1.1/wavs/LJ043-0113.wav,3.9545625,4.712223
/mnt/md1/user_wago/data/LJSpeech-1.1/wavs/LJ030-0067.wav,1.96925,4.7238564
/mnt/md1/user_wago/data/LJSpeech-1.1/wavs/LJ037-0063.wav,3.6294375,4.707127
/mnt/md1/user_wago/data/LJSpeech-1.1/wavs/LJ034-0039.wav,1.76025,4.6033125
/mnt/md1/user_wago/data/LJSpeech-1.1/wavs/LJ012-0140.wav,8.900375,4.6561646
/mnt/md1/user_wago/data/LJSpeech-1.1/wavs/LJ016-0363.wav,2.364,4.5641184
/mnt/md1/user_wago/data/LJSpeech-1.1/wavs/LJ043-0111.wav,5.6960625,4.7280855
/mnt/md1/user_wago/data/LJSpeech-1.1/wavs/LJ027-0108.wav,8.83075,4.4408007
/mnt/md1/user_wago/data/LJSpeech-1.1/wavs/LJ022-0157.wav,9.2486875,4.670415
/mnt/md1/user_wago/data/LJSpeech-1.1/wavs/LJ046-0219.wav,8.9816875,4.2079687
/mnt/md1/user_wago/data/LJSpeech-1.1/wavs/LJ014-0295.wav,5.3825625,4.7117853
/mnt/md1/user_wago/data/LJSpeech-1.1/wavs/LJ001-0173.wav,9.109375,4.3078303
/mnt/md1/user_wago/data/LJSpeech-1.1/wavs/LJ048-0217.wav,5.0806875,4.6657333
/mnt/md1/user_wago/data/LJSpeech-1.1/wavs/LJ029-0011.wav,7.8786875,4.773385
/mnt/md1/user_wago/data/LJSpeech-1.1/wavs/LJ004-0108.wav,7.739375,4.4554133
/mnt/md1/user_wago/data/LJSpeech-1.1/wavs/LJ038-0269.wav,6.2185,4.4150424
/mnt/md1/user_wago/data/LJSpeech-1.1/wavs/LJ015-0200.wav,5.8585625,4.457376
/mnt/md1/user_wago/data/LJSpeech-1.1/wavs/LJ006-0112.wav,6.392625,4.3993793
/mnt/md1/user_wago/data/LJSpeech-1.1/wavs/LJ048-0035.wav,7.2981875,4.583512
/mnt/md1/user_wago/data/LJSpeech-1.1/wavs/LJ034-0108.wav,8.052875,4.454832
/mnt/md1/user_wago/data/LJSpeech-1.1/wavs/LJ031-0150.wav,6.0791875,4.611267
/mnt/md1/user_wago/data/LJSpeech-1.1/wavs/LJ016-0140.wav,5.429,4.6271076
/mnt/md1/user_wago/data/LJSpeech-1.1/wavs/LJ043-0118.wav,9.78275,4.730733
/mnt/md1/user_wago/data/LJSpeech-1.1/wavs/LJ002-0027.wav,9.5389375,4.6536
/mnt/md1/user_wago/data/LJSpeech-1.1/wavs/LJ009-0130.wav,9.30675,4.487654
/mnt/md1/user_wago/data/LJSpeech-1.1/wavs/LJ041-0084.wav,9.8175625,4.605969
/mnt/md1/user_wago/data/LJSpeech-1.1/wavs/LJ046-0198.wav,6.114,4.6424675
/mnt/md1/user_wago/data/LJSpeech-1.1/wavs/LJ009-0059.wav,7.8786875,4.372116
/mnt/md1/user_wago/data/LJSpeech-1.1/wavs/LJ009-0202.wav,8.6565625,4.7123656
/mnt/md1/user_wago/data/LJSpeech-1.1/wavs/LJ011-0018.wav,5.069125,4.6218843
/mnt/md1/user_wago/data/LJSpeech-1.1/wavs/LJ012-0269.wav,6.7293125,4.606467
/mnt/md1/user_wago/data/LJSpeech-1.1/wavs/LJ019-0274.wav,1.5396875,4.6780925
/mnt/md1/user_wago/data/LJSpeech-1.1/wavs/LJ019-0046.wav,7.4143125,4.653575
/mnt/md1/user_wago/data/LJSpeech-1.1/wavs/LJ024-0128.wav,7.484,4.2217326
/mnt/md1/user_wago/data/LJSpeech-1.1/wavs/LJ015-0064.wav,9.875625,4.457677
/mnt/md1/user_wago/data/LJSpeech-1.1/wavs/LJ033-0138.wav,4.4073125,4.7111206
/mnt/md1/user_wago/data/LJSpeech-1.1/wavs/LJ016-0098.wav,5.429,4.4035873
/mnt/md1/user_wago/data/LJSpeech-1.1/wavs/LJ019-0339.wav,5.997875,4.5447865
/mnt/md1/user_wago/data/LJSpeech-1.1/wavs/LJ009-0240.wav,9.3415625,4.545641
/mnt/md1/user_wago/data/LJSpeech-1.1/wavs/LJ022-0100.wav,5.440625,4.6339407
/mnt/md1/user_wago/data/LJSpeech-1.1/wavs/LJ027-0048.wav,5.997875,4.4519854
/mnt/md1/user_wago/data/LJSpeech-1.1/wavs/LJ012-0237.wav,6.3345625,4.715449
/mnt/md1/user_wago/data/LJSpeech-1.1/wavs/LJ016-0103.wav,8.0645,4.6530952
/mnt/md1/user_wago/data/LJSpeech-1.1/wavs/LJ011-0182.wav,4.256375,4.6065435
/mnt/md1/user_wago/data/LJSpeech-1.1/wavs/LJ014-0059.wav,9.6318125,4.5703163
/mnt/md1/user_wago/data/LJSpeech-1.1/wavs/LJ013-0258.wav,2.619375,4.7394013
/mnt/md1/user_wago/data/LJSpeech-1.1/wavs/LJ046-0113.wav,3.6643125,4.6094975
/mnt/md1/user_wago/data/LJSpeech-1.1/wavs/LJ009-0209.wav,8.1225,4.4622946
/mnt/md1/user_wago/data/LJSpeech-1.1/wavs/LJ045-0116.wav,6.9615,4.697166
/mnt/md1/user_wago/data/LJSpeech-1.1/wavs/LJ044-0067.wav,2.3988125,4.739474
/mnt/md1/user_wago/data/LJSpeech-1.1/wavs/LJ038-0081.wav,9.7130625,4.661607
/mnt/md1/user_wago/data/LJSpeech-1.1/wavs/LJ003-0134.wav,2.9676875,4.6481056
/mnt/md1/user_wago/data/LJSpeech-1.1/wavs/LJ042-0191.wav,5.51025,4.498657
/mnt/md1/user_wago/data/LJSpeech-1.1/wavs/LJ038-0057.wav,7.576875,4.6060376
/mnt/md1/user_wago/data/LJSpeech-1.1/wavs/LJ046-0043.wav,8.923625,4.621917
/mnt/md1/user_wago/data/LJSpeech-1.1/wavs/LJ005-0276.wav,3.9196875,4.668885
/mnt/md1/user_wago/data/LJSpeech-1.1/wavs/LJ047-0107.wav,7.7161875,4.6118293
/mnt/md1/user_wago/data/LJSpeech-1.1/wavs/LJ010-0117.wav,9.4925,4.678632
/mnt/md1/user_wago/data/LJSpeech-1.1/wavs/LJ003-0263.wav,9.121,4.525889
/mnt/md1/user_wago/data/LJSpeech-1.1/wavs/LJ026-0112.wav,7.6465,4.58751
/mnt/md1/user_wago/data/LJSpeech-1.1/wavs/LJ050-0062.wav,6.288125,4.300856
/mnt/md1/user_wago/data/LJSpeech-1.1/wavs/LJ005-0242.wav,9.4228125,4.4557734
/mnt/md1/user_wago/data/LJSpeech-1.1/wavs/LJ023-0127.wav,5.24325,4.435953
/mnt/md1/user_wago/data/LJSpeech-1.1/wavs/LJ026-0089.wav,10.0033125,4.156642
/mnt/md1/user_wago/data/LJSpeech-1.1/wavs/LJ001-0125.wav,2.6774375,4.5582514
/mnt/md1/user_wago/data/LJSpeech-1.1/wavs/LJ002-0152.wav,8.3663125,4.4844265
/mnt/md1/user_wago/data/LJSpeech-1.1/wavs/LJ004-0206.wav,3.7688125,4.4379797
/mnt/md1/user_wago/data/LJSpeech-1.1/wavs/LJ037-0244.wav,8.0993125,4.7642026
/mnt/md1/user_wago/data/LJSpeech-1.1/wavs/LJ009-0134.wav,7.1356875,4.4270372
/mnt/md1/user_wago/data/LJSpeech-1.1/wavs/LJ016-0333.wav,4.18675,4.888298
/mnt/md1/user_wago/data/LJSpeech-1.1/wavs/LJ047-0153.wav,7.1356875,4.6013584
/mnt/md1/user_wago/data/LJSpeech-1.1/wavs/LJ003-0082.wav,9.88725,4.4531
/mnt/md1/user_wago/data/LJSpeech-1.1/wavs/LJ037-0127.wav,6.9499375,4.513447
/mnt/md1/user_wago/data/LJSpeech-1.1/wavs/LJ030-0193.wav,8.703,4.6085525
/mnt/md1/user_wago/data/LJSpeech-1.1/wavs/LJ032-0217.wav,6.0791875,4.7052107
/mnt/md1/user_wago/data/LJSpeech-1.1/wavs/LJ008-0014.wav,8.319875,4.4921417
/mnt/md1/user_wago/data/LJSpeech-1.1/wavs/LJ035-0148.wav,5.1155625,4.5473285
/mnt/md1/user_wago/data/LJSpeech-1.1/wavs/LJ009-0010.wav,2.7586875,4.6170697
/mnt/md1/user_wago/data/LJSpeech-1.1/wavs/LJ046-0174.wav,8.7494375,4.52964
/mnt/md1/user_wago/data/LJSpeech-1.1/wavs/LJ038-0025.wav,9.6434375,4.4900966
/mnt/md1/user_wago/data/LJSpeech-1.1/wavs/LJ030-0062.wav,7.8090625,4.6788054
/mnt/md1/user_wago/data/LJSpeech-1.1/wavs/LJ034-0180.wav,6.5668125,4.6081295
/mnt/md1/user_wago/data/LJSpeech-1.1/wavs/LJ035-0147.wav,9.771125,4.486379
/mnt/md1/user_wago/data/LJSpeech-1.1/wavs/LJ028-0356.wav,4.66275,4.3011284
/mnt/md1/user_wago/data/LJSpeech-1.1/wavs/LJ006-0220.wav,2.2014375,4.777351
/mnt/md1/user_wago/data/LJSpeech-1.1/wavs/LJ028-0213.wav,5.03425,4.0992913
/mnt/md1/user_wago/data/LJSpeech-1.1/wavs/LJ031-0145.wav,7.7974375,4.6231937
/mnt/md1/user_wago/data/LJSpeech-1.1/wavs/LJ014-0121.wav,6.7525625,4.6438537
/mnt/md1/user_wago/data/LJSpeech-1.1/wavs/LJ003-0276.wav,6.50875,4.7364354
/mnt/md1/user_wago/data/LJSpeech-1.1/wavs/LJ020-0029.wav,3.9545625,4.617805
/mnt/md1/user_wago/data/LJSpeech-1.1/wavs/LJ040-0046.wav,7.971625,4.091396
/mnt/md1/user_wago/data/LJSpeech-1.1/wavs/LJ008-0110.wav,1.6325625,4.7439823
/mnt/md1/user_wago/data/LJSpeech-1.1/wavs/LJ028-0250.wav,4.175125,4.665068
/mnt/md1/user_wago/data/LJSpeech-1.1/wavs/LJ012-0268.wav,4.488625,4.7042375
/mnt/md1/user_wago/data/LJSpeech-1.1/wavs/LJ016-0351.wav,7.542,4.631101
/mnt/md1/user_wago/data/LJSpeech-1.1/wavs/LJ038-0166.wav,8.4824375,4.5795674
/mnt/md1/user_wago/data/LJSpeech-1.1/wavs/LJ002-0021.wav,9.086125,4.648628
/mnt/md1/user_wago/data/LJSpeech-1.1/wavs/LJ033-0021.wav,2.1898125,4.6857567
/mnt/md1/user_wago/data/LJSpeech-1.1/wavs/LJ046-0001.wav,6.787375,4.5995893
/mnt/md1/user_wago/data/LJSpeech-1.1/wavs/LJ002-0114.wav,3.9429375,4.643167
/mnt/md1/user_wago/data/LJSpeech-1.1/wavs/LJ010-0283.wav,3.722375,4.4670367
/mnt/md1/user_wago/data/LJSpeech-1.1/wavs/LJ002-0082.wav,9.4460625,4.5772557
/mnt/md1/user_wago/data/LJSpeech-1.1/wavs/LJ042-0079.wav,9.3299375,4.574087
/mnt/md1/user_wago/data/LJSpeech-1.1/wavs/LJ036-0101.wav,10.0265625,4.7016973
/mnt/md1/user_wago/data/LJSpeech-1.1/wavs/LJ003-0094.wav,8.528875,4.333075
/mnt/md1/user_wago/data/LJSpeech-1.1/wavs/LJ012-0125.wav,10.073,4.549653
/mnt/md1/user_wago/data/LJSpeech-1.1/wavs/LJ003-0137.wav,3.2811875,4.805924
/mnt/md1/user_wago/data/LJSpeech-1.1/wavs/LJ050-0028.wav,7.6000625,4.6789536
/mnt/md1/user_wago/data/LJSpeech-1.1/wavs/LJ034-0089.wav,2.9676875,4.6757507
/mnt/md1/user_wago/data/LJSpeech-1.1/wavs/LJ016-0428.wav,6.0675625,4.6296983
/mnt/md1/user_wago/data/LJSpeech-1.1/wavs/LJ048-0104.wav,4.465375,4.64957
/mnt/md1/user_wago/data/LJSpeech-1.1/wavs/LJ011-0028.wav,1.1333125,3.906502
/mnt/md1/user_wago/data/LJSpeech-1.1/wavs/LJ002-0018.wav,7.2169375,4.6301937
/mnt/md1/user_wago/data/LJSpeech-1.1/wavs/LJ001-0160.wav,3.4553125,4.510971
/mnt/md1/user_wago/data/LJSpeech-1.1/wavs/LJ047-0130.wav,4.2448125,4.583041
/mnt/md1/user_wago/data/LJSpeech-1.1/wavs/LJ050-0190.wav,8.505625,4.6125827
/mnt/md1/user_wago/data/LJSpeech-1.1/wavs/LJ028-0174.wav,9.3531875,4.458004
/mnt/md1/user_wago/data/LJSpeech-1.1/wavs/LJ043-0106.wav,3.02575,4.7576804
/mnt/md1/user_wago/data/LJSpeech-1.1/wavs/LJ006-0051.wav,4.5118125,4.6600537
/mnt/md1/user_wago/data/LJSpeech-1.1/wavs/LJ024-0113.wav,7.1356875,4.1704626
/mnt/md1/user_wago/data/LJSpeech-1.1/wavs/LJ019-0264.wav,9.6318125,4.546372
/mnt/md1/user_wago/data/LJSpeech-1.1/wavs/LJ003-0207.wav,6.578375,4.6337447
/mnt/md1/user_wago/data/LJSpeech-1.1/wavs/LJ044-0004.wav,1.6325625,4.500269
/mnt/md1/user_wago/data/LJSpeech-1.1/wavs/LJ031-0057.wav,9.7479375,4.554292
/mnt/md1/user_wago/data/LJSpeech-1.1/wavs/LJ029-0078.wav,3.513375,4.84961
/mnt/md1/user_wago/data/LJSpeech-1.1/wavs/LJ024-0059.wav,9.190625,4.0187526
/mnt/md1/user_wago/data/LJSpeech-1.1/wavs/LJ028-0210.wav,9.8408125,4.499693
/mnt/md1/user_wago/data/LJSpeech-1.1/wavs/LJ029-0207.wav,6.09075,4.6398993
/mnt/md1/user_wago/data/LJSpeech-1.1/wavs/LJ016-0290.wav,6.206875,4.626208
/mnt/md1/user_wago/data/LJSpeech-1.1/wavs/LJ038-0033.wav,3.0025,4.674674
/mnt/md1/user_wago/data/LJSpeech-1.1/wavs/LJ045-0008.wav,5.8005,4.692873
/mnt/md1/user_wago/data/LJSpeech-1.1/wavs/LJ014-0180.wav,8.215375,4.606373
/mnt/md1/user_wago/data/LJSpeech-1.1/wavs/LJ011-0104.wav,5.5335,4.618415
/mnt/md1/user_wago/data/LJSpeech-1.1/wavs/LJ028-0146.wav,5.916625,4.5404596
/mnt/md1/user_wago/data/LJSpeech-1.1/wavs/LJ045-0013.wav,9.7130625,4.6943026
/mnt/md1/user_wago/data/LJSpeech-1.1/wavs/LJ019-0002.wav,5.3941875,4.641177
/mnt/md1/user_wago/data/LJSpeech-1.1/wavs/LJ039-0119.wav,8.2038125,4.5812926
/mnt/md1/user_wago/data/LJSpeech-1.1/wavs/LJ003-0286.wav,9.6318125,4.5374565
/mnt/md1/user_wago/data/LJSpeech-1.1/wavs/LJ045-0235.wav,7.7278125,4.5962195
/mnt/md1/user_wago/data/LJSpeech-1.1/wavs/LJ015-0118.wav,7.182125,4.7122216
/mnt/md1/user_wago/data/LJSpeech-1.1/wavs/LJ025-0149.wav,7.2285625,4.589249
/mnt/md1/user_wago/data/LJSpeech-1.1/wavs/LJ010-0257.wav,6.9266875,4.5538955
/mnt/md1/user_wago/data/LJSpeech-1.1/wavs/LJ018-0299.wav,9.0745625,4.7797866
/mnt/md1/user_wago/data/LJSpeech-1.1/wavs/LJ018-0046.wav,7.66975,4.582868
/mnt/md1/user_wago/data/LJSpeech-1.1/wavs/LJ011-0201.wav,7.96,4.4653196
/mnt/md1/user_wago/data/LJSpeech-1.1/wavs/LJ027-0045.wav,8.51725,4.3255157
/mnt/md1/user_wago/data/LJSpeech-1.1/wavs/LJ002-0127.wav,7.1356875,4.6368804
/mnt/md1/user_wago/data/LJSpeech-1.1/wavs/LJ023-0131.wav,6.4623125,4.535497
/mnt/md1/user_wago/data/LJSpeech-1.1/wavs/LJ047-0014.wav,8.795875,4.571695
/mnt/md1/user_wago/data/LJSpeech-1.1/wavs/LJ005-0088.wav,6.8570625,4.60077
/mnt/md1/user_wago/data/LJSpeech-1.1/wavs/LJ038-0098.wav,1.9111875,4.323167
/mnt/md1/user_wago/data/LJSpeech-1.1/wavs/LJ003-0135.wav,4.0358125,4.4705877
/mnt/md1/user_wago/data/LJSpeech-1.1/wavs/LJ015-0260.wav,8.8771875,4.5027785
/mnt/md1/user_wago/data/LJSpeech-1.1/wavs/LJ022-0189.wav,8.261875,4.482273
/mnt/md1/user_wago/data/LJSpeech-1.1/wavs/LJ010-0195.wav,7.658125,4.281642
/mnt/md1/user_wago/data/LJSpeech-1.1/wavs/LJ030-0043.wav,7.066,4.585349
/mnt/md1/user_wago/data/LJSpeech-1.1/wavs/LJ003-0266.wav,4.8833125,4.621987
/mnt/md1/user_wago/data/LJSpeech-1.1/wavs/LJ042-0213.wav,9.1325625,4.618065
/mnt/md1/user_wago/data/LJSpeech-1.1/wavs/LJ036-0052.wav,6.1836875,4.3725266
/mnt/md1/user_wago/data/LJSpeech-1.1/wavs/LJ028-0502.wav,5.835375,4.6366186
/mnt/md1/user_wago/data/LJSpeech-1.1/wavs/LJ003-0274.wav,8.72625,4.3839207
/mnt/md1/user_wago/data/LJSpeech-1.1/wavs/LJ013-0041.wav,8.5405,4.5331683
/mnt/md1/user_wago/data/LJSpeech-1.1/wavs/LJ050-0268.wav,8.9816875,4.473819
/mnt/md1/user_wago/data/LJSpeech-1.1/wavs/LJ017-0051.wav,3.107,4.740683
/mnt/md1/user_wago/data/LJSpeech-1.1/wavs/LJ048-0071.wav,9.1674375,4.682725
/mnt/md1/user_wago/data/LJSpeech-1.1/wavs/LJ012-0225.wav,9.8524375,4.5426702
/mnt/md1/user_wago/data/LJSpeech-1.1/wavs/LJ024-0118.wav,3.0838125,4.442022
/mnt/md1/user_wago/data/LJSpeech-1.1/wavs/LJ018-0292.wav,9.980125,4.665594
/mnt/md1/user_wago/data/LJSpeech-1.1/wavs/LJ010-0024.wav,6.6945,4.5446777
/mnt/md1/user_wago/data/LJSpeech-1.1/wavs/LJ004-0095.wav,4.651125,4.5332265
/mnt/md1/user_wago/data/LJSpeech-1.1/wavs/LJ011-0189.wav,9.956875,4.4521146
/mnt/md1/user_wago/data/LJSpeech-1.1/wavs/LJ015-0025.wav,7.19375,4.4949384
/mnt/md1/user_wago/data/LJSpeech-1.1/wavs/LJ022-0065.wav,3.199875,4.7537737
/mnt/md1/user_wago/data/LJSpeech-1.1/wavs/LJ002-0253.wav,6.125625,4.241807
/mnt/md1/user_wago/data/LJSpeech-1.1/wavs/LJ028-0360.wav,9.4576875,4.4676785
/mnt/md1/user_wago/data/LJSpeech-1.1/wavs/LJ035-0117.wav,8.912,4.470284
/mnt/md1/user_wago/data/LJSpeech-1.1/wavs/LJ040-0164.wav,6.4506875,4.4711733
/mnt/md1/user_wago/data/LJSpeech-1.1/wavs/LJ009-0297.wav,7.4259375,4.4265556
/mnt/md1/user_wago/data/LJSpeech-1.1/wavs/LJ037-0053.wav,7.739375,4.8204036
/mnt/md1/user_wago/data/LJSpeech-1.1/wavs/LJ028-0354.wav,8.3663125,4.453124
/mnt/md1/user_wago/data/LJSpeech-1.1/wavs/LJ008-0117.wav,8.0645,4.487607
/mnt/md1/user_wago/data/LJSpeech-1.1/wavs/LJ023-0070.wav,3.1766875,4.48375
/mnt/md1/user_wago/data/LJSpeech-1.1/wavs/LJ036-0004.wav,10.0265625,4.549936
/mnt/md1/user_wago/data/LJSpeech-1.1/wavs/LJ012-0184.wav,5.649625,4.695115
/mnt/md1/user_wago/data/LJSpeech-1.1/wavs/LJ004-0215.wav,7.5304375,4.4572887
/mnt/md1/user_wago/data/LJSpeech-1.1/wavs/LJ032-0156.wav,4.0125625,4.738309
/mnt/md1/user_wago/data/LJSpeech-1.1/wavs/LJ008-0132.wav,6.29975,4.5846047
/mnt/md1/user_wago/data/LJSpeech-1.1/wavs/LJ050-0037.wav,1.5396875,4.6484823
/mnt/md1/user_wago/data/LJSpeech-1.1/wavs/LJ030-0020.wav,6.0675625,4.632
/mnt/md1/user_wago/data/LJSpeech-1.1/wavs/LJ035-0074.wav,3.7688125,4.541843
/mnt/md1/user_wago/data/LJSpeech-1.1/wavs/LJ009-0100.wav,6.4855,4.5983276
/mnt/md1/user_wago/data/LJSpeech-1.1/wavs/LJ013-0155.wav,8.1689375,4.351059
/mnt/md1/user_wago/data/LJSpeech-1.1/wavs/LJ001-0027.wav,9.6434375,4.4252067
/mnt/md1/user_wago/data/LJSpeech-1.1/wavs/LJ035-0018.wav,6.381,4.2627416
/mnt/md1/user_wago/data/LJSpeech-1.1/wavs/LJ017-0044.wav,7.1473125,4.716911
/mnt/md1/user_wago/data/LJSpeech-1.1/wavs/LJ032-0032.wav,9.585375,4.6967688
/mnt/md1/user_wago/data/LJSpeech-1.1/wavs/LJ019-0106.wav,8.5405,4.5742908
/mnt/md1/user_wago/data/LJSpeech-1.1/wavs/LJ032-0187.wav,9.2255,4.661853
/mnt/md1/user_wago/data/LJSpeech-1.1/wavs/LJ033-0206.wav,6.40425,4.528576
/mnt/md1/user_wago/data/LJSpeech-1.1/wavs/LJ004-0241.wav,3.699125,4.6102905
/mnt/md1/user_wago/data/LJSpeech-1.1/wavs/LJ035-0040.wav,9.3415625,4.5233173
/mnt/md1/user_wago/data/LJSpeech-1.1/wavs/LJ002-0190.wav,9.0745625,4.622512
/mnt/md1/user_wago/data/LJSpeech-1.1/wavs/LJ037-0178.wav,6.8454375,4.77361
/mnt/md1/user_wago/data/LJSpeech-1.1/wavs/LJ041-0199.wav,9.3299375,4.469983
/mnt/md1/user_wago/data/LJSpeech-1.1/wavs/LJ022-0052.wav,10.0381875,4.6878033
/mnt/md1/user_wago/data/LJSpeech-1.1/wavs/LJ029-0189.wav,10.084625,4.655857
/mnt/md1/user_wago/data/LJSpeech-1.1/wavs/LJ019-0275.wav,8.5405,4.543664
/mnt/md1/user_wago/data/LJSpeech-1.1/wavs/LJ014-0021.wav,8.4591875,4.529922
/mnt/md1/user_wago/data/LJSpeech-1.1/wavs/LJ044-0141.wav,9.0745625,4.4958434
/mnt/md1/user_wago/data/LJSpeech-1.1/wavs/LJ019-0369.wav,6.40425,4.698432
/mnt/md1/user_wago/data/LJSpeech-1.1/wavs/LJ029-0198.wav,7.576875,4.619691
/mnt/md1/user_wago/data/LJSpeech-1.1/wavs/LJ005-0167.wav,10.0265625,4.5192547
/mnt/md1/user_wago/data/LJSpeech-1.1/wavs/LJ019-0328.wav,3.6294375,4.38947
/mnt/md1/user_wago/data/LJSpeech-1.1/wavs/LJ009-0161.wav,9.086125,4.415403
/mnt/md1/user_wago/data/LJSpeech-1.1/wavs/LJ005-0128.wav,9.7363125,4.5849457
/mnt/md1/user_wago/data/LJSpeech-1.1/wavs/LJ021-0177.wav,4.5001875,4.1391597
/mnt/md1/user_wago/data/LJSpeech-1.1/wavs/LJ032-0070.wav,9.666625,4.556834
/mnt/md1/user_wago/data/LJSpeech-1.1/wavs/LJ009-0065.wav,6.7409375,4.4522986
/mnt/md1/user_wago/data/LJSpeech-1.1/wavs/LJ047-0193.wav,4.2448125,4.545225
/mnt/md1/user_wago/data/LJSpeech-1.1/wavs/LJ012-0031.wav,6.4275,4.6813984
/mnt/md1/user_wago/data/LJSpeech-1.1/wavs/LJ020-0043.wav,7.3098125,4.4451456
/mnt/md1/user_wago/data/LJSpeech-1.1/wavs/LJ005-0164.wav,6.98475,4.6193867
/mnt/md1/user_wago/data/LJSpeech-1.1/wavs/LJ002-0052.wav,5.3129375,4.598383
/mnt/md1/user_wago/data/LJSpeech-1.1/wavs/LJ050-0087.wav,9.121,4.56833
/mnt/md1/user_wago/data/LJSpeech-1.1/wavs/LJ038-0183.wav,3.71075,4.7633886
/mnt/md1/user_wago/data/LJSpeech-1.1/wavs/LJ015-0010.wav,1.9111875,4.8026237
/mnt/md1/user_wago/data/LJSpeech-1.1/wavs/LJ031-0133.wav,9.2486875,4.6190805
/mnt/md1/user_wago/data/LJSpeech-1.1/wavs/LJ003-0195.wav,7.08925,4.5203886
/mnt/md1/user_wago/data/LJSpeech-1.1/wavs/LJ029-0196.wav,6.2185,4.57378
/mnt/md1/user_wago/data/LJSpeech-1.1/wavs/LJ008-0198.wav,2.6078125,4.5940714
/mnt/md1/user_wago/data/LJSpeech-1.1/wavs/LJ048-0044.wav,5.162,4.6253543
/mnt/md1/user_wago/data/LJSpeech-1.1/wavs/LJ002-0056.wav,9.5389375,4.635664
/mnt/md1/user_wago/data/LJSpeech-1.1/wavs/LJ042-0175.wav,3.6643125,4.7175536
/mnt/md1/user_wago/data/LJSpeech-1.1/wavs/LJ002-0066.wav,9.7130625,4.6482706
/mnt/md1/user_wago/data/LJSpeech-1.1/wavs/LJ014-0109.wav,9.6434375,4.444817
/mnt/md1/user_wago/data/LJSpeech-1.1/wavs/LJ007-0036.wav,9.3531875,4.451664
/mnt/md1/user_wago/data/LJSpeech-1.1/wavs/LJ014-0265.wav,4.744,4.4723864
/mnt/md1/user_wago/data/LJSpeech-1.1/wavs/LJ018-0212.wav,3.5714375,4.552069
/mnt/md1/user_wago/data/LJSpeech-1.1/wavs/LJ019-0280.wav,1.946,3.6982403
/mnt/md1/user_wago/data/LJSpeech-1.1/wavs/LJ042-0003.wav,3.095375,4.6284876
/mnt/md1/user_wago/data/LJSpeech-1.1/wavs/LJ017-0272.wav,4.6975625,4.662451
/mnt/md1/user_wago/data/LJSpeech-1.1/wavs/LJ038-0258.wav,7.7278125,4.58984
/mnt/md1/user_wago/data/LJSpeech-1.1/wavs/LJ031-0008.wav,7.96,4.7418337
/mnt/md1/user_wago/data/LJSpeech-1.1/wavs/LJ028-0167.wav,5.440625,4.6043158
/mnt/md1/user_wago/data/LJSpeech-1.1/wavs/LJ042-0037.wav,6.682875,4.6195216
/mnt/md1/user_wago/data/LJSpeech-1.1/wavs/LJ022-0203.wav,4.7324375,4.7978635
/mnt/md1/user_wago/data/LJSpeech-1.1/wavs/LJ036-0119.wav,8.261875,4.503501
/mnt/md1/user_wago/data/LJSpeech-1.1/wavs/LJ006-0191.wav,8.261875,4.593255
/mnt/md1/user_wago/data/LJSpeech-1.1/wavs/LJ008-0197.wav,1.8299375,4.5694523
/mnt/md1/user_wago/data/LJSpeech-1.1/wavs/LJ004-0184.wav,8.8888125,4.3276653
/mnt/md1/user_wago/data/LJSpeech-1.1/wavs/LJ018-0271.wav,6.98475,4.421425
/mnt/md1/user_wago/data/LJSpeech-1.1/wavs/LJ048-0091.wav,1.679,4.776986
/mnt/md1/user_wago/data/LJSpeech-1.1/wavs/LJ032-0064.wav,9.6550625,4.6161737
/mnt/md1/user_wago/data/LJSpeech-1.1/wavs/LJ028-0300.wav,4.6163125,4.7150917
/mnt/md1/user_wago/data/LJSpeech-1.1/wavs/LJ016-0027.wav,2.5729375,4.747341
/mnt/md1/user_wago/data/LJSpeech-1.1/wavs/LJ046-0045.wav,9.7130625,4.5294967
/mnt/md1/user_wago/data/LJSpeech-1.1/wavs/LJ016-0117.wav,8.319875,4.686365
/mnt/md1/user_wago/data/LJSpeech-1.1/wavs/LJ009-0247.wav,9.09775,4.6732006
/mnt/md1/user_wago/data/LJSpeech-1.1/wavs/LJ048-0049.wav,5.8005,4.5673423
/mnt/md1/user_wago/data/LJSpeech-1.1/wavs/LJ028-0064.wav,9.2603125,4.4840674
/mnt/md1/user_wago/data/LJSpeech-1.1/wavs/LJ040-0037.wav,4.7091875,4.480732
/mnt/md1/user_wago/data/LJSpeech-1.1/wavs/LJ008-0150.wav,3.594625,4.568228
/mnt/md1/user_wago/data/LJSpeech-1.1/wavs/LJ025-0057.wav,8.0993125,4.693736
/mnt/md1/user_wago/data/LJSpeech-1.1/wavs/LJ018-0081.wav,7.19375,4.692686
/mnt/md1/user_wago/data/LJSpeech-1.1/wavs/LJ029-0173.wav,9.666625,4.648092
/mnt/md1/user_wago/data/LJSpeech-1.1/wavs/LJ038-0164.wav,3.385625,4.743913
/mnt/md1/user_wago/data/LJSpeech-1.1/wavs/LJ038-0074.wav,5.7425,4.736714
/mnt/md1/user_wago/data/LJSpeech-1.1/wavs/LJ002-0178.wav,5.0226875,4.549953
/mnt/md1/user_wago/data/LJSpeech-1.1/wavs/LJ031-0110.wav,7.5884375,4.79273
/mnt/md1/user_wago/data/LJSpeech-1.1/wavs/LJ032-0047.wav,3.7688125,4.8237605
/mnt/md1/user_wago/data/LJSpeech-1.1/wavs/LJ006-0042.wav,5.847,4.6070886
/mnt/md1/user_wago/data/LJSpeech-1.1/wavs/LJ025-0017.wav,9.5389375,4.5649486
/mnt/md1/user_wago/data/LJSpeech-1.1/wavs/LJ038-0108.wav,8.923625,4.7012467
/mnt/md1/user_wago/data/LJSpeech-1.1/wavs/LJ014-0273.wav,6.323,4.647162
/mnt/md1/user_wago/data/LJSpeech-1.1/wavs/LJ036-0126.wav,8.703,4.650963
/mnt/md1/user_wago/data/LJSpeech-1.1/wavs/LJ029-0040.wav,9.5273125,4.5234632
/mnt/md1/user_wago/data/LJSpeech-1.1/wavs/LJ024-0028.wav,4.3028125,4.4843874
/mnt/md1/user_wago/data/LJSpeech-1.1/wavs/LJ010-0026.wav,8.5636875,4.7997932
/mnt/md1/user_wago/data/LJSpeech-1.1/wavs/LJ034-0202.wav,1.679,4.504937
/mnt/md1/user_wago/data/LJSpeech-1.1/wavs/LJ004-0099.wav,3.304375,4.670356
/mnt/md1/user_wago/data/LJSpeech-1.1/wavs/LJ031-0114.wav,9.99175,4.65423
/mnt/md1/user_wago/data/LJSpeech-1.1/wavs/LJ033-0186.wav,5.8818125,4.6974726
/mnt/md1/user_wago/data/LJSpeech-1.1/wavs/LJ005-0090.wav,6.810625,4.5921392
/mnt/md1/user_wago/data/LJSpeech-1.1/wavs/LJ030-0107.wav,3.199875,4.562626
/mnt/md1/user_wago/data/LJSpeech-1.1/wavs/LJ047-0247.wav,6.415875,4.695837
/mnt/md1/user_wago/data/LJSpeech-1.1/wavs/LJ016-0266.wav,7.286625,4.664379
/mnt/md1/user_wago/data/LJSpeech-1.1/wavs/LJ035-0058.wav,5.429,4.140992
/mnt/md1/user_wago/data/LJSpeech-1.1/wavs/LJ013-0143.wav,8.2850625,4.621105
/mnt/md1/user_wago/data/LJSpeech-1.1/wavs/LJ014-0045.wav,8.8075,4.562822
/mnt/md1/user_wago/data/LJSpeech-1.1/wavs/LJ028-0483.wav,7.9135625,4.623523
/mnt/md1/user_wago/data/LJSpeech-1.1/wavs/LJ041-0177.wav,7.7161875,4.5670433
/mnt/md1/user_wago/data/LJSpeech-1.1/wavs/LJ011-0169.wav,6.7409375,4.5891294
/mnt/md1/user_wago/data/LJSpeech-1.1/wavs/LJ005-0124.wav,9.09775,4.410995
/mnt/md1/user_wago/data/LJSpeech-1.1/wavs/LJ009-0006.wav,8.052875,4.562369
/mnt/md1/user_wago/data/LJSpeech-1.1/wavs/LJ031-0160.wav,2.7935625,4.6618657
/mnt/md1/user_wago/data/LJSpeech-1.1/wavs/LJ004-0169.wav,5.5335,4.57716
/mnt/md1/user_wago/data/LJSpeech-1.1/wavs/LJ036-0180.wav,6.6945,4.745314
/mnt/md1/user_wago/data/LJSpeech-1.1/wavs/LJ034-0079.wav,1.9228125,4.0478764
/mnt/md1/user_wago/data/LJSpeech-1.1/wavs/LJ009-0071.wav,2.6078125,4.477771
/mnt/md1/user_wago/data/LJSpeech-1.1/wavs/LJ007-0097.wav,9.399625,4.63866
/mnt/md1/user_wago/data/LJSpeech-1.1/wavs/LJ033-0097.wav,5.707625,4.6986017
/mnt/md1/user_wago/data/LJSpeech-1.1/wavs/LJ032-0038.wav,6.03275,4.7013063
/mnt/md1/user_wago/data/LJSpeech-1.1/wavs/LJ050-0262.wav,5.7656875,4.7908072
/mnt/md1/user_wago/data/LJSpeech-1.1/wavs/LJ043-0117.wav,8.1225,4.7227764
/mnt/md1/user_wago/data/LJSpeech-1.1/wavs/LJ036-0098.wav,7.2285625,4.6229334
/mnt/md1/user_wago/data/LJSpeech-1.1/wavs/LJ002-0318.wav,9.213875,4.5257998
/mnt/md1/user_wago/data/LJSpeech-1.1/wavs/LJ019-0238.wav,10.0149375,4.6753383
/mnt/md1/user_wago/data/LJSpeech-1.1/wavs/LJ022-0027.wav,7.1473125,4.6945724
/mnt/md1/user_wago/data/LJSpeech-1.1/wavs/LJ034-0197.wav,7.8090625,4.616628
/mnt/md1/user_wago/data/LJSpeech-1.1/wavs/LJ026-0111.wav,3.7571875,4.683271
/mnt/md1/user_wago/data/LJSpeech-1.1/wavs/LJ028-0459.wav,8.842375,4.2453384
/mnt/md1/user_wago/data/LJSpeech-1.1/wavs/LJ041-0063.wav,6.520375,4.4237523
/mnt/md1/user_wago/data/LJSpeech-1.1/wavs/LJ010-0181.wav,9.0396875,4.521129
/mnt/md1/user_wago/data/LJSpeech-1.1/wavs/LJ033-0030.wav,7.9019375,4.6971674
/mnt/md1/user_wago/data/LJSpeech-1.1/wavs/LJ018-0004.wav,5.638,4.593977
/mnt/md1/user_wago/data/LJSpeech-1.1/wavs/LJ008-0248.wav,6.5435625,4.703822
/mnt/md1/user_wago/data/LJSpeech-1.1/wavs/LJ008-0075.wav,8.912,4.483826
/mnt/md1/user_wago/data/LJSpeech-1.1/wavs/LJ050-0065.wav,9.2370625,4.6114297
/mnt/md1/user_wago/data/LJSpeech-1.1/wavs/LJ034-0112.wav,7.7278125,4.6990924
/mnt/md1/user_wago/data/LJSpeech-1.1/wavs/LJ014-0091.wav,6.8570625,4.5681186
/mnt/md1/user_wago/data/LJSpeech-1.1/wavs/LJ032-0216.wav,9.504125,4.563415
/mnt/md1/user_wago/data/LJSpeech-1.1/wavs/LJ035-0210.wav,7.2053125,4.52277
/mnt/md1/user_wago/data/LJSpeech-1.1/wavs/LJ010-0242.wav,8.795875,4.7236004
/mnt/md1/user_wago/data/LJSpeech-1.1/wavs/LJ003-0090.wav,6.787375,4.410081
/mnt/md1/user_wago/data/LJSpeech-1.1/wavs/LJ001-0132.wav,8.157375,4.4101043
/mnt/md1/user_wago/data/LJSpeech-1.1/wavs/LJ050-0011.wav,3.908125,4.7401714
/mnt/md1/user_wago/data/LJSpeech-1.1/wavs/LJ031-0084.wav,7.8786875,4.6753755
/mnt/md1/user_wago/data/LJSpeech-1.1/wavs/LJ002-0277.wav,9.4344375,4.439061
/mnt/md1/user_wago/data/LJSpeech-1.1/wavs/LJ008-0034.wav,8.8888125,4.419134
/mnt/md1/user_wago/data/LJSpeech-1.1/wavs/LJ010-0239.wav,8.703,4.623378
/mnt/md1/user_wago/data/LJSpeech-1.1/wavs/LJ010-0033.wav,8.1225,4.5697403
/mnt/md1/user_wago/data/LJSpeech-1.1/wavs/LJ041-0088.wav,8.9584375,4.562769
/mnt/md1/user_wago/data/LJSpeech-1.1/wavs/LJ033-0147.wav,3.3624375,4.700885
/mnt/md1/user_wago/data/LJSpeech-1.1/wavs/LJ011-0076.wav,7.93675,4.5081854
/mnt/md1/user_wago/data/LJSpeech-1.1/wavs/LJ008-0090.wav,8.3663125,4.4830494
/mnt/md1/user_wago/data/LJSpeech-1.1/wavs/LJ008-0223.wav,5.835375,4.5299788
/mnt/md1/user_wago/data/LJSpeech-1.1/wavs/LJ035-0048.wav,4.686,4.6191626
/mnt/md1/user_wago/data/LJSpeech-1.1/wavs/LJ031-0004.wav,7.2053125,4.627999
/mnt/md1/user_wago/data/LJSpeech-1.1/wavs/LJ010-0306.wav,5.429,4.769487
/mnt/md1/user_wago/data/LJSpeech-1.1/wavs/LJ003-0048.wav,8.4011875,4.70692
/mnt/md1/user_wago/data/LJSpeech-1.1/wavs/LJ004-0240.wav,7.9135625,4.529805
/mnt/md1/user_wago/data/LJSpeech-1.1/wavs/LJ048-0074.wav,3.4205,4.746645
/mnt/md1/user_wago/data/LJSpeech-1.1/wavs/LJ011-0090.wav,2.747125,4.6038647
/mnt/md1/user_wago/data/LJSpeech-1.1/wavs/LJ028-0076.wav,5.22,4.65047
/mnt/md1/user_wago/data/LJSpeech-1.1/wavs/LJ007-0167.wav,7.46075,4.6789083
/mnt/md1/user_wago/data/LJSpeech-1.1/wavs/LJ021-0098.wav,6.4855,4.3274097
/mnt/md1/user_wago/data/LJSpeech-1.1/wavs/LJ024-0111.wav,3.2115,4.570679
/mnt/md1/user_wago/data/LJSpeech-1.1/wavs/LJ010-0111.wav,5.9630625,4.7563033
/mnt/md1/user_wago/data/LJSpeech-1.1/wavs/LJ002-0230.wav,8.8075,4.463301
/mnt/md1/user_wago/data/LJSpeech-1.1/wavs/LJ036-0212.wav,7.5304375,4.7174835
/mnt/md1/user_wago/data/LJSpeech-1.1/wavs/LJ002-0209.wav,9.9220625,4.40063
/mnt/md1/user_wago/data/LJSpeech-1.1/wavs/LJ005-0145.wav,4.8136875,4.6101003
/mnt/md1/user_wago/data/LJSpeech-1.1/wavs/LJ049-0183.wav,6.973125,4.5284843
/mnt/md1/user_wago/data/LJSpeech-1.1/wavs/LJ023-0093.wav,8.9816875,4.43596
/mnt/md1/user_wago/data/LJSpeech-1.1/wavs/LJ011-0283.wav,9.028125,4.581405
/mnt/md1/user_wago/data/LJSpeech-1.1/wavs/LJ039-0152.wav,3.037375,4.4686937
/mnt/md1/user_wago/data/LJSpeech-1.1/wavs/LJ023-0007.wav,7.3446875,4.495487
/mnt/md1/user_wago/data/LJSpeech-1.1/wavs/LJ034-0082.wav,5.069125,4.6345444
/mnt/md1/user_wago/data/LJSpeech-1.1/wavs/LJ027-0066.wav,7.158875,4.5350313
/mnt/md1/user_wago/data/LJSpeech-1.1/wavs/LJ014-0217.wav,8.842375,4.3189654
/mnt/md1/user_wago/data/LJSpeech-1.1/wavs/LJ003-0043.wav,4.6975625,4.580896
/mnt/md1/user_wago/data/LJSpeech-1.1/wavs/LJ032-0106.wav,7.100875,4.604482
/mnt/md1/user_wago/data/LJSpeech-1.1/wavs/LJ034-0028.wav,10.0149375,4.683294
/mnt/md1/user_wago/data/LJSpeech-1.1/wavs/LJ011-0178.wav,8.9584375,4.5496516
/mnt/md1/user_wago/data/LJSpeech-1.1/wavs/LJ036-0023.wav,7.7278125,4.5466504
/mnt/md1/user_wago/data/LJSpeech-1.1/wavs/LJ002-0098.wav,7.46075,4.613002
/mnt/md1/user_wago/data/LJSpeech-1.1/wavs/LJ013-0240.wav,5.359375,4.702975
/mnt/md1/user_wago/data/LJSpeech-1.1/wavs/LJ040-0141.wav,8.2850625,4.424344
/mnt/md1/user_wago/data/LJSpeech-1.1/wavs/LJ030-0086.wav,1.690625,4.778604
/mnt/md1/user_wago/data/LJSpeech-1.1/wavs/LJ027-0148.wav,3.803625,4.5085235
/mnt/md1/user_wago/data/LJSpeech-1.1/wavs/LJ023-0009.wav,3.722375,4.7262793
/mnt/md1/user_wago/data/LJSpeech-1.1/wavs/LJ027-0097.wav,9.806,4.3787317
/mnt/md1/user_wago/data/LJSpeech-1.1/wavs/LJ016-0303.wav,8.2734375,4.494673
/mnt/md1/user_wago/data/LJSpeech-1.1/wavs/LJ004-0207.wav,4.4305625,4.541803
/mnt/md1/user_wago/data/LJSpeech-1.1/wavs/LJ006-0262.wav,4.8485,4.456171
/mnt/md1/user_wago/data/LJSpeech-1.1/wavs/LJ031-0059.wav,6.50875,4.7030315
/mnt/md1/user_wago/data/LJSpeech-1.1/wavs/LJ019-0108.wav,5.4754375,4.5599694
/mnt/md1/user_wago/data/LJSpeech-1.1/wavs/LJ042-0196.wav,5.127125,4.5361347
/mnt/md1/user_wago/data/LJSpeech-1.1/wavs/LJ010-0034.wav,5.8934375,4.496199
/mnt/md1/user_wago/data/LJSpeech-1.1/wavs/LJ016-0137.wav,9.771125,4.6420126
/mnt/md1/user_wago/data/LJSpeech-1.1/wavs/LJ035-0133.wav,2.7703125,4.5641937
/mnt/md1/user_wago/data/LJSpeech-1.1/wavs/LJ005-0218.wav,3.4553125,4.6095257
/mnt/md1/user_wago/data/LJSpeech-1.1/wavs/LJ010-0115.wav,4.08225,3.993931
/mnt/md1/user_wago/data/LJSpeech-1.1/wavs/LJ041-0017.wav,8.912,4.5048985
/mnt/md1/user_wago/data/LJSpeech-1.1/wavs/LJ018-0249.wav,5.51025,4.1762543
/mnt/md1/user_wago/data/LJSpeech-1.1/wavs/LJ030-0184.wav,4.5930625,4.610324
/mnt/md1/user_wago/data/LJSpeech-1.1/wavs/LJ006-0009.wav,3.583,4.5395265
/mnt/md1/user_wago/data/LJSpeech-1.1/wavs/LJ014-0209.wav,6.4506875,4.5832872
/mnt/md1/user_wago/data/LJSpeech-1.1/wavs/LJ008-0004.wav,4.1286875,4.599287
/mnt/md1/user_wago/data/LJSpeech-1.1/wavs/LJ013-0160.wav,6.6248125,4.5391765
/mnt/md1/user_wago/data/LJSpeech-1.1/wavs/LJ032-0042.wav,4.686,4.722996
/mnt/md1/user_wago/data/LJSpeech-1.1/wavs/LJ022-0118.wav,4.569875,4.835445
/mnt/md1/user_wago/data/LJSpeech-1.1/wavs/LJ018-0276.wav,8.6565625,4.622341
/mnt/md1/user_wago/data/LJSpeech-1.1/wavs/LJ018-0009.wav,8.6798125,4.4711566
/mnt/md1/user_wago/data/LJSpeech-1.1/wavs/LJ040-0021.wav,7.3330625,4.475096
/mnt/md1/user_wago/data/LJSpeech-1.1/wavs/LJ039-0135.wav,6.206875,4.432408
/mnt/md1/user_wago/data/LJSpeech-1.1/wavs/LJ003-0314.wav,7.4955625,4.6312475
/mnt/md1/user_wago/data/LJSpeech-1.1/wavs/LJ021-0005.wav,4.9181875,4.6427045
/mnt/md1/user_wago/data/LJSpeech-1.1/wavs/LJ031-0064.wav,5.3825625,4.4182835
/mnt/md1/user_wago/data/LJSpeech-1.1/wavs/LJ018-0179.wav,7.5188125,4.658775
/mnt/md1/user_wago/data/LJSpeech-1.1/wavs/LJ049-0032.wav,6.9266875,4.6840467
/mnt/md1/user_wago/data/LJSpeech-1.1/wavs/LJ030-0066.wav,6.0559375,4.5597506
/mnt/md1/user_wago/data/LJSpeech-1.1/wavs/LJ008-0022.wav,2.723875,4.6774006
/mnt/md1/user_wago/data/LJSpeech-1.1/wavs/LJ034-0051.wav,5.835375,4.700772
/mnt/md1/user_wago/data/LJSpeech-1.1/wavs/LJ005-0074.wav,4.384125,4.6868205
/mnt/md1/user_wago/data/LJSpeech-1.1/wavs/LJ045-0047.wav,1.1333125,4.320574
/mnt/md1/user_wago/data/LJSpeech-1.1/wavs/LJ020-0053.wav,8.436,4.4011455
/mnt/md1/user_wago/data/LJSpeech-1.1/wavs/LJ003-0258.wav,7.391125,4.6148643
/mnt/md1/user_wago/data/LJSpeech-1.1/wavs/LJ006-0119.wav,9.7363125,4.5498147
/mnt/md1/user_wago/data/LJSpeech-1.1/wavs/LJ032-0005.wav,4.39575,4.728366
/mnt/md1/user_wago/data/LJSpeech-1.1/wavs/LJ016-0391.wav,10.061375,4.6013684
/mnt/md1/user_wago/data/LJSpeech-1.1/wavs/LJ018-0307.wav,10.084625,4.6756787
/mnt/md1/user_wago/data/LJSpeech-1.1/wavs/LJ016-0224.wav,8.5636875,4.636918
/mnt/md1/user_wago/data/LJSpeech-1.1/wavs/LJ034-0018.wav,5.336125,4.646571
/mnt/md1/user_wago/data/LJSpeech-1.1/wavs/LJ018-0236.wav,8.5405,4.6361375
/mnt/md1/user_wago/data/LJSpeech-1.1/wavs/LJ013-0237.wav,6.381,4.807996
/mnt/md1/user_wago/data/LJSpeech-1.1/wavs/LJ017-0139.wav,10.0265625,4.6809435
/mnt/md1/user_wago/data/LJSpeech-1.1/wavs/LJ049-0056.wav,7.0428125,4.5509176
/mnt/md1/user_wago/data/LJSpeech-1.1/wavs/LJ048-0016.wav,3.6294375,4.606692
/mnt/md1/user_wago/data/LJSpeech-1.1/wavs/LJ019-0020.wav,3.6294375,4.538376
/mnt/md1/user_wago/data/LJSpeech-1.1/wavs/LJ004-0248.wav,4.1635,4.6385717
/mnt/md1/user_wago/data/LJSpeech-1.1/wavs/LJ040-0181.wav,5.6960625,4.462919
/mnt/md1/user_wago/data/LJSpeech-1.1/wavs/LJ009-0143.wav,9.4344375,4.598348
/mnt/md1/user_wago/data/LJSpeech-1.1/wavs/LJ006-0018.wav,4.6279375,4.612777
/mnt/md1/user_wago/data/LJSpeech-1.1/wavs/LJ016-0070.wav,6.77575,4.598529
/mnt/md1/user_wago/data/LJSpeech-1.1/wavs/LJ049-0081.wav,4.9878125,4.4735637
/mnt/md1/user_wago/data/LJSpeech-1.1/wavs/LJ021-0089.wav,3.617875,3.8068485
/mnt/md1/user_wago/data/LJSpeech-1.1/wavs/LJ043-0049.wav,8.215375,4.5872536
/mnt/md1/user_wago/data/LJSpeech-1.1/wavs/LJ019-0349.wav,5.440625,4.4894104
/mnt/md1/user_wago/data/LJSpeech-1.1/wavs/LJ049-0064.wav,3.617875,4.651519
/mnt/md1/user_wago/data/LJSpeech-1.1/wavs/LJ001-0011.wav,4.5118125,4.5117173
/mnt/md1/user_wago/data/LJSpeech-1.1/wavs/LJ048-0112.wav,8.1689375,4.6172614
/mnt/md1/user_wago/data/LJSpeech-1.1/wavs/LJ050-0261.wav,6.8221875,4.616707
/mnt/md1/user_wago/data/LJSpeech-1.1/wavs/LJ024-0042.wav,2.9793125,4.2480774
/mnt/md1/user_wago/data/LJSpeech-1.1/wavs/LJ046-0204.wav,9.6434375,4.6232233
/mnt/md1/user_wago/data/LJSpeech-1.1/wavs/LJ018-0008.wav,3.2695625,4.408742
/mnt/md1/user_wago/data/LJSpeech-1.1/wavs/LJ005-0181.wav,7.3330625,4.6587625
/mnt/md1/user_wago/data/LJSpeech-1.1/wavs/LJ023-0098.wav,2.5149375,4.627805
/mnt/md1/user_wago/data/LJSpeech-1.1/wavs/LJ003-0201.wav,6.4855,4.5987363
/mnt/md1/user_wago/data/LJSpeech-1.1/wavs/LJ016-0053.wav,8.029625,4.6799192
/mnt/md1/user_wago/data/LJSpeech-1.1/wavs/LJ050-0026.wav,6.288125,4.650878
/mnt/md1/user_wago/data/LJSpeech-1.1/wavs/LJ008-0038.wav,6.311375,4.5350113
/mnt/md1/user_wago/data/LJSpeech-1.1/wavs/LJ024-0074.wav,5.51025,4.0106587
/mnt/md1/user_wago/data/LJSpeech-1.1/wavs/LJ020-0016.wav,9.190625,4.5295887
/mnt/md1/user_wago/data/LJSpeech-1.1/wavs/LJ040-0032.wav,8.795875,4.3705554
/mnt/md1/user_wago/data/LJSpeech-1.1/wavs/LJ028-0127.wav,4.9994375,4.667227
/mnt/md1/user_wago/data/LJSpeech-1.1/wavs/LJ026-0052.wav,7.3446875,4.6038103
/mnt/md1/user_wago/data/LJSpeech-1.1/wavs/LJ025-0123.wav,5.997875,4.733321
/mnt/md1/user_wago/data/LJSpeech-1.1/wavs/LJ033-0077.wav,7.843875,4.676108
/mnt/md1/user_wago/data/LJSpeech-1.1/wavs/LJ016-0104.wav,3.095375,4.532385
/mnt/md1/user_wago/data/LJSpeech-1.1/wavs/LJ030-0025.wav,6.311375,4.715848
/mnt/md1/user_wago/data/LJSpeech-1.1/wavs/LJ012-0022.wav,7.4026875,4.69168
/mnt/md1/user_wago/data/LJSpeech-1.1/wavs/LJ025-0010.wav,3.2115,4.7757516
/mnt/md1/user_wago/data/LJSpeech-1.1/wavs/LJ008-0030.wav,6.1488125,4.5718
/mnt/md1/user_wago/data/LJSpeech-1.1/wavs/LJ022-0074.wav,4.488625,4.3727827
/mnt/md1/user_wago/data/LJSpeech-1.1/wavs/LJ037-0163.wav,7.263375,4.6326585
/mnt/md1/user_wago/data/LJSpeech-1.1/wavs/LJ034-0062.wav,4.674375,4.6242876
/mnt/md1/user_wago/data/LJSpeech-1.1/wavs/LJ038-0280.wav,4.5350625,4.4604683
/mnt/md1/user_wago/data/LJSpeech-1.1/wavs/LJ014-0075.wav,6.40425,4.7702107
/mnt/md1/user_wago/data/LJSpeech-1.1/wavs/LJ037-0128.wav,6.682875,4.6434674
/mnt/md1/user_wago/data/LJSpeech-1.1/wavs/LJ009-0156.wav,4.1170625,4.322167
/mnt/md1/user_wago/data/LJSpeech-1.1/wavs/LJ017-0067.wav,7.9948125,4.675427
/mnt/md1/user_wago/data/LJSpeech-1.1/wavs/LJ050-0196.wav,9.608625,4.521559
/mnt/md1/user_wago/data/LJSpeech-1.1/wavs/LJ045-0174.wav,9.67825,4.282528
/mnt/md1/user_wago/data/LJSpeech-1.1/wavs/LJ026-0040.wav,7.1356875,4.5403867
/mnt/md1/user_wago/data/LJSpeech-1.1/wavs/LJ036-0027.wav,2.7586875,4.8334317
/mnt/md1/user_wago/data/LJSpeech-1.1/wavs/LJ034-0199.wav,10.09625,4.4669566
/mnt/md1/user_wago/data/LJSpeech-1.1/wavs/LJ029-0177.wav,7.6116875,4.5514007
/mnt/md1/user_wago/data/LJSpeech-1.1/wavs/LJ021-0144.wav,8.7843125,4.097506
/mnt/md1/user_wago/data/LJSpeech-1.1/wavs/LJ032-0027.wav,8.029625,4.6641984
/mnt/md1/user_wago/data/LJSpeech-1.1/wavs/LJ010-0272.wav,8.51725,4.664822
/mnt/md1/user_wago/data/LJSpeech-1.1/wavs/LJ005-0080.wav,9.5505625,4.5423346
/mnt/md1/user_wago/data/LJSpeech-1.1/wavs/LJ014-0052.wav,9.5505625,4.447916
/mnt/md1/user_wago/data/LJSpeech-1.1/wavs/LJ016-0142.wav,7.25175,4.4071636
/mnt/md1/user_wago/data/LJSpeech-1.1/wavs/LJ004-0011.wav,7.1124375,4.566638
/mnt/md1/user_wago/data/LJSpeech-1.1/wavs/LJ008-0239.wav,9.09775,4.488509
/mnt/md1/user_wago/data/LJSpeech-1.1/wavs/LJ035-0175.wav,2.932875,4.6347575
/mnt/md1/user_wago/data/LJSpeech-1.1/wavs/LJ048-0237.wav,8.3315,4.5477686
/mnt/md1/user_wago/data/LJSpeech-1.1/wavs/LJ038-0084.wav,5.4058125,4.7150273
/mnt/md1/user_wago/data/LJSpeech-1.1/wavs/LJ037-0215.wav,5.3825625,4.687535
/mnt/md1/user_wago/data/LJSpeech-1.1/wavs/LJ042-0226.wav,5.626375,4.501091
/mnt/md1/user_wago/data/LJSpeech-1.1/wavs/LJ026-0086.wav,8.4940625,4.5279984
/mnt/md1/user_wago/data/LJSpeech-1.1/wavs/LJ028-0331.wav,4.2215625,4.5888877
/mnt/md1/user_wago/data/LJSpeech-1.1/wavs/LJ023-0059.wav,9.6318125,4.4922376
/mnt/md1/user_wago/data/LJSpeech-1.1/wavs/LJ041-0001.wav,9.88725,4.672444
/mnt/md1/user_wago/data/LJSpeech-1.1/wavs/LJ019-0156.wav,8.83075,4.522435
/mnt/md1/user_wago/data/LJSpeech-1.1/wavs/LJ048-0231.wav,8.14575,4.553455
/mnt/md1/user_wago/data/LJSpeech-1.1/wavs/LJ011-0073.wav,4.29125,4.729789
/mnt/md1/user_wago/data/LJSpeech-1.1/wavs/LJ036-0060.wav,8.1109375,4.416392
/mnt/md1/user_wago/data/LJSpeech-1.1/wavs/LJ032-0054.wav,7.263375,4.484338
/mnt/md1/user_wago/data/LJSpeech-1.1/wavs/LJ023-0118.wav,5.069125,4.626716
/mnt/md1/user_wago/data/LJSpeech-1.1/wavs/LJ014-0008.wav,9.4228125,4.579601
/mnt/md1/user_wago/data/LJSpeech-1.1/wavs/LJ039-0070.wav,9.2370625,4.6062336
/mnt/md1/user_wago/data/LJSpeech-1.1/wavs/LJ012-0221.wav,6.7176875,4.741234
/mnt/md1/user_wago/data/LJSpeech-1.1/wavs/LJ048-0069.wav,3.966125,4.7194357
/mnt/md1/user_wago/data/LJSpeech-1.1/wavs/LJ036-0047.wav,5.22,4.5603466
/mnt/md1/user_wago/data/LJSpeech-1.1/wavs/LJ044-0012.wav,3.432125,4.633049
/mnt/md1/user_wago/data/LJSpeech-1.1/wavs/LJ050-0274.wav,4.5001875,4.7572746
/mnt/md1/user_wago/data/LJSpeech-1.1/wavs/LJ042-0221.wav,7.472375,4.3742123
/mnt/md1/user_wago/data/LJSpeech-1.1/wavs/LJ037-0041.wav,9.608625,4.66735
/mnt/md1/user_wago/data/LJSpeech-1.1/wavs/LJ006-0040.wav,8.8888125,4.6569695
/mnt/md1/user_wago/data/LJSpeech-1.1/wavs/LJ019-0062.wav,4.8833125,4.7023134
/mnt/md1/user_wago/data/LJSpeech-1.1/wavs/LJ022-0071.wav,6.3461875,4.747846
/mnt/md1/user_wago/data/LJSpeech-1.1/wavs/LJ005-0191.wav,5.9630625,4.5208564
/mnt/md1/user_wago/data/LJSpeech-1.1/wavs/LJ027-0093.wav,5.82375,4.6108265
/mnt/md1/user_wago/data/LJSpeech-1.1/wavs/LJ008-0042.wav,9.5621875,4.465896
/mnt/md1/user_wago/data/LJSpeech-1.1/wavs/LJ038-0079.wav,1.4468125,4.9483776
/mnt/md1/user_wago/data/LJSpeech-1.1/wavs/LJ048-0201.wav,9.7363125,4.5081277
/mnt/md1/user_wago/data/LJSpeech-1.1/wavs/LJ050-0088.wav,4.744,4.733246
/mnt/md1/user_wago/data/LJSpeech-1.1/wavs/LJ008-0069.wav,3.118625,4.629666
/mnt/md1/user_wago/data/LJSpeech-1.1/wavs/LJ027-0039.wav,2.3871875,4.482663
/mnt/md1/user_wago/data/LJSpeech-1.1/wavs/LJ017-0251.wav,5.638,4.812289
/mnt/md1/user_wago/data/LJSpeech-1.1/wavs/LJ025-0033.wav,5.2896875,4.6176367
/mnt/md1/user_wago/data/LJSpeech-1.1/wavs/LJ012-0294.wav,3.6526875,4.5759296
/mnt/md1/user_wago/data/LJSpeech-1.1/wavs/LJ028-0418.wav,5.9746875,4.1436367
/mnt/md1/user_wago/data/LJSpeech-1.1/wavs/LJ038-0211.wav,9.67825,4.5917315
/mnt/md1/user_wago/data/LJSpeech-1.1/wavs/LJ038-0203.wav,5.707625,4.8003187
/mnt/md1/user_wago/data/LJSpeech-1.1/wavs/LJ032-0001.wav,10.0265625,4.71163
/mnt/md1/user_wago/data/LJSpeech-1.1/wavs/LJ018-0226.wav,5.0110625,4.628241
/mnt/md1/user_wago/data/LJSpeech-1.1/wavs/LJ042-0045.wav,6.98475,4.537809
/mnt/md1/user_wago/data/LJSpeech-1.1/wavs/LJ019-0362.wav,7.762625,4.562511
/mnt/md1/user_wago/data/LJSpeech-1.1/wavs/LJ011-0064.wav,7.948375,4.5742993
/mnt/md1/user_wago/data/LJSpeech-1.1/wavs/LJ049-0165.wav,9.190625,4.4924893
/mnt/md1/user_wago/data/LJSpeech-1.1/wavs/LJ009-0026.wav,9.4693125,4.5953493
/mnt/md1/user_wago/data/LJSpeech-1.1/wavs/LJ008-0159.wav,3.3740625,4.3680186
/mnt/md1/user_wago/data/LJSpeech-1.1/wavs/LJ002-0096.wav,4.384125,4.541427
/mnt/md1/user_wago/data/LJSpeech-1.1/wavs/LJ017-0020.wav,5.1155625,4.714772
/mnt/md1/user_wago/data/LJSpeech-1.1/wavs/LJ017-0186.wav,6.323,4.6692
/mnt/md1/user_wago/data/LJSpeech-1.1/wavs/LJ013-0251.wav,7.077625,4.7031617
/mnt/md1/user_wago/data/LJSpeech-1.1/wavs/LJ041-0008.wav,6.706125,4.675889
/mnt/md1/user_wago/data/LJSpeech-1.1/wavs/LJ031-0077.wav,6.996375,4.720629
/mnt/md1/user_wago/data/LJSpeech-1.1/wavs/LJ045-0150.wav,9.2486875,4.566947
/mnt/md1/user_wago/data/LJSpeech-1.1/wavs/LJ010-0280.wav,9.7595625,4.581094
/mnt/md1/user_wago/data/LJSpeech-1.1/wavs/LJ028-0496.wav,5.150375,4.6921034
/mnt/md1/user_wago/data/LJSpeech-1.1/wavs/LJ021-0063.wav,3.3508125,4.631283
/mnt/md1/user_wago/data/LJSpeech-1.1/wavs/LJ045-0108.wav,6.102375,4.5882254
/mnt/md1/user_wago/data/LJSpeech-1.1/wavs/LJ038-0170.wav,6.973125,4.5233173
/mnt/md1/user_wago/data/LJSpeech-1.1/wavs/LJ026-0145.wav,6.381,4.512991
/mnt/md1/user_wago/data/LJSpeech-1.1/wavs/LJ007-0197.wav,7.93675,4.525119
/mnt/md1/user_wago/data/LJSpeech-1.1/wavs/LJ028-0106.wav,10.0498125,4.6665125
/mnt/md1/user_wago/data/LJSpeech-1.1/wavs/LJ037-0168.wav,4.8020625,4.7344046
/mnt/md1/user_wago/data/LJSpeech-1.1/wavs/LJ004-0043.wav,6.6945,4.529615
/mnt/md1/user_wago/data/LJSpeech-1.1/wavs/LJ013-0207.wav,8.238625,4.519195
/mnt/md1/user_wago/data/LJSpeech-1.1/wavs/LJ023-0077.wav,2.352375,4.791371
/mnt/md1/user_wago/data/LJSpeech-1.1/wavs/LJ042-0227.wav,9.7130625,4.3749003
/mnt/md1/user_wago/data/LJSpeech-1.1/wavs/LJ027-0089.wav,8.424375,4.432825
/mnt/md1/user_wago/data/LJSpeech-1.1/wavs/LJ010-0070.wav,7.391125,4.530155
/mnt/md1/user_wago/data/LJSpeech-1.1/wavs/LJ003-0127.wav,6.2416875,4.671437
/mnt/md1/user_wago/data/LJSpeech-1.1/wavs/LJ018-0301.wav,5.82375,4.807103
/mnt/md1/user_wago/data/LJSpeech-1.1/wavs/LJ032-0018.wav,1.957625,4.7823234
/mnt/md1/user_wago/data/LJSpeech-1.1/wavs/LJ050-0117.wav,5.521875,4.74352
/mnt/md1/user_wago/data/LJSpeech-1.1/wavs/LJ015-0253.wav,9.2370625,4.6030865
/mnt/md1/user_wago/data/LJSpeech-1.1/wavs/LJ007-0239.wav,7.5071875,4.504241
/mnt/md1/user_wago/data/LJSpeech-1.1/wavs/LJ018-0376.wav,9.88725,4.5456266
/mnt/md1/user_wago/data/LJSpeech-1.1/wavs/LJ010-0269.wav,3.6410625,4.6404467
/mnt/md1/user_wago/data/LJSpeech-1.1/wavs/LJ010-0098.wav,5.905,4.710143
/mnt/md1/user_wago/data/LJSpeech-1.1/wavs/LJ007-0129.wav,8.04125,4.556664
/mnt/md1/user_wago/data/LJSpeech-1.1/wavs/LJ002-0317.wav,4.5930625,4.6861525
/mnt/md1/user_wago/data/LJSpeech-1.1/wavs/LJ017-0252.wav,4.3028125,4.7661586
/mnt/md1/user_wago/data/LJSpeech-1.1/wavs/LJ037-0146.wav,2.932875,4.5705247
/mnt/md1/user_wago/data/LJSpeech-1.1/wavs/LJ007-0118.wav,8.447625,4.5663733
/mnt/md1/user_wago/data/LJSpeech-1.1/wavs/LJ042-0242.wav,6.9615,4.4228907
/mnt/md1/user_wago/data/LJSpeech-1.1/wavs/LJ040-0106.wav,4.2448125,4.5245075
/mnt/md1/user_wago/data/LJSpeech-1.1/wavs/LJ036-0039.wav,9.086125,4.684204
/mnt/md1/user_wago/data/LJSpeech-1.1/wavs/LJ011-0101.wav,9.399625,4.5076942
/mnt/md1/user_wago/data/LJSpeech-1.1/wavs/LJ014-0144.wav,8.0064375,4.4046354
/mnt/md1/user_wago/data/LJSpeech-1.1/wavs/LJ012-0106.wav,7.2401875,4.5535703
/mnt/md1/user_wago/data/LJSpeech-1.1/wavs/LJ047-0231.wav,9.399625,4.5263042
/mnt/md1/user_wago/data/LJSpeech-1.1/wavs/LJ030-0142.wav,7.576875,4.6877613
/mnt/md1/user_wago/data/LJSpeech-1.1/wavs/LJ011-0069.wav,6.61325,4.7416725
/mnt/md1/user_wago/data/LJSpeech-1.1/wavs/LJ017-0083.wav,5.61475,4.5883512
/mnt/md1/user_wago/data/LJSpeech-1.1/wavs/LJ013-0185.wav,6.392625,4.586439
/mnt/md1/user_wago/data/LJSpeech-1.1/wavs/LJ044-0045.wav,5.440625,4.562935
/mnt/md1/user_wago/data/LJSpeech-1.1/wavs/LJ027-0016.wav,8.343125,4.440422
/mnt/md1/user_wago/data/LJSpeech-1.1/wavs/LJ028-0089.wav,5.24325,4.6246266
/mnt/md1/user_wago/data/LJSpeech-1.1/wavs/LJ026-0039.wav,8.5869375,4.367022
/mnt/md1/user_wago/data/LJSpeech-1.1/wavs/LJ019-0145.wav,7.2401875,4.4699802
/mnt/md1/user_wago/data/LJSpeech-1.1/wavs/LJ007-0145.wav,9.689875,4.500839
/mnt/md1/user_wago/data/LJSpeech-1.1/wavs/LJ008-0037.wav,5.835375,4.5616827
/mnt/md1/user_wago/data/LJSpeech-1.1/wavs/LJ027-0116.wav,9.388,4.6155396
/mnt/md1/user_wago/data/LJSpeech-1.1/wavs/LJ016-0223.wav,8.436,4.6867714
/mnt/md1/user_wago/data/LJSpeech-1.1/wavs/LJ019-0243.wav,4.744,4.7272706
/mnt/md1/user_wago/data/LJSpeech-1.1/wavs/LJ012-0100.wav,10.0149375,4.6317153
/mnt/md1/user_wago/data/LJSpeech-1.1/wavs/LJ031-0093.wav,9.5505625,4.5537167
/mnt/md1/user_wago/data/LJSpeech-1.1/wavs/LJ028-0147.wav,4.651125,4.751684
/mnt/md1/user_wago/data/LJSpeech-1.1/wavs/LJ014-0311.wav,3.0025,4.672113
/mnt/md1/user_wago/data/LJSpeech-1.1/wavs/LJ038-0041.wav,5.162,4.598214
/mnt/md1/user_wago/data/LJSpeech-1.1/wavs/LJ006-0214.wav,5.0806875,4.791667
/mnt/md1/user_wago/data/LJSpeech-1.1/wavs/LJ019-0015.wav,7.4026875,4.6321344
/mnt/md1/user_wago/data/LJSpeech-1.1/wavs/LJ043-0022.wav,8.8655625,4.5577693
/mnt/md1/user_wago/data/LJSpeech-1.1/wavs/LJ038-0054.wav,8.72625,4.536737
/mnt/md1/user_wago/data/LJSpeech-1.1/wavs/LJ028-0416.wav,10.073,4.495081
/mnt/md1/user_wago/data/LJSpeech-1.1/wavs/LJ005-0253.wav,9.2486875,4.25511
/mnt/md1/user_wago/data/LJSpeech-1.1/wavs/LJ033-0012.wav,1.562875,4.415914
/mnt/md1/user_wago/data/LJSpeech-1.1/wavs/LJ009-0260.wav,1.5048125,4.102715
/mnt/md1/user_wago/data/LJSpeech-1.1/wavs/LJ001-0047.wav,5.92825,4.435247
/mnt/md1/user_wago/data/LJSpeech-1.1/wavs/LJ011-0109.wav,2.7935625,4.717822
/mnt/md1/user_wago/data/LJSpeech-1.1/wavs/LJ008-0002.wav,4.1519375,4.6265845
/mnt/md1/user_wago/data/LJSpeech-1.1/wavs/LJ037-0241.wav,6.0443125,4.698384
/mnt/md1/user_wago/data/LJSpeech-1.1/wavs/LJ028-0488.wav,5.3941875,4.7123203
/mnt/md1/user_wago/data/LJSpeech-1.1/wavs/LJ032-0118.wav,4.964625,4.387678
/mnt/md1/user_wago/data/LJSpeech-1.1/wavs/LJ016-0116.wav,6.3345625,4.7342367
/mnt/md1/user_wago/data/LJSpeech-1.1/wavs/LJ032-0260.wav,6.102375,4.687091
/mnt/md1/user_wago/data/LJSpeech-1.1/wavs/LJ048-0239.wav,6.323,4.6691184
/mnt/md1/user_wago/data/LJSpeech-1.1/wavs/LJ018-0277.wav,7.971625,4.678152
/mnt/md1/user_wago/data/LJSpeech-1.1/wavs/LJ050-0257.wav,6.2533125,4.6119657
/mnt/md1/user_wago/data/LJSpeech-1.1/wavs/LJ007-0157.wav,8.14575,4.5426693
/mnt/md1/user_wago/data/LJSpeech-1.1/wavs/LJ014-0276.wav,8.9584375,4.4841638
/mnt/md1/user_wago/data/LJSpeech-1.1/wavs/LJ014-0166.wav,6.8338125,4.6444883
/mnt/md1/user_wago/data/LJSpeech-1.1/wavs/LJ048-0257.wav,5.0806875,4.5547333
/mnt/md1/user_wago/data/LJSpeech-1.1/wavs/LJ045-0241.wav,4.8136875,4.630007
/mnt/md1/user_wago/data/LJSpeech-1.1/wavs/LJ011-0234.wav,2.723875,4.360379
/mnt/md1/user_wago/data/LJSpeech-1.1/wavs/LJ038-0153.wav,6.7641875,4.6249943
/mnt/md1/user_wago/data/LJSpeech-1.1/wavs/LJ004-0034.wav,4.8833125,4.4372115
/mnt/md1/user_wago/data/LJSpeech-1.1/wavs/LJ009-0216.wav,4.279625,4.5963554
/mnt/md1/user_wago/data/LJSpeech-1.1/wavs/LJ018-0176.wav,9.6201875,4.5897846
/mnt/md1/user_wago/data/LJSpeech-1.1/wavs/LJ008-0084.wav,7.2285625,4.383509
/mnt/md1/user_wago/data/LJSpeech-1.1/wavs/LJ039-0082.wav,3.3740625,4.6412935
/mnt/md1/user_wago/data/LJSpeech-1.1/wavs/LJ035-0201.wav,9.2486875,4.456639
/mnt/md1/user_wago/data/LJSpeech-1.1/wavs/LJ035-0046.wav,8.2966875,4.4189863
/mnt/md1/user_wago/data/LJSpeech-1.1/wavs/LJ019-0269.wav,2.805125,4.8286448
/mnt/md1/user_wago/data/LJSpeech-1.1/wavs/LJ050-0250.wav,7.391125,4.7135344
/mnt/md1/user_wago/data/LJSpeech-1.1/wavs/LJ048-0264.wav,8.0064375,4.6181474
/mnt/md1/user_wago/data/LJSpeech-1.1/wavs/LJ044-0051.wav,5.939875,4.555755
/mnt/md1/user_wago/data/LJSpeech-1.1/wavs/LJ039-0094.wav,7.5884375,4.435203
/mnt/md1/user_wago/data/LJSpeech-1.1/wavs/LJ025-0088.wav,7.576875,4.4688334
/mnt/md1/user_wago/data/LJSpeech-1.1/wavs/LJ013-0167.wav,9.67825,4.5808616
/mnt/md1/user_wago/data/LJSpeech-1.1/wavs/LJ008-0007.wav,4.9994375,4.4394855
/mnt/md1/user_wago/data/LJSpeech-1.1/wavs/LJ033-0057.wav,2.155,4.680121
/mnt/md1/user_wago/data/LJSpeech-1.1/wavs/LJ048-0084.wav,9.4228125,4.6464944
/mnt/md1/user_wago/data/LJSpeech-1.1/wavs/LJ032-0034.wav,9.1558125,4.7435923
/mnt/md1/user_wago/data/LJSpeech-1.1/wavs/LJ001-0015.wav,9.2370625,4.4977093
/mnt/md1/user_wago/data/LJSpeech-1.1/wavs/LJ032-0209.wav,9.88725,4.570678
/mnt/md1/user_wago/data/LJSpeech-1.1/wavs/LJ018-0022.wav,8.1921875,4.378141
/mnt/md1/user_wago/data/LJSpeech-1.1/wavs/LJ031-0076.wav,9.794375,4.699018
/mnt/md1/user_wago/data/LJSpeech-1.1/wavs/LJ028-0470.wav,7.762625,4.661759
/mnt/md1/user_wago/data/LJSpeech-1.1/wavs/LJ030-0141.wav,4.8020625,4.6913257
/mnt/md1/user_wago/data/LJSpeech-1.1/wavs/LJ010-0186.wav,3.6410625,4.3197536
/mnt/md1/user_wago/data/LJSpeech-1.1/wavs/LJ016-0154.wav,2.6774375,4.769326
/mnt/md1/user_wago/data/LJSpeech-1.1/wavs/LJ010-0227.wav,9.213875,4.5844984
/mnt/md1/user_wago/data/LJSpeech-1.1/wavs/LJ041-0005.wav,2.9793125,4.8256927
/mnt/md1/user_wago/data/LJSpeech-1.1/wavs/LJ003-0264.wav,4.5350625,4.343964
/mnt/md1/user_wago/data/LJSpeech-1.1/wavs/LJ032-0028.wav,6.288125,4.7316337
/mnt/md1/user_wago/data/LJSpeech-1.1/wavs/LJ030-0126.wav,6.40425,4.6694336
/mnt/md1/user_wago/data/LJSpeech-1.1/wavs/LJ042-0223.wav,7.2981875,4.535772
/mnt/md1/user_wago/data/LJSpeech-1.1/wavs/LJ006-0047.wav,5.6031875,4.5768757
/mnt/md1/user_wago/data/LJSpeech-1.1/wavs/LJ031-0166.wav,7.1705,4.673924
/mnt/md1/user_wago/data/LJSpeech-1.1/wavs/LJ037-0131.wav,8.261875,4.6778135
/mnt/md1/user_wago/data/LJSpeech-1.1/wavs/LJ005-0086.wav,6.3345625,4.4514604
/mnt/md1/user_wago/data/LJSpeech-1.1/wavs/LJ042-0020.wav,7.9948125,4.6996155
/mnt/md1/user_wago/data/LJSpeech-1.1/wavs/LJ038-0052.wav,6.9383125,4.6964817
/mnt/md1/user_wago/data/LJSpeech-1.1/wavs/LJ039-0111.wav,5.24325,4.6380124
/mnt/md1/user_wago/data/LJSpeech-1.1/wavs/LJ018-0166.wav,3.0025,4.6970234
/mnt/md1/user_wago/data/LJSpeech-1.1/wavs/LJ049-0023.wav,6.9615,4.5099125
/mnt/md1/user_wago/data/LJSpeech-1.1/wavs/LJ002-0303.wav,7.1356875,4.3299174
/mnt/md1/user_wago/data/LJSpeech-1.1/wavs/LJ020-0030.wav,5.812125,4.5372396
/mnt/md1/user_wago/data/LJSpeech-1.1/wavs/LJ026-0091.wav,8.1921875,4.4502826
/mnt/md1/user_wago/data/LJSpeech-1.1/wavs/LJ043-0051.wav,7.158875,4.6297903
/mnt/md1/user_wago/data/LJSpeech-1.1/wavs/LJ007-0160.wav,9.771125,4.685887
/mnt/md1/user_wago/data/LJSpeech-1.1/wavs/LJ019-0097.wav,6.996375,4.655817
/mnt/md1/user_wago/data/LJSpeech-1.1/wavs/LJ049-0157.wav,5.4986875,4.6237626
/mnt/md1/user_wago/data/LJSpeech-1.1/wavs/LJ044-0148.wav,3.97775,4.446056
/mnt/md1/user_wago/data/LJSpeech-1.1/wavs/LJ002-0245.wav,4.836875,4.560674
/mnt/md1/user_wago/data/LJSpeech-1.1/wavs/LJ019-0191.wav,3.7688125,4.6302667
/mnt/md1/user_wago/data/LJSpeech-1.1/wavs/LJ048-0003.wav,9.666625,4.600304
/mnt/md1/user_wago/data/LJSpeech-1.1/wavs/LJ006-0071.wav,8.4940625,4.585375
/mnt/md1/user_wago/data/LJSpeech-1.1/wavs/LJ023-0123.wav,4.9298125,4.6003933
/mnt/md1/user_wago/data/LJSpeech-1.1/wavs/LJ046-0041.wav,5.7773125,4.5558424
/mnt/md1/user_wago/data/LJSpeech-1.1/wavs/LJ044-0015.wav,7.158875,4.5078993
/mnt/md1/user_wago/data/LJSpeech-1.1/wavs/LJ048-0032.wav,4.8253125,4.4096622
/mnt/md1/user_wago/data/LJSpeech-1.1/wavs/LJ005-0210.wav,1.957625,4.2473006
/mnt/md1/user_wago/data/LJSpeech-1.1/wavs/LJ011-0091.wav,5.0923125,4.514059
/mnt/md1/user_wago/data/LJSpeech-1.1/wavs/LJ010-0039.wav,6.3461875,4.6300745
/mnt/md1/user_wago/data/LJSpeech-1.1/wavs/LJ016-0024.wav,7.391125,4.473916
/mnt/md1/user_wago/data/LJSpeech-1.1/wavs/LJ044-0014.wav,3.23475,4.8165693
/mnt/md1/user_wago/data/LJSpeech-1.1/wavs/LJ009-0228.wav,4.9994375,4.370967
/mnt/md1/user_wago/data/LJSpeech-1.1/wavs/LJ024-0115.wav,9.4925,4.2089953
/mnt/md1/user_wago/data/LJSpeech-1.1/wavs/LJ012-0211.wav,6.9383125,4.542814
/mnt/md1/user_wago/data/LJSpeech-1.1/wavs/LJ016-0030.wav,5.1155625,4.6372604
/mnt/md1/user_wago/data/LJSpeech-1.1/wavs/LJ018-0230.wav,7.449125,4.653941
/mnt/md1/user_wago/data/LJSpeech-1.1/wavs/LJ024-0104.wav,5.3013125,4.30115
/mnt/md1/user_wago/data/LJSpeech-1.1/wavs/LJ034-0066.wav,8.261875,4.7370825
/mnt/md1/user_wago/data/LJSpeech-1.1/wavs/LJ042-0161.wav,8.9468125,4.4620614
/mnt/md1/user_wago/data/LJSpeech-1.1/wavs/LJ049-0164.wav,9.608625,4.5447583
/mnt/md1/user_wago/data/LJSpeech-1.1/wavs/LJ008-0112.wav,4.29125,4.374811
/mnt/md1/user_wago/data/LJSpeech-1.1/wavs/LJ015-0039.wav,9.6201875,4.4764805
/mnt/md1/user_wago/data/LJSpeech-1.1/wavs/LJ018-0129.wav,7.449125,4.602387
/mnt/md1/user_wago/data/LJSpeech-1.1/wavs/LJ038-0207.wav,4.569875,4.6768913
/mnt/md1/user_wago/data/LJSpeech-1.1/wavs/LJ003-0303.wav,6.8570625,4.6503663
/mnt/md1/user_wago/data/LJSpeech-1.1/wavs/LJ007-0134.wav,7.0079375,4.5508103
/mnt/md1/user_wago/data/LJSpeech-1.1/wavs/LJ044-0188.wav,7.1240625,4.5817327
/mnt/md1/user_wago/data/LJSpeech-1.1/wavs/LJ004-0163.wav,6.6596875,4.726861
/mnt/md1/user_wago/data/LJSpeech-1.1/wavs/LJ018-0065.wav,9.597,4.6505756
/mnt/md1/user_wago/data/LJSpeech-1.1/wavs/LJ012-0278.wav,8.052875,4.6700892
/mnt/md1/user_wago/data/LJSpeech-1.1/wavs/LJ019-0174.wav,5.2780625,4.5327387
/mnt/md1/user_wago/data/LJSpeech-1.1/wavs/LJ015-0019.wav,8.505625,4.4431314
/mnt/md1/user_wago/data/LJSpeech-1.1/wavs/LJ027-0178.wav,9.376375,4.40318
/mnt/md1/user_wago/data/LJSpeech-1.1/wavs/LJ039-0221.wav,8.0760625,4.2268424
/mnt/md1/user_wago/data/LJSpeech-1.1/wavs/LJ041-0044.wav,5.2665,4.5725513
/mnt/md1/user_wago/data/LJSpeech-1.1/wavs/LJ016-0276.wav,4.256375,4.789233
/mnt/md1/user_wago/data/LJSpeech-1.1/wavs/LJ013-0230.wav,9.1558125,4.497877
/mnt/md1/user_wago/data/LJSpeech-1.1/wavs/LJ015-0278.wav,6.0443125,4.7499514
/mnt/md1/user_wago/data/LJSpeech-1.1/wavs/LJ021-0037.wav,5.231625,4.781805
/mnt/md1/user_wago/data/LJSpeech-1.1/wavs/LJ028-0330.wav,8.99325,4.1980553
/mnt/md1/user_wago/data/LJSpeech-1.1/wavs/LJ041-0100.wav,8.795875,4.5362506
/mnt/md1/user_wago/data/LJSpeech-1.1/wavs/LJ023-0049.wav,6.415875,4.5237794
/mnt/md1/user_wago/data/LJSpeech-1.1/wavs/LJ015-0210.wav,7.449125,4.5337524
/mnt/md1/user_wago/data/LJSpeech-1.1/wavs/LJ031-0006.wav,5.7773125,4.794346
/mnt/md1/user_wago/data/LJSpeech-1.1/wavs/LJ035-0199.wav,5.997875,4.5598307
/mnt/md1/user_wago/data/LJSpeech-1.1/wavs/LJ022-0075.wav,5.1155625,4.760866
/mnt/md1/user_wago/data/LJSpeech-1.1/wavs/LJ034-0058.wav,5.9630625,4.7019625
/mnt/md1/user_wago/data/LJSpeech-1.1/wavs/LJ017-0136.wav,5.7425,4.6234436
/mnt/md1/user_wago/data/LJSpeech-1.1/wavs/LJ036-0131.wav,8.5869375,4.6996303
/mnt/md1/user_wago/data/LJSpeech-1.1/wavs/LJ025-0144.wav,5.45225,4.7065754
/mnt/md1/user_wago/data/LJSpeech-1.1/wavs/LJ002-0111.wav,4.3725,4.5399003
/mnt/md1/user_wago/data/LJSpeech-1.1/wavs/LJ010-0266.wav,3.304375,4.576603
/mnt/md1/user_wago/data/LJSpeech-1.1/wavs/LJ009-0165.wav,5.61475,4.198957
/mnt/md1/user_wago/data/LJSpeech-1.1/wavs/LJ015-0310.wav,3.722375,4.60028
/mnt/md1/user_wago/data/LJSpeech-1.1/wavs/LJ029-0058.wav,9.806,4.5187798
/mnt/md1/user_wago/data/LJSpeech-1.1/wavs/LJ042-0240.wav,5.3129375,4.574292
/mnt/md1/user_wago/data/LJSpeech-1.1/wavs/LJ006-0052.wav,5.9863125,4.7498198
/mnt/md1/user_wago/data/LJSpeech-1.1/wavs/LJ050-0229.wav,9.41125,4.697005
/mnt/md1/user_wago/data/LJSpeech-1.1/wavs/LJ047-0178.wav,8.3315,4.438906
/mnt/md1/user_wago/data/LJSpeech-1.1/wavs/LJ011-0004.wav,3.6294375,4.6624737
/mnt/md1/user_wago/data/LJSpeech-1.1/wavs/LJ029-0018.wav,8.052875,4.67672
/mnt/md1/user_wago/data/LJSpeech-1.1/wavs/LJ037-0166.wav,6.973125,4.6530843
/mnt/md1/user_wago/data/LJSpeech-1.1/wavs/LJ033-0076.wav,3.1883125,4.7247972
/mnt/md1/user_wago/data/LJSpeech-1.1/wavs/LJ011-0121.wav,8.645,4.4880285
/mnt/md1/user_wago/data/LJSpeech-1.1/wavs/LJ030-0130.wav,10.073,4.724685
/mnt/md1/user_wago/data/LJSpeech-1.1/wavs/LJ025-0106.wav,9.20225,4.7289977
/mnt/md1/user_wago/data/LJSpeech-1.1/wavs/LJ003-0292.wav,7.4259375,4.425212
/mnt/md1/user_wago/data/LJSpeech-1.1/wavs/LJ049-0194.wav,2.1781875,4.722753
/mnt/md1/user_wago/data/LJSpeech-1.1/wavs/LJ015-0236.wav,9.78275,4.482481
/mnt/md1/user_wago/data/LJSpeech-1.1/wavs/LJ002-0223.wav,3.9196875,4.6420794
/mnt/md1/user_wago/data/LJSpeech-1.1/wavs/LJ033-0098.wav,6.8338125,4.5895424
/mnt/md1/user_wago/data/LJSpeech-1.1/wavs/LJ013-0102.wav,6.520375,4.61841
/mnt/md1/user_wago/data/LJSpeech-1.1/wavs/LJ015-0225.wav,3.6643125,4.571143
/mnt/md1/user_wago/data/LJSpeech-1.1/wavs/LJ012-0105.wav,4.7324375,4.727312
/mnt/md1/user_wago/data/LJSpeech-1.1/wavs/LJ009-0133.wav,6.7293125,4.6706896
/mnt/md1/user_wago/data/LJSpeech-1.1/wavs/LJ014-0316.wav,6.102375,4.623257
/mnt/md1/user_wago/data/LJSpeech-1.1/wavs/LJ024-0119.wav,5.8818125,4.3520145
/mnt/md1/user_wago/data/LJSpeech-1.1/wavs/LJ009-0175.wav,5.71925,4.4768076
/mnt/md1/user_wago/data/LJSpeech-1.1/wavs/LJ028-0199.wav,4.2099375,4.583792
/mnt/md1/user_wago/data/LJSpeech-1.1/wavs/LJ038-0249.wav,7.1240625,4.686174
/mnt/md1/user_wago/data/LJSpeech-1.1/wavs/LJ016-0361.wav,6.9150625,4.654835
/mnt/md1/user_wago/data/LJSpeech-1.1/wavs/LJ028-0059.wav,5.5335,4.6044946
/mnt/md1/user_wago/data/LJSpeech-1.1/wavs/LJ028-0262.wav,8.528875,4.565709
/mnt/md1/user_wago/data/LJSpeech-1.1/wavs/LJ005-0024.wav,3.792,4.5499434
/mnt/md1/user_wago/data/LJSpeech-1.1/wavs/LJ006-0080.wav,6.9035,4.314131
/mnt/md1/user_wago/data/LJSpeech-1.1/wavs/LJ027-0022.wav,4.6163125,4.5454416
/mnt/md1/user_wago/data/LJSpeech-1.1/wavs/LJ007-0028.wav,7.2169375,4.6227436
/mnt/md1/user_wago/data/LJSpeech-1.1/wavs/LJ034-0129.wav,3.304375,4.6149936
/mnt/md1/user_wago/data/LJSpeech-1.1/wavs/LJ050-0154.wav,5.7540625,4.2543955
/mnt/md1/user_wago/data/LJSpeech-1.1/wavs/LJ047-0131.wav,2.6078125,4.705027
/mnt/md1/user_wago/data/LJSpeech-1.1/wavs/LJ003-0140.wav,4.3376875,4.7075386
/mnt/md1/user_wago/data/LJSpeech-1.1/wavs/LJ010-0049.wav,7.9831875,4.585069
/mnt/md1/user_wago/data/LJSpeech-1.1/wavs/LJ025-0150.wav,7.3446875,4.6759586
/mnt/md1/user_wago/data/LJSpeech-1.1/wavs/LJ019-0089.wav,6.77575,4.711954
/mnt/md1/user_wago/data/LJSpeech-1.1/wavs/LJ045-0096.wav,2.619375,4.636629
/mnt/md1/user_wago/data/LJSpeech-1.1/wavs/LJ044-0187.wav,7.6000625,4.6190968
/mnt/md1/user_wago/data/LJSpeech-1.1/wavs/LJ046-0127.wav,4.477,4.68207
/mnt/md1/user_wago/data/LJSpeech-1.1/wavs/LJ048-0173.wav,6.323,4.802458
/mnt/md1/user_wago/data/LJSpeech-1.1/wavs/LJ016-0107.wav,7.286625,4.552115
/mnt/md1/user_wago/data/LJSpeech-1.1/wavs/LJ029-0166.wav,9.4925,4.592194
/mnt/md1/user_wago/data/LJSpeech-1.1/wavs/LJ027-0079.wav,5.6611875,4.6374393
/mnt/md1/user_wago/data/LJSpeech-1.1/wavs/LJ044-0083.wav,7.6465,4.542132
/mnt/md1/user_wago/data/LJSpeech-1.1/wavs/LJ037-0069.wav,7.0079375,4.773908
/mnt/md1/user_wago/data/LJSpeech-1.1/wavs/LJ032-0023.wav,3.39725,4.77042
/mnt/md1/user_wago/data/LJSpeech-1.1/wavs/LJ009-0252.wav,6.601625,4.5117702
/mnt/md1/user_wago/data/LJSpeech-1.1/wavs/LJ023-0019.wav,6.3461875,4.641407
/mnt/md1/user_wago/data/LJSpeech-1.1/wavs/LJ035-0121.wav,5.545125,4.566866
/mnt/md1/user_wago/data/LJSpeech-1.1/wavs/LJ019-0356.wav,8.238625,4.615657
/mnt/md1/user_wago/data/LJSpeech-1.1/wavs/LJ034-0074.wav,8.737875,4.5381513
/mnt/md1/user_wago/data/LJSpeech-1.1/wavs/LJ006-0189.wav,6.891875,4.6656847
/mnt/md1/user_wago/data/LJSpeech-1.1/wavs/LJ045-0146.wav,5.8818125,4.3675046
/mnt/md1/user_wago/data/LJSpeech-1.1/wavs/LJ049-0074.wav,8.610125,4.6276903
/mnt/md1/user_wago/data/LJSpeech-1.1/wavs/LJ035-0127.wav,8.7494375,4.467589
/mnt/md1/user_wago/data/LJSpeech-1.1/wavs/LJ005-0256.wav,9.5273125,4.496598
/mnt/md1/user_wago/data/LJSpeech-1.1/wavs/LJ034-0067.wav,5.649625,4.480041
/mnt/md1/user_wago/data/LJSpeech-1.1/wavs/LJ004-0071.wav,8.83075,4.545228
/mnt/md1/user_wago/data/LJSpeech-1.1/wavs/LJ048-0122.wav,7.867125,4.64947
/mnt/md1/user_wago/data/LJSpeech-1.1/wavs/LJ023-0080.wav,4.5815,4.3682017
/mnt/md1/user_wago/data/LJSpeech-1.1/wavs/LJ048-0223.wav,2.8864375,4.7813454
/mnt/md1/user_wago/data/LJSpeech-1.1/wavs/LJ008-0303.wav,8.3779375,4.5792093
/mnt/md1/user_wago/data/LJSpeech-1.1/wavs/LJ006-0141.wav,3.792,4.692537
/mnt/md1/user_wago/data/LJSpeech-1.1/wavs/LJ047-0002.wav,3.9429375,4.6460404
/mnt/md1/user_wago/data/LJSpeech-1.1/wavs/LJ039-0020.wav,3.60625,4.591036
/mnt/md1/user_wago/data/LJSpeech-1.1/wavs/LJ038-0154.wav,5.2665,4.7246256
/mnt/md1/user_wago/data/LJSpeech-1.1/wavs/LJ010-0140.wav,6.6248125,4.645024
/mnt/md1/user_wago/data/LJSpeech-1.1/wavs/LJ006-0202.wav,2.5265,4.4278464
/mnt/md1/user_wago/data/LJSpeech-1.1/wavs/LJ035-0071.wav,6.19525,4.4181156
/mnt/md1/user_wago/data/LJSpeech-1.1/wavs/LJ030-0245.wav,2.364,4.771579
/mnt/md1/user_wago/data/LJSpeech-1.1/wavs/LJ021-0028.wav,3.803625,4.528449
/mnt/md1/user_wago/data/LJSpeech-1.1/wavs/LJ018-0032.wav,9.9220625,4.6559963
/mnt/md1/user_wago/data/LJSpeech-1.1/wavs/LJ014-0267.wav,8.5636875,4.4709907
/mnt/md1/user_wago/data/LJSpeech-1.1/wavs/LJ037-0117.wav,5.8934375,4.797463
/mnt/md1/user_wago/data/LJSpeech-1.1/wavs/LJ022-0156.wav,8.1109375,4.6837554
/mnt/md1/user_wago/data/LJSpeech-1.1/wavs/LJ017-0062.wav,6.8570625,4.644676
/mnt/md1/user_wago/data/LJSpeech-1.1/wavs/LJ044-0153.wav,9.7363125,4.617468
/mnt/md1/user_wago/data/LJSpeech-1.1/wavs/LJ019-0139.wav,7.739375,4.563738
/mnt/md1/user_wago/data/LJSpeech-1.1/wavs/LJ039-0006.wav,7.7974375,4.5167856
/mnt/md1/user_wago/data/LJSpeech-1.1/wavs/LJ026-0066.wav,6.9615,4.1916475
/mnt/md1/user_wago/data/LJSpeech-1.1/wavs/LJ050-0237.wav,9.898875,4.601897
/mnt/md1/user_wago/data/LJSpeech-1.1/wavs/LJ046-0032.wav,4.477,4.7097898
/mnt/md1/user_wago/data/LJSpeech-1.1/wavs/LJ009-0048.wav,10.0033125,4.565773
/mnt/md1/user_wago/data/LJSpeech-1.1/wavs/LJ005-0019.wav,4.87175,4.490813
/mnt/md1/user_wago/data/LJSpeech-1.1/wavs/LJ009-0277.wav,6.9499375,4.6190624
/mnt/md1/user_wago/data/LJSpeech-1.1/wavs/LJ041-0048.wav,8.528875,4.2471166
/mnt/md1/user_wago/data/LJSpeech-1.1/wavs/LJ014-0325.wav,2.3871875,4.730483
/mnt/md1/user_wago/data/LJSpeech-1.1/wavs/LJ043-0037.wav,5.51025,4.7287188
/mnt/md1/user_wago/data/LJSpeech-1.1/wavs/LJ011-0193.wav,6.7176875,4.5165462
/mnt/md1/user_wago/data/LJSpeech-1.1/wavs/LJ042-0217.wav,7.96,4.539447
/mnt/md1/user_wago/data/LJSpeech-1.1/wavs/LJ019-0295.wav,4.97625,4.4416056
/mnt/md1/user_wago/data/LJSpeech-1.1/wavs/LJ016-0272.wav,10.0498125,4.4223394
/mnt/md1/user_wago/data/LJSpeech-1.1/wavs/LJ042-0225.wav,8.6565625,4.5324745
/mnt/md1/user_wago/data/LJSpeech-1.1/wavs/LJ006-0228.wav,7.9948125,4.6127715
/mnt/md1/user_wago/data/LJSpeech-1.1/wavs/LJ026-0124.wav,5.7889375,4.54542
/mnt/md1/user_wago/data/LJSpeech-1.1/wavs/LJ019-0225.wav,1.7021875,4.3518515
/mnt/md1/user_wago/data/LJSpeech-1.1/wavs/LJ049-0192.wav,9.51575,4.5518756
/mnt/md1/user_wago/data/LJSpeech-1.1/wavs/LJ015-0053.wav,3.6410625,4.649588
/mnt/md1/user_wago/data/LJSpeech-1.1/wavs/LJ037-0109.wav,9.0165,4.6227913
/mnt/md1/user_wago/data/LJSpeech-1.1/wavs/LJ010-0142.wav,8.842375,4.639496
/mnt/md1/user_wago/data/LJSpeech-1.1/wavs/LJ038-0023.wav,10.073,4.61815
/mnt/md1/user_wago/data/LJSpeech-1.1/wavs/LJ006-0032.wav,7.751,4.7351046
/mnt/md1/user_wago/data/LJSpeech-1.1/wavs/LJ038-0184.wav,6.682875,4.7046456
/mnt/md1/user_wago/data/LJSpeech-1.1/wavs/LJ029-0050.wav,7.9019375,4.4888277
/mnt/md1/user_wago/data/LJSpeech-1.1/wavs/LJ049-0130.wav,2.6774375,4.7351294
/mnt/md1/user_wago/data/LJSpeech-1.1/wavs/LJ032-0086.wav,7.100875,4.502346
/mnt/md1/user_wago/data/LJSpeech-1.1/wavs/LJ008-0103.wav,7.576875,4.4133987
/mnt/md1/user_wago/data/LJSpeech-1.1/wavs/LJ034-0165.wav,1.47,4.4775505
/mnt/md1/user_wago/data/LJSpeech-1.1/wavs/LJ038-0241.wav,6.288125,4.6639614
/mnt/md1/user_wago/data/LJSpeech-1.1/wavs/LJ016-0339.wav,6.3578125,4.6017666
/mnt/md1/user_wago/data/LJSpeech-1.1/wavs/LJ038-0089.wav,2.23625,4.8664145
/mnt/md1/user_wago/data/LJSpeech-1.1/wavs/LJ015-0090.wav,9.980125,4.5139647
/mnt/md1/user_wago/data/LJSpeech-1.1/wavs/LJ008-0226.wav,3.8616875,4.435518
/mnt/md1/user_wago/data/LJSpeech-1.1/wavs/LJ019-0376.wav,8.0760625,4.563469
/mnt/md1/user_wago/data/LJSpeech-1.1/wavs/LJ042-0154.wav,9.771125,4.5216856
/mnt/md1/user_wago/data/LJSpeech-1.1/wavs/LJ009-0058.wav,2.747125,4.7991614
/mnt/md1/user_wago/data/LJSpeech-1.1/wavs/LJ004-0049.wav,9.7015,4.3735685
/mnt/md1/user_wago/data/LJSpeech-1.1/wavs/LJ006-0232.wav,4.5118125,4.3370132
/mnt/md1/user_wago/data/LJSpeech-1.1/wavs/LJ013-0049.wav,8.2038125,4.6542335
/mnt/md1/user_wago/data/LJSpeech-1.1/wavs/LJ050-0171.wav,6.2533125,4.7062397
/mnt/md1/user_wago/data/LJSpeech-1.1/wavs/LJ003-0267.wav,8.424375,4.3655567
/mnt/md1/user_wago/data/LJSpeech-1.1/wavs/LJ031-0183.wav,5.8585625,4.749716
/mnt/md1/user_wago/data/LJSpeech-1.1/wavs/LJ017-0240.wav,7.3214375,4.568222
/mnt/md1/user_wago/data/LJSpeech-1.1/wavs/LJ001-0052.wav,5.3709375,4.0799885
/mnt/md1/user_wago/data/LJSpeech-1.1/wavs/LJ022-0054.wav,7.3214375,4.707762
/mnt/md1/user_wago/data/LJSpeech-1.1/wavs/LJ033-0164.wav,1.562875,4.737021
/mnt/md1/user_wago/data/LJSpeech-1.1/wavs/LJ012-0122.wav,6.810625,4.6708336
/mnt/md1/user_wago/data/LJSpeech-1.1/wavs/LJ044-0233.wav,8.3663125,4.575938
/mnt/md1/user_wago/data/LJSpeech-1.1/wavs/LJ046-0150.wav,8.93525,4.6148963
/mnt/md1/user_wago/data/LJSpeech-1.1/wavs/LJ048-0285.wav,5.55675,4.622373
/mnt/md1/user_wago/data/LJSpeech-1.1/wavs/LJ042-0053.wav,4.39575,4.65591
/mnt/md1/user_wago/data/LJSpeech-1.1/wavs/LJ049-0026.wav,7.5188125,4.707321
/mnt/md1/user_wago/data/LJSpeech-1.1/wavs/LJ012-0047.wav,4.651125,4.6052246
/mnt/md1/user_wago/data/LJSpeech-1.1/wavs/LJ039-0116.wav,4.256375,4.4389715
/mnt/md1/user_wago/data/LJSpeech-1.1/wavs/LJ003-0074.wav,9.3531875,4.4677396
/mnt/md1/user_wago/data/LJSpeech-1.1/wavs/LJ027-0166.wav,7.762625,4.313544
/mnt/md1/user_wago/data/LJSpeech-1.1/wavs/LJ037-0164.wav,2.4800625,4.8451967
/mnt/md1/user_wago/data/LJSpeech-1.1/wavs/LJ016-0420.wav,3.141875,4.5747914
/mnt/md1/user_wago/data/LJSpeech-1.1/wavs/LJ048-0148.wav,8.703,4.6360617
/mnt/md1/user_wago/data/LJSpeech-1.1/wavs/LJ014-0041.wav,4.1055,4.688796
/mnt/md1/user_wago/data/LJSpeech-1.1/wavs/LJ003-0315.wav,9.213875,4.3096914
/mnt/md1/user_wago/data/LJSpeech-1.1/wavs/LJ049-0052.wav,5.2084375,4.7263126
/mnt/md1/user_wago/data/LJSpeech-1.1/wavs/LJ034-0022.wav,6.891875,4.705193
/mnt/md1/user_wago/data/LJSpeech-1.1/wavs/LJ006-0010.wav,8.4824375,4.593142
/mnt/md1/user_wago/data/LJSpeech-1.1/wavs/LJ026-0027.wav,8.41275,4.62157
/mnt/md1/user_wago/data/LJSpeech-1.1/wavs/LJ019-0010.wav,6.891875,4.5791073
/mnt/md1/user_wago/data/LJSpeech-1.1/wavs/LJ035-0028.wav,5.231625,4.3253617
/mnt/md1/user_wago/data/LJSpeech-1.1/wavs/LJ004-0147.wav,8.25025,4.504979
/mnt/md1/user_wago/data/LJSpeech-1.1/wavs/LJ020-0011.wav,7.484,4.540031
/mnt/md1/user_wago/data/LJSpeech-1.1/wavs/LJ012-0161.wav,2.9909375,4.7674146
/mnt/md1/user_wago/data/LJSpeech-1.1/wavs/LJ045-0057.wav,8.9584375,4.6909585
/mnt/md1/user_wago/data/LJSpeech-1.1/wavs/LJ010-0245.wav,8.9584375,4.5107336
/mnt/md1/user_wago/data/LJSpeech-1.1/wavs/LJ011-0150.wav,3.2115,4.404982
/mnt/md1/user_wago/data/LJSpeech-1.1/wavs/LJ013-0139.wav,9.2486875,4.5471754
/mnt/md1/user_wago/data/LJSpeech-1.1/wavs/LJ037-0060.wav,7.7278125,4.7726855
/mnt/md1/user_wago/data/LJSpeech-1.1/wavs/LJ005-0107.wav,6.3461875,4.7479343
/mnt/md1/user_wago/data/LJSpeech-1.1/wavs/LJ032-0232.wav,4.093875,4.746086
/mnt/md1/user_wago/data/LJSpeech-1.1/wavs/LJ044-0050.wav,8.25025,4.6935477
/mnt/md1/user_wago/data/LJSpeech-1.1/wavs/LJ019-0133.wav,8.795875,4.5165133
/mnt/md1/user_wago/data/LJSpeech-1.1/wavs/LJ006-0149.wav,9.1674375,4.6196327
/mnt/md1/user_wago/data/LJSpeech-1.1/wavs/LJ012-0227.wav,5.3129375,4.503398
/mnt/md1/user_wago/data/LJSpeech-1.1/wavs/LJ007-0110.wav,8.912,4.577833
/mnt/md1/user_wago/data/LJSpeech-1.1/wavs/LJ035-0153.wav,8.052875,4.333145
/mnt/md1/user_wago/data/LJSpeech-1.1/wavs/LJ015-0009.wav,7.8903125,4.5996056
/mnt/md1/user_wago/data/LJSpeech-1.1/wavs/LJ048-0251.wav,6.7409375,4.628701
/mnt/md1/user_wago/data/LJSpeech-1.1/wavs/LJ041-0101.wav,7.19375,4.449092
/mnt/md1/user_wago/data/LJSpeech-1.1/wavs/LJ031-0094.wav,2.6774375,4.718023
/mnt/md1/user_wago/data/LJSpeech-1.1/wavs/LJ024-0122.wav,6.497125,4.3949213
/mnt/md1/user_wago/data/LJSpeech-1.1/wavs/LJ018-0289.wav,8.04125,4.8038144
/mnt/md1/user_wago/data/LJSpeech-1.1/wavs/LJ023-0073.wav,6.29975,4.5407066
/mnt/md1/user_wago/data/LJSpeech-1.1/wavs/LJ033-0204.wav,8.51725,4.4731402
/mnt/md1/user_wago/data/LJSpeech-1.1/wavs/LJ036-0170.wav,5.730875,4.6864758
/mnt/md1/user_wago/data/LJSpeech-1.1/wavs/LJ032-0233.wav,5.835375,4.599682
/mnt/md1/user_wago/data/LJSpeech-1.1/wavs/LJ015-0297.wav,5.92825,4.6678596
/mnt/md1/user_wago/data/LJSpeech-1.1/wavs/LJ015-0311.wav,6.2765625,4.667807
/mnt/md1/user_wago/data/LJSpeech-1.1/wavs/LJ036-0100.wav,5.55675,4.526204
/mnt/md1/user_wago/data/LJSpeech-1.1/wavs/LJ008-0141.wav,4.3376875,4.4664273
/mnt/md1/user_wago/data/LJSpeech-1.1/wavs/LJ009-0288.wav,5.440625,4.767521
/mnt/md1/user_wago/data/LJSpeech-1.1/wavs/LJ022-0022.wav,3.9545625,4.764888
/mnt/md1/user_wago/data/LJSpeech-1.1/wavs/LJ026-0016.wav,2.7819375,4.629659
/mnt/md1/user_wago/data/LJSpeech-1.1/wavs/LJ024-0143.wav,2.4916875,4.352066
/mnt/md1/user_wago/data/LJSpeech-1.1/wavs/LJ019-0338.wav,3.8616875,4.7260714
/mnt/md1/user_wago/data/LJSpeech-1.1/wavs/LJ006-0039.wav,5.997875,4.6348147
/mnt/md1/user_wago/data/LJSpeech-1.1/wavs/LJ017-0124.wav,6.206875,4.653174
/mnt/md1/user_wago/data/LJSpeech-1.1/wavs/LJ041-0151.wav,9.3531875,4.624397
/mnt/md1/user_wago/data/LJSpeech-1.1/wavs/LJ041-0113.wav,8.8771875,4.50189
/mnt/md1/user_wago/data/LJSpeech-1.1/wavs/LJ020-0091.wav,3.699125,4.4886837
/mnt/md1/user_wago/data/LJSpeech-1.1/wavs/LJ047-0103.wav,5.2780625,4.53016
/mnt/md1/user_wago/data/LJSpeech-1.1/wavs/LJ040-0128.wav,5.730875,4.387577
/mnt/md1/user_wago/data/LJSpeech-1.1/wavs/LJ013-0031.wav,1.86475,4.69007
/mnt/md1/user_wago/data/LJSpeech-1.1/wavs/LJ018-0366.wav,6.9266875,4.557918
/mnt/md1/user_wago/data/LJSpeech-1.1/wavs/LJ020-0013.wav,6.601625,4.5225873
/mnt/md1/user_wago/data/LJSpeech-1.1/wavs/LJ019-0110.wav,5.0226875,4.5227323
/mnt/md1/user_wago/data/LJSpeech-1.1/wavs/LJ031-0042.wav,7.3330625,4.7015386
/mnt/md1/user_wago/data/LJSpeech-1.1/wavs/LJ027-0129.wav,5.045875,4.4223347
/mnt/md1/user_wago/data/LJSpeech-1.1/wavs/LJ043-0101.wav,6.706125,4.6703978
/mnt/md1/user_wago/data/LJSpeech-1.1/wavs/LJ043-0143.wav,8.1921875,4.521667
/mnt/md1/user_wago/data/LJSpeech-1.1/wavs/LJ021-0157.wav,6.8221875,4.3844676
/mnt/md1/user_wago/data/LJSpeech-1.1/wavs/LJ033-0081.wav,9.3648125,4.6361904
/mnt/md1/user_wago/data/LJSpeech-1.1/wavs/LJ034-0183.wav,2.538125,4.7052727
/mnt/md1/user_wago/data/LJSpeech-1.1/wavs/LJ038-0028.wav,4.1403125,4.516357
/mnt/md1/user_wago/data/LJSpeech-1.1/wavs/LJ007-0183.wav,8.5753125,4.4588385
/mnt/md1/user_wago/data/LJSpeech-1.1/wavs/LJ043-0188.wav,9.9220625,4.4232574
/mnt/md1/user_wago/data/LJSpeech-1.1/wavs/LJ034-0204.wav,1.4119375,4.7766724
/mnt/md1/user_wago/data/LJSpeech-1.1/wavs/LJ035-0078.wav,5.336125,4.4002056
/mnt/md1/user_wago/data/LJSpeech-1.1/wavs/LJ005-0153.wav,4.8833125,4.5213747
/mnt/md1/user_wago/data/LJSpeech-1.1/wavs/LJ014-0291.wav,7.1705,4.3884344
/mnt/md1/user_wago/data/LJSpeech-1.1/wavs/LJ024-0102.wav,4.384125,4.3138456
/mnt/md1/user_wago/data/LJSpeech-1.1/wavs/LJ014-0018.wav,8.6914375,4.6909122
/mnt/md1/user_wago/data/LJSpeech-1.1/wavs/LJ040-0202.wav,9.4344375,4.2058353
/mnt/md1/user_wago/data/LJSpeech-1.1/wavs/LJ050-0152.wav,4.686,4.7249107
/mnt/md1/user_wago/data/LJSpeech-1.1/wavs/LJ002-0198.wav,2.5149375,4.601317
/mnt/md1/user_wago/data/LJSpeech-1.1/wavs/LJ022-0063.wav,10.061375,4.421294
/mnt/md1/user_wago/data/LJSpeech-1.1/wavs/LJ016-0066.wav,3.675875,4.551968
/mnt/md1/user_wago/data/LJSpeech-1.1/wavs/LJ028-0260.wav,3.1883125,4.557107
/mnt/md1/user_wago/data/LJSpeech-1.1/wavs/LJ019-0215.wav,7.8090625,4.41625
/mnt/md1/user_wago/data/LJSpeech-1.1/wavs/LJ024-0075.wav,5.4638125,4.412018
/mnt/md1/user_wago/data/LJSpeech-1.1/wavs/LJ028-0424.wav,6.810625,4.487176
/mnt/md1/user_wago/data/LJSpeech-1.1/wavs/LJ025-0134.wav,3.513375,4.81158
/mnt/md1/user_wago/data/LJSpeech-1.1/wavs/LJ032-0192.wav,7.751,4.639615
/mnt/md1/user_wago/data/LJSpeech-1.1/wavs/LJ031-0021.wav,8.319875,4.724096
/mnt/md1/user_wago/data/LJSpeech-1.1/wavs/LJ019-0146.wav,3.966125,4.5110564
/mnt/md1/user_wago/data/LJSpeech-1.1/wavs/LJ013-0265.wav,7.8903125,4.5617843
/mnt/md1/user_wago/data/LJSpeech-1.1/wavs/LJ028-0268.wav,6.4623125,4.388822
/mnt/md1/user_wago/data/LJSpeech-1.1/wavs/LJ001-0113.wav,5.429,4.598011
/mnt/md1/user_wago/data/LJSpeech-1.1/wavs/LJ015-0015.wav,3.7339375,4.727209
/mnt/md1/user_wago/data/LJSpeech-1.1/wavs/LJ048-0208.wav,7.6465,4.6590304
/mnt/md1/user_wago/data/LJSpeech-1.1/wavs/LJ004-0113.wav,5.127125,4.496485
/mnt/md1/user_wago/data/LJSpeech-1.1/wavs/LJ003-0171.wav,6.7525625,4.7302556
/mnt/md1/user_wago/data/LJSpeech-1.1/wavs/LJ019-0102.wav,6.0559375,4.6549006
/mnt/md1/user_wago/data/LJSpeech-1.1/wavs/LJ001-0065.wav,7.077625,4.566412
/mnt/md1/user_wago/data/LJSpeech-1.1/wavs/LJ022-0053.wav,2.5265,4.589777
/mnt/md1/user_wago/data/LJSpeech-1.1/wavs/LJ005-0005.wav,7.2285625,4.5276446
/mnt/md1/user_wago/data/LJSpeech-1.1/wavs/LJ016-0079.wav,7.391125,4.6244993
/mnt/md1/user_wago/data/LJSpeech-1.1/wavs/LJ002-0031.wav,9.88725,4.4485025
/mnt/md1/user_wago/data/LJSpeech-1.1/wavs/LJ006-0236.wav,5.6611875,4.707734
/mnt/md1/user_wago/data/LJSpeech-1.1/wavs/LJ002-0242.wav,6.2765625,4.561313
/mnt/md1/user_wago/data/LJSpeech-1.1/wavs/LJ044-0059.wav,6.7409375,4.6390724
/mnt/md1/user_wago/data/LJSpeech-1.1/wavs/LJ017-0133.wav,2.5033125,4.6090555
/mnt/md1/user_wago/data/LJSpeech-1.1/wavs/LJ023-0006.wav,10.084625,4.542106
/mnt/md1/user_wago/data/LJSpeech-1.1/wavs/LJ006-0036.wav,5.55675,4.6012025
/mnt/md1/user_wago/data/LJSpeech-1.1/wavs/LJ046-0159.wav,6.0095,4.682136
/mnt/md1/user_wago/data/LJSpeech-1.1/wavs/LJ048-0196.wav,2.5149375,4.7461996
/mnt/md1/user_wago/data/LJSpeech-1.1/wavs/LJ013-0238.wav,9.99175,4.7266736
/mnt/md1/user_wago/data/LJSpeech-1.1/wavs/LJ012-0206.wav,8.215375,4.647896
/mnt/md1/user_wago/data/LJSpeech-1.1/wavs/LJ047-0050.wav,9.4925,4.635086
/mnt/md1/user_wago/data/LJSpeech-1.1/wavs/LJ023-0013.wav,7.8786875,4.5193048
/mnt/md1/user_wago/data/LJSpeech-1.1/wavs/LJ008-0219.wav,9.806,4.4025526
/mnt/md1/user_wago/data/LJSpeech-1.1/wavs/LJ001-0139.wav,5.254875,4.4823723
/mnt/md1/user_wago/data/LJSpeech-1.1/wavs/LJ008-0081.wav,8.052875,4.395113
/mnt/md1/user_wago/data/LJSpeech-1.1/wavs/LJ010-0099.wav,8.5753125,4.4626656
/mnt/md1/user_wago/data/LJSpeech-1.1/wavs/LJ018-0187.wav,6.1488125,4.7553606
/mnt/md1/user_wago/data/LJSpeech-1.1/wavs/LJ028-0232.wav,9.1441875,4.5748224
/mnt/md1/user_wago/data/LJSpeech-1.1/wavs/LJ002-0014.wav,9.9220625,4.6343737
/mnt/md1/user_wago/data/LJSpeech-1.1/wavs/LJ019-0390.wav,6.3461875,4.5298815
/mnt/md1/user_wago/data/LJSpeech-1.1/wavs/LJ022-0056.wav,9.7130625,4.4983225
/mnt/md1/user_wago/data/LJSpeech-1.1/wavs/LJ019-0309.wav,6.311375,4.736364
/mnt/md1/user_wago/data/LJSpeech-1.1/wavs/LJ010-0156.wav,8.2038125,4.5015697
/mnt/md1/user_wago/data/LJSpeech-1.1/wavs/LJ014-0183.wav,2.5265,4.721297
/mnt/md1/user_wago/data/LJSpeech-1.1/wavs/LJ033-0039.wav,5.8818125,4.5606728
/mnt/md1/user_wago/data/LJSpeech-1.1/wavs/LJ028-0376.wav,8.7494375,4.459418
/mnt/md1/user_wago/data/LJSpeech-1.1/wavs/LJ007-0243.wav,9.30675,4.673705
/mnt/md1/user_wago/data/LJSpeech-1.1/wavs/LJ044-0192.wav,8.424375,4.485177
/mnt/md1/user_wago/data/LJSpeech-1.1/wavs/LJ044-0003.wav,5.254875,4.4986906
/mnt/md1/user_wago/data/LJSpeech-1.1/wavs/LJ027-0063.wav,6.996375,4.5356545
/mnt/md1/user_wago/data/LJSpeech-1.1/wavs/LJ024-0132.wav,3.327625,4.1086254
/mnt/md1/user_wago/data/LJSpeech-1.1/wavs/LJ027-0131.wav,4.198375,4.5925736
/mnt/md1/user_wago/data/LJSpeech-1.1/wavs/LJ017-0204.wav,7.2285625,4.579821
/mnt/md1/user_wago/data/LJSpeech-1.1/wavs/LJ013-0058.wav,8.900375,4.396007
/mnt/md1/user_wago/data/LJSpeech-1.1/wavs/LJ039-0112.wav,7.867125,4.2645416
/mnt/md1/user_wago/data/LJSpeech-1.1/wavs/LJ007-0140.wav,9.4344375,4.4278545
/mnt/md1/user_wago/data/LJSpeech-1.1/wavs/LJ012-0002.wav,3.2695625,4.4757137
/mnt/md1/user_wago/data/LJSpeech-1.1/wavs/LJ040-0098.wav,5.150375,4.4100285
/mnt/md1/user_wago/data/LJSpeech-1.1/wavs/LJ050-0172.wav,6.1836875,4.7638283
/mnt/md1/user_wago/data/LJSpeech-1.1/wavs/LJ013-0043.wav,4.4421875,4.5715194
/mnt/md1/user_wago/data/LJSpeech-1.1/wavs/LJ013-0252.wav,7.8090625,4.6337433
/mnt/md1/user_wago/data/LJSpeech-1.1/wavs/LJ011-0052.wav,5.2780625,4.6468105
/mnt/md1/user_wago/data/LJSpeech-1.1/wavs/LJ018-0098.wav,7.2401875,4.6883445
/mnt/md1/user_wago/data/LJSpeech-1.1/wavs/LJ024-0045.wav,5.1039375,4.2218795
/mnt/md1/user_wago/data/LJSpeech-1.1/wavs/LJ028-0514.wav,5.5683125,4.5829864
/mnt/md1/user_wago/data/LJSpeech-1.1/wavs/LJ029-0186.wav,9.41125,4.4450626
/mnt/md1/user_wago/data/LJSpeech-1.1/wavs/LJ034-0047.wav,2.2943125,4.762227
/mnt/md1/user_wago/data/LJSpeech-1.1/wavs/LJ003-0176.wav,6.29975,4.6323543
/mnt/md1/user_wago/data/LJSpeech-1.1/wavs/LJ012-0167.wav,5.8701875,4.4645176
/mnt/md1/user_wago/data/LJSpeech-1.1/wavs/LJ027-0015.wav,8.0760625,4.5306916
/mnt/md1/user_wago/data/LJSpeech-1.1/wavs/LJ039-0160.wav,9.4460625,4.331176
/mnt/md1/user_wago/data/LJSpeech-1.1/wavs/LJ007-0184.wav,8.552125,4.5199823
/mnt/md1/user_wago/data/LJSpeech-1.1/wavs/LJ006-0082.wav,8.819125,4.4827347
/mnt/md1/user_wago/data/LJSpeech-1.1/wavs/LJ006-0022.wav,7.9135625,4.5931945
/mnt/md1/user_wago/data/LJSpeech-1.1/wavs/LJ004-0002.wav,5.24325,4.683753
/mnt/md1/user_wago/data/LJSpeech-1.1/wavs/LJ013-0246.wav,6.9499375,4.7128954
/mnt/md1/user_wago/data/LJSpeech-1.1/wavs/LJ050-0106.wav,6.2416875,4.767226
/mnt/md1/user_wago/data/LJSpeech-1.1/wavs/LJ006-0194.wav,5.905,4.683908
/mnt/md1/user_wago/data/LJSpeech-1.1/wavs/LJ048-0119.wav,4.5001875,4.7453985
/mnt/md1/user_wago/data/LJSpeech-1.1/wavs/LJ033-0127.wav,6.1720625,4.7559776
/mnt/md1/user_wago/data/LJSpeech-1.1/wavs/LJ002-0278.wav,6.61325,4.384796
/mnt/md1/user_wago/data/LJSpeech-1.1/wavs/LJ019-0144.wav,9.109375,4.4838257
/mnt/md1/user_wago/data/LJSpeech-1.1/wavs/LJ014-0015.wav,6.3461875,4.6416516
/mnt/md1/user_wago/data/LJSpeech-1.1/wavs/LJ016-0011.wav,8.0760625,4.5083585
/mnt/md1/user_wago/data/LJSpeech-1.1/wavs/LJ009-0062.wav,2.3059375,4.5041656
/mnt/md1/user_wago/data/LJSpeech-1.1/wavs/LJ034-0017.wav,5.939875,4.6041193
/mnt/md1/user_wago/data/LJSpeech-1.1/wavs/LJ018-0247.wav,8.528875,4.447668
/mnt/md1/user_wago/data/LJSpeech-1.1/wavs/LJ029-0076.wav,9.8524375,4.5395017
/mnt/md1/user_wago/data/LJSpeech-1.1/wavs/LJ010-0251.wav,4.941375,4.5154667
/mnt/md1/user_wago/data/LJSpeech-1.1/wavs/LJ005-0004.wav,3.97775,4.6451035
/mnt/md1/user_wago/data/LJSpeech-1.1/wavs/LJ016-0249.wav,8.923625,4.6379523
/mnt/md1/user_wago/data/LJSpeech-1.1/wavs/LJ015-0185.wav,9.9453125,4.4252086
/mnt/md1/user_wago/data/LJSpeech-1.1/wavs/LJ028-0001.wav,6.8221875,4.68787
/mnt/md1/user_wago/data/LJSpeech-1.1/wavs/LJ034-0072.wav,8.912,4.537626
/mnt/md1/user_wago/data/LJSpeech-1.1/wavs/LJ004-0063.wav,5.0923125,4.4977937
/mnt/md1/user_wago/data/LJSpeech-1.1/wavs/LJ010-0095.wav,5.997875,4.6511736
/mnt/md1/user_wago/data/LJSpeech-1.1/wavs/LJ019-0358.wav,7.6233125,4.721521
/mnt/md1/user_wago/data/LJSpeech-1.1/wavs/LJ045-0102.wav,9.5389375,4.637945
/mnt/md1/user_wago/data/LJSpeech-1.1/wavs/LJ019-0177.wav,7.8206875,4.6186194
/mnt/md1/user_wago/data/LJSpeech-1.1/wavs/LJ015-0199.wav,7.971625,4.7504687
/mnt/md1/user_wago/data/LJSpeech-1.1/wavs/LJ036-0203.wav,6.4390625,4.633741
/mnt/md1/user_wago/data/LJSpeech-1.1/wavs/LJ011-0126.wav,4.8253125,4.5777783
/mnt/md1/user_wago/data/LJSpeech-1.1/wavs/LJ047-0086.wav,4.7324375,4.735801
/mnt/md1/user_wago/data/LJSpeech-1.1/wavs/LJ008-0191.wav,5.3825625,4.3640337
/mnt/md1/user_wago/data/LJSpeech-1.1/wavs/LJ033-0048.wav,4.465375,4.7390623
/mnt/md1/user_wago/data/LJSpeech-1.1/wavs/LJ021-0036.wav,7.867125,4.391317
/mnt/md1/user_wago/data/LJSpeech-1.1/wavs/LJ015-0273.wav,6.7409375,4.492393
/mnt/md1/user_wago/data/LJSpeech-1.1/wavs/LJ012-0196.wav,9.109375,4.5192413
/mnt/md1/user_wago/data/LJSpeech-1.1/wavs/LJ025-0125.wav,8.819125,4.478394
/mnt/md1/user_wago/data/LJSpeech-1.1/wavs/LJ014-0196.wav,8.505625,4.6603947
/mnt/md1/user_wago/data/LJSpeech-1.1/wavs/LJ038-0267.wav,8.4708125,4.5608068
/mnt/md1/user_wago/data/LJSpeech-1.1/wavs/LJ019-0190.wav,9.9220625,4.5746584
/mnt/md1/user_wago/data/LJSpeech-1.1/wavs/LJ027-0074.wav,10.0033125,4.562296
/mnt/md1/user_wago/data/LJSpeech-1.1/wavs/LJ039-0164.wav,9.597,4.2097692
/mnt/md1/user_wago/data/LJSpeech-1.1/wavs/LJ048-0271.wav,2.81675,4.6356583
/mnt/md1/user_wago/data/LJSpeech-1.1/wavs/LJ050-0256.wav,8.5405,4.6650314
/mnt/md1/user_wago/data/LJSpeech-1.1/wavs/LJ011-0020.wav,3.0605625,4.5751514
/mnt/md1/user_wago/data/LJSpeech-1.1/wavs/LJ031-0051.wav,6.0443125,4.621007
/mnt/md1/user_wago/data/LJSpeech-1.1/wavs/LJ037-0003.wav,1.1565625,4.185294
/mnt/md1/user_wago/data/LJSpeech-1.1/wavs/LJ003-0339.wav,1.458375,4.670547
/mnt/md1/user_wago/data/LJSpeech-1.1/wavs/LJ009-0045.wav,8.633375,4.454117
/mnt/md1/user_wago/data/LJSpeech-1.1/wavs/LJ031-0207.wav,6.973125,4.687888
/mnt/md1/user_wago/data/LJSpeech-1.1/wavs/LJ002-0309.wav,4.45375,4.562159
/mnt/md1/user_wago/data/LJSpeech-1.1/wavs/LJ025-0119.wav,8.436,4.559111
/mnt/md1/user_wago/data/LJSpeech-1.1/wavs/LJ009-0194.wav,4.744,4.6941633
/mnt/md1/user_wago/data/LJSpeech-1.1/wavs/LJ038-0119.wav,8.8539375,4.470708
/mnt/md1/user_wago/data/LJSpeech-1.1/wavs/LJ009-0227.wav,9.0513125,4.5469623
/mnt/md1/user_wago/data/LJSpeech-1.1/wavs/LJ011-0255.wav,6.4390625,4.6840534
/mnt/md1/user_wago/data/LJSpeech-1.1/wavs/LJ047-0210.wav,2.5961875,4.5553055
/mnt/md1/user_wago/data/LJSpeech-1.1/wavs/LJ037-0006.wav,2.5033125,4.8052206
/mnt/md1/user_wago/data/LJSpeech-1.1/wavs/LJ016-0229.wav,6.114,4.7055216
/mnt/md1/user_wago/data/LJSpeech-1.1/wavs/LJ046-0025.wav,9.7595625,4.7151594
/mnt/md1/user_wago/data/LJSpeech-1.1/wavs/LJ009-0009.wav,9.898875,4.4272747
/mnt/md1/user_wago/data/LJSpeech-1.1/wavs/LJ010-0069.wav,4.175125,4.6107984
/mnt/md1/user_wago/data/LJSpeech-1.1/wavs/LJ010-0074.wav,3.107,4.643398
/mnt/md1/user_wago/data/LJSpeech-1.1/wavs/LJ019-0246.wav,8.4591875,4.6356907
/mnt/md1/user_wago/data/LJSpeech-1.1/wavs/LJ006-0078.wav,5.9514375,4.583234
/mnt/md1/user_wago/data/LJSpeech-1.1/wavs/LJ007-0037.wav,10.061375,4.557183
/mnt/md1/user_wago/data/LJSpeech-1.1/wavs/LJ016-0198.wav,8.99325,4.6474943
/mnt/md1/user_wago/data/LJSpeech-1.1/wavs/LJ013-0093.wav,4.3493125,4.728583
/mnt/md1/user_wago/data/LJSpeech-1.1/wavs/LJ043-0115.wav,7.2169375,4.7959447
/mnt/md1/user_wago/data/LJSpeech-1.1/wavs/LJ037-0137.wav,9.213875,4.629191
/mnt/md1/user_wago/data/LJSpeech-1.1/wavs/LJ032-0180.wav,6.868625,4.5638256
/mnt/md1/user_wago/data/LJSpeech-1.1/wavs/LJ006-0043.wav,10.073,4.5846806
/mnt/md1/user_wago/data/LJSpeech-1.1/wavs/LJ048-0283.wav,7.96,4.7483106
/mnt/md1/user_wago/data/LJSpeech-1.1/wavs/LJ007-0034.wav,8.737875,4.52229
/mnt/md1/user_wago/data/LJSpeech-1.1/wavs/LJ029-0192.wav,4.6975625,4.7350583
/mnt/md1/user_wago/data/LJSpeech-1.1/wavs/LJ031-0038.wav,7.6465,4.683861
/mnt/md1/user_wago/data/LJSpeech-1.1/wavs/LJ043-0007.wav,1.9924375,4.787063
/mnt/md1/user_wago/data/LJSpeech-1.1/wavs/LJ026-0158.wav,9.376375,4.559618
/mnt/md1/user_wago/data/LJSpeech-1.1/wavs/LJ036-0166.wav,7.9831875,4.6362123
/mnt/md1/user_wago/data/LJSpeech-1.1/wavs/LJ017-0100.wav,3.7455625,4.8170056
/mnt/md1/user_wago/data/LJSpeech-1.1/wavs/LJ010-0138.wav,4.3144375,4.67035
/mnt/md1/user_wago/data/LJSpeech-1.1/wavs/LJ027-0142.wav,8.7726875,4.374809
/mnt/md1/user_wago/data/LJSpeech-1.1/wavs/LJ030-0166.wav,7.0428125,4.6603537
/mnt/md1/user_wago/data/LJSpeech-1.1/wavs/LJ015-0044.wav,6.415875,4.6472044
/mnt/md1/user_wago/data/LJSpeech-1.1/wavs/LJ008-0001.wav,7.182125,4.5193677
/mnt/md1/user_wago/data/LJSpeech-1.1/wavs/LJ037-0201.wav,8.4940625,4.7182927
/mnt/md1/user_wago/data/LJSpeech-1.1/wavs/LJ021-0014.wav,3.4669375,4.4600205
/mnt/md1/user_wago/data/LJSpeech-1.1/wavs/LJ037-0107.wav,9.980125,4.6655903
/mnt/md1/user_wago/data/LJSpeech-1.1/wavs/LJ008-0260.wav,6.19525,4.457954
/mnt/md1/user_wago/data/LJSpeech-1.1/wavs/LJ028-0228.wav,6.1604375,4.633919
/mnt/md1/user_wago/data/LJSpeech-1.1/wavs/LJ016-0094.wav,9.2719375,4.638411
/mnt/md1/user_wago/data/LJSpeech-1.1/wavs/LJ028-0378.wav,4.87175,4.4252596
/mnt/md1/user_wago/data/LJSpeech-1.1/wavs/LJ003-0039.wav,5.1155625,4.6060853
/mnt/md1/user_wago/data/LJSpeech-1.1/wavs/LJ028-0043.wav,4.76725,4.7345705
/mnt/md1/user_wago/data/LJSpeech-1.1/wavs/LJ018-0160.wav,4.778875,4.6144934
/mnt/md1/user_wago/data/LJSpeech-1.1/wavs/LJ017-0175.wav,6.19525,4.5906973
/mnt/md1/user_wago/data/LJSpeech-1.1/wavs/LJ018-0041.wav,7.25175,4.699505
/mnt/md1/user_wago/data/LJSpeech-1.1/wavs/LJ026-0166.wav,7.2169375,4.45503
/mnt/md1/user_wago/data/LJSpeech-1.1/wavs/LJ002-0321.wav,10.09625,4.4082494
/mnt/md1/user_wago/data/LJSpeech-1.1/wavs/LJ019-0052.wav,6.8454375,4.750717
/mnt/md1/user_wago/data/LJSpeech-1.1/wavs/LJ015-0179.wav,3.23475,4.5726333
/mnt/md1/user_wago/data/LJSpeech-1.1/wavs/LJ035-0080.wav,4.8949375,4.612904
/mnt/md1/user_wago/data/LJSpeech-1.1/wavs/LJ032-0242.wav,6.682875,4.6654615
/mnt/md1/user_wago/data/LJSpeech-1.1/wavs/LJ003-0168.wav,9.5273125,4.412732
/mnt/md1/user_wago/data/LJSpeech-1.1/wavs/LJ047-0019.wav,9.004875,4.526566
/mnt/md1/user_wago/data/LJSpeech-1.1/wavs/LJ029-0127.wav,4.2331875,4.738162
/mnt/md1/user_wago/data/LJSpeech-1.1/wavs/LJ034-0211.wav,5.939875,4.6549563
/mnt/md1/user_wago/data/LJSpeech-1.1/wavs/LJ011-0017.wav,6.601625,4.5512233
/mnt/md1/user_wago/data/LJSpeech-1.1/wavs/LJ019-0021.wav,9.9336875,4.6448107
/mnt/md1/user_wago/data/LJSpeech-1.1/wavs/LJ049-0110.wav,9.121,4.6528525
/mnt/md1/user_wago/data/LJSpeech-1.1/wavs/LJ027-0038.wav,4.0241875,4.373842
/mnt/md1/user_wago/data/LJSpeech-1.1/wavs/LJ020-0010.wav,2.364,4.7337074
/mnt/md1/user_wago/data/LJSpeech-1.1/wavs/LJ028-0335.wav,7.7974375,4.514599
/mnt/md1/user_wago/data/LJSpeech-1.1/wavs/LJ021-0104.wav,7.762625,4.429192
/mnt/md1/user_wago/data/LJSpeech-1.1/wavs/LJ016-0312.wav,3.39725,4.485227
/mnt/md1/user_wago/data/LJSpeech-1.1/wavs/LJ002-0037.wav,4.569875,4.6926513
/mnt/md1/user_wago/data/LJSpeech-1.1/wavs/LJ002-0007.wav,3.6643125,4.561566
/mnt/md1/user_wago/data/LJSpeech-1.1/wavs/LJ048-0081.wav,8.7494375,4.5714517
/mnt/md1/user_wago/data/LJSpeech-1.1/wavs/LJ021-0153.wav,3.0605625,4.573859
/mnt/md1/user_wago/data/LJSpeech-1.1/wavs/LJ020-0093.wav,5.0110625,4.639447
/mnt/md1/user_wago/data/LJSpeech-1.1/wavs/LJ046-0213.wav,9.3299375,4.463119
/mnt/md1/user_wago/data/LJSpeech-1.1/wavs/LJ047-0242.wav,9.399625,4.5265975
/mnt/md1/user_wago/data/LJSpeech-1.1/wavs/LJ050-0097.wav,6.4739375,4.7581573
/mnt/md1/user_wago/data/LJSpeech-1.1/wavs/LJ050-0080.wav,4.8949375,4.6789136
/mnt/md1/user_wago/data/LJSpeech-1.1/wavs/LJ030-0195.wav,7.843875,4.588034
/mnt/md1/user_wago/data/LJSpeech-1.1/wavs/LJ017-0070.wav,8.1109375,4.667735
/mnt/md1/user_wago/data/LJSpeech-1.1/wavs/LJ015-0148.wav,3.0838125,4.6889462
/mnt/md1/user_wago/data/LJSpeech-1.1/wavs/LJ050-0061.wav,9.8408125,4.4408727
/mnt/md1/user_wago/data/LJSpeech-1.1/wavs/LJ019-0200.wav,3.1534375,4.742523
/mnt/md1/user_wago/data/LJSpeech-1.1/wavs/LJ046-0182.wav,3.5481875,4.6111703
/mnt/md1/user_wago/data/LJSpeech-1.1/wavs/LJ037-0099.wav,9.3531875,4.7680864
/mnt/md1/user_wago/data/LJSpeech-1.1/wavs/LJ009-0042.wav,8.3779375,4.562359
/mnt/md1/user_wago/data/LJSpeech-1.1/wavs/LJ042-0239.wav,5.916625,4.3772182
/mnt/md1/user_wago/data/LJSpeech-1.1/wavs/LJ038-0035.wav,3.7455625,4.6793575
/mnt/md1/user_wago/data/LJSpeech-1.1/wavs/LJ019-0201.wav,9.7246875,4.462049
/mnt/md1/user_wago/data/LJSpeech-1.1/wavs/LJ027-0081.wav,5.4986875,4.492861
/mnt/md1/user_wago/data/LJSpeech-1.1/wavs/LJ028-0491.wav,9.20225,4.3383923
/mnt/md1/user_wago/data/LJSpeech-1.1/wavs/LJ012-0256.wav,8.51725,4.6309505
/mnt/md1/user_wago/data/LJSpeech-1.1/wavs/LJ025-0089.wav,5.2665,4.64721
/mnt/md1/user_wago/data/LJSpeech-1.1/wavs/LJ010-0042.wav,3.7339375,4.7365823
/mnt/md1/user_wago/data/LJSpeech-1.1/wavs/LJ032-0182.wav,10.061375,4.581748
/mnt/md1/user_wago/data/LJSpeech-1.1/wavs/LJ029-0042.wav,8.4011875,4.702843
/mnt/md1/user_wago/data/LJSpeech-1.1/wavs/LJ018-0273.wav,2.143375,4.5833387
/mnt/md1/user_wago/data/LJSpeech-1.1/wavs/LJ015-0029.wav,7.8903125,4.5705256
/mnt/md1/user_wago/data/LJSpeech-1.1/wavs/LJ047-0148.wav,1.667375,4.2473707
/mnt/md1/user_wago/data/LJSpeech-1.1/wavs/LJ003-0116.wav,9.2370625,4.5240045
/mnt/md1/user_wago/data/LJSpeech-1.1/wavs/LJ025-0137.wav,5.13875,4.3383446
/mnt/md1/user_wago/data/LJSpeech-1.1/wavs/LJ026-0154.wav,7.5071875,4.563138
/mnt/md1/user_wago/data/LJSpeech-1.1/wavs/LJ016-0010.wav,7.46075,4.6662927
/mnt/md1/user_wago/data/LJSpeech-1.1/wavs/LJ023-0104.wav,2.8980625,4.5549116
/mnt/md1/user_wago/data/LJSpeech-1.1/wavs/LJ014-0107.wav,5.4754375,4.712524
/mnt/md1/user_wago/data/LJSpeech-1.1/wavs/LJ047-0113.wav,5.0226875,4.580704
/mnt/md1/user_wago/data/LJSpeech-1.1/wavs/LJ030-0165.wav,2.247875,4.710843
/mnt/md1/user_wago/data/LJSpeech-1.1/wavs/LJ010-0190.wav,8.51725,4.631036
/mnt/md1/user_wago/data/LJSpeech-1.1/wavs/LJ030-0174.wav,3.095375,4.6883755
/mnt/md1/user_wago/data/LJSpeech-1.1/wavs/LJ018-0343.wav,9.086125,4.6102977
/mnt/md1/user_wago/data/LJSpeech-1.1/wavs/LJ004-0134.wav,6.88025,4.493658
/mnt/md1/user_wago/data/LJSpeech-1.1/wavs/LJ005-0241.wav,4.198375,4.6993184
/mnt/md1/user_wago/data/LJSpeech-1.1/wavs/LJ005-0258.wav,6.8221875,4.511312
/mnt/md1/user_wago/data/LJSpeech-1.1/wavs/LJ021-0118.wav,7.449125,4.3788633
/mnt/md1/user_wago/data/LJSpeech-1.1/wavs/LJ047-0110.wav,9.6550625,4.615821
/mnt/md1/user_wago/data/LJSpeech-1.1/wavs/LJ017-0113.wav,6.8454375,4.6897902
/mnt/md1/user_wago/data/LJSpeech-1.1/wavs/LJ036-0054.wav,7.7974375,4.6216
/mnt/md1/user_wago/data/LJSpeech-1.1/wavs/LJ003-0008.wav,10.0498125,4.4105363
/mnt/md1/user_wago/data/LJSpeech-1.1/wavs/LJ041-0097.wav,3.2115,4.648451
/mnt/md1/user_wago/data/LJSpeech-1.1/wavs/LJ045-0051.wav,7.472375,4.6383543
/mnt/md1/user_wago/data/LJSpeech-1.1/wavs/LJ003-0081.wav,6.8454375,4.54441
/mnt/md1/user_wago/data/LJSpeech-1.1/wavs/LJ024-0052.wav,6.3461875,4.512754
/mnt/md1/user_wago/data/LJSpeech-1.1/wavs/LJ007-0086.wav,2.6658125,4.3376985
/mnt/md1/user_wago/data/LJSpeech-1.1/wavs/LJ043-0020.wav,7.2981875,4.7082486
/mnt/md1/user_wago/data/LJSpeech-1.1/wavs/LJ010-0106.wav,8.9584375,4.6757402
/mnt/md1/user_wago/data/LJSpeech-1.1/wavs/LJ002-0218.wav,9.028125,4.56897
/mnt/md1/user_wago/data/LJSpeech-1.1/wavs/LJ024-0038.wav,3.513375,4.159712
/mnt/md1/user_wago/data/LJSpeech-1.1/wavs/LJ002-0078.wav,4.5234375,4.4611692
/mnt/md1/user_wago/data/LJSpeech-1.1/wavs/LJ002-0155.wav,3.2579375,4.6504
/mnt/md1/user_wago/data/LJSpeech-1.1/wavs/LJ045-0152.wav,4.9878125,4.7025213
/mnt/md1/user_wago/data/LJSpeech-1.1/wavs/LJ010-0054.wav,7.9831875,4.5807686
/mnt/md1/user_wago/data/LJSpeech-1.1/wavs/LJ028-0441.wav,5.24325,4.6206837
/mnt/md1/user_wago/data/LJSpeech-1.1/wavs/LJ045-0140.wav,9.318375,4.593716
/mnt/md1/user_wago/data/LJSpeech-1.1/wavs/LJ039-0009.wav,7.1240625,4.6444674
/mnt/md1/user_wago/data/LJSpeech-1.1/wavs/LJ014-0025.wav,4.9878125,4.716359
/mnt/md1/user_wago/data/LJSpeech-1.1/wavs/LJ037-0077.wav,8.8771875,4.663716
/mnt/md1/user_wago/data/LJSpeech-1.1/wavs/LJ004-0230.wav,6.706125,4.464804
/mnt/md1/user_wago/data/LJSpeech-1.1/wavs/LJ029-0135.wav,7.0311875,4.6082473
/mnt/md1/user_wago/data/LJSpeech-1.1/wavs/LJ006-0017.wav,8.9468125,4.651512
/mnt/md1/user_wago/data/LJSpeech-1.1/wavs/LJ028-0172.wav,6.4390625,4.6308045
/mnt/md1/user_wago/data/LJSpeech-1.1/wavs/LJ006-0023.wav,4.268,4.4082117
/mnt/md1/user_wago/data/LJSpeech-1.1/wavs/LJ016-0292.wav,5.55675,4.3447676
/mnt/md1/user_wago/data/LJSpeech-1.1/wavs/LJ006-0163.wav,5.3129375,4.485943
/mnt/md1/user_wago/data/LJSpeech-1.1/wavs/LJ016-0059.wav,4.9994375,4.5343924
/mnt/md1/user_wago/data/LJSpeech-1.1/wavs/LJ016-0316.wav,6.520375,4.477288
/mnt/md1/user_wago/data/LJSpeech-1.1/wavs/LJ039-0024.wav,9.8175625,4.4870253
/mnt/md1/user_wago/data/LJSpeech-1.1/wavs/LJ008-0093.wav,9.0513125,4.5244207
/mnt/md1/user_wago/data/LJSpeech-1.1/wavs/LJ023-0122.wav,3.3508125,4.660591
/mnt/md1/user_wago/data/LJSpeech-1.1/wavs/LJ020-0055.wav,5.9746875,4.697134
/mnt/md1/user_wago/data/LJSpeech-1.1/wavs/LJ038-0300.wav,8.04125,4.5316267
/mnt/md1/user_wago/data/LJSpeech-1.1/wavs/LJ012-0083.wav,7.7045625,4.654496
/mnt/md1/user_wago/data/LJSpeech-1.1/wavs/LJ047-0034.wav,9.20225,4.42104
/mnt/md1/user_wago/data/LJSpeech-1.1/wavs/LJ027-0180.wav,3.675875,4.566119
/mnt/md1/user_wago/data/LJSpeech-1.1/wavs/LJ007-0035.wav,3.6526875,4.761053
/mnt/md1/user_wago/data/LJSpeech-1.1/wavs/LJ018-0117.wav,6.03275,4.5955973
/mnt/md1/user_wago/data/LJSpeech-1.1/wavs/LJ028-0038.wav,4.1170625,4.586468
/mnt/md1/user_wago/data/LJSpeech-1.1/wavs/LJ001-0102.wav,5.150375,4.531097
/mnt/md1/user_wago/data/LJSpeech-1.1/wavs/LJ030-0113.wav,3.7339375,4.6565266
/mnt/md1/user_wago/data/LJSpeech-1.1/wavs/LJ017-0249.wav,8.5636875,4.5707564
/mnt/md1/user_wago/data/LJSpeech-1.1/wavs/LJ042-0198.wav,6.4739375,4.601718
/mnt/md1/user_wago/data/LJSpeech-1.1/wavs/LJ006-0132.wav,3.5365625,4.4449606
/mnt/md1/user_wago/data/LJSpeech-1.1/wavs/LJ010-0177.wav,8.819125,4.409941
/mnt/md1/user_wago/data/LJSpeech-1.1/wavs/LJ001-0144.wav,4.268,4.5316653
/mnt/md1/user_wago/data/LJSpeech-1.1/wavs/LJ018-0367.wav,6.9615,4.6327415
/mnt/md1/user_wago/data/LJSpeech-1.1/wavs/LJ045-0197.wav,7.751,4.6290765
/mnt/md1/user_wago/data/LJSpeech-1.1/wavs/LJ026-0151.wav,3.385625,4.434019
/mnt/md1/user_wago/data/LJSpeech-1.1/wavs/LJ026-0049.wav,3.4553125,4.7534223
/mnt/md1/user_wago/data/LJSpeech-1.1/wavs/LJ013-0087.wav,6.021125,4.7482624
/mnt/md1/user_wago/data/LJSpeech-1.1/wavs/LJ018-0128.wav,6.3461875,4.666823
/mnt/md1/user_wago/data/LJSpeech-1.1/wavs/LJ003-0199.wav,8.3663125,4.4333215
/mnt/md1/user_wago/data/LJSpeech-1.1/wavs/LJ009-0163.wav,6.578375,4.4267416
/mnt/md1/user_wago/data/LJSpeech-1.1/wavs/LJ005-0257.wav,6.311375,4.429481
/mnt/md1/user_wago/data/LJSpeech-1.1/wavs/LJ006-0001.wav,8.3083125,4.5744305
/mnt/md1/user_wago/data/LJSpeech-1.1/wavs/LJ028-0436.wav,4.1170625,4.466089
/mnt/md1/user_wago/data/LJSpeech-1.1/wavs/LJ046-0238.wav,5.162,4.6511564
/mnt/md1/user_wago/data/LJSpeech-1.1/wavs/LJ046-0123.wav,8.2966875,4.540308
/mnt/md1/user_wago/data/LJSpeech-1.1/wavs/LJ021-0176.wav,4.18675,3.6674643
/mnt/md1/user_wago/data/LJSpeech-1.1/wavs/LJ019-0006.wav,6.5319375,4.639973
/mnt/md1/user_wago/data/LJSpeech-1.1/wavs/LJ001-0159.wav,8.41275,4.468347
/mnt/md1/user_wago/data/LJSpeech-1.1/wavs/LJ045-0032.wav,6.7525625,4.627652
/mnt/md1/user_wago/data/LJSpeech-1.1/wavs/LJ022-0164.wav,5.1155625,4.493127
/mnt/md1/user_wago/data/LJSpeech-1.1/wavs/LJ012-0072.wav,9.1674375,4.5393925
/mnt/md1/user_wago/data/LJSpeech-1.1/wavs/LJ042-0100.wav,5.905,4.5875063
/mnt/md1/user_wago/data/LJSpeech-1.1/wavs/LJ027-0167.wav,8.343125,4.292297
/mnt/md1/user_wago/data/LJSpeech-1.1/wavs/LJ049-0047.wav,7.7858125,4.4630556
/mnt/md1/user_wago/data/LJSpeech-1.1/wavs/LJ033-0054.wav,7.8206875,4.7120595
/mnt/md1/user_wago/data/LJSpeech-1.1/wavs/LJ015-0075.wav,5.4986875,4.6243763
/mnt/md1/user_wago/data/LJSpeech-1.1/wavs/LJ038-0070.wav,9.3648125,4.5253696
/mnt/md1/user_wago/data/LJSpeech-1.1/wavs/LJ015-0141.wav,6.392625,4.560507
/mnt/md1/user_wago/data/LJSpeech-1.1/wavs/LJ034-0216.wav,6.311375,4.568709
/mnt/md1/user_wago/data/LJSpeech-1.1/wavs/LJ010-0030.wav,8.62175,4.5643296
/mnt/md1/user_wago/data/LJSpeech-1.1/wavs/LJ042-0228.wav,5.34775,4.493655
/mnt/md1/user_wago/data/LJSpeech-1.1/wavs/LJ009-0278.wav,6.125625,4.197612
/mnt/md1/user_wago/data/LJSpeech-1.1/wavs/LJ007-0055.wav,4.546625,4.8444247
/mnt/md1/user_wago/data/LJSpeech-1.1/wavs/LJ049-0004.wav,1.8183125,4.572813
/mnt/md1/user_wago/data/LJSpeech-1.1/wavs/LJ037-0211.wav,2.7586875,4.4143076
/mnt/md1/user_wago/data/LJSpeech-1.1/wavs/LJ014-0153.wav,6.6364375,4.6174865
/mnt/md1/user_wago/data/LJSpeech-1.1/wavs/LJ002-0157.wav,7.843875,4.4510784
/mnt/md1/user_wago/data/LJSpeech-1.1/wavs/LJ005-0209.wav,5.3129375,4.30312
/mnt/md1/user_wago/data/LJSpeech-1.1/wavs/LJ027-0005.wav,3.8384375,4.5388694
/mnt/md1/user_wago/data/LJSpeech-1.1/wavs/LJ046-0056.wav,7.25175,4.684859
/mnt/md1/user_wago/data/LJSpeech-1.1/wavs/LJ011-0258.wav,6.3694375,4.6764383
/mnt/md1/user_wago/data/LJSpeech-1.1/wavs/LJ037-0145.wav,8.5636875,4.6994214
/mnt/md1/user_wago/data/LJSpeech-1.1/wavs/LJ041-0090.wav,10.0149375,4.529236
/mnt/md1/user_wago/data/LJSpeech-1.1/wavs/LJ033-0148.wav,4.1635,4.592025
/mnt/md1/user_wago/data/LJSpeech-1.1/wavs/LJ031-0106.wav,3.6643125,4.689804
/mnt/md1/user_wago/data/LJSpeech-1.1/wavs/LJ014-0100.wav,9.1325625,4.5038347
/mnt/md1/user_wago/data/LJSpeech-1.1/wavs/LJ045-0136.wav,4.5118125,4.6794667
/mnt/md1/user_wago/data/LJSpeech-1.1/wavs/LJ034-0064.wav,8.5405,4.666237
/mnt/md1/user_wago/data/LJSpeech-1.1/wavs/LJ028-0040.wav,6.5551875,4.5133557
/mnt/md1/user_wago/data/LJSpeech-1.1/wavs/LJ028-0440.wav,6.2649375,4.5257125
/mnt/md1/user_wago/data/LJSpeech-1.1/wavs/LJ035-0066.wav,3.9313125,4.59451
/mnt/md1/user_wago/data/LJSpeech-1.1/wavs/LJ046-0033.wav,8.737875,4.6821985
/mnt/md1/user_wago/data/LJSpeech-1.1/wavs/LJ046-0140.wav,8.04125,4.672152
/mnt/md1/user_wago/data/LJSpeech-1.1/wavs/LJ035-0088.wav,3.432125,4.4768767
/mnt/md1/user_wago/data/LJSpeech-1.1/wavs/LJ014-0085.wav,9.004875,4.7285147
/mnt/md1/user_wago/data/LJSpeech-1.1/wavs/LJ013-0249.wav,2.8980625,4.6637864
/mnt/md1/user_wago/data/LJSpeech-1.1/wavs/LJ033-0017.wav,1.9924375,4.690563
/mnt/md1/user_wago/data/LJSpeech-1.1/wavs/LJ038-0265.wav,8.842375,4.380777
/mnt/md1/user_wago/data/LJSpeech-1.1/wavs/LJ019-0206.wav,3.780375,4.5022864
/mnt/md1/user_wago/data/LJSpeech-1.1/wavs/LJ011-0215.wav,7.762625,4.578547
/mnt/md1/user_wago/data/LJSpeech-1.1/wavs/LJ019-0333.wav,7.553625,4.5609074
/mnt/md1/user_wago/data/LJSpeech-1.1/wavs/LJ037-0075.wav,8.645,4.7497044
/mnt/md1/user_wago/data/LJSpeech-1.1/wavs/LJ031-0227.wav,6.98475,4.7923512
/mnt/md1/user_wago/data/LJSpeech-1.1/wavs/LJ011-0009.wav,6.0095,4.4394636
/mnt/md1/user_wago/data/LJSpeech-1.1/wavs/LJ017-0068.wav,5.417375,4.712202
/mnt/md1/user_wago/data/LJSpeech-1.1/wavs/LJ011-0167.wav,4.256375,4.704801
/mnt/md1/user_wago/data/LJSpeech-1.1/wavs/LJ011-0029.wav,9.8524375,4.432254
/mnt/md1/user_wago/data/LJSpeech-1.1/wavs/LJ014-0191.wav,3.792,4.4650226
/mnt/md1/user_wago/data/LJSpeech-1.1/wavs/LJ043-0147.wav,9.5389375,4.6007614
/mnt/md1/user_wago/data/LJSpeech-1.1/wavs/LJ019-0029.wav,8.3315,4.598706
/mnt/md1/user_wago/data/LJSpeech-1.1/wavs/LJ045-0082.wav,7.1124375,4.62125
/mnt/md1/user_wago/data/LJSpeech-1.1/wavs/LJ044-0116.wav,8.703,4.4944167
/mnt/md1/user_wago/data/LJSpeech-1.1/wavs/LJ001-0098.wav,4.651125,4.4178414
/mnt/md1/user_wago/data/LJSpeech-1.1/wavs/LJ013-0026.wav,5.429,4.5711527
/mnt/md1/user_wago/data/LJSpeech-1.1/wavs/LJ038-0181.wav,8.795875,4.504799
/mnt/md1/user_wago/data/LJSpeech-1.1/wavs/LJ044-0077.wav,6.19525,4.5231524
/mnt/md1/user_wago/data/LJSpeech-1.1/wavs/LJ017-0034.wav,5.2780625,4.7175255
/mnt/md1/user_wago/data/LJSpeech-1.1/wavs/LJ033-0062.wav,7.4955625,4.6572156
/mnt/md1/user_wago/data/LJSpeech-1.1/wavs/LJ019-0326.wav,4.3725,4.5769334
/mnt/md1/user_wago/data/LJSpeech-1.1/wavs/LJ030-0212.wav,3.0489375,4.7487535
/mnt/md1/user_wago/data/LJSpeech-1.1/wavs/LJ039-0136.wav,10.0033125,4.437852
/mnt/md1/user_wago/data/LJSpeech-1.1/wavs/LJ036-0201.wav,9.771125,4.6238484
/mnt/md1/user_wago/data/LJSpeech-1.1/wavs/LJ013-0081.wav,3.1534375,4.6765413
/mnt/md1/user_wago/data/LJSpeech-1.1/wavs/LJ048-0202.wav,9.9453125,4.5777392
/mnt/md1/user_wago/data/LJSpeech-1.1/wavs/LJ022-0172.wav,6.9615,4.5323696
/mnt/md1/user_wago/data/LJSpeech-1.1/wavs/LJ034-0172.wav,9.480875,4.644523
/mnt/md1/user_wago/data/LJSpeech-1.1/wavs/LJ042-0206.wav,9.109375,4.5735965
/mnt/md1/user_wago/data/LJSpeech-1.1/wavs/LJ046-0234.wav,8.41275,4.5542645
/mnt/md1/user_wago/data/LJSpeech-1.1/wavs/LJ042-0050.wav,8.7494375,4.4213276
/mnt/md1/user_wago/data/LJSpeech-1.1/wavs/LJ001-0076.wav,8.9700625,4.522199
/mnt/md1/user_wago/data/LJSpeech-1.1/wavs/LJ046-0044.wav,9.597,4.6617937
/mnt/md1/user_wago/data/LJSpeech-1.1/wavs/LJ036-0034.wav,5.4058125,4.6579084
/mnt/md1/user_wago/data/LJSpeech-1.1/wavs/LJ032-0039.wav,2.364,4.6656895
/mnt/md1/user_wago/data/LJSpeech-1.1/wavs/LJ015-0227.wav,6.7176875,4.4249187
/mnt/md1/user_wago/data/LJSpeech-1.1/wavs/LJ010-0131.wav,3.4205,4.443952
/mnt/md1/user_wago/data/LJSpeech-1.1/wavs/LJ047-0132.wav,7.867125,4.7503033
/mnt/md1/user_wago/data/LJSpeech-1.1/wavs/LJ017-0109.wav,5.5915625,4.806988
/mnt/md1/user_wago/data/LJSpeech-1.1/wavs/LJ010-0002.wav,7.1124375,4.7985725
/mnt/md1/user_wago/data/LJSpeech-1.1/wavs/LJ022-0169.wav,2.166625,4.7958856
/mnt/md1/user_wago/data/LJSpeech-1.1/wavs/LJ031-0050.wav,9.8408125,4.6681695
/mnt/md1/user_wago/data/LJSpeech-1.1/wavs/LJ001-0024.wav,7.8555,4.3275757
/mnt/md1/user_wago/data/LJSpeech-1.1/wavs/LJ001-0178.wav,7.1124375,4.4193606
/mnt/md1/user_wago/data/LJSpeech-1.1/wavs/LJ035-0123.wav,8.04125,4.6177325
/mnt/md1/user_wago/data/LJSpeech-1.1/wavs/LJ019-0001.wav,6.810625,4.5453353
/mnt/md1/user_wago/data/LJSpeech-1.1/wavs/LJ003-0012.wav,5.2084375,4.5188513
/mnt/md1/user_wago/data/LJSpeech-1.1/wavs/LJ005-0054.wav,7.5188125,4.4731307
/mnt/md1/user_wago/data/LJSpeech-1.1/wavs/LJ028-0497.wav,4.55825,4.6848173
/mnt/md1/user_wago/data/LJSpeech-1.1/wavs/LJ047-0087.wav,1.9228125,4.721772
/mnt/md1/user_wago/data/LJSpeech-1.1/wavs/LJ044-0133.wav,8.737875,4.529454
/mnt/md1/user_wago/data/LJSpeech-1.1/wavs/LJ050-0052.wav,5.9630625,4.635886
/mnt/md1/user_wago/data/LJSpeech-1.1/wavs/LJ014-0099.wav,4.9994375,4.3784876
/mnt/md1/user_wago/data/LJSpeech-1.1/wavs/LJ042-0072.wav,3.6526875,4.4496045
/mnt/md1/user_wago/data/LJSpeech-1.1/wavs/LJ006-0269.wav,9.0513125,4.6089487
/mnt/md1/user_wago/data/LJSpeech-1.1/wavs/LJ007-0208.wav,4.279625,4.6681833
/mnt/md1/user_wago/data/LJSpeech-1.1/wavs/LJ032-0259.wav,4.4073125,4.712875
/mnt/md1/user_wago/data/LJSpeech-1.1/wavs/LJ025-0069.wav,8.552125,4.6221395
/mnt/md1/user_wago/data/LJSpeech-1.1/wavs/LJ003-0060.wav,8.41275,4.522004
/mnt/md1/user_wago/data/LJSpeech-1.1/wavs/LJ019-0218.wav,7.96,4.651644
/mnt/md1/user_wago/data/LJSpeech-1.1/wavs/LJ008-0074.wav,8.424375,4.289209
/mnt/md1/user_wago/data/LJSpeech-1.1/wavs/LJ027-0161.wav,5.2665,4.4224586
/mnt/md1/user_wago/data/LJSpeech-1.1/wavs/LJ018-0385.wav,4.465375,4.4899025
/mnt/md1/user_wago/data/LJSpeech-1.1/wavs/LJ037-0062.wav,7.8206875,4.777702
/mnt/md1/user_wago/data/LJSpeech-1.1/wavs/LJ001-0110.wav,5.8701875,4.501294
/mnt/md1/user_wago/data/LJSpeech-1.1/wavs/LJ009-0028.wav,3.9313125,4.2834063
/mnt/md1/user_wago/data/LJSpeech-1.1/wavs/LJ013-0250.wav,4.7091875,4.7873287
/mnt/md1/user_wago/data/LJSpeech-1.1/wavs/LJ031-0130.wav,5.7889375,4.683236
/mnt/md1/user_wago/data/LJSpeech-1.1/wavs/LJ001-0162.wav,9.3648125,4.524353
/mnt/md1/user_wago/data/LJSpeech-1.1/wavs/LJ003-0083.wav,6.497125,4.676596
/mnt/md1/user_wago/data/LJSpeech-1.1/wavs/LJ011-0269.wav,2.6774375,4.62192
/mnt/md1/user_wago/data/LJSpeech-1.1/wavs/LJ033-0124.wav,4.0590625,4.7104335
/mnt/md1/user_wago/data/LJSpeech-1.1/wavs/LJ031-0135.wav,9.9336875,4.551344
/mnt/md1/user_wago/data/LJSpeech-1.1/wavs/LJ017-0012.wav,3.2579375,4.7159405
/mnt/md1/user_wago/data/LJSpeech-1.1/wavs/LJ047-0003.wav,4.9878125,4.7004843
/mnt/md1/user_wago/data/LJSpeech-1.1/wavs/LJ050-0045.wav,4.4305625,4.6790137
/mnt/md1/user_wago/data/LJSpeech-1.1/wavs/LJ014-0134.wav,4.8136875,4.5379376
/mnt/md1/user_wago/data/LJSpeech-1.1/wavs/LJ038-0076.wav,6.0559375,4.4351063
/mnt/md1/user_wago/data/LJSpeech-1.1/wavs/LJ047-0199.wav,2.6774375,4.6153946
/mnt/md1/user_wago/data/LJSpeech-1.1/wavs/LJ048-0048.wav,6.0675625,4.6559253
/mnt/md1/user_wago/data/LJSpeech-1.1/wavs/LJ004-0019.wav,9.318375,4.273035
/mnt/md1/user_wago/data/LJSpeech-1.1/wavs/LJ040-0112.wav,9.898875,4.2422323
/mnt/md1/user_wago/data/LJSpeech-1.1/wavs/LJ017-0210.wav,2.71225,4.586007
/mnt/md1/user_wago/data/LJSpeech-1.1/wavs/LJ048-0191.wav,4.9298125,4.394717
/mnt/md1/user_wago/data/LJSpeech-1.1/wavs/LJ028-0049.wav,7.4259375,4.5137687
/mnt/md1/user_wago/data/LJSpeech-1.1/wavs/LJ012-0009.wav,3.4669375,4.739259
/mnt/md1/user_wago/data/LJSpeech-1.1/wavs/LJ022-0168.wav,6.7525625,4.615034
/mnt/md1/user_wago/data/LJSpeech-1.1/wavs/LJ039-0155.wav,9.7479375,4.517641
/mnt/md1/user_wago/data/LJSpeech-1.1/wavs/LJ032-0227.wav,8.8771875,4.707294
/mnt/md1/user_wago/data/LJSpeech-1.1/wavs/LJ006-0108.wav,6.0559375,4.4185004
/mnt/md1/user_wago/data/LJSpeech-1.1/wavs/LJ016-0235.wav,8.51725,4.5635123
/mnt/md1/user_wago/data/LJSpeech-1.1/wavs/LJ039-0174.wav,5.6844375,4.518206
/mnt/md1/user_wago/data/LJSpeech-1.1/wavs/LJ028-0344.wav,4.1519375,4.43327
/mnt/md1/user_wago/data/LJSpeech-1.1/wavs/LJ028-0518.wav,4.66275,4.7051277
/mnt/md1/user_wago/data/LJSpeech-1.1/wavs/LJ003-0034.wav,3.792,4.7998924
/mnt/md1/user_wago/data/LJSpeech-1.1/wavs/LJ046-0138.wav,5.24325,4.6788707
/mnt/md1/user_wago/data/LJSpeech-1.1/wavs/LJ028-0129.wav,8.5753125,4.5036716
/mnt/md1/user_wago/data/LJSpeech-1.1/wavs/LJ016-0241.wav,7.93675,4.475273
/mnt/md1/user_wago/data/LJSpeech-1.1/wavs/LJ020-0098.wav,7.7974375,4.500622
/mnt/md1/user_wago/data/LJSpeech-1.1/wavs/LJ017-0163.wav,4.778875,4.6514616
/mnt/md1/user_wago/data/LJSpeech-1.1/wavs/LJ038-0178.wav,6.50875,4.7476525
/mnt/md1/user_wago/data/LJSpeech-1.1/wavs/LJ017-0225.wav,2.0273125,4.6262975
/mnt/md1/user_wago/data/LJSpeech-1.1/wavs/LJ044-0011.wav,7.0195625,4.477807
/mnt/md1/user_wago/data/LJSpeech-1.1/wavs/LJ038-0240.wav,7.948375,4.684637
/mnt/md1/user_wago/data/LJSpeech-1.1/wavs/LJ042-0097.wav,6.29975,4.572857
/mnt/md1/user_wago/data/LJSpeech-1.1/wavs/LJ002-0215.wav,6.8338125,4.5291133
/mnt/md1/user_wago/data/LJSpeech-1.1/wavs/LJ007-0077.wav,7.1473125,4.651293
/mnt/md1/user_wago/data/LJSpeech-1.1/wavs/LJ037-0267.wav,2.8748125,4.6094956
/mnt/md1/user_wago/data/LJSpeech-1.1/wavs/LJ044-0221.wav,8.923625,4.373363
/mnt/md1/user_wago/data/LJSpeech-1.1/wavs/LJ009-0037.wav,7.0428125,4.760604
/mnt/md1/user_wago/data/LJSpeech-1.1/wavs/LJ043-0069.wav,9.9685,4.637919
/mnt/md1/user_wago/data/LJSpeech-1.1/wavs/LJ022-0111.wav,8.6914375,4.6159544
/mnt/md1/user_wago/data/LJSpeech-1.1/wavs/LJ018-0141.wav,7.484,4.5016375
/mnt/md1/user_wago/data/LJSpeech-1.1/wavs/LJ016-0207.wav,6.7409375,4.59616
/mnt/md1/user_wago/data/LJSpeech-1.1/wavs/LJ011-0222.wav,8.4708125,4.498521
/mnt/md1/user_wago/data/LJSpeech-1.1/wavs/LJ037-0011.wav,9.086125,4.6445837
/mnt/md1/user_wago/data/LJSpeech-1.1/wavs/LJ014-0039.wav,4.953,4.7408104
/mnt/md1/user_wago/data/LJSpeech-1.1/wavs/LJ011-0235.wav,8.1225,4.6859117
/mnt/md1/user_wago/data/LJSpeech-1.1/wavs/LJ016-0114.wav,8.72625,4.595797
/mnt/md1/user_wago/data/LJSpeech-1.1/wavs/LJ006-0250.wav,5.6031875,4.5468044
/mnt/md1/user_wago/data/LJSpeech-1.1/wavs/LJ018-0384.wav,6.1488125,4.719667
/mnt/md1/user_wago/data/LJSpeech-1.1/wavs/LJ016-0029.wav,8.029625,4.7016754
/mnt/md1/user_wago/data/LJSpeech-1.1/wavs/LJ031-0215.wav,7.4955625,4.663057
/mnt/md1/user_wago/data/LJSpeech-1.1/wavs/LJ037-0021.wav,7.6465,4.5352993
/mnt/md1/user_wago/data/LJSpeech-1.1/wavs/LJ003-0121.wav,6.6596875,4.558554
/mnt/md1/user_wago/data/LJSpeech-1.1/wavs/LJ009-0149.wav,8.923625,4.497114
/mnt/md1/user_wago/data/LJSpeech-1.1/wavs/LJ038-0163.wav,1.667375,4.516386
/mnt/md1/user_wago/data/LJSpeech-1.1/wavs/LJ041-0094.wav,4.18675,4.444269
/mnt/md1/user_wago/data/LJSpeech-1.1/wavs/LJ009-0264.wav,4.4073125,4.4860277
/mnt/md1/user_wago/data/LJSpeech-1.1/wavs/LJ049-0120.wav,6.3578125,4.48947
/mnt/md1/user_wago/data/LJSpeech-1.1/wavs/LJ014-0027.wav,9.213875,4.581234
/mnt/md1/user_wago/data/LJSpeech-1.1/wavs/LJ005-0013.wav,8.2734375,4.6182847
/mnt/md1/user_wago/data/LJSpeech-1.1/wavs/LJ031-0124.wav,6.520375,4.775014
/mnt/md1/user_wago/data/LJSpeech-1.1/wavs/LJ028-0264.wav,7.35625,4.653571
/mnt/md1/user_wago/data/LJSpeech-1.1/wavs/LJ023-0102.wav,5.5799375,4.392696
/mnt/md1/user_wago/data/LJSpeech-1.1/wavs/LJ025-0071.wav,9.771125,4.620418
/mnt/md1/user_wago/data/LJSpeech-1.1/wavs/LJ002-0197.wav,8.6798125,4.4789257
/mnt/md1/user_wago/data/LJSpeech-1.1/wavs/LJ044-0171.wav,8.0180625,4.6673727
/mnt/md1/user_wago/data/LJSpeech-1.1/wavs/LJ032-0050.wav,4.279625,4.5954876
/mnt/md1/user_wago/data/LJSpeech-1.1/wavs/LJ006-0008.wav,7.751,4.655644
/mnt/md1/user_wago/data/LJSpeech-1.1/wavs/LJ033-0134.wav,9.4925,4.685783
/mnt/md1/user_wago/data/LJSpeech-1.1/wavs/LJ050-0187.wav,9.20225,4.5700235
/mnt/md1/user_wago/data/LJSpeech-1.1/wavs/LJ032-0025.wav,8.8771875,4.625493
/mnt/md1/user_wago/data/LJSpeech-1.1/wavs/LJ046-0224.wav,5.2665,4.578014
/mnt/md1/user_wago/data/LJSpeech-1.1/wavs/LJ018-0241.wav,7.6000625,4.52112
/mnt/md1/user_wago/data/LJSpeech-1.1/wavs/LJ030-0117.wav,7.0311875,4.738638
/mnt/md1/user_wago/data/LJSpeech-1.1/wavs/LJ025-0103.wav,10.09625,4.483879
/mnt/md1/user_wago/data/LJSpeech-1.1/wavs/LJ029-0151.wav,3.6875,4.84571
/mnt/md1/user_wago/data/LJSpeech-1.1/wavs/LJ031-0005.wav,4.384125,4.6337023
/mnt/md1/user_wago/data/LJSpeech-1.1/wavs/LJ015-0202.wav,5.847,4.689514
/mnt/md1/user_wago/data/LJSpeech-1.1/wavs/LJ030-0115.wav,9.608625,4.6611485
/mnt/md1/user_wago/data/LJSpeech-1.1/wavs/LJ037-0213.wav,5.626375,4.6577435
/mnt/md1/user_wago/data/LJSpeech-1.1/wavs/LJ018-0173.wav,6.50875,4.5358734
/mnt/md1/user_wago/data/LJSpeech-1.1/wavs/LJ019-0051.wav,8.3895625,4.6698694
/mnt/md1/user_wago/data/LJSpeech-1.1/wavs/LJ002-0051.wav,5.916625,4.587238
/mnt/md1/user_wago/data/LJSpeech-1.1/wavs/LJ005-0148.wav,6.0095,4.6519995
/mnt/md1/user_wago/data/LJSpeech-1.1/wavs/LJ009-0084.wav,9.3299375,4.5552306
/mnt/md1/user_wago/data/LJSpeech-1.1/wavs/LJ009-0302.wav,6.230125,4.5721164
/mnt/md1/user_wago/data/LJSpeech-1.1/wavs/LJ009-0012.wav,8.238625,4.396454
/mnt/md1/user_wago/data/LJSpeech-1.1/wavs/LJ002-0113.wav,6.2649375,4.278992
/mnt/md1/user_wago/data/LJSpeech-1.1/wavs/LJ015-0284.wav,6.7525625,4.432776
/mnt/md1/user_wago/data/LJSpeech-1.1/wavs/LJ050-0195.wav,1.5745,4.6244416
/mnt/md1/user_wago/data/LJSpeech-1.1/wavs/LJ009-0164.wav,4.0474375,4.223895
/mnt/md1/user_wago/data/LJSpeech-1.1/wavs/LJ047-0144.wav,9.8291875,4.45293
/mnt/md1/user_wago/data/LJSpeech-1.1/wavs/LJ042-0218.wav,5.0575,4.418253
/mnt/md1/user_wago/data/LJSpeech-1.1/wavs/LJ014-0020.wav,8.261875,4.57073
/mnt/md1/user_wago/data/LJSpeech-1.1/wavs/LJ044-0194.wav,2.07375,4.5745397
/mnt/md1/user_wago/data/LJSpeech-1.1/wavs/LJ032-0013.wav,1.8066875,4.645306
/mnt/md1/user_wago/data/LJSpeech-1.1/wavs/LJ038-0283.wav,7.158875,4.589421
/mnt/md1/user_wago/data/LJSpeech-1.1/wavs/LJ004-0122.wav,8.9700625,4.509099
/mnt/md1/user_wago/data/LJSpeech-1.1/wavs/LJ011-0249.wav,7.751,4.6197715
/mnt/md1/user_wago/data/LJSpeech-1.1/wavs/LJ039-0005.wav,2.038875,4.3615623
/mnt/md1/user_wago/data/LJSpeech-1.1/wavs/LJ049-0180.wav,1.8066875,4.893581
/mnt/md1/user_wago/data/LJSpeech-1.1/wavs/LJ001-0185.wav,3.095375,4.5894303
/mnt/md1/user_wago/data/LJSpeech-1.1/wavs/LJ026-0032.wav,7.9831875,4.553704
/mnt/md1/user_wago/data/LJSpeech-1.1/wavs/LJ033-0159.wav,7.1705,4.587731
/mnt/md1/user_wago/data/LJSpeech-1.1/wavs/LJ012-0188.wav,8.3663125,4.4607124
/mnt/md1/user_wago/data/LJSpeech-1.1/wavs/LJ044-0207.wav,7.2401875,4.522926
/mnt/md1/user_wago/data/LJSpeech-1.1/wavs/LJ042-0162.wav,8.552125,4.523132
/mnt/md1/user_wago/data/LJSpeech-1.1/wavs/LJ045-0215.wav,4.6395625,4.727394
/mnt/md1/user_wago/data/LJSpeech-1.1/wavs/LJ046-0230.wav,4.674375,4.656616
/mnt/md1/user_wago/data/LJSpeech-1.1/wavs/LJ037-0122.wav,6.8570625,4.7516174
/mnt/md1/user_wago/data/LJSpeech-1.1/wavs/LJ030-0013.wav,9.20225,4.597803
/mnt/md1/user_wago/data/LJSpeech-1.1/wavs/LJ036-0188.wav,3.9545625,4.737993
/mnt/md1/user_wago/data/LJSpeech-1.1/wavs/LJ040-0020.wav,4.5815,4.659403
/mnt/md1/user_wago/data/LJSpeech-1.1/wavs/LJ032-0197.wav,2.456875,4.6948733
/mnt/md1/user_wago/data/LJSpeech-1.1/wavs/LJ044-0177.wav,7.7278125,4.5855904
/mnt/md1/user_wago/data/LJSpeech-1.1/wavs/LJ012-0238.wav,9.7246875,4.6221466
/mnt/md1/user_wago/data/LJSpeech-1.1/wavs/LJ002-0336.wav,5.812125,4.4728985
/mnt/md1/user_wago/data/LJSpeech-1.1/wavs/LJ035-0193.wav,7.0428125,4.2812963
/mnt/md1/user_wago/data/LJSpeech-1.1/wavs/LJ042-0040.wav,2.8980625,4.671847
/mnt/md1/user_wago/data/LJSpeech-1.1/wavs/LJ035-0169.wav,6.7641875,4.533437
/mnt/md1/user_wago/data/LJSpeech-1.1/wavs/LJ041-0134.wav,8.900375,4.62042
/mnt/md1/user_wago/data/LJSpeech-1.1/wavs/LJ047-0017.wav,1.586125,4.503049
/mnt/md1/user_wago/data/LJSpeech-1.1/wavs/LJ017-0144.wav,8.633375,4.695552
/mnt/md1/user_wago/data/LJSpeech-1.1/wavs/LJ019-0058.wav,9.99175,4.665296
/mnt/md1/user_wago/data/LJSpeech-1.1/wavs/LJ003-0073.wav,6.1604375,4.4101796
/mnt/md1/user_wago/data/LJSpeech-1.1/wavs/LJ030-0127.wav,5.51025,4.703924
/mnt/md1/user_wago/data/LJSpeech-1.1/wavs/LJ028-0498.wav,4.198375,4.3646584
/mnt/md1/user_wago/data/LJSpeech-1.1/wavs/LJ006-0121.wav,6.0559375,4.507964
/mnt/md1/user_wago/data/LJSpeech-1.1/wavs/LJ031-0138.wav,5.13875,4.674997
/mnt/md1/user_wago/data/LJSpeech-1.1/wavs/LJ046-0193.wav,4.9298125,4.5307455
/mnt/md1/user_wago/data/LJSpeech-1.1/wavs/LJ014-0238.wav,4.6975625,4.609318
/mnt/md1/user_wago/data/LJSpeech-1.1/wavs/LJ001-0064.wav,5.8818125,4.4757967
/mnt/md1/user_wago/data/LJSpeech-1.1/wavs/LJ003-0288.wav,4.4305625,4.674622
/mnt/md1/user_wago/data/LJSpeech-1.1/wavs/LJ017-0203.wav,3.4669375,4.7032537
/mnt/md1/user_wago/data/LJSpeech-1.1/wavs/LJ048-0134.wav,2.2014375,4.5668764
/mnt/md1/user_wago/data/LJSpeech-1.1/wavs/LJ036-0144.wav,7.25175,4.3933296
/mnt/md1/user_wago/data/LJSpeech-1.1/wavs/LJ010-0207.wav,9.028125,4.551112
/mnt/md1/user_wago/data/LJSpeech-1.1/wavs/LJ015-0251.wav,9.3648125,4.3914914
/mnt/md1/user_wago/data/LJSpeech-1.1/wavs/LJ004-0177.wav,7.553625,4.6176615
/mnt/md1/user_wago/data/LJSpeech-1.1/wavs/LJ049-0101.wav,7.46075,4.6701765
/mnt/md1/user_wago/data/LJSpeech-1.1/wavs/LJ013-0069.wav,7.576875,4.647193
/mnt/md1/user_wago/data/LJSpeech-1.1/wavs/LJ010-0233.wav,6.03275,4.6268826
/mnt/md1/user_wago/data/LJSpeech-1.1/wavs/LJ028-0221.wav,6.8570625,4.585764
/mnt/md1/user_wago/data/LJSpeech-1.1/wavs/LJ011-0166.wav,7.8786875,4.518174
/mnt/md1/user_wago/data/LJSpeech-1.1/wavs/LJ021-0067.wav,4.9878125,4.4916515
/mnt/md1/user_wago/data/LJSpeech-1.1/wavs/LJ016-0418.wav,9.2719375,4.496767
/mnt/md1/user_wago/data/LJSpeech-1.1/wavs/LJ031-0079.wav,8.1805625,4.62007
/mnt/md1/user_wago/data/LJSpeech-1.1/wavs/LJ010-0061.wav,8.552125,4.601741
/mnt/md1/user_wago/data/LJSpeech-1.1/wavs/LJ007-0103.wav,3.223125,4.6279163
/mnt/md1/user_wago/data/LJSpeech-1.1/wavs/LJ043-0136.wav,9.30675,4.6099653
/mnt/md1/user_wago/data/LJSpeech-1.1/wavs/LJ012-0148.wav,4.175125,4.4700136
/mnt/md1/user_wago/data/LJSpeech-1.1/wavs/LJ018-0084.wav,9.09775,4.628435
/mnt/md1/user_wago/data/LJSpeech-1.1/wavs/LJ028-0379.wav,7.275,4.3353
/mnt/md1/user_wago/data/LJSpeech-1.1/wavs/LJ050-0217.wav,9.51575,4.5713634
/mnt/md1/user_wago/data/LJSpeech-1.1/wavs/LJ026-0038.wav,9.5505625,4.564184
/mnt/md1/user_wago/data/LJSpeech-1.1/wavs/LJ019-0250.wav,9.6318125,4.5946546
/mnt/md1/user_wago/data/LJSpeech-1.1/wavs/LJ032-0241.wav,8.261875,4.673484
/mnt/md1/user_wago/data/LJSpeech-1.1/wavs/LJ016-0169.wav,4.18675,4.793637
/mnt/md1/user_wago/data/LJSpeech-1.1/wavs/LJ016-0222.wav,6.7641875,4.5380907
/mnt/md1/user_wago/data/LJSpeech-1.1/wavs/LJ038-0287.wav,2.23625,4.633696
/mnt/md1/user_wago/data/LJSpeech-1.1/wavs/LJ007-0022.wav,7.8090625,4.716746
/mnt/md1/user_wago/data/LJSpeech-1.1/wavs/LJ050-0093.wav,9.1558125,4.6091065
/mnt/md1/user_wago/data/LJSpeech-1.1/wavs/LJ045-0142.wav,8.04125,4.3923054
/mnt/md1/user_wago/data/LJSpeech-1.1/wavs/LJ008-0057.wav,8.3315,4.358244
/mnt/md1/user_wago/data/LJSpeech-1.1/wavs/LJ008-0257.wav,8.93525,4.659053
/mnt/md1/user_wago/data/LJSpeech-1.1/wavs/LJ027-0118.wav,7.3098125,4.387238
/mnt/md1/user_wago/data/LJSpeech-1.1/wavs/LJ044-0135.wav,9.4925,4.578643
/mnt/md1/user_wago/data/LJSpeech-1.1/wavs/LJ042-0238.wav,9.4228125,4.4963284
/mnt/md1/user_wago/data/LJSpeech-1.1/wavs/LJ016-0310.wav,2.166625,4.632929
/mnt/md1/user_wago/data/LJSpeech-1.1/wavs/LJ029-0165.wav,8.528875,4.6787267
/mnt/md1/user_wago/data/LJSpeech-1.1/wavs/LJ021-0142.wav,4.5350625,4.4095135
/mnt/md1/user_wago/data/LJSpeech-1.1/wavs/LJ013-0033.wav,4.9878125,4.669656
/mnt/md1/user_wago/data/LJSpeech-1.1/wavs/LJ026-0064.wav,7.6929375,4.469518
/mnt/md1/user_wago/data/LJSpeech-1.1/wavs/LJ044-0006.wav,5.8585625,4.672531
/mnt/md1/user_wago/data/LJSpeech-1.1/wavs/LJ003-0085.wav,9.794375,4.5395765
/mnt/md1/user_wago/data/LJSpeech-1.1/wavs/LJ037-0228.wav,9.806,4.530047
/mnt/md1/user_wago/data/LJSpeech-1.1/wavs/LJ038-0224.wav,7.158875,4.796353
/mnt/md1/user_wago/data/LJSpeech-1.1/wavs/LJ019-0054.wav,6.4855,4.6071067
/mnt/md1/user_wago/data/LJSpeech-1.1/wavs/LJ017-0197.wav,5.7773125,4.5933204
/mnt/md1/user_wago/data/LJSpeech-1.1/wavs/LJ022-0003.wav,8.0645,4.7426753
/mnt/md1/user_wago/data/LJSpeech-1.1/wavs/LJ030-0234.wav,9.7130625,4.5983357
/mnt/md1/user_wago/data/LJSpeech-1.1/wavs/LJ050-0253.wav,7.6000625,4.6177983
/mnt/md1/user_wago/data/LJSpeech-1.1/wavs/LJ007-0104.wav,9.109375,4.5617056
/mnt/md1/user_wago/data/LJSpeech-1.1/wavs/LJ041-0043.wav,6.1488125,4.600629
/mnt/md1/user_wago/data/LJSpeech-1.1/wavs/LJ034-0148.wav,5.0923125,4.618686
/mnt/md1/user_wago/data/LJSpeech-1.1/wavs/LJ031-0217.wav,6.891875,4.7146955
/mnt/md1/user_wago/data/LJSpeech-1.1/wavs/LJ029-0159.wav,8.2038125,4.546467
/mnt/md1/user_wago/data/LJSpeech-1.1/wavs/LJ012-0204.wav,8.0993125,4.7077765
/mnt/md1/user_wago/data/LJSpeech-1.1/wavs/LJ037-0156.wav,9.875625,4.7260766
/mnt/md1/user_wago/data/LJSpeech-1.1/wavs/LJ010-0175.wav,8.5753125,4.62123
/mnt/md1/user_wago/data/LJSpeech-1.1/wavs/LJ034-0098.wav,9.5389375,4.565788
/mnt/md1/user_wago/data/LJSpeech-1.1/wavs/LJ050-0098.wav,7.9831875,4.4956307
/mnt/md1/user_wago/data/LJSpeech-1.1/wavs/LJ003-0088.wav,9.9104375,4.531312
/mnt/md1/user_wago/data/LJSpeech-1.1/wavs/LJ044-0013.wav,6.601625,4.597392
/mnt/md1/user_wago/data/LJSpeech-1.1/wavs/LJ019-0371.wav,2.6658125,4.450656
/mnt/md1/user_wago/data/LJSpeech-1.1/wavs/LJ005-0038.wav,6.868625,4.514403
/mnt/md1/user_wago/data/LJSpeech-1.1/wavs/LJ017-0230.wav,8.5405,4.59121
/mnt/md1/user_wago/data/LJSpeech-1.1/wavs/LJ016-0231.wav,7.96,4.6523933
/mnt/md1/user_wago/data/LJSpeech-1.1/wavs/LJ010-0081.wav,2.71225,4.8324113
/mnt/md1/user_wago/data/LJSpeech-1.1/wavs/LJ038-0282.wav,7.4375625,4.420995
/mnt/md1/user_wago/data/LJSpeech-1.1/wavs/LJ006-0293.wav,8.25025,4.476955
/mnt/md1/user_wago/data/LJSpeech-1.1/wavs/LJ026-0100.wav,9.99175,4.4681053
/mnt/md1/user_wago/data/LJSpeech-1.1/wavs/LJ023-0002.wav,3.7455625,4.640455
/mnt/md1/user_wago/data/LJSpeech-1.1/wavs/LJ011-0138.wav,4.4421875,4.662456
/mnt/md1/user_wago/data/LJSpeech-1.1/wavs/LJ009-0236.wav,3.5365625,4.6530867
/mnt/md1/user_wago/data/LJSpeech-1.1/wavs/LJ018-0194.wav,7.2169375,4.7358866
/mnt/md1/user_wago/data/LJSpeech-1.1/wavs/LJ029-0023.wav,8.9700625,4.6468763
/mnt/md1/user_wago/data/LJSpeech-1.1/wavs/LJ046-0079.wav,3.5714375,4.808289
/mnt/md1/user_wago/data/LJSpeech-1.1/wavs/LJ049-0230.wav,6.2416875,4.67365
/mnt/md1/user_wago/data/LJSpeech-1.1/wavs/LJ046-0249.wav,3.97775,4.4530797
/mnt/md1/user_wago/data/LJSpeech-1.1/wavs/LJ048-0042.wav,7.484,4.504195
/mnt/md1/user_wago/data/LJSpeech-1.1/wavs/LJ024-0134.wav,3.792,4.127715
/mnt/md1/user_wago/data/LJSpeech-1.1/wavs/LJ045-0011.wav,5.1851875,4.528806
/mnt/md1/user_wago/data/LJSpeech-1.1/wavs/LJ030-0114.wav,9.3415625,4.5326343
/mnt/md1/user_wago/data/LJSpeech-1.1/wavs/LJ010-0215.wav,8.737875,4.632621
/mnt/md1/user_wago/data/LJSpeech-1.1/wavs/LJ015-0111.wav,7.35625,4.587096
/mnt/md1/user_wago/data/LJSpeech-1.1/wavs/LJ029-0032.wav,5.336125,4.568752
/mnt/md1/user_wago/data/LJSpeech-1.1/wavs/LJ033-0033.wav,8.9468125,4.641808
/mnt/md1/user_wago/data/LJSpeech-1.1/wavs/LJ025-0002.wav,6.7641875,4.618104
/mnt/md1/user_wago/data/LJSpeech-1.1/wavs/LJ005-0157.wav,6.4855,4.4009786
/mnt/md1/user_wago/data/LJSpeech-1.1/wavs/LJ041-0187.wav,9.1674375,4.32094
/mnt/md1/user_wago/data/LJSpeech-1.1/wavs/LJ016-0360.wav,8.528875,4.5276327
/mnt/md1/user_wago/data/LJSpeech-1.1/wavs/LJ003-0281.wav,3.9429375,4.6271925
/mnt/md1/user_wago/data/LJSpeech-1.1/wavs/LJ041-0093.wav,9.1558125,4.3804064
/mnt/md1/user_wago/data/LJSpeech-1.1/wavs/LJ041-0110.wav,6.2765625,4.6865396
/mnt/md1/user_wago/data/LJSpeech-1.1/wavs/LJ042-0138.wav,8.343125,4.5176916
/mnt/md1/user_wago/data/LJSpeech-1.1/wavs/LJ042-0027.wav,4.2099375,4.771345
/mnt/md1/user_wago/data/LJSpeech-1.1/wavs/LJ005-0103.wav,4.87175,4.672067
/mnt/md1/user_wago/data/LJSpeech-1.1/wavs/LJ046-0192.wav,5.707625,4.615014
/mnt/md1/user_wago/data/LJSpeech-1.1/wavs/LJ008-0070.wav,3.9196875,4.7538447
/mnt/md1/user_wago/data/LJSpeech-1.1/wavs/LJ012-0044.wav,6.8570625,4.66976
/mnt/md1/user_wago/data/LJSpeech-1.1/wavs/LJ044-0089.wav,6.09075,4.576027
/mnt/md1/user_wago/data/LJSpeech-1.1/wavs/LJ028-0426.wav,8.714625,4.3149104
/mnt/md1/user_wago/data/LJSpeech-1.1/wavs/LJ006-0240.wav,3.2115,4.268574
/mnt/md1/user_wago/data/LJSpeech-1.1/wavs/LJ014-0120.wav,9.6318125,4.5707483
/mnt/md1/user_wago/data/LJSpeech-1.1/wavs/LJ023-0069.wav,6.381,4.5484633
/mnt/md1/user_wago/data/LJSpeech-1.1/wavs/LJ050-0259.wav,9.88725,4.5830116
/mnt/md1/user_wago/data/LJSpeech-1.1/wavs/LJ035-0103.wav,3.1766875,4.2947135
/mnt/md1/user_wago/data/LJSpeech-1.1/wavs/LJ043-0173.wav,3.327625,4.760193
/mnt/md1/user_wago/data/LJSpeech-1.1/wavs/LJ022-0145.wav,6.0675625,4.637991
/mnt/md1/user_wago/data/LJSpeech-1.1/wavs/LJ038-0299.wav,5.9746875,4.6206107
/mnt/md1/user_wago/data/LJSpeech-1.1/wavs/LJ018-0109.wav,6.88025,4.660155
/mnt/md1/user_wago/data/LJSpeech-1.1/wavs/LJ013-0177.wav,1.9344375,4.797838
/mnt/md1/user_wago/data/LJSpeech-1.1/wavs/LJ012-0094.wav,9.213875,4.649229
/mnt/md1/user_wago/data/LJSpeech-1.1/wavs/LJ005-0279.wav,3.722375,4.7153196
/mnt/md1/user_wago/data/LJSpeech-1.1/wavs/LJ028-0186.wav,7.658125,4.43232
/mnt/md1/user_wago/data/LJSpeech-1.1/wavs/LJ014-0034.wav,8.5636875,4.5714307
/mnt/md1/user_wago/data/LJSpeech-1.1/wavs/LJ032-0212.wav,8.737875,4.616966
/mnt/md1/user_wago/data/LJSpeech-1.1/wavs/LJ028-0246.wav,5.6728125,4.518188
/mnt/md1/user_wago/data/LJSpeech-1.1/wavs/LJ050-0151.wav,9.2719375,4.6692247
/mnt/md1/user_wago/data/LJSpeech-1.1/wavs/LJ030-0239.wav,7.6233125,4.656828
/mnt/md1/user_wago/data/LJSpeech-1.1/wavs/LJ008-0029.wav,8.0064375,4.5819483
/mnt/md1/user_wago/data/LJSpeech-1.1/wavs/LJ023-0136.wav,4.569875,4.49017
/mnt/md1/user_wago/data/LJSpeech-1.1/wavs/LJ048-0212.wav,3.9196875,4.7038174
/mnt/md1/user_wago/data/LJSpeech-1.1/wavs/LJ030-0177.wav,3.8965,4.7649593
/mnt/md1/user_wago/data/LJSpeech-1.1/wavs/LJ033-0016.wav,9.121,4.698224
/mnt/md1/user_wago/data/LJSpeech-1.1/wavs/LJ038-0077.wav,2.538125,4.7227073
/mnt/md1/user_wago/data/LJSpeech-1.1/wavs/LJ025-0016.wav,9.5273125,4.6616926
/mnt/md1/user_wago/data/LJSpeech-1.1/wavs/LJ014-0081.wav,2.7355,4.587676
/mnt/md1/user_wago/data/LJSpeech-1.1/wavs/LJ044-0053.wav,6.288125,4.64094
/mnt/md1/user_wago/data/LJSpeech-1.1/wavs/LJ004-0226.wav,8.157375,4.182323
/mnt/md1/user_wago/data/LJSpeech-1.1/wavs/LJ015-0052.wav,2.4800625,4.673284
/mnt/md1/user_wago/data/LJSpeech-1.1/wavs/LJ013-0214.wav,8.4708125,4.6186223
/mnt/md1/user_wago/data/LJSpeech-1.1/wavs/LJ007-0206.wav,7.6349375,4.615211
/mnt/md1/user_wago/data/LJSpeech-1.1/wavs/LJ008-0297.wav,7.7278125,4.661031
/mnt/md1/user_wago/data/LJSpeech-1.1/wavs/LJ008-0180.wav,3.1534375,4.3942847
/mnt/md1/user_wago/data/LJSpeech-1.1/wavs/LJ008-0173.wav,8.645,4.45919
/mnt/md1/user_wago/data/LJSpeech-1.1/wavs/LJ049-0049.wav,4.4073125,4.665233
/mnt/md1/user_wago/data/LJSpeech-1.1/wavs/LJ033-0010.wav,9.30675,4.6402664
/mnt/md1/user_wago/data/LJSpeech-1.1/wavs/LJ027-0078.wav,9.388,4.394179
/mnt/md1/user_wago/data/LJSpeech-1.1/wavs/LJ035-0195.wav,8.99325,4.3366413
/mnt/md1/user_wago/data/LJSpeech-1.1/wavs/LJ031-0231.wav,2.8980625,4.748113
/mnt/md1/user_wago/data/LJSpeech-1.1/wavs/LJ043-0091.wav,2.84,4.734435
/mnt/md1/user_wago/data/LJSpeech-1.1/wavs/LJ006-0166.wav,3.8616875,4.439391
/mnt/md1/user_wago/data/LJSpeech-1.1/wavs/LJ042-0090.wav,5.4058125,4.6414046
/mnt/md1/user_wago/data/LJSpeech-1.1/wavs/LJ036-0152.wav,3.13025,4.664786
/mnt/md1/user_wago/data/LJSpeech-1.1/wavs/LJ028-0078.wav,7.56525,4.469264
/mnt/md1/user_wago/data/LJSpeech-1.1/wavs/LJ007-0019.wav,7.7858125,4.7569537
/mnt/md1/user_wago/data/LJSpeech-1.1/wavs/LJ014-0097.wav,10.0033125,4.4775214
/mnt/md1/user_wago/data/LJSpeech-1.1/wavs/LJ016-0099.wav,8.633375,4.6685653
/mnt/md1/user_wago/data/LJSpeech-1.1/wavs/LJ042-0028.wav,5.9746875,4.694962
/mnt/md1/user_wago/data/LJSpeech-1.1/wavs/LJ018-0159.wav,2.34075,4.58286
/mnt/md1/user_wago/data/LJSpeech-1.1/wavs/LJ028-0417.wav,7.066,4.4252825
/mnt/md1/user_wago/data/LJSpeech-1.1/wavs/LJ046-0203.wav,7.8555,4.532486
/mnt/md1/user_wago/data/LJSpeech-1.1/wavs/LJ049-0085.wav,2.747125,4.6002555
/mnt/md1/user_wago/data/LJSpeech-1.1/wavs/LJ016-0298.wav,4.860125,4.5335073
/mnt/md1/user_wago/data/LJSpeech-1.1/wavs/LJ021-0084.wav,6.9035,4.270398
/mnt/md1/user_wago/data/LJSpeech-1.1/wavs/LJ023-0026.wav,9.7363125,4.4575415
/mnt/md1/user_wago/data/LJSpeech-1.1/wavs/LJ050-0115.wav,4.686,4.707568
/mnt/md1/user_wago/data/LJSpeech-1.1/wavs/LJ032-0078.wav,8.9468125,4.460181
/mnt/md1/user_wago/data/LJSpeech-1.1/wavs/LJ036-0218.wav,3.3391875,4.5514226
/mnt/md1/user_wago/data/LJSpeech-1.1/wavs/LJ023-0039.wav,4.546625,4.51866
/mnt/md1/user_wago/data/LJSpeech-1.1/wavs/LJ008-0080.wav,5.7425,4.58533
/mnt/md1/user_wago/data/LJSpeech-1.1/wavs/LJ006-0274.wav,9.5621875,4.529845
/mnt/md1/user_wago/data/LJSpeech-1.1/wavs/LJ035-0162.wav,7.2169375,4.463655
/mnt/md1/user_wago/data/LJSpeech-1.1/wavs/LJ042-0247.wav,8.5985625,4.5231547
/mnt/md1/user_wago/data/LJSpeech-1.1/wavs/LJ016-0314.wav,5.939875,4.538025
/mnt/md1/user_wago/data/LJSpeech-1.1/wavs/LJ003-0319.wav,6.9150625,4.6073422
/mnt/md1/user_wago/data/LJSpeech-1.1/wavs/LJ021-0038.wav,7.182125,4.6784883
/mnt/md1/user_wago/data/LJSpeech-1.1/wavs/LJ011-0068.wav,6.799,4.483966
/mnt/md1/user_wago/data/LJSpeech-1.1/wavs/LJ002-0041.wav,8.552125,4.632228
/mnt/md1/user_wago/data/LJSpeech-1.1/wavs/LJ031-0040.wav,7.286625,4.587975
/mnt/md1/user_wago/data/LJSpeech-1.1/wavs/LJ003-0239.wav,9.67825,4.515611
/mnt/md1/user_wago/data/LJSpeech-1.1/wavs/LJ019-0294.wav,5.8701875,4.6970215
/mnt/md1/user_wago/data/LJSpeech-1.1/wavs/LJ028-0394.wav,8.3315,4.33298
/mnt/md1/user_wago/data/LJSpeech-1.1/wavs/LJ034-0126.wav,6.67125,4.5499277
/mnt/md1/user_wago/data/LJSpeech-1.1/wavs/LJ027-0155.wav,7.0311875,4.544934
/mnt/md1/user_wago/data/LJSpeech-1.1/wavs/LJ040-0058.wav,2.2595,4.605397
/mnt/md1/user_wago/data/LJSpeech-1.1/wavs/LJ028-0032.wav,5.8818125,4.645595
/mnt/md1/user_wago/data/LJSpeech-1.1/wavs/LJ048-0010.wav,7.0079375,4.628749
/mnt/md1/user_wago/data/LJSpeech-1.1/wavs/LJ014-0105.wav,7.8555,4.464334
/mnt/md1/user_wago/data/LJSpeech-1.1/wavs/LJ040-0160.wav,8.99325,4.279563
/mnt/md1/user_wago/data/LJSpeech-1.1/wavs/LJ028-0296.wav,8.14575,3.970777
/mnt/md1/user_wago/data/LJSpeech-1.1/wavs/LJ049-0229.wav,3.81525,4.5867815
/mnt/md1/user_wago/data/LJSpeech-1.1/wavs/LJ007-0211.wav,6.7525625,4.487468
/mnt/md1/user_wago/data/LJSpeech-1.1/wavs/LJ046-0227.wav,2.747125,4.6128397
/mnt/md1/user_wago/data/LJSpeech-1.1/wavs/LJ015-0084.wav,8.99325,4.5508804
/mnt/md1/user_wago/data/LJSpeech-1.1/wavs/LJ011-0285.wav,6.77575,4.437365
/mnt/md1/user_wago/data/LJSpeech-1.1/wavs/LJ019-0088.wav,6.7176875,4.6801233
/mnt/md1/user_wago/data/LJSpeech-1.1/wavs/LJ050-0058.wav,5.1155625,4.7675967
/mnt/md1/user_wago/data/LJSpeech-1.1/wavs/LJ006-0223.wav,8.5636875,4.6363797
/mnt/md1/user_wago/data/LJSpeech-1.1/wavs/LJ018-0309.wav,2.5961875,4.8282156
/mnt/md1/user_wago/data/LJSpeech-1.1/wavs/LJ027-0090.wav,6.5319375,4.517763
/mnt/md1/user_wago/data/LJSpeech-1.1/wavs/LJ048-0147.wav,1.3075,4.63506
/mnt/md1/user_wago/data/LJSpeech-1.1/wavs/LJ036-0107.wav,6.6364375,4.5005054
/mnt/md1/user_wago/data/LJSpeech-1.1/wavs/LJ045-0143.wav,3.23475,4.74999
/mnt/md1/user_wago/data/LJSpeech-1.1/wavs/LJ017-0237.wav,7.93675,4.5615025
/mnt/md1/user_wago/data/LJSpeech-1.1/wavs/LJ003-0232.wav,4.5350625,4.585482
/mnt/md1/user_wago/data/LJSpeech-1.1/wavs/LJ004-0120.wav,5.545125,4.5138416
/mnt/md1/user_wago/data/LJSpeech-1.1/wavs/LJ021-0179.wav,7.3214375,4.0657396
/mnt/md1/user_wago/data/LJSpeech-1.1/wavs/LJ017-0042.wav,3.2579375,4.7125406
/mnt/md1/user_wago/data/LJSpeech-1.1/wavs/LJ005-0179.wav,6.415875,4.5447726
/mnt/md1/user_wago/data/LJSpeech-1.1/wavs/LJ023-0112.wav,1.5976875,3.9036314
/mnt/md1/user_wago/data/LJSpeech-1.1/wavs/LJ019-0252.wav,5.8934375,4.609678
/mnt/md1/user_wago/data/LJSpeech-1.1/wavs/LJ038-0177.wav,3.989375,4.636529
/mnt/md1/user_wago/data/LJSpeech-1.1/wavs/LJ002-0176.wav,7.4143125,4.6329136
/mnt/md1/user_wago/data/LJSpeech-1.1/wavs/LJ002-0039.wav,5.0806875,4.4755645
/mnt/md1/user_wago/data/LJSpeech-1.1/wavs/LJ046-0206.wav,8.134125,4.598495
/mnt/md1/user_wago/data/LJSpeech-1.1/wavs/LJ015-0194.wav,5.7889375,4.5751624
/mnt/md1/user_wago/data/LJSpeech-1.1/wavs/LJ002-0093.wav,4.7904375,4.6130433
/mnt/md1/user_wago/data/LJSpeech-1.1/wavs/LJ018-0165.wav,7.0079375,4.5046387
/mnt/md1/user_wago/data/LJSpeech-1.1/wavs/LJ032-0200.wav,8.5869375,4.578803
/mnt/md1/user_wago/data/LJSpeech-1.1/wavs/LJ013-0247.wav,6.0095,4.671582
/mnt/md1/user_wago/data/LJSpeech-1.1/wavs/LJ015-0059.wav,7.7278125,4.7067413
/mnt/md1/user_wago/data/LJSpeech-1.1/wavs/LJ045-0159.wav,6.996375,4.3804965
/mnt/md1/user_wago/data/LJSpeech-1.1/wavs/LJ008-0072.wav,7.7161875,4.4328337
/mnt/md1/user_wago/data/LJSpeech-1.1/wavs/LJ029-0109.wav,9.376375,4.5605125
/mnt/md1/user_wago/data/LJSpeech-1.1/wavs/LJ022-0151.wav,4.569875,4.569294
/mnt/md1/user_wago/data/LJSpeech-1.1/wavs/LJ034-0068.wav,4.6163125,4.725163
/mnt/md1/user_wago/data/LJSpeech-1.1/wavs/LJ013-0028.wav,8.6798125,4.5527277
/mnt/md1/user_wago/data/LJSpeech-1.1/wavs/LJ044-0227.wav,6.2416875,4.7186065
/mnt/md1/user_wago/data/LJSpeech-1.1/wavs/LJ003-0254.wav,6.50875,4.7415876
/mnt/md1/user_wago/data/LJSpeech-1.1/wavs/LJ011-0196.wav,4.755625,4.12005
/mnt/md1/user_wago/data/LJSpeech-1.1/wavs/LJ046-0029.wav,8.35475,4.617996
/mnt/md1/user_wago/data/LJSpeech-1.1/wavs/LJ033-0019.wav,9.3531875,4.710082
/mnt/md1/user_wago/data/LJSpeech-1.1/wavs/LJ001-0121.wav,6.381,4.569088
/mnt/md1/user_wago/data/LJSpeech-1.1/wavs/LJ029-0047.wav,7.46075,4.689618
/mnt/md1/user_wago/data/LJSpeech-1.1/wavs/LJ021-0097.wav,6.19525,4.551988
/mnt/md1/user_wago/data/LJSpeech-1.1/wavs/LJ018-0076.wav,7.77425,4.669104
/mnt/md1/user_wago/data/LJSpeech-1.1/wavs/LJ014-0228.wav,7.2401875,4.4660296
/mnt/md1/user_wago/data/LJSpeech-1.1/wavs/LJ006-0210.wav,4.2448125,4.680406
/mnt/md1/user_wago/data/LJSpeech-1.1/wavs/LJ002-0225.wav,7.8903125,4.47025
/mnt/md1/user_wago/data/LJSpeech-1.1/wavs/LJ014-0249.wav,7.83225,4.5050197
/mnt/md1/user_wago/data/LJSpeech-1.1/wavs/LJ003-0035.wav,7.5304375,4.582631
/mnt/md1/user_wago/data/LJSpeech-1.1/wavs/LJ045-0203.wav,9.9453125,4.3910303
/mnt/md1/user_wago/data/LJSpeech-1.1/wavs/LJ009-0095.wav,6.3578125,4.452242
/mnt/md1/user_wago/data/LJSpeech-1.1/wavs/LJ016-0157.wav,7.5884375,4.6564198
/mnt/md1/user_wago/data/LJSpeech-1.1/wavs/LJ018-0357.wav,2.5729375,4.316176
/mnt/md1/user_wago/data/LJSpeech-1.1/wavs/LJ016-0060.wav,4.5234375,4.642068
/mnt/md1/user_wago/data/LJSpeech-1.1/wavs/LJ016-0288.wav,9.2255,4.5862365
/mnt/md1/user_wago/data/LJSpeech-1.1/wavs/LJ050-0138.wav,7.2401875,4.621455
/mnt/md1/user_wago/data/LJSpeech-1.1/wavs/LJ037-0040.wav,7.971625,4.7375755
/mnt/md1/user_wago/data/LJSpeech-1.1/wavs/LJ050-0105.wav,7.3098125,4.641789
/mnt/md1/user_wago/data/LJSpeech-1.1/wavs/LJ042-0130.wav,8.1921875,4.597473
/mnt/md1/user_wago/data/LJSpeech-1.1/wavs/LJ026-0159.wav,6.311375,4.1543136
/mnt/md1/user_wago/data/LJSpeech-1.1/wavs/LJ032-0195.wav,6.2185,4.578824
/mnt/md1/user_wago/data/LJSpeech-1.1/wavs/LJ037-0066.wav,6.1720625,4.68983
/mnt/md1/user_wago/data/LJSpeech-1.1/wavs/LJ003-0017.wav,3.037375,4.5379143
/mnt/md1/user_wago/data/LJSpeech-1.1/wavs/LJ033-0034.wav,3.908125,4.7654457
/mnt/md1/user_wago/data/LJSpeech-1.1/wavs/LJ024-0085.wav,8.343125,4.392689
/mnt/md1/user_wago/data/LJSpeech-1.1/wavs/LJ036-0031.wav,4.384125,4.6415997
/mnt/md1/user_wago/data/LJSpeech-1.1/wavs/LJ016-0274.wav,6.102375,4.744424
/mnt/md1/user_wago/data/LJSpeech-1.1/wavs/LJ037-0115.wav,2.456875,4.4599147
/mnt/md1/user_wago/data/LJSpeech-1.1/wavs/LJ035-0186.wav,8.5753125,4.4936004
/mnt/md1/user_wago/data/LJSpeech-1.1/wavs/LJ047-0179.wav,8.51725,4.5100226
/mnt/md1/user_wago/data/LJSpeech-1.1/wavs/LJ028-0144.wav,3.617875,4.54602
/mnt/md1/user_wago/data/LJSpeech-1.1/wavs/LJ045-0092.wav,3.4205,4.638523
/mnt/md1/user_wago/data/LJSpeech-1.1/wavs/LJ030-0091.wav,5.45225,4.681067
/mnt/md1/user_wago/data/LJSpeech-1.1/wavs/LJ004-0170.wav,8.9700625,4.3872757
/mnt/md1/user_wago/data/LJSpeech-1.1/wavs/LJ016-0005.wav,6.706125,4.5617795
/mnt/md1/user_wago/data/LJSpeech-1.1/wavs/LJ011-0219.wav,7.8555,4.547442
/mnt/md1/user_wago/data/LJSpeech-1.1/wavs/LJ010-0289.wav,9.8408125,4.3364096
/mnt/md1/user_wago/data/LJSpeech-1.1/wavs/LJ048-0073.wav,7.2169375,4.695862
/mnt/md1/user_wago/data/LJSpeech-1.1/wavs/LJ009-0185.wav,5.812125,4.6241565
/mnt/md1/user_wago/data/LJSpeech-1.1/wavs/LJ031-0078.wav,9.608625,4.385627
/mnt/md1/user_wago/data/LJSpeech-1.1/wavs/LJ039-0187.wav,7.077625,4.230223
/mnt/md1/user_wago/data/LJSpeech-1.1/wavs/LJ046-0186.wav,5.2896875,4.6506405
/mnt/md1/user_wago/data/LJSpeech-1.1/wavs/LJ005-0291.wav,10.0498125,4.3823423
/mnt/md1/user_wago/data/LJSpeech-1.1/wavs/LJ003-0042.wav,5.7889375,4.7113886
/mnt/md1/user_wago/data/LJSpeech-1.1/wavs/LJ003-0124.wav,9.875625,4.4921303
/mnt/md1/user_wago/data/LJSpeech-1.1/wavs/LJ047-0145.wav,9.3531875,4.438885
/mnt/md1/user_wago/data/LJSpeech-1.1/wavs/LJ004-0204.wav,8.912,4.3329973
/mnt/md1/user_wago/data/LJSpeech-1.1/wavs/LJ017-0231.wav,7.542,4.3076444
/mnt/md1/user_wago/data/LJSpeech-1.1/wavs/LJ004-0106.wav,8.134125,4.4627743
/mnt/md1/user_wago/data/LJSpeech-1.1/wavs/LJ011-0184.wav,5.8818125,4.5392203
/mnt/md1/user_wago/data/LJSpeech-1.1/wavs/LJ044-0200.wav,7.8786875,4.531412
/mnt/md1/user_wago/data/LJSpeech-1.1/wavs/LJ004-0233.wav,7.077625,4.587557
/mnt/md1/user_wago/data/LJSpeech-1.1/wavs/LJ006-0118.wav,6.7641875,4.5416636
/mnt/md1/user_wago/data/LJSpeech-1.1/wavs/LJ014-0208.wav,7.867125,4.447086
/mnt/md1/user_wago/data/LJSpeech-1.1/wavs/LJ005-0030.wav,8.1921875,4.631769
/mnt/md1/user_wago/data/LJSpeech-1.1/wavs/LJ002-0005.wav,2.932875,4.771372
/mnt/md1/user_wago/data/LJSpeech-1.1/wavs/LJ012-0186.wav,3.8268125,4.617543
/mnt/md1/user_wago/data/LJSpeech-1.1/wavs/LJ048-0166.wav,6.520375,4.6232586
/mnt/md1/user_wago/data/LJSpeech-1.1/wavs/LJ031-0132.wav,2.932875,4.7593827
/mnt/md1/user_wago/data/LJSpeech-1.1/wavs/LJ016-0263.wav,8.9584375,4.6409545
/mnt/md1/user_wago/data/LJSpeech-1.1/wavs/LJ030-0038.wav,9.57375,4.531379
/mnt/md1/user_wago/data/LJSpeech-1.1/wavs/LJ032-0096.wav,6.3345625,4.7703276
/mnt/md1/user_wago/data/LJSpeech-1.1/wavs/LJ022-0089.wav,3.0025,4.451934
/mnt/md1/user_wago/data/LJSpeech-1.1/wavs/LJ011-0218.wav,7.971625,4.67229
/mnt/md1/user_wago/data/LJSpeech-1.1/wavs/LJ044-0238.wav,9.2370625,4.5486403
/mnt/md1/user_wago/data/LJSpeech-1.1/wavs/LJ028-0353.wav,8.7726875,4.5605874
/mnt/md1/user_wago/data/LJSpeech-1.1/wavs/LJ016-0289.wav,3.60625,4.753438
/mnt/md1/user_wago/data/LJSpeech-1.1/wavs/LJ011-0171.wav,2.352375,4.398643
/mnt/md1/user_wago/data/LJSpeech-1.1/wavs/LJ024-0062.wav,5.22,4.4498196
/mnt/md1/user_wago/data/LJSpeech-1.1/wavs/LJ031-0153.wav,4.66275,4.6354713
/mnt/md1/user_wago/data/LJSpeech-1.1/wavs/LJ007-0124.wav,5.150375,4.543373
/mnt/md1/user_wago/data/LJSpeech-1.1/wavs/LJ028-0008.wav,4.6163125,4.520455
/mnt/md1/user_wago/data/LJSpeech-1.1/wavs/LJ033-0154.wav,5.6611875,4.567766
/mnt/md1/user_wago/data/LJSpeech-1.1/wavs/LJ047-0237.wav,7.948375,4.6361637
/mnt/md1/user_wago/data/LJSpeech-1.1/wavs/LJ038-0106.wav,7.576875,4.7243404
/mnt/md1/user_wago/data/LJSpeech-1.1/wavs/LJ043-0121.wav,4.0241875,4.707383
/mnt/md1/user_wago/data/LJSpeech-1.1/wavs/LJ014-0160.wav,4.6046875,4.710595
/mnt/md1/user_wago/data/LJSpeech-1.1/wavs/LJ037-0219.wav,1.272625,4.3386426
/mnt/md1/user_wago/data/LJSpeech-1.1/wavs/LJ010-0314.wav,7.25175,4.5469856
/mnt/md1/user_wago/data/LJSpeech-1.1/wavs/LJ005-0085.wav,7.576875,4.498446
/mnt/md1/user_wago/data/LJSpeech-1.1/wavs/LJ028-0203.wav,9.2603125,4.5135
/mnt/md1/user_wago/data/LJSpeech-1.1/wavs/LJ044-0107.wav,4.45375,4.524553
/mnt/md1/user_wago/data/LJSpeech-1.1/wavs/LJ014-0282.wav,10.061375,4.564177
/mnt/md1/user_wago/data/LJSpeech-1.1/wavs/LJ002-0258.wav,8.1689375,4.2994537
/mnt/md1/user_wago/data/LJSpeech-1.1/wavs/LJ006-0198.wav,5.1155625,4.6226354
/mnt/md1/user_wago/data/LJSpeech-1.1/wavs/LJ016-0023.wav,9.794375,4.8261952
/mnt/md1/user_wago/data/LJSpeech-1.1/wavs/LJ050-0199.wav,5.916625,4.6959624
/mnt/md1/user_wago/data/LJSpeech-1.1/wavs/LJ003-0196.wav,7.0428125,4.649592
/mnt/md1/user_wago/data/LJSpeech-1.1/wavs/LJ038-0132.wav,4.778875,4.7182775
/mnt/md1/user_wago/data/LJSpeech-1.1/wavs/LJ019-0213.wav,4.778875,4.7219634
/mnt/md1/user_wago/data/LJSpeech-1.1/wavs/LJ018-0051.wav,7.0079375,4.6520658
/mnt/md1/user_wago/data/LJSpeech-1.1/wavs/LJ016-0216.wav,8.703,4.5084085
/mnt/md1/user_wago/data/LJSpeech-1.1/wavs/LJ034-0179.wav,3.6643125,4.5685234
/mnt/md1/user_wago/data/LJSpeech-1.1/wavs/LJ047-0133.wav,3.490125,4.754489
/mnt/md1/user_wago/data/LJSpeech-1.1/wavs/LJ042-0087.wav,9.875625,4.580229
/mnt/md1/user_wago/data/LJSpeech-1.1/wavs/LJ037-0029.wav,8.4708125,4.7056317
/mnt/md1/user_wago/data/LJSpeech-1.1/wavs/LJ005-0297.wav,3.316,4.656833
/mnt/md1/user_wago/data/LJSpeech-1.1/wavs/LJ046-0236.wav,9.376375,4.490504
/mnt/md1/user_wago/data/LJSpeech-1.1/wavs/LJ022-0029.wav,4.477,4.716214
/mnt/md1/user_wago/data/LJSpeech-1.1/wavs/LJ016-0356.wav,8.83075,4.52207
/mnt/md1/user_wago/data/LJSpeech-1.1/wavs/LJ043-0025.wav,7.182125,4.646936
/mnt/md1/user_wago/data/LJSpeech-1.1/wavs/LJ012-0153.wav,4.5118125,4.4862103
/mnt/md1/user_wago/data/LJSpeech-1.1/wavs/LJ039-0052.wav,4.8253125,4.6833177
/mnt/md1/user_wago/data/LJSpeech-1.1/wavs/LJ035-0026.wav,9.7479375,4.3523874
/mnt/md1/user_wago/data/LJSpeech-1.1/wavs/LJ043-0122.wav,10.0149375,4.626382
/mnt/md1/user_wago/data/LJSpeech-1.1/wavs/LJ045-0246.wav,9.8291875,4.4975114
/mnt/md1/user_wago/data/LJSpeech-1.1/wavs/LJ048-0029.wav,1.8995625,4.9124403
/mnt/md1/user_wago/data/LJSpeech-1.1/wavs/LJ014-0306.wav,8.7494375,4.5284433
/mnt/md1/user_wago/data/LJSpeech-1.1/wavs/LJ032-0069.wav,5.3825625,4.750194
/mnt/md1/user_wago/data/LJSpeech-1.1/wavs/LJ041-0112.wav,1.261,4.473333
/mnt/md1/user_wago/data/LJSpeech-1.1/wavs/LJ015-0109.wav,7.3330625,4.334438
/mnt/md1/user_wago/data/LJSpeech-1.1/wavs/LJ043-0004.wav,1.5396875,4.1311994
/mnt/md1/user_wago/data/LJSpeech-1.1/wavs/LJ034-0173.wav,5.336125,4.7221923
/mnt/md1/user_wago/data/LJSpeech-1.1/wavs/LJ027-0088.wav,9.2486875,4.429136
/mnt/md1/user_wago/data/LJSpeech-1.1/wavs/LJ015-0166.wav,9.8408125,3.9110513
/mnt/md1/user_wago/data/LJSpeech-1.1/wavs/LJ008-0211.wav,8.6914375,4.375966
/mnt/md1/user_wago/data/LJSpeech-1.1/wavs/LJ029-0026.wav,4.651125,4.689044
/mnt/md1/user_wago/data/LJSpeech-1.1/wavs/LJ040-0027.wav,2.155,4.2331185
/mnt/md1/user_wago/data/LJSpeech-1.1/wavs/LJ003-0301.wav,9.8524375,4.5727005
/mnt/md1/user_wago/data/LJSpeech-1.1/wavs/LJ039-0019.wav,5.916625,4.572287
/mnt/md1/user_wago/data/LJSpeech-1.1/wavs/LJ033-0120.wav,6.0675625,4.6750727
/mnt/md1/user_wago/data/LJSpeech-1.1/wavs/LJ016-0414.wav,7.0311875,4.711176
/mnt/md1/user_wago/data/LJSpeech-1.1/wavs/LJ038-0114.wav,8.35475,4.672505
/mnt/md1/user_wago/data/LJSpeech-1.1/wavs/LJ043-0176.wav,6.4275,4.6116037
/mnt/md1/user_wago/data/LJSpeech-1.1/wavs/LJ013-0210.wav,6.125625,4.6596746
/mnt/md1/user_wago/data/LJSpeech-1.1/wavs/LJ047-0044.wav,9.1441875,4.4884715
/mnt/md1/user_wago/data/LJSpeech-1.1/wavs/LJ034-0043.wav,4.755625,4.759258
/mnt/md1/user_wago/data/LJSpeech-1.1/wavs/LJ018-0281.wav,2.828375,4.6456285
/mnt/md1/user_wago/data/LJSpeech-1.1/wavs/LJ002-0069.wav,2.828375,4.763132
/mnt/md1/user_wago/data/LJSpeech-1.1/wavs/LJ011-0083.wav,8.41275,4.6255
/mnt/md1/user_wago/data/LJSpeech-1.1/wavs/LJ012-0208.wav,4.268,4.6848073
/mnt/md1/user_wago/data/LJSpeech-1.1/wavs/LJ013-0241.wav,5.61475,4.5895514
/mnt/md1/user_wago/data/LJSpeech-1.1/wavs/LJ009-0272.wav,6.4275,4.5311685
/mnt/md1/user_wago/data/LJSpeech-1.1/wavs/LJ001-0149.wav,6.125625,4.515328
/mnt/md1/user_wago/data/LJSpeech-1.1/wavs/LJ037-0155.wav,8.5636875,4.682768
/mnt/md1/user_wago/data/LJSpeech-1.1/wavs/LJ009-0097.wav,9.585375,4.214564
/mnt/md1/user_wago/data/LJSpeech-1.1/wavs/LJ047-0172.wav,4.964625,4.284527
/mnt/md1/user_wago/data/LJSpeech-1.1/wavs/LJ008-0274.wav,4.2331875,4.5572567
/mnt/md1/user_wago/data/LJSpeech-1.1/wavs/LJ017-0200.wav,6.5551875,4.6019154
/mnt/md1/user_wago/data/LJSpeech-1.1/wavs/LJ006-0203.wav,8.9584375,4.513625
/mnt/md1/user_wago/data/LJSpeech-1.1/wavs/LJ039-0102.wav,5.905,4.512273
/mnt/md1/user_wago/data/LJSpeech-1.1/wavs/LJ012-0048.wav,8.436,4.6091824
/mnt/md1/user_wago/data/LJSpeech-1.1/wavs/LJ046-0109.wav,2.642625,4.760866
/mnt/md1/user_wago/data/LJSpeech-1.1/wavs/LJ027-0008.wav,9.2603125,4.3563385
/mnt/md1/user_wago/data/LJSpeech-1.1/wavs/LJ042-0002.wav,8.9816875,4.6700597
/mnt/md1/user_wago/data/LJSpeech-1.1/wavs/LJ004-0093.wav,9.504125,4.480573
/mnt/md1/user_wago/data/LJSpeech-1.1/wavs/LJ038-0149.wav,8.8655625,4.614641
/mnt/md1/user_wago/data/LJSpeech-1.1/wavs/LJ023-0085.wav,3.7455625,4.3160734
/mnt/md1/user_wago/data/LJSpeech-1.1/wavs/LJ038-0167.wav,9.20225,4.4533696
/mnt/md1/user_wago/data/LJSpeech-1.1/wavs/LJ016-0244.wav,9.213875,4.4778423
/mnt/md1/user_wago/data/LJSpeech-1.1/wavs/LJ048-0143.wav,7.286625,4.505475
/mnt/md1/user_wago/data/LJSpeech-1.1/wavs/LJ014-0065.wav,5.4986875,4.6896653
/mnt/md1/user_wago/data/LJSpeech-1.1/wavs/LJ018-0278.wav,4.8136875,4.657946
/mnt/md1/user_wago/data/LJSpeech-1.1/wavs/LJ019-0103.wav,6.125625,4.3684273
/mnt/md1/user_wago/data/LJSpeech-1.1/wavs/LJ013-0016.wav,7.948375,4.6682706
/mnt/md1/user_wago/data/LJSpeech-1.1/wavs/LJ045-0045.wav,5.2665,4.683252
/mnt/md1/user_wago/data/LJSpeech-1.1/wavs/LJ036-0067.wav,7.1473125,4.670808
/mnt/md1/user_wago/data/LJSpeech-1.1/wavs/LJ042-0096.wav,6.3694375,4.5492454
/mnt/md1/user_wago/data/LJSpeech-1.1/wavs/LJ002-0194.wav,7.263375,4.526729
/mnt/md1/user_wago/data/LJSpeech-1.1/wavs/LJ031-0058.wav,3.6410625,4.742692
/mnt/md1/user_wago/data/LJSpeech-1.1/wavs/LJ017-0097.wav,4.7091875,4.7745075
/mnt/md1/user_wago/data/LJSpeech-1.1/wavs/LJ019-0277.wav,5.45225,4.71737
/mnt/md1/user_wago/data/LJSpeech-1.1/wavs/LJ002-0239.wav,3.9429375,4.710224
/mnt/md1/user_wago/data/LJSpeech-1.1/wavs/LJ044-0114.wav,10.084625,4.571245
/mnt/md1/user_wago/data/LJSpeech-1.1/wavs/LJ014-0004.wav,8.238625,4.654669
/mnt/md1/user_wago/data/LJSpeech-1.1/wavs/LJ009-0090.wav,2.6078125,4.25123
/mnt/md1/user_wago/data/LJSpeech-1.1/wavs/LJ042-0147.wav,6.9499375,4.4165654
/mnt/md1/user_wago/data/LJSpeech-1.1/wavs/LJ013-0091.wav,7.9831875,4.649888
/mnt/md1/user_wago/data/LJSpeech-1.1/wavs/LJ025-0167.wav,9.689875,4.56777
/mnt/md1/user_wago/data/LJSpeech-1.1/wavs/LJ029-0096.wav,4.5815,4.6674156
/mnt/md1/user_wago/data/LJSpeech-1.1/wavs/LJ034-0188.wav,6.1604375,4.4515057
/mnt/md1/user_wago/data/LJSpeech-1.1/wavs/LJ017-0169.wav,9.4925,4.4051
/mnt/md1/user_wago/data/LJSpeech-1.1/wavs/LJ049-0177.wav,9.956875,4.5534062
/mnt/md1/user_wago/data/LJSpeech-1.1/wavs/LJ017-0228.wav,6.6248125,4.443942
/mnt/md1/user_wago/data/LJSpeech-1.1/wavs/LJ017-0069.wav,9.399625,4.5474634
/mnt/md1/user_wago/data/LJSpeech-1.1/wavs/LJ028-0209.wav,4.5118125,4.519969
/mnt/md1/user_wago/data/LJSpeech-1.1/wavs/LJ050-0108.wav,7.0195625,4.6833415
/mnt/md1/user_wago/data/LJSpeech-1.1/wavs/LJ023-0056.wav,5.6728125,4.6315556
/mnt/md1/user_wago/data/LJSpeech-1.1/wavs/LJ026-0012.wav,9.4228125,4.571497
/mnt/md1/user_wago/data/LJSpeech-1.1/wavs/LJ019-0261.wav,4.9298125,4.6491356
/mnt/md1/user_wago/data/LJSpeech-1.1/wavs/LJ007-0223.wav,9.806,4.3833737
/mnt/md1/user_wago/data/LJSpeech-1.1/wavs/LJ050-0238.wav,3.118625,4.786415
/mnt/md1/user_wago/data/LJSpeech-1.1/wavs/LJ038-0045.wav,6.6364375,4.4500885
/mnt/md1/user_wago/data/LJSpeech-1.1/wavs/LJ021-0062.wav,6.2765625,4.5123925
/mnt/md1/user_wago/data/LJSpeech-1.1/wavs/LJ004-0004.wav,6.61325,4.739445
/mnt/md1/user_wago/data/LJSpeech-1.1/wavs/LJ019-0227.wav,5.5335,4.7242556
/mnt/md1/user_wago/data/LJSpeech-1.1/wavs/LJ018-0214.wav,7.6116875,4.696513
/mnt/md1/user_wago/data/LJSpeech-1.1/wavs/LJ036-0062.wav,7.8206875,4.5877676
/mnt/md1/user_wago/data/LJSpeech-1.1/wavs/LJ006-0244.wav,7.8206875,4.568197
/mnt/md1/user_wago/data/LJSpeech-1.1/wavs/LJ016-0173.wav,3.81525,4.617384
/mnt/md1/user_wago/data/LJSpeech-1.1/wavs/LJ045-0230.wav,7.2401875,4.567835
/mnt/md1/user_wago/data/LJSpeech-1.1/wavs/LJ002-0033.wav,7.553625,4.6278286
/mnt/md1/user_wago/data/LJSpeech-1.1/wavs/LJ022-0109.wav,4.1403125,4.6469674
/mnt/md1/user_wago/data/LJSpeech-1.1/wavs/LJ002-0316.wav,7.182125,4.2804365
/mnt/md1/user_wago/data/LJSpeech-1.1/wavs/LJ033-0001.wav,9.7363125,4.6865597
/mnt/md1/user_wago/data/LJSpeech-1.1/wavs/LJ010-0223.wav,6.520375,4.6322565
/mnt/md1/user_wago/data/LJSpeech-1.1/wavs/LJ043-0132.wav,7.8206875,4.5773597
/mnt/md1/user_wago/data/LJSpeech-1.1/wavs/LJ016-0185.wav,7.391125,4.6452656
/mnt/md1/user_wago/data/LJSpeech-1.1/wavs/LJ042-0248.wav,8.819125,4.341409
/mnt/md1/user_wago/data/LJSpeech-1.1/wavs/LJ012-0203.wav,4.1170625,4.7168136
/mnt/md1/user_wago/data/LJSpeech-1.1/wavs/LJ014-0324.wav,7.751,4.5156813
/mnt/md1/user_wago/data/LJSpeech-1.1/wavs/LJ046-0143.wav,8.3663125,4.591186
/mnt/md1/user_wago/data/LJSpeech-1.1/wavs/LJ031-0075.wav,8.51725,4.7510724
/mnt/md1/user_wago/data/LJSpeech-1.1/wavs/LJ001-0119.wav,5.847,4.690669
/mnt/md1/user_wago/data/LJSpeech-1.1/wavs/LJ008-0021.wav,7.553625,4.5725265
/mnt/md1/user_wago/data/LJSpeech-1.1/wavs/LJ008-0061.wav,5.6960625,4.575232
/mnt/md1/user_wago/data/LJSpeech-1.1/wavs/LJ021-0011.wav,4.488625,4.731744
/mnt/md1/user_wago/data/LJSpeech-1.1/wavs/LJ017-0090.wav,3.6875,4.7408895
/mnt/md1/user_wago/data/LJSpeech-1.1/wavs/LJ005-0255.wav,8.0064375,4.3231173
/mnt/md1/user_wago/data/LJSpeech-1.1/wavs/LJ021-0113.wav,9.7130625,4.301651
/mnt/md1/user_wago/data/LJSpeech-1.1/wavs/LJ034-0073.wav,3.617875,4.756466
/mnt/md1/user_wago/data/LJSpeech-1.1/wavs/LJ001-0018.wav,7.484,4.4749517
/mnt/md1/user_wago/data/LJSpeech-1.1/wavs/LJ012-0194.wav,3.908125,4.639644
/mnt/md1/user_wago/data/LJSpeech-1.1/wavs/LJ030-0030.wav,8.9584375,4.6852665
/mnt/md1/user_wago/data/LJSpeech-1.1/wavs/LJ046-0196.wav,8.4940625,4.470416
/mnt/md1/user_wago/data/LJSpeech-1.1/wavs/LJ042-0188.wav,8.0645,4.4272203
/mnt/md1/user_wago/data/LJSpeech-1.1/wavs/LJ025-0090.wav,7.25175,4.7376575
/mnt/md1/user_wago/data/LJSpeech-1.1/wavs/LJ034-0190.wav,6.206875,4.654499
/mnt/md1/user_wago/data/LJSpeech-1.1/wavs/LJ034-0084.wav,5.9863125,4.8144007
/mnt/md1/user_wago/data/LJSpeech-1.1/wavs/LJ016-0308.wav,2.723875,4.661496
/mnt/md1/user_wago/data/LJSpeech-1.1/wavs/LJ046-0207.wav,8.6914375,4.6098967
/mnt/md1/user_wago/data/LJSpeech-1.1/wavs/LJ048-0182.wav,7.77425,4.5075912
/mnt/md1/user_wago/data/LJSpeech-1.1/wavs/LJ018-0147.wav,6.67125,4.5972295
/mnt/md1/user_wago/data/LJSpeech-1.1/wavs/LJ017-0060.wav,4.279625,4.683422
/mnt/md1/user_wago/data/LJSpeech-1.1/wavs/LJ018-0185.wav,8.261875,4.6819057
/mnt/md1/user_wago/data/LJSpeech-1.1/wavs/LJ015-0142.wav,6.9499375,4.457194
/mnt/md1/user_wago/data/LJSpeech-1.1/wavs/LJ039-0154.wav,5.0110625,4.543124
/mnt/md1/user_wago/data/LJSpeech-1.1/wavs/LJ028-0323.wav,7.46075,4.4819374
/mnt/md1/user_wago/data/LJSpeech-1.1/wavs/LJ017-0177.wav,6.1604375,4.6273007
/mnt/md1/user_wago/data/LJSpeech-1.1/wavs/LJ003-0240.wav,5.649625,4.586584
/mnt/md1/user_wago/data/LJSpeech-1.1/wavs/LJ030-0125.wav,8.9468125,4.6593614
/mnt/md1/user_wago/data/LJSpeech-1.1/wavs/LJ045-0106.wav,7.867125,4.5001082
/mnt/md1/user_wago/data/LJSpeech-1.1/wavs/LJ031-0175.wav,8.1225,4.654723
/mnt/md1/user_wago/data/LJSpeech-1.1/wavs/LJ004-0222.wav,8.3315,4.3591504
/mnt/md1/user_wago/data/LJSpeech-1.1/wavs/LJ022-0026.wav,7.4259375,4.462151
/mnt/md1/user_wago/data/LJSpeech-1.1/wavs/LJ019-0368.wav,3.3391875,4.790311
/mnt/md1/user_wago/data/LJSpeech-1.1/wavs/LJ050-0181.wav,5.730875,4.728941
/mnt/md1/user_wago/data/LJSpeech-1.1/wavs/LJ002-0313.wav,9.295125,4.511558
/mnt/md1/user_wago/data/LJSpeech-1.1/wavs/LJ037-0088.wav,9.6318125,4.6907654
/mnt/md1/user_wago/data/LJSpeech-1.1/wavs/LJ011-0134.wav,3.316,4.651729
/mnt/md1/user_wago/data/LJSpeech-1.1/wavs/LJ006-0150.wav,3.1534375,4.664012
/mnt/md1/user_wago/data/LJSpeech-1.1/wavs/LJ008-0171.wav,9.4576875,4.387064
/mnt/md1/user_wago/data/LJSpeech-1.1/wavs/LJ033-0047.wav,4.1170625,4.539448
/mnt/md1/user_wago/data/LJSpeech-1.1/wavs/LJ015-0216.wav,8.215375,4.5649023
/mnt/md1/user_wago/data/LJSpeech-1.1/wavs/LJ012-0127.wav,9.9453125,4.532331
/mnt/md1/user_wago/data/LJSpeech-1.1/wavs/LJ016-0403.wav,5.3129375,4.3408856
/mnt/md1/user_wago/data/LJSpeech-1.1/wavs/LJ001-0001.wav,9.6550625,4.563502
/mnt/md1/user_wago/data/LJSpeech-1.1/wavs/LJ036-0158.wav,7.4375625,4.6772275
/mnt/md1/user_wago/data/LJSpeech-1.1/wavs/LJ050-0275.wav,9.121,4.4904056
/mnt/md1/user_wago/data/LJSpeech-1.1/wavs/LJ033-0100.wav,6.787375,4.616383
/mnt/md1/user_wago/data/LJSpeech-1.1/wavs/LJ006-0298.wav,4.279625,4.3867636
/mnt/md1/user_wago/data/LJSpeech-1.1/wavs/LJ035-0035.wav,9.99175,4.4743485
/mnt/md1/user_wago/data/LJSpeech-1.1/wavs/LJ041-0195.wav,3.9196875,4.501421
/mnt/md1/user_wago/data/LJSpeech-1.1/wavs/LJ011-0270.wav,8.505625,4.440381
/mnt/md1/user_wago/data/LJSpeech-1.1/wavs/LJ011-0177.wav,9.388,4.6353207
/mnt/md1/user_wago/data/LJSpeech-1.1/wavs/LJ028-0074.wav,5.626375,4.5352454
/mnt/md1/user_wago/data/LJSpeech-1.1/wavs/LJ030-0230.wav,4.76725,4.6971345
/mnt/md1/user_wago/data/LJSpeech-1.1/wavs/LJ028-0187.wav,2.9909375,4.3540707
/mnt/md1/user_wago/data/LJSpeech-1.1/wavs/LJ042-0143.wav,6.3345625,4.688257
/mnt/md1/user_wago/data/LJSpeech-1.1/wavs/LJ028-0192.wav,8.2850625,4.4699335
/mnt/md1/user_wago/data/LJSpeech-1.1/wavs/LJ019-0004.wav,6.9266875,4.5518823
/mnt/md1/user_wago/data/LJSpeech-1.1/wavs/LJ049-0021.wav,6.0443125,4.630091
/mnt/md1/user_wago/data/LJSpeech-1.1/wavs/LJ004-0231.wav,8.3315,4.316714
/mnt/md1/user_wago/data/LJSpeech-1.1/wavs/LJ021-0088.wav,6.1720625,4.6162925
/mnt/md1/user_wago/data/LJSpeech-1.1/wavs/LJ028-0388.wav,8.5636875,4.4268064
/mnt/md1/user_wago/data/LJSpeech-1.1/wavs/LJ049-0204.wav,2.1898125,4.848401
/mnt/md1/user_wago/data/LJSpeech-1.1/wavs/LJ018-0393.wav,4.5930625,4.5756097
/mnt/md1/user_wago/data/LJSpeech-1.1/wavs/LJ037-0221.wav,5.730875,4.686246
/mnt/md1/user_wago/data/LJSpeech-1.1/wavs/LJ009-0263.wav,6.5551875,4.525047
/mnt/md1/user_wago/data/LJSpeech-1.1/wavs/LJ027-0069.wav,6.4623125,4.4891295
/mnt/md1/user_wago/data/LJSpeech-1.1/wavs/LJ003-0287.wav,2.3059375,4.4764643
/mnt/md1/user_wago/data/LJSpeech-1.1/wavs/LJ019-0239.wav,2.2826875,4.7945743
/mnt/md1/user_wago/data/LJSpeech-1.1/wavs/LJ005-0230.wav,6.578375,4.4370003
/mnt/md1/user_wago/data/LJSpeech-1.1/wavs/LJ013-0085.wav,7.7278125,4.692179
/mnt/md1/user_wago/data/LJSpeech-1.1/wavs/LJ040-0197.wav,4.488625,4.380796
/mnt/md1/user_wago/data/LJSpeech-1.1/wavs/LJ014-0125.wav,3.0025,4.790146
/mnt/md1/user_wago/data/LJSpeech-1.1/wavs/LJ008-0206.wav,5.127125,4.136389
/mnt/md1/user_wago/data/LJSpeech-1.1/wavs/LJ008-0148.wav,1.377125,4.5355406
/mnt/md1/user_wago/data/LJSpeech-1.1/wavs/LJ045-0117.wav,3.6294375,4.6875043
/mnt/md1/user_wago/data/LJSpeech-1.1/wavs/LJ030-0072.wav,9.480875,4.7348924
/mnt/md1/user_wago/data/LJSpeech-1.1/wavs/LJ030-0244.wav,4.477,4.602157
/mnt/md1/user_wago/data/LJSpeech-1.1/wavs/LJ003-0248.wav,6.520375,4.6943407
/mnt/md1/user_wago/data/LJSpeech-1.1/wavs/LJ048-0265.wav,9.1441875,4.6002755
/mnt/md1/user_wago/data/LJSpeech-1.1/wavs/LJ027-0176.wav,7.576875,4.4778166
/mnt/md1/user_wago/data/LJSpeech-1.1/wavs/LJ005-0246.wav,9.794375,4.509077
/mnt/md1/user_wago/data/LJSpeech-1.1/wavs/LJ009-0303.wav,2.0969375,4.893078
/mnt/md1/user_wago/data/LJSpeech-1.1/wavs/LJ007-0141.wav,5.7540625,4.6593137
/mnt/md1/user_wago/data/LJSpeech-1.1/wavs/LJ015-0012.wav,5.649625,4.7119484
/mnt/md1/user_wago/data/LJSpeech-1.1/wavs/LJ018-0363.wav,1.49325,4.5681953
/mnt/md1/user_wago/data/LJSpeech-1.1/wavs/LJ039-0143.wav,9.1441875,4.40993
/mnt/md1/user_wago/data/LJSpeech-1.1/wavs/LJ039-0169.wav,8.052875,4.3285766
/mnt/md1/user_wago/data/LJSpeech-1.1/wavs/LJ028-0386.wav,4.268,4.416314
/mnt/md1/user_wago/data/LJSpeech-1.1/wavs/LJ008-0039.wav,9.0513125,4.472544
/mnt/md1/user_wago/data/LJSpeech-1.1/wavs/LJ018-0196.wav,1.946,4.6743736
/mnt/md1/user_wago/data/LJSpeech-1.1/wavs/LJ008-0027.wav,6.98475,4.5699234
/mnt/md1/user_wago/data/LJSpeech-1.1/wavs/LJ045-0196.wav,8.1109375,4.5995502
/mnt/md1/user_wago/data/LJSpeech-1.1/wavs/LJ033-0068.wav,2.456875,4.7231827
/mnt/md1/user_wago/data/LJSpeech-1.1/wavs/LJ002-0117.wav,4.9878125,4.5589056
/mnt/md1/user_wago/data/LJSpeech-1.1/wavs/LJ037-0240.wav,4.1635,4.7475476
/mnt/md1/user_wago/data/LJSpeech-1.1/wavs/LJ048-0218.wav,5.71925,4.736176
/mnt/md1/user_wago/data/LJSpeech-1.1/wavs/LJ013-0203.wav,2.723875,4.5598216
/mnt/md1/user_wago/data/LJSpeech-1.1/wavs/LJ034-0115.wav,2.747125,4.385804
/mnt/md1/user_wago/data/LJSpeech-1.1/wavs/LJ007-0170.wav,5.429,4.636817
/mnt/md1/user_wago/data/LJSpeech-1.1/wavs/LJ014-0035.wav,1.946,4.717056
/mnt/md1/user_wago/data/LJSpeech-1.1/wavs/LJ039-0144.wav,2.932875,4.418936
/mnt/md1/user_wago/data/LJSpeech-1.1/wavs/LJ038-0140.wav,8.4591875,4.7750273
/mnt/md1/user_wago/data/LJSpeech-1.1/wavs/LJ049-0030.wav,8.703,4.732707
/mnt/md1/user_wago/data/LJSpeech-1.1/wavs/LJ004-0244.wav,9.1325625,4.52526
/mnt/md1/user_wago/data/LJSpeech-1.1/wavs/LJ014-0245.wav,6.787375,4.7935257
/mnt/md1/user_wago/data/LJSpeech-1.1/wavs/LJ016-0048.wav,2.4800625,4.823143
/mnt/md1/user_wago/data/LJSpeech-1.1/wavs/LJ044-0101.wav,5.4754375,4.5256004
/mnt/md1/user_wago/data/LJSpeech-1.1/wavs/LJ001-0124.wav,8.4011875,4.465063
/mnt/md1/user_wago/data/LJSpeech-1.1/wavs/LJ013-0157.wav,8.2734375,4.5603704
/mnt/md1/user_wago/data/LJSpeech-1.1/wavs/LJ011-0245.wav,9.4925,4.5282793
/mnt/md1/user_wago/data/LJSpeech-1.1/wavs/LJ018-0002.wav,9.0165,4.50482
/mnt/md1/user_wago/data/LJSpeech-1.1/wavs/LJ035-0077.wav,5.8585625,4.275094
/mnt/md1/user_wago/data/LJSpeech-1.1/wavs/LJ042-0104.wav,2.7006875,4.691484
/mnt/md1/user_wago/data/LJSpeech-1.1/wavs/LJ024-0088.wav,7.948375,4.3764696
/mnt/md1/user_wago/data/LJSpeech-1.1/wavs/LJ019-0055.wav,3.6526875,4.6153097
/mnt/md1/user_wago/data/LJSpeech-1.1/wavs/LJ021-0106.wav,6.8454375,4.1874285
/mnt/md1/user_wago/data/LJSpeech-1.1/wavs/LJ007-0241.wav,5.521875,4.4854856
/mnt/md1/user_wago/data/LJSpeech-1.1/wavs/LJ020-0066.wav,2.54975,4.6475983
/mnt/md1/user_wago/data/LJSpeech-1.1/wavs/LJ017-0101.wav,5.231625,4.6244283
/mnt/md1/user_wago/data/LJSpeech-1.1/wavs/LJ013-0253.wav,7.484,4.5916815
/mnt/md1/user_wago/data/LJSpeech-1.1/wavs/LJ028-0511.wav,9.806,4.367361
/mnt/md1/user_wago/data/LJSpeech-1.1/wavs/LJ034-0029.wav,6.021125,4.7169933
/mnt/md1/user_wago/data/LJSpeech-1.1/wavs/LJ013-0034.wav,5.51025,4.6822248
/mnt/md1/user_wago/data/LJSpeech-1.1/wavs/LJ045-0189.wav,5.9746875,4.628459
/mnt/md1/user_wago/data/LJSpeech-1.1/wavs/LJ025-0127.wav,9.8291875,4.655695
/mnt/md1/user_wago/data/LJSpeech-1.1/wavs/LJ001-0129.wav,3.87325,4.642389
/mnt/md1/user_wago/data/LJSpeech-1.1/wavs/LJ021-0087.wav,9.1325625,4.1938906
/mnt/md1/user_wago/data/LJSpeech-1.1/wavs/LJ005-0281.wav,7.66975,4.5105658
/mnt/md1/user_wago/data/LJSpeech-1.1/wavs/LJ032-0063.wav,9.99175,4.6753325
/mnt/md1/user_wago/data/LJSpeech-1.1/wavs/LJ016-0210.wav,9.0745625,4.4016123
/mnt/md1/user_wago/data/LJSpeech-1.1/wavs/LJ006-0265.wav,5.2665,4.7368603
/mnt/md1/user_wago/data/LJSpeech-1.1/wavs/LJ007-0092.wav,6.7293125,4.561478
/mnt/md1/user_wago/data/LJSpeech-1.1/wavs/LJ043-0068.wav,4.4073125,4.651336
/mnt/md1/user_wago/data/LJSpeech-1.1/wavs/LJ011-0175.wav,5.03425,4.7027316
/mnt/md1/user_wago/data/LJSpeech-1.1/wavs/LJ038-0005.wav,7.2285625,4.737388
/mnt/md1/user_wago/data/LJSpeech-1.1/wavs/LJ032-0019.wav,9.2719375,4.6609836
/mnt/md1/user_wago/data/LJSpeech-1.1/wavs/LJ045-0158.wav,4.55825,4.552188
/mnt/md1/user_wago/data/LJSpeech-1.1/wavs/LJ039-0213.wav,8.0993125,4.47223
/mnt/md1/user_wago/data/LJSpeech-1.1/wavs/LJ005-0175.wav,6.29975,4.463718
/mnt/md1/user_wago/data/LJSpeech-1.1/wavs/LJ016-0147.wav,8.5985625,4.555207
/mnt/md1/user_wago/data/LJSpeech-1.1/wavs/LJ006-0004.wav,7.843875,4.6706896
/mnt/md1/user_wago/data/LJSpeech-1.1/wavs/LJ029-0213.wav,5.0806875,4.6804085
/mnt/md1/user_wago/data/LJSpeech-1.1/wavs/LJ015-0305.wav,6.61325,4.559172
/mnt/md1/user_wago/data/LJSpeech-1.1/wavs/LJ040-0137.wav,7.367875,4.481904
/mnt/md1/user_wago/data/LJSpeech-1.1/wavs/LJ022-0020.wav,10.0381875,4.5895333
/mnt/md1/user_wago/data/LJSpeech-1.1/wavs/LJ024-0071.wav,5.521875,4.325728
/mnt/md1/user_wago/data/LJSpeech-1.1/wavs/LJ012-0053.wav,6.114,4.7687726
/mnt/md1/user_wago/data/LJSpeech-1.1/wavs/LJ035-0154.wav,5.0110625,4.624631
/mnt/md1/user_wago/data/LJSpeech-1.1/wavs/LJ028-0381.wav,2.6890625,4.4108534
/mnt/md1/user_wago/data/LJSpeech-1.1/wavs/LJ015-0266.wav,9.8408125,4.6272545
/mnt/md1/user_wago/data/LJSpeech-1.1/wavs/LJ013-0140.wav,7.9135625,4.5760927
/mnt/md1/user_wago/data/LJSpeech-1.1/wavs/LJ046-0097.wav,5.069125,4.6745796
/mnt/md1/user_wago/data/LJSpeech-1.1/wavs/LJ041-0164.wav,2.909625,4.5073795
/mnt/md1/user_wago/data/LJSpeech-1.1/wavs/LJ039-0156.wav,2.1898125,4.7392817
/mnt/md1/user_wago/data/LJSpeech-1.1/wavs/LJ038-0298.wav,9.7015,4.5164313
/mnt/md1/user_wago/data/LJSpeech-1.1/wavs/LJ028-0212.wav,4.569875,4.564352
/mnt/md1/user_wago/data/LJSpeech-1.1/wavs/LJ048-0190.wav,4.7904375,4.586821
/mnt/md1/user_wago/data/LJSpeech-1.1/wavs/LJ043-0023.wav,4.7208125,4.8224816
/mnt/md1/user_wago/data/LJSpeech-1.1/wavs/LJ016-0193.wav,3.304375,4.4988985
/mnt/md1/user_wago/data/LJSpeech-1.1/wavs/LJ004-0104.wav,4.860125,4.3347206
/mnt/md1/user_wago/data/LJSpeech-1.1/wavs/LJ013-0013.wav,4.3725,4.707836
/mnt/md1/user_wago/data/LJSpeech-1.1/wavs/LJ044-0123.wav,10.0149375,4.502079
/mnt/md1/user_wago/data/LJSpeech-1.1/wavs/LJ032-0266.wav,3.2695625,4.7283072
/mnt/md1/user_wago/data/LJSpeech-1.1/wavs/LJ040-0023.wav,9.88725,4.301032
/mnt/md1/user_wago/data/LJSpeech-1.1/wavs/LJ001-0118.wav,5.24325,4.5560684
/mnt/md1/user_wago/data/LJSpeech-1.1/wavs/LJ010-0118.wav,2.7006875,4.68783
/mnt/md1/user_wago/data/LJSpeech-1.1/wavs/LJ009-0112.wav,7.93675,4.442931
/mnt/md1/user_wago/data/LJSpeech-1.1/wavs/LJ015-0290.wav,5.0226875,4.5515413
/mnt/md1/user_wago/data/LJSpeech-1.1/wavs/LJ045-0179.wav,8.1921875,4.413187
/mnt/md1/user_wago/data/LJSpeech-1.1/wavs/LJ044-0183.wav,9.6201875,4.5412016
/mnt/md1/user_wago/data/LJSpeech-1.1/wavs/LJ008-0119.wav,6.2185,4.586744
/mnt/md1/user_wago/data/LJSpeech-1.1/wavs/LJ032-0158.wav,2.92125,4.702821
/mnt/md1/user_wago/data/LJSpeech-1.1/wavs/LJ014-0019.wav,9.956875,4.503235
/mnt/md1/user_wago/data/LJSpeech-1.1/wavs/LJ047-0098.wav,5.127125,4.704126
/mnt/md1/user_wago/data/LJSpeech-1.1/wavs/LJ005-0022.wav,7.275,4.5535097
/mnt/md1/user_wago/data/LJSpeech-1.1/wavs/LJ037-0165.wav,7.9135625,4.7399297
/mnt/md1/user_wago/data/LJSpeech-1.1/wavs/LJ012-0059.wav,5.4986875,4.7892914
/mnt/md1/user_wago/data/LJSpeech-1.1/wavs/LJ022-0002.wav,2.7355,4.7923026
/mnt/md1/user_wago/data/LJSpeech-1.1/wavs/LJ015-0160.wav,7.2981875,4.44795
/mnt/md1/user_wago/data/LJSpeech-1.1/wavs/LJ006-0186.wav,4.953,4.752243
/mnt/md1/user_wago/data/LJSpeech-1.1/wavs/LJ031-0033.wav,5.1851875,4.7550387
/mnt/md1/user_wago/data/LJSpeech-1.1/wavs/LJ007-0187.wav,6.868625,4.2731175
/mnt/md1/user_wago/data/LJSpeech-1.1/wavs/LJ030-0024.wav,9.5389375,4.6706448
/mnt/md1/user_wago/data/LJSpeech-1.1/wavs/LJ035-0102.wav,5.045875,4.5575976
/mnt/md1/user_wago/data/LJSpeech-1.1/wavs/LJ039-0166.wav,3.8268125,4.214781
/mnt/md1/user_wago/data/LJSpeech-1.1/wavs/LJ021-0115.wav,9.4925,4.2016096
/mnt/md1/user_wago/data/LJSpeech-1.1/wavs/LJ021-0052.wav,3.60625,4.4466763
/mnt/md1/user_wago/data/LJSpeech-1.1/wavs/LJ027-0052.wav,6.8338125,4.4768543
/mnt/md1/user_wago/data/LJSpeech-1.1/wavs/LJ028-0071.wav,4.6163125,4.714744
/mnt/md1/user_wago/data/LJSpeech-1.1/wavs/LJ030-0033.wav,7.2981875,4.652746
/mnt/md1/user_wago/data/LJSpeech-1.1/wavs/LJ029-0185.wav,3.884875,4.5967054
/mnt/md1/user_wago/data/LJSpeech-1.1/wavs/LJ048-0194.wav,3.513375,4.610224
/mnt/md1/user_wago/data/LJSpeech-1.1/wavs/LJ037-0054.wav,3.8268125,4.7790575
/mnt/md1/user_wago/data/LJSpeech-1.1/wavs/LJ019-0119.wav,4.953,4.7040267
/mnt/md1/user_wago/data/LJSpeech-1.1/wavs/LJ010-0089.wav,5.6728125,4.571706
/mnt/md1/user_wago/data/LJSpeech-1.1/wavs/LJ029-0137.wav,7.286625,4.643584
/mnt/md1/user_wago/data/LJSpeech-1.1/wavs/LJ047-0024.wav,8.1225,4.626759
/mnt/md1/user_wago/data/LJSpeech-1.1/wavs/LJ008-0023.wav,8.83075,4.3764663
/mnt/md1/user_wago/data/LJSpeech-1.1/wavs/LJ014-0171.wav,8.4940625,4.2989616
/mnt/md1/user_wago/data/LJSpeech-1.1/wavs/LJ049-0083.wav,10.0381875,4.4452415
/mnt/md1/user_wago/data/LJSpeech-1.1/wavs/LJ044-0058.wav,7.93675,4.558552
/mnt/md1/user_wago/data/LJSpeech-1.1/wavs/LJ019-0045.wav,4.4305625,4.6548133
/mnt/md1/user_wago/data/LJSpeech-1.1/wavs/LJ012-0146.wav,8.1921875,4.5051208
/mnt/md1/user_wago/data/LJSpeech-1.1/wavs/LJ015-0017.wav,8.5753125,4.656967
/mnt/md1/user_wago/data/LJSpeech-1.1/wavs/LJ035-0056.wav,4.0241875,4.4486914
/mnt/md1/user_wago/data/LJSpeech-1.1/wavs/LJ033-0027.wav,7.9831875,4.639158
/mnt/md1/user_wago/data/LJSpeech-1.1/wavs/LJ026-0055.wav,7.739375,4.5989003
/mnt/md1/user_wago/data/LJSpeech-1.1/wavs/LJ011-0289.wav,5.6031875,4.832893
/mnt/md1/user_wago/data/LJSpeech-1.1/wavs/LJ009-0085.wav,5.9630625,4.571369
/mnt/md1/user_wago/data/LJSpeech-1.1/wavs/LJ032-0240.wav,3.2115,4.7815833
/mnt/md1/user_wago/data/LJSpeech-1.1/wavs/LJ045-0161.wav,2.6890625,3.6009033
/mnt/md1/user_wago/data/LJSpeech-1.1/wavs/LJ017-0138.wav,3.141875,4.6723013
/mnt/md1/user_wago/data/LJSpeech-1.1/wavs/LJ040-0213.wav,4.4421875,4.369413
/mnt/md1/user_wago/data/LJSpeech-1.1/wavs/LJ032-0243.wav,2.3871875,4.3378706
/mnt/md1/user_wago/data/LJSpeech-1.1/wavs/LJ011-0185.wav,7.8555,4.521911
/mnt/md1/user_wago/data/LJSpeech-1.1/wavs/LJ015-0224.wav,3.1883125,4.6477003
/mnt/md1/user_wago/data/LJSpeech-1.1/wavs/LJ016-0115.wav,6.0675625,4.59054
/mnt/md1/user_wago/data/LJSpeech-1.1/wavs/LJ047-0102.wav,9.028125,4.457763
/mnt/md1/user_wago/data/LJSpeech-1.1/wavs/LJ011-0164.wav,7.8903125,4.697926
/mnt/md1/user_wago/data/LJSpeech-1.1/wavs/LJ018-0304.wav,3.6410625,4.5234714
/mnt/md1/user_wago/data/LJSpeech-1.1/wavs/LJ017-0095.wav,2.9793125,4.6793094
/mnt/md1/user_wago/data/LJSpeech-1.1/wavs/LJ011-0197.wav,5.7540625,4.6031275
/mnt/md1/user_wago/data/LJSpeech-1.1/wavs/LJ028-0143.wav,7.35625,4.4500065
/mnt/md1/user_wago/data/LJSpeech-1.1/wavs/LJ017-0143.wav,9.980125,4.678513
/mnt/md1/user_wago/data/LJSpeech-1.1/wavs/LJ008-0044.wav,8.819125,4.4921317
/mnt/md1/user_wago/data/LJSpeech-1.1/wavs/LJ036-0199.wav,3.71075,4.6943216
/mnt/md1/user_wago/data/LJSpeech-1.1/wavs/LJ041-0002.wav,6.1604375,4.493517
/mnt/md1/user_wago/data/LJSpeech-1.1/wavs/LJ049-0005.wav,8.9584375,4.5344253
/mnt/md1/user_wago/data/LJSpeech-1.1/wavs/LJ001-0097.wav,8.238625,4.494595
/mnt/md1/user_wago/data/LJSpeech-1.1/wavs/LJ031-0168.wav,7.7161875,4.6711617
/mnt/md1/user_wago/data/LJSpeech-1.1/wavs/LJ048-0011.wav,9.8291875,4.6410785
/mnt/md1/user_wago/data/LJSpeech-1.1/wavs/LJ019-0109.wav,4.39575,4.6385665
/mnt/md1/user_wago/data/LJSpeech-1.1/wavs/LJ015-0272.wav,7.286625,4.580992
/mnt/md1/user_wago/data/LJSpeech-1.1/wavs/LJ043-0001.wav,3.7688125,4.7533565
/mnt/md1/user_wago/data/LJSpeech-1.1/wavs/LJ014-0297.wav,4.755625,4.6951003
/mnt/md1/user_wago/data/LJSpeech-1.1/wavs/LJ036-0139.wav,3.4553125,4.5638847
/mnt/md1/user_wago/data/LJSpeech-1.1/wavs/LJ025-0031.wav,5.3941875,4.657702
/mnt/md1/user_wago/data/LJSpeech-1.1/wavs/LJ030-0243.wav,8.4011875,4.687002
/mnt/md1/user_wago/data/LJSpeech-1.1/wavs/LJ046-0011.wav,6.0675625,4.4343715
/mnt/md1/user_wago/data/LJSpeech-1.1/wavs/LJ012-0109.wav,6.6248125,4.7187634
/mnt/md1/user_wago/data/LJSpeech-1.1/wavs/LJ004-0242.wav,9.4460625,4.4639444
/mnt/md1/user_wago/data/LJSpeech-1.1/wavs/LJ049-0017.wav,7.6233125,4.6235094
/mnt/md1/user_wago/data/LJSpeech-1.1/wavs/LJ040-0234.wav,6.8454375,4.460019
/mnt/md1/user_wago/data/LJSpeech-1.1/wavs/LJ030-0213.wav,7.1124375,4.6244526
/mnt/md1/user_wago/data/LJSpeech-1.1/wavs/LJ028-0503.wav,6.5668125,4.571932
/mnt/md1/user_wago/data/LJSpeech-1.1/wavs/LJ028-0366.wav,8.0064375,4.3644423
/mnt/md1/user_wago/data/LJSpeech-1.1/wavs/LJ005-0177.wav,6.8221875,4.26474
/mnt/md1/user_wago/data/LJSpeech-1.1/wavs/LJ004-0035.wav,5.82375,4.390445
/mnt/md1/user_wago/data/LJSpeech-1.1/wavs/LJ048-0001.wav,9.9336875,4.725445
/mnt/md1/user_wago/data/LJSpeech-1.1/wavs/LJ031-0015.wav,8.1689375,4.575391
/mnt/md1/user_wago/data/LJSpeech-1.1/wavs/LJ030-0100.wav,8.528875,4.549931
/mnt/md1/user_wago/data/LJSpeech-1.1/wavs/LJ049-0225.wav,7.867125,4.6560197
/mnt/md1/user_wago/data/LJSpeech-1.1/wavs/LJ009-0221.wav,4.29125,4.7717633
/mnt/md1/user_wago/data/LJSpeech-1.1/wavs/LJ028-0170.wav,6.392625,4.4279995
/mnt/md1/user_wago/data/LJSpeech-1.1/wavs/LJ016-0300.wav,8.5753125,4.51383
/mnt/md1/user_wago/data/LJSpeech-1.1/wavs/LJ033-0136.wav,9.2719375,4.645819
/mnt/md1/user_wago/data/LJSpeech-1.1/wavs/LJ012-0103.wav,7.3098125,4.689842
/mnt/md1/user_wago/data/LJSpeech-1.1/wavs/LJ019-0124.wav,6.4390625,4.6628275
/mnt/md1/user_wago/data/LJSpeech-1.1/wavs/LJ048-0093.wav,6.520375,4.335648
/mnt/md1/user_wago/data/LJSpeech-1.1/wavs/LJ033-0079.wav,4.9994375,4.7735586
/mnt/md1/user_wago/data/LJSpeech-1.1/wavs/LJ047-0073.wav,8.6798125,4.508523
/mnt/md1/user_wago/data/LJSpeech-1.1/wavs/LJ018-0169.wav,8.912,4.377155
/mnt/md1/user_wago/data/LJSpeech-1.1/wavs/LJ046-0184.wav,9.7015,4.613305
/mnt/md1/user_wago/data/LJSpeech-1.1/wavs/LJ017-0089.wav,6.50875,4.7640796
/mnt/md1/user_wago/data/LJSpeech-1.1/wavs/LJ041-0155.wav,6.88025,4.6560016
/mnt/md1/user_wago/data/LJSpeech-1.1/wavs/LJ028-0039.wav,5.440625,4.6111364
/mnt/md1/user_wago/data/LJSpeech-1.1/wavs/LJ005-0298.wav,6.9150625,4.607596
/mnt/md1/user_wago/data/LJSpeech-1.1/wavs/LJ004-0088.wav,6.682875,4.508307
/mnt/md1/user_wago/data/LJSpeech-1.1/wavs/LJ045-0036.wav,8.4824375,4.700327
/mnt/md1/user_wago/data/LJSpeech-1.1/wavs/LJ006-0177.wav,9.0745625,4.533205
/mnt/md1/user_wago/data/LJSpeech-1.1/wavs/LJ015-0203.wav,6.206875,4.6682043
/mnt/md1/user_wago/data/LJSpeech-1.1/wavs/LJ046-0007.wav,5.150375,4.6058474
/mnt/md1/user_wago/data/LJSpeech-1.1/wavs/LJ029-0080.wav,6.497125,4.7561464
/mnt/md1/user_wago/data/LJSpeech-1.1/wavs/LJ004-0198.wav,8.25025,4.3382754
/mnt/md1/user_wago/data/LJSpeech-1.1/wavs/LJ024-0091.wav,2.8748125,4.6255903
/mnt/md1/user_wago/data/LJSpeech-1.1/wavs/LJ044-0023.wav,6.7641875,4.579115
/mnt/md1/user_wago/data/LJSpeech-1.1/wavs/LJ042-0105.wav,9.1790625,4.478581
/mnt/md1/user_wago/data/LJSpeech-1.1/wavs/LJ002-0015.wav,6.03275,4.5904636
/mnt/md1/user_wago/data/LJSpeech-1.1/wavs/LJ046-0098.wav,9.5389375,4.659651
/mnt/md1/user_wago/data/LJSpeech-1.1/wavs/LJ007-0121.wav,6.3345625,4.5385466
/mnt/md1/user_wago/data/LJSpeech-1.1/wavs/LJ026-0099.wav,7.1705,4.66415
/mnt/md1/user_wago/data/LJSpeech-1.1/wavs/LJ001-0177.wav,4.6279375,4.680667
/mnt/md1/user_wago/data/LJSpeech-1.1/wavs/LJ004-0039.wav,4.3376875,4.3439126
/mnt/md1/user_wago/data/LJSpeech-1.1/wavs/LJ009-0008.wav,9.8524375,4.613122
/mnt/md1/user_wago/data/LJSpeech-1.1/wavs/LJ003-0045.wav,8.4591875,4.6426954
/mnt/md1/user_wago/data/LJSpeech-1.1/wavs/LJ022-0127.wav,10.09625,4.5249014
/mnt/md1/user_wago/data/LJSpeech-1.1/wavs/LJ023-0086.wav,7.25175,4.3153405
/mnt/md1/user_wago/data/LJSpeech-1.1/wavs/LJ031-0083.wav,5.1851875,4.734563
/mnt/md1/user_wago/data/LJSpeech-1.1/wavs/LJ010-0200.wav,9.8291875,4.4928675
/mnt/md1/user_wago/data/LJSpeech-1.1/wavs/LJ019-0230.wav,8.714625,4.4771214
/mnt/md1/user_wago/data/LJSpeech-1.1/wavs/LJ040-0041.wav,6.578375,4.470763
/mnt/md1/user_wago/data/LJSpeech-1.1/wavs/LJ027-0164.wav,6.3694375,4.282351
/mnt/md1/user_wago/data/LJSpeech-1.1/wavs/LJ033-0177.wav,6.7525625,4.668234
/mnt/md1/user_wago/data/LJSpeech-1.1/wavs/LJ040-0060.wav,6.2533125,4.63737
/mnt/md1/user_wago/data/LJSpeech-1.1/wavs/LJ040-0043.wav,8.93525,4.004305
/mnt/md1/user_wago/data/LJSpeech-1.1/wavs/LJ006-0156.wav,4.8136875,4.6399336
/mnt/md1/user_wago/data/LJSpeech-1.1/wavs/LJ014-0142.wav,5.7540625,4.6257114
/mnt/md1/user_wago/data/LJSpeech-1.1/wavs/LJ006-0151.wav,9.5505625,4.515796
/mnt/md1/user_wago/data/LJSpeech-1.1/wavs/LJ049-0189.wav,8.7726875,4.4895654
/mnt/md1/user_wago/data/LJSpeech-1.1/wavs/LJ002-0055.wav,8.72625,4.6618795
/mnt/md1/user_wago/data/LJSpeech-1.1/wavs/LJ009-0172.wav,8.0064375,4.664642
/mnt/md1/user_wago/data/LJSpeech-1.1/wavs/LJ024-0097.wav,4.1519375,4.0603375
/mnt/md1/user_wago/data/LJSpeech-1.1/wavs/LJ034-0020.wav,3.199875,4.7261744
/mnt/md1/user_wago/data/LJSpeech-1.1/wavs/LJ035-0039.wav,5.5335,4.6893473
/mnt/md1/user_wago/data/LJSpeech-1.1/wavs/LJ028-0079.wav,8.5636875,4.6465626
/mnt/md1/user_wago/data/LJSpeech-1.1/wavs/LJ034-0034.wav,9.213875,4.653786
/mnt/md1/user_wago/data/LJSpeech-1.1/wavs/LJ014-0086.wav,8.8771875,4.651145
/mnt/md1/user_wago/data/LJSpeech-1.1/wavs/LJ050-0215.wav,5.905,4.7157183
/mnt/md1/user_wago/data/LJSpeech-1.1/wavs/LJ017-0013.wav,9.295125,4.7922916
/mnt/md1/user_wago/data/LJSpeech-1.1/wavs/LJ025-0050.wav,2.92125,4.603297
/mnt/md1/user_wago/data/LJSpeech-1.1/wavs/LJ046-0253.wav,7.948375,4.6065083
/mnt/md1/user_wago/data/LJSpeech-1.1/wavs/LJ050-0074.wav,6.9035,4.582261
/mnt/md1/user_wago/data/LJSpeech-1.1/wavs/LJ021-0099.wav,8.714625,3.9671109
/mnt/md1/user_wago/data/LJSpeech-1.1/wavs/LJ028-0247.wav,6.520375,4.4906473
/mnt/md1/user_wago/data/LJSpeech-1.1/wavs/LJ034-0210.wav,7.2285625,4.608156
/mnt/md1/user_wago/data/LJSpeech-1.1/wavs/LJ006-0243.wav,9.9336875,4.619982
/mnt/md1/user_wago/data/LJSpeech-1.1/wavs/LJ047-0118.wav,4.7904375,4.4504585
/mnt/md1/user_wago/data/LJSpeech-1.1/wavs/LJ042-0014.wav,1.853125,4.520538
/mnt/md1/user_wago/data/LJSpeech-1.1/wavs/LJ038-0235.wav,5.2780625,4.6332555
/mnt/md1/user_wago/data/LJSpeech-1.1/wavs/LJ049-0078.wav,5.8818125,4.6355534
/mnt/md1/user_wago/data/LJSpeech-1.1/wavs/LJ025-0023.wav,7.08925,4.7048287
/mnt/md1/user_wago/data/LJSpeech-1.1/wavs/LJ031-0098.wav,2.538125,4.7838964
/mnt/md1/user_wago/data/LJSpeech-1.1/wavs/LJ011-0120.wav,5.649625,4.5741696
/mnt/md1/user_wago/data/LJSpeech-1.1/wavs/LJ026-0082.wav,8.5869375,4.567193
/mnt/md1/user_wago/data/LJSpeech-1.1/wavs/LJ004-0190.wav,7.971625,4.613262
/mnt/md1/user_wago/data/LJSpeech-1.1/wavs/LJ002-0024.wav,8.737875,4.5859623
/mnt/md1/user_wago/data/LJSpeech-1.1/wavs/LJ022-0184.wav,7.1240625,4.518422
/mnt/md1/user_wago/data/LJSpeech-1.1/wavs/LJ036-0122.wav,4.76725,4.6838403
/mnt/md1/user_wago/data/LJSpeech-1.1/wavs/LJ030-0004.wav,5.3129375,4.7045245
/mnt/md1/user_wago/data/LJSpeech-1.1/wavs/LJ045-0201.wav,8.4011875,4.488388
/mnt/md1/user_wago/data/LJSpeech-1.1/wavs/LJ044-0103.wav,7.4259375,4.504009
/mnt/md1/user_wago/data/LJSpeech-1.1/wavs/LJ008-0289.wav,8.4940625,4.5142922
/mnt/md1/user_wago/data/LJSpeech-1.1/wavs/LJ038-0092.wav,3.792,4.6859074
/mnt/md1/user_wago/data/LJSpeech-1.1/wavs/LJ049-0124.wav,3.4436875,4.5752487
/mnt/md1/user_wago/data/LJSpeech-1.1/wavs/LJ046-0211.wav,9.956875,4.5083942
/mnt/md1/user_wago/data/LJSpeech-1.1/wavs/LJ040-0005.wav,8.62175,4.5656495
/mnt/md1/user_wago/data/LJSpeech-1.1/wavs/LJ037-0157.wav,1.295875,4.912325
/mnt/md1/user_wago/data/LJSpeech-1.1/wavs/LJ040-0111.wav,2.828375,4.4201064
/mnt/md1/user_wago/data/LJSpeech-1.1/wavs/LJ022-0133.wav,8.842375,4.5933332
/mnt/md1/user_wago/data/LJSpeech-1.1/wavs/LJ005-0117.wav,6.3345625,4.68757
/mnt/md1/user_wago/data/LJSpeech-1.1/wavs/LJ007-0131.wav,9.980125,4.5994997
/mnt/md1/user_wago/data/LJSpeech-1.1/wavs/LJ014-0334.wav,8.134125,4.5697536
/mnt/md1/user_wago/data/LJSpeech-1.1/wavs/LJ015-0007.wav,8.2850625,4.6298504
/mnt/md1/user_wago/data/LJSpeech-1.1/wavs/LJ005-0098.wav,9.8175625,4.5454073
/mnt/md1/user_wago/data/LJSpeech-1.1/wavs/LJ028-0486.wav,5.9514375,4.4694114
/mnt/md1/user_wago/data/LJSpeech-1.1/wavs/LJ043-0178.wav,3.8965,4.766674
/mnt/md1/user_wago/data/LJSpeech-1.1/wavs/LJ003-0003.wav,4.2215625,4.5718255
/mnt/md1/user_wago/data/LJSpeech-1.1/wavs/LJ032-0010.wav,5.2084375,4.76906
/mnt/md1/user_wago/data/LJSpeech-1.1/wavs/LJ031-0056.wav,9.6550625,4.5834346
/mnt/md1/user_wago/data/LJSpeech-1.1/wavs/LJ003-0141.wav,6.5551875,4.4677787
/mnt/md1/user_wago/data/LJSpeech-1.1/wavs/LJ050-0050.wav,8.3663125,4.556027
/mnt/md1/user_wago/data/LJSpeech-1.1/wavs/LJ036-0102.wav,4.08225,4.5769715
/mnt/md1/user_wago/data/LJSpeech-1.1/wavs/LJ008-0049.wav,7.7045625,4.646712
/mnt/md1/user_wago/data/LJSpeech-1.1/wavs/LJ009-0167.wav,9.213875,4.5018973
/mnt/md1/user_wago/data/LJSpeech-1.1/wavs/LJ050-0064.wav,7.7045625,4.7059584
/mnt/md1/user_wago/data/LJSpeech-1.1/wavs/LJ015-0269.wav,8.900375,4.4221897
/mnt/md1/user_wago/data/LJSpeech-1.1/wavs/LJ028-0233.wav,8.6565625,4.4950137
/mnt/md1/user_wago/data/LJSpeech-1.1/wavs/LJ019-0352.wav,5.71925,4.638507
/mnt/md1/user_wago/data/LJSpeech-1.1/wavs/LJ014-0117.wav,4.465375,4.756983
/mnt/md1/user_wago/data/LJSpeech-1.1/wavs/LJ031-0197.wav,7.1240625,4.74006
/mnt/md1/user_wago/data/LJSpeech-1.1/wavs/LJ007-0126.wav,7.1240625,4.5447264
/mnt/md1/user_wago/data/LJSpeech-1.1/wavs/LJ021-0093.wav,9.794375,4.2331524
/mnt/md1/user_wago/data/LJSpeech-1.1/wavs/LJ040-0210.wav,9.028125,4.401865
/mnt/md1/user_wago/data/LJSpeech-1.1/wavs/LJ030-0229.wav,5.6844375,4.7406025
/mnt/md1/user_wago/data/LJSpeech-1.1/wavs/LJ029-0120.wav,7.3446875,4.67588
/mnt/md1/user_wago/data/LJSpeech-1.1/wavs/LJ013-0053.wav,5.127125,4.600019
/mnt/md1/user_wago/data/LJSpeech-1.1/wavs/LJ031-0222.wav,7.867125,4.7080984
/mnt/md1/user_wago/data/LJSpeech-1.1/wavs/LJ011-0124.wav,6.4390625,4.5910044
/mnt/md1/user_wago/data/LJSpeech-1.1/wavs/LJ003-0184.wav,5.9863125,4.657834
/mnt/md1/user_wago/data/LJSpeech-1.1/wavs/LJ048-0164.wav,7.96,4.612232
/mnt/md1/user_wago/data/LJSpeech-1.1/wavs/LJ028-0280.wav,4.488625,4.333361
/mnt/md1/user_wago/data/LJSpeech-1.1/wavs/LJ034-0052.wav,5.7773125,4.5588727
/mnt/md1/user_wago/data/LJSpeech-1.1/wavs/LJ004-0132.wav,4.488625,4.4928913
/mnt/md1/user_wago/data/LJSpeech-1.1/wavs/LJ029-0044.wav,7.9831875,4.745853
/mnt/md1/user_wago/data/LJSpeech-1.1/wavs/LJ046-0145.wav,2.7006875,4.689676
/mnt/md1/user_wago/data/LJSpeech-1.1/wavs/LJ050-0273.wav,5.45225,4.56358
/mnt/md1/user_wago/data/LJSpeech-1.1/wavs/LJ030-0225.wav,6.4855,4.5767174
/mnt/md1/user_wago/data/LJSpeech-1.1/wavs/LJ033-0150.wav,5.4638125,4.63127
/mnt/md1/user_wago/data/LJSpeech-1.1/wavs/LJ010-0037.wav,4.001,4.687087
/mnt/md1/user_wago/data/LJSpeech-1.1/wavs/LJ046-0137.wav,7.19375,4.6282096
/mnt/md1/user_wago/data/LJSpeech-1.1/wavs/LJ037-0008.wav,4.070625,4.764415
/mnt/md1/user_wago/data/LJSpeech-1.1/wavs/LJ018-0191.wav,2.619375,4.7684145
/mnt/md1/user_wago/data/LJSpeech-1.1/wavs/LJ034-0110.wav,4.6975625,4.734592
/mnt/md1/user_wago/data/LJSpeech-1.1/wavs/LJ045-0124.wav,4.3260625,4.543931
/mnt/md1/user_wago/data/LJSpeech-1.1/wavs/LJ005-0160.wav,5.429,4.6731954
/mnt/md1/user_wago/data/LJSpeech-1.1/wavs/LJ038-0117.wav,8.04125,4.5162716
/mnt/md1/user_wago/data/LJSpeech-1.1/wavs/LJ038-0257.wav,2.5845625,4.516252
/mnt/md1/user_wago/data/LJSpeech-1.1/wavs/LJ005-0076.wav,3.6526875,4.468572
/mnt/md1/user_wago/data/LJSpeech-1.1/wavs/LJ025-0079.wav,4.1170625,4.411217
/mnt/md1/user_wago/data/LJSpeech-1.1/wavs/LJ022-0122.wav,7.4026875,4.4599295
/mnt/md1/user_wago/data/LJSpeech-1.1/wavs/LJ041-0106.wav,6.8454375,4.524838
/mnt/md1/user_wago/data/LJSpeech-1.1/wavs/LJ030-0153.wav,10.0381875,4.6033278
/mnt/md1/user_wago/data/LJSpeech-1.1/wavs/LJ002-0026.wav,4.360875,4.476503
/mnt/md1/user_wago/data/LJSpeech-1.1/wavs/LJ014-0274.wav,6.021125,4.631393
/mnt/md1/user_wago/data/LJSpeech-1.1/wavs/LJ023-0047.wav,8.3315,4.4142284
/mnt/md1/user_wago/data/LJSpeech-1.1/wavs/LJ027-0127.wav,9.6318125,4.4672713
/mnt/md1/user_wago/data/LJSpeech-1.1/wavs/LJ013-0092.wav,9.4460625,4.730845
/mnt/md1/user_wago/data/LJSpeech-1.1/wavs/LJ030-0071.wav,5.5683125,4.7094903
/mnt/md1/user_wago/data/LJSpeech-1.1/wavs/LJ004-0221.wav,2.631,4.581094
/mnt/md1/user_wago/data/LJSpeech-1.1/wavs/LJ038-0188.wav,5.1155625,4.767599
/mnt/md1/user_wago/data/LJSpeech-1.1/wavs/LJ033-0037.wav,5.905,4.793221
/mnt/md1/user_wago/data/LJSpeech-1.1/wavs/LJ003-0024.wav,5.5683125,4.5550375
/mnt/md1/user_wago/data/LJSpeech-1.1/wavs/LJ004-0031.wav,6.1720625,4.467532
/mnt/md1/user_wago/data/LJSpeech-1.1/wavs/LJ015-0026.wav,6.3345625,4.4822884
/mnt/md1/user_wago/data/LJSpeech-1.1/wavs/LJ043-0071.wav,2.8864375,4.7432995
/mnt/md1/user_wago/data/LJSpeech-1.1/wavs/LJ016-0445.wav,8.4824375,4.6285453
/mnt/md1/user_wago/data/LJSpeech-1.1/wavs/LJ049-0228.wav,6.1836875,4.564066
/mnt/md1/user_wago/data/LJSpeech-1.1/wavs/LJ016-0051.wav,1.6093125,4.280475
/mnt/md1/user_wago/data/LJSpeech-1.1/wavs/LJ038-0260.wav,6.973125,4.4753437
/mnt/md1/user_wago/data/LJSpeech-1.1/wavs/LJ006-0029.wav,5.9630625,4.610938
/mnt/md1/user_wago/data/LJSpeech-1.1/wavs/LJ016-0400.wav,6.311375,4.4387517
/mnt/md1/user_wago/data/LJSpeech-1.1/wavs/LJ009-0233.wav,8.0180625,4.548018
/mnt/md1/user_wago/data/LJSpeech-1.1/wavs/LJ035-0004.wav,7.542,4.621519
/mnt/md1/user_wago/data/LJSpeech-1.1/wavs/LJ042-0178.wav,9.2719375,4.7112675
/mnt/md1/user_wago/data/LJSpeech-1.1/wavs/LJ045-0044.wav,9.898875,4.5925303
/mnt/md1/user_wago/data/LJSpeech-1.1/wavs/LJ047-0176.wav,3.884875,4.6425056
/mnt/md1/user_wago/data/LJSpeech-1.1/wavs/LJ047-0057.wav,9.864,4.6056805
/mnt/md1/user_wago/data/LJSpeech-1.1/wavs/LJ015-0178.wav,8.633375,4.4139156
/mnt/md1/user_wago/data/LJSpeech-1.1/wavs/LJ016-0334.wav,6.114,4.6779933
/mnt/md1/user_wago/data/LJSpeech-1.1/wavs/LJ013-0121.wav,8.238625,4.554385
/mnt/md1/user_wago/data/LJSpeech-1.1/wavs/LJ007-0113.wav,7.3098125,4.662094
/mnt/md1/user_wago/data/LJSpeech-1.1/wavs/LJ043-0104.wav,2.3988125,4.714932
/mnt/md1/user_wago/data/LJSpeech-1.1/wavs/LJ012-0293.wav,8.8539375,4.629362
/mnt/md1/user_wago/data/LJSpeech-1.1/wavs/LJ036-0086.wav,4.0241875,4.741951
/mnt/md1/user_wago/data/LJSpeech-1.1/wavs/LJ034-0050.wav,4.6279375,4.7314625
/mnt/md1/user_wago/data/LJSpeech-1.1/wavs/LJ003-0126.wav,5.7889375,4.6477346
/mnt/md1/user_wago/data/LJSpeech-1.1/wavs/LJ044-0130.wav,9.51575,4.663825
/mnt/md1/user_wago/data/LJSpeech-1.1/wavs/LJ017-0129.wav,7.0311875,4.7924643
/mnt/md1/user_wago/data/LJSpeech-1.1/wavs/LJ042-0044.wav,10.09625,4.5699677
/mnt/md1/user_wago/data/LJSpeech-1.1/wavs/LJ040-0227.wav,3.594625,4.364212
/mnt/md1/user_wago/data/LJSpeech-1.1/wavs/LJ039-0122.wav,9.5273125,4.43474
/mnt/md1/user_wago/data/LJSpeech-1.1/wavs/LJ032-0190.wav,5.92825,4.6831503
/mnt/md1/user_wago/data/LJSpeech-1.1/wavs/LJ040-0019.wav,7.6116875,4.5098944
/mnt/md1/user_wago/data/LJSpeech-1.1/wavs/LJ019-0171.wav,3.884875,4.723485
/mnt/md1/user_wago/data/LJSpeech-1.1/wavs/LJ009-0267.wav,4.070625,4.5096145
/mnt/md1/user_wago/data/LJSpeech-1.1/wavs/LJ004-0032.wav,6.4739375,4.4801145
/mnt/md1/user_wago/data/LJSpeech-1.1/wavs/LJ038-0131.wav,4.5930625,4.4345293
/mnt/md1/user_wago/data/LJSpeech-1.1/wavs/LJ010-0188.wav,3.385625,4.2276874
/mnt/md1/user_wago/data/LJSpeech-1.1/wavs/LJ044-0021.wav,6.4623125,4.6464195
/mnt/md1/user_wago/data/LJSpeech-1.1/wavs/LJ047-0143.wav,8.2038125,4.609509
/mnt/md1/user_wago/data/LJSpeech-1.1/wavs/LJ049-0166.wav,8.2734375,4.643892
/mnt/md1/user_wago/data/LJSpeech-1.1/wavs/LJ023-0001.wav,7.182125,4.5593066
/mnt/md1/user_wago/data/LJSpeech-1.1/wavs/LJ018-0068.wav,8.505625,4.4772167
/mnt/md1/user_wago/data/LJSpeech-1.1/wavs/LJ015-0244.wav,7.3330625,4.5206957
/mnt/md1/user_wago/data/LJSpeech-1.1/wavs/LJ021-0195.wav,2.561375,4.4492135
/mnt/md1/user_wago/data/LJSpeech-1.1/wavs/LJ007-0088.wav,3.2115,4.6483912
/mnt/md1/user_wago/data/LJSpeech-1.1/wavs/LJ005-0156.wav,4.18675,4.219131
/mnt/md1/user_wago/data/LJSpeech-1.1/wavs/LJ030-0188.wav,1.946,4.68648
/mnt/md1/user_wago/data/LJSpeech-1.1/wavs/LJ035-0196.wav,2.9560625,4.3505487
/mnt/md1/user_wago/data/LJSpeech-1.1/wavs/LJ010-0189.wav,7.0079375,4.598995
/mnt/md1/user_wago/data/LJSpeech-1.1/wavs/LJ014-0182.wav,7.6929375,4.4186516
/mnt/md1/user_wago/data/LJSpeech-1.1/wavs/LJ004-0044.wav,6.1488125,4.3648453
/mnt/md1/user_wago/data/LJSpeech-1.1/wavs/LJ020-0063.wav,2.5265,4.5798035
/mnt/md1/user_wago/data/LJSpeech-1.1/wavs/LJ029-0003.wav,7.2981875,4.722789
/mnt/md1/user_wago/data/LJSpeech-1.1/wavs/LJ016-0319.wav,8.505625,4.6874022
/mnt/md1/user_wago/data/LJSpeech-1.1/wavs/LJ036-0084.wav,5.905,4.7029324
/mnt/md1/user_wago/data/LJSpeech-1.1/wavs/LJ040-0089.wav,9.504125,4.455325
/mnt/md1/user_wago/data/LJSpeech-1.1/wavs/LJ011-0162.wav,4.08225,4.6436033
/mnt/md1/user_wago/data/LJSpeech-1.1/wavs/LJ032-0137.wav,7.762625,4.762232
/mnt/md1/user_wago/data/LJSpeech-1.1/wavs/LJ024-0034.wav,3.29275,4.1394587
/mnt/md1/user_wago/data/LJSpeech-1.1/wavs/LJ014-0112.wav,5.3941875,4.7607484
/mnt/md1/user_wago/data/LJSpeech-1.1/wavs/LJ046-0248.wav,7.275,4.5924006
/mnt/md1/user_wago/data/LJSpeech-1.1/wavs/LJ038-0226.wav,3.8965,4.6589885
/mnt/md1/user_wago/data/LJSpeech-1.1/wavs/LJ013-0243.wav,4.3725,4.7990565
/mnt/md1/user_wago/data/LJSpeech-1.1/wavs/LJ018-0266.wav,8.319875,4.5377655
/mnt/md1/user_wago/data/LJSpeech-1.1/wavs/LJ031-0120.wav,2.5149375,4.7827306
/mnt/md1/user_wago/data/LJSpeech-1.1/wavs/LJ046-0091.wav,4.941375,4.7171426
/mnt/md1/user_wago/data/LJSpeech-1.1/wavs/LJ009-0016.wav,8.9700625,4.5195217
/mnt/md1/user_wago/data/LJSpeech-1.1/wavs/LJ029-0064.wav,7.4955625,4.617348
/mnt/md1/user_wago/data/LJSpeech-1.1/wavs/LJ043-0103.wav,10.0265625,4.629728
/mnt/md1/user_wago/data/LJSpeech-1.1/wavs/LJ010-0003.wav,7.3098125,4.751795
/mnt/md1/user_wago/data/LJSpeech-1.1/wavs/LJ004-0158.wav,6.7409375,4.114266
/mnt/md1/user_wago/data/LJSpeech-1.1/wavs/LJ008-0041.wav,8.25025,4.6070776
/mnt/md1/user_wago/data/LJSpeech-1.1/wavs/LJ003-0322.wav,5.34775,4.798214
/mnt/md1/user_wago/data/LJSpeech-1.1/wavs/LJ041-0183.wav,8.9816875,4.514425
/mnt/md1/user_wago/data/LJSpeech-1.1/wavs/LJ021-0120.wav,8.25025,4.649346
/mnt/md1/user_wago/data/LJSpeech-1.1/wavs/LJ006-0135.wav,9.0513125,4.3751764
/mnt/md1/user_wago/data/LJSpeech-1.1/wavs/LJ034-0056.wav,9.4344375,4.6457253
/mnt/md1/user_wago/data/LJSpeech-1.1/wavs/LJ003-0200.wav,3.432125,4.651463
/mnt/md1/user_wago/data/LJSpeech-1.1/wavs/LJ015-0099.wav,4.5234375,4.5542493
/mnt/md1/user_wago/data/LJSpeech-1.1/wavs/LJ028-0454.wav,3.014125,4.599641
/mnt/md1/user_wago/data/LJSpeech-1.1/wavs/LJ034-0107.wav,5.3245,4.643737
/mnt/md1/user_wago/data/LJSpeech-1.1/wavs/LJ010-0009.wav,8.5636875,4.6230097
/mnt/md1/user_wago/data/LJSpeech-1.1/wavs/LJ046-0057.wav,3.4553125,4.7906
/mnt/md1/user_wago/data/LJSpeech-1.1/wavs/LJ025-0044.wav,6.1604375,4.599723
/mnt/md1/user_wago/data/LJSpeech-1.1/wavs/LJ040-0134.wav,7.46075,4.2142086
/mnt/md1/user_wago/data/LJSpeech-1.1/wavs/LJ009-0093.wav,8.2850625,4.405099
/mnt/md1/user_wago/data/LJSpeech-1.1/wavs/LJ017-0271.wav,4.6046875,4.609253
/mnt/md1/user_wago/data/LJSpeech-1.1/wavs/LJ049-0206.wav,5.61475,4.6923685
/mnt/md1/user_wago/data/LJSpeech-1.1/wavs/LJ008-0026.wav,2.81675,4.4029093
/mnt/md1/user_wago/data/LJSpeech-1.1/wavs/LJ022-0107.wav,8.215375,4.5439267
/mnt/md1/user_wago/data/LJSpeech-1.1/wavs/LJ004-0179.wav,3.7571875,4.522183
/mnt/md1/user_wago/data/LJSpeech-1.1/wavs/LJ016-0130.wav,10.084625,4.6276608
/mnt/md1/user_wago/data/LJSpeech-1.1/wavs/LJ034-0176.wav,7.542,4.3881755
/mnt/md1/user_wago/data/LJSpeech-1.1/wavs/LJ011-0252.wav,4.8833125,4.571003
/mnt/md1/user_wago/data/LJSpeech-1.1/wavs/LJ016-0149.wav,7.2401875,4.644044
/mnt/md1/user_wago/data/LJSpeech-1.1/wavs/LJ009-0024.wav,6.6596875,4.3925405
/mnt/md1/user_wago/data/LJSpeech-1.1/wavs/LJ018-0027.wav,9.585375,4.528096
/mnt/md1/user_wago/data/LJSpeech-1.1/wavs/LJ040-0083.wav,6.77575,4.5146146
/mnt/md1/user_wago/data/LJSpeech-1.1/wavs/LJ026-0079.wav,8.0645,4.480423
/mnt/md1/user_wago/data/LJSpeech-1.1/wavs/LJ038-0050.wav,10.09625,4.5380898
/mnt/md1/user_wago/data/LJSpeech-1.1/wavs/LJ021-0206.wav,9.956875,4.4426866
/mnt/md1/user_wago/data/LJSpeech-1.1/wavs/LJ049-0143.wav,7.56525,4.603195
/mnt/md1/user_wago/data/LJSpeech-1.1/wavs/LJ008-0089.wav,9.5505625,4.476365
/mnt/md1/user_wago/data/LJSpeech-1.1/wavs/LJ024-0068.wav,1.76025,4.5693164
/mnt/md1/user_wago/data/LJSpeech-1.1/wavs/LJ018-0015.wav,5.9863125,4.3603964
/mnt/md1/user_wago/data/LJSpeech-1.1/wavs/LJ038-0042.wav,6.6480625,4.6548195
/mnt/md1/user_wago/data/LJSpeech-1.1/wavs/LJ004-0084.wav,7.2053125,4.417614
/mnt/md1/user_wago/data/LJSpeech-1.1/wavs/LJ016-0399.wav,9.1325625,4.6330323
/mnt/md1/user_wago/data/LJSpeech-1.1/wavs/LJ019-0364.wav,9.213875,4.530488
/mnt/md1/user_wago/data/LJSpeech-1.1/wavs/LJ028-0159.wav,6.3578125,4.51081
/mnt/md1/user_wago/data/LJSpeech-1.1/wavs/LJ020-0037.wav,8.5869375,4.4683714
/mnt/md1/user_wago/data/LJSpeech-1.1/wavs/LJ032-0268.wav,6.682875,4.61971
/mnt/md1/user_wago/data/LJSpeech-1.1/wavs/LJ019-0014.wav,6.520375,4.3436103
/mnt/md1/user_wago/data/LJSpeech-1.1/wavs/LJ016-0201.wav,5.55675,4.324438
/mnt/md1/user_wago/data/LJSpeech-1.1/wavs/LJ021-0166.wav,9.399625,4.189488
/mnt/md1/user_wago/data/LJSpeech-1.1/wavs/LJ034-0121.wav,6.9150625,4.6694045
/mnt/md1/user_wago/data/LJSpeech-1.1/wavs/LJ012-0073.wav,6.392625,4.70618
/mnt/md1/user_wago/data/LJSpeech-1.1/wavs/LJ012-0171.wav,5.3825625,4.3733315
/mnt/md1/user_wago/data/LJSpeech-1.1/wavs/LJ023-0041.wav,6.810625,4.241024
/mnt/md1/user_wago/data/LJSpeech-1.1/wavs/LJ014-0064.wav,8.633375,4.648795
/mnt/md1/user_wago/data/LJSpeech-1.1/wavs/LJ015-0209.wav,3.141875,4.570047
/mnt/md1/user_wago/data/LJSpeech-1.1/wavs/LJ030-0160.wav,6.59,4.706253
/mnt/md1/user_wago/data/LJSpeech-1.1/wavs/LJ032-0114.wav,9.388,4.6462464
/mnt/md1/user_wago/data/LJSpeech-1.1/wavs/LJ001-0158.wav,8.052875,4.533173
/mnt/md1/user_wago/data/LJSpeech-1.1/wavs/LJ010-0166.wav,7.077625,4.4424486
/mnt/md1/user_wago/data/LJSpeech-1.1/wavs/LJ031-0020.wav,1.3539375,4.5760517
/mnt/md1/user_wago/data/LJSpeech-1.1/wavs/LJ042-0127.wav,5.7540625,4.7172956
/mnt/md1/user_wago/data/LJSpeech-1.1/wavs/LJ024-0019.wav,1.7021875,4.2156777
/mnt/md1/user_wago/data/LJSpeech-1.1/wavs/LJ048-0189.wav,7.263375,4.5810127
/mnt/md1/user_wago/data/LJSpeech-1.1/wavs/LJ042-0222.wav,8.7843125,4.496181
/mnt/md1/user_wago/data/LJSpeech-1.1/wavs/LJ015-0181.wav,9.666625,4.311028
/mnt/md1/user_wago/data/LJSpeech-1.1/wavs/LJ041-0148.wav,9.028125,4.5737467
/mnt/md1/user_wago/data/LJSpeech-1.1/wavs/LJ005-0150.wav,5.92825,4.7211447
/mnt/md1/user_wago/data/LJSpeech-1.1/wavs/LJ002-0123.wav,5.5915625,4.6662416
/mnt/md1/user_wago/data/LJSpeech-1.1/wavs/LJ006-0015.wav,9.30675,4.5796714
/mnt/md1/user_wago/data/LJSpeech-1.1/wavs/LJ044-0139.wav,8.505625,4.4375815
/mnt/md1/user_wago/data/LJSpeech-1.1/wavs/LJ003-0234.wav,8.51725,4.484462
/mnt/md1/user_wago/data/LJSpeech-1.1/wavs/LJ045-0080.wav,7.6929375,4.47335
/mnt/md1/user_wago/data/LJSpeech-1.1/wavs/LJ017-0226.wav,6.0559375,4.6467395
/mnt/md1/user_wago/data/LJSpeech-1.1/wavs/LJ006-0216.wav,8.0645,4.6510797
/mnt/md1/user_wago/data/LJSpeech-1.1/wavs/LJ041-0028.wav,5.521875,4.721749
/mnt/md1/user_wago/data/LJSpeech-1.1/wavs/LJ031-0155.wav,4.8136875,4.749748
/mnt/md1/user_wago/data/LJSpeech-1.1/wavs/LJ011-0114.wav,6.973125,4.697807
/mnt/md1/user_wago/data/LJSpeech-1.1/wavs/LJ045-0194.wav,9.9336875,4.6034584
/mnt/md1/user_wago/data/LJSpeech-1.1/wavs/LJ034-0116.wav,9.190625,4.4373336
/mnt/md1/user_wago/data/LJSpeech-1.1/wavs/LJ004-0245.wav,9.585375,4.447459
/mnt/md1/user_wago/data/LJSpeech-1.1/wavs/LJ002-0328.wav,9.794375,4.41506
/mnt/md1/user_wago/data/LJSpeech-1.1/wavs/LJ043-0028.wav,9.109375,4.6236253
/mnt/md1/user_wago/data/LJSpeech-1.1/wavs/LJ014-0226.wav,4.546625,4.734611
/mnt/md1/user_wago/data/LJSpeech-1.1/wavs/LJ044-0120.wav,6.7641875,4.6375766
/mnt/md1/user_wago/data/LJSpeech-1.1/wavs/LJ049-0152.wav,8.9816875,4.650072
/mnt/md1/user_wago/data/LJSpeech-1.1/wavs/LJ047-0226.wav,5.0575,4.535335
/mnt/md1/user_wago/data/LJSpeech-1.1/wavs/LJ049-0055.wav,2.2595,4.44026
/mnt/md1/user_wago/data/LJSpeech-1.1/wavs/LJ017-0268.wav,9.109375,4.5680075
/mnt/md1/user_wago/data/LJSpeech-1.1/wavs/LJ007-0196.wav,2.851625,4.7238374
/mnt/md1/user_wago/data/LJSpeech-1.1/wavs/LJ006-0204.wav,8.703,4.466805
/mnt/md1/user_wago/data/LJSpeech-1.1/wavs/LJ018-0019.wav,2.9560625,4.2156277
/mnt/md1/user_wago/data/LJSpeech-1.1/wavs/LJ038-0245.wav,2.7819375,4.6604075
/mnt/md1/user_wago/data/LJSpeech-1.1/wavs/LJ012-0038.wav,5.5335,4.5578303
/mnt/md1/user_wago/data/LJSpeech-1.1/wavs/LJ016-0018.wav,6.868625,4.588167
/mnt/md1/user_wago/data/LJSpeech-1.1/wavs/LJ013-0084.wav,8.35475,4.672905
/mnt/md1/user_wago/data/LJSpeech-1.1/wavs/LJ003-0128.wav,9.3299375,4.614452
/mnt/md1/user_wago/data/LJSpeech-1.1/wavs/LJ033-0203.wav,5.22,4.5139766
/mnt/md1/user_wago/data/LJSpeech-1.1/wavs/LJ032-0080.wav,8.1225,4.489377
/mnt/md1/user_wago/data/LJSpeech-1.1/wavs/LJ036-0055.wav,8.912,4.5357094
/mnt/md1/user_wago/data/LJSpeech-1.1/wavs/LJ032-0189.wav,7.7045625,4.7282043
/mnt/md1/user_wago/data/LJSpeech-1.1/wavs/LJ041-0006.wav,6.3694375,4.697722
/mnt/md1/user_wago/data/LJSpeech-1.1/wavs/LJ015-0008.wav,6.1604375,4.6304793
/mnt/md1/user_wago/data/LJSpeech-1.1/wavs/LJ018-0246.wav,8.4824375,4.571973
/mnt/md1/user_wago/data/LJSpeech-1.1/wavs/LJ005-0136.wav,3.4785625,4.724187
/mnt/md1/user_wago/data/LJSpeech-1.1/wavs/LJ011-0139.wav,7.5304375,4.611196
/mnt/md1/user_wago/data/LJSpeech-1.1/wavs/LJ021-0041.wav,5.71925,4.4851527
/mnt/md1/user_wago/data/LJSpeech-1.1/wavs/LJ025-0085.wav,4.9298125,4.713648
/mnt/md1/user_wago/data/LJSpeech-1.1/wavs/LJ009-0250.wav,4.953,4.665481
/mnt/md1/user_wago/data/LJSpeech-1.1/wavs/LJ002-0109.wav,3.6526875,4.4431815
/mnt/md1/user_wago/data/LJSpeech-1.1/wavs/LJ014-0009.wav,2.4104375,4.7604623
/mnt/md1/user_wago/data/LJSpeech-1.1/wavs/LJ047-0189.wav,7.658125,4.4073896
/mnt/md1/user_wago/data/LJSpeech-1.1/wavs/LJ038-0124.wav,2.364,4.6708837
/mnt/md1/user_wago/data/LJSpeech-1.1/wavs/LJ003-0337.wav,9.980125,4.6643906
/mnt/md1/user_wago/data/LJSpeech-1.1/wavs/LJ050-0270.wav,7.0079375,4.666709
/mnt/md1/user_wago/data/LJSpeech-1.1/wavs/LJ009-0254.wav,6.0095,4.4597497
/mnt/md1/user_wago/data/LJSpeech-1.1/wavs/LJ050-0099.wav,9.004875,4.7372723
/mnt/md1/user_wago/data/LJSpeech-1.1/wavs/LJ022-0028.wav,4.3028125,4.7578144
/mnt/md1/user_wago/data/LJSpeech-1.1/wavs/LJ019-0083.wav,5.6844375,4.607346
/mnt/md1/user_wago/data/LJSpeech-1.1/wavs/LJ005-0042.wav,7.2169375,4.5587883
/mnt/md1/user_wago/data/LJSpeech-1.1/wavs/LJ032-0155.wav,1.4119375,4.739359
/mnt/md1/user_wago/data/LJSpeech-1.1/wavs/LJ015-0267.wav,9.597,4.590144
/mnt/md1/user_wago/data/LJSpeech-1.1/wavs/LJ011-0021.wav,3.490125,4.3576827
/mnt/md1/user_wago/data/LJSpeech-1.1/wavs/LJ046-0096.wav,7.286625,4.5728707
/mnt/md1/user_wago/data/LJSpeech-1.1/wavs/LJ021-0044.wav,8.04125,4.5260653
/mnt/md1/user_wago/data/LJSpeech-1.1/wavs/LJ010-0151.wav,8.5869375,4.630545
/mnt/md1/user_wago/data/LJSpeech-1.1/wavs/LJ001-0108.wav,5.7889375,4.4296374
/mnt/md1/user_wago/data/LJSpeech-1.1/wavs/LJ019-0173.wav,4.9878125,4.673318
/mnt/md1/user_wago/data/LJSpeech-1.1/wavs/LJ031-0099.wav,9.5621875,4.6318545
/mnt/md1/user_wago/data/LJSpeech-1.1/wavs/LJ002-0158.wav,9.30675,4.6387177
/mnt/md1/user_wago/data/LJSpeech-1.1/wavs/LJ027-0073.wav,2.9793125,4.69369
/mnt/md1/user_wago/data/LJSpeech-1.1/wavs/LJ025-0114.wav,9.8291875,4.5187798
/mnt/md1/user_wago/data/LJSpeech-1.1/wavs/LJ043-0156.wav,3.884875,4.5291953
/mnt/md1/user_wago/data/LJSpeech-1.1/wavs/LJ028-0044.wav,6.206875,4.741561
/mnt/md1/user_wago/data/LJSpeech-1.1/wavs/LJ029-0081.wav,10.073,4.7384615
/mnt/md1/user_wago/data/LJSpeech-1.1/wavs/LJ001-0091.wav,6.6596875,4.593212
/mnt/md1/user_wago/data/LJSpeech-1.1/wavs/LJ001-0026.wav,6.09075,4.193469
/mnt/md1/user_wago/data/LJSpeech-1.1/wavs/LJ003-0260.wav,6.6364375,4.65808
/mnt/md1/user_wago/data/LJSpeech-1.1/wavs/LJ022-0010.wav,5.8585625,4.7374234
/mnt/md1/user_wago/data/LJSpeech-1.1/wavs/LJ036-0074.wav,4.4189375,4.643917
/mnt/md1/user_wago/data/LJSpeech-1.1/wavs/LJ029-0004.wav,5.069125,4.7059364
/mnt/md1/user_wago/data/LJSpeech-1.1/wavs/LJ022-0021.wav,4.3028125,4.6548448
/mnt/md1/user_wago/data/LJSpeech-1.1/wavs/LJ015-0187.wav,7.56525,4.116129
/mnt/md1/user_wago/data/LJSpeech-1.1/wavs/LJ024-0105.wav,7.0079375,4.081899
/mnt/md1/user_wago/data/LJSpeech-1.1/wavs/LJ010-0169.wav,2.851625,4.7320375
/mnt/md1/user_wago/data/LJSpeech-1.1/wavs/LJ032-0162.wav,8.5753125,4.6140833
/mnt/md1/user_wago/data/LJSpeech-1.1/wavs/LJ043-0108.wav,9.67825,4.706096
/mnt/md1/user_wago/data/LJSpeech-1.1/wavs/LJ015-0232.wav,4.7091875,4.71967
/mnt/md1/user_wago/data/LJSpeech-1.1/wavs/LJ018-0108.wav,5.8934375,4.5039754
/mnt/md1/user_wago/data/LJSpeech-1.1/wavs/LJ046-0111.wav,6.7525625,4.6510544
/mnt/md1/user_wago/data/LJSpeech-1.1/wavs/LJ028-0339.wav,4.778875,4.4265156
/mnt/md1/user_wago/data/LJSpeech-1.1/wavs/LJ041-0085.wav,5.8701875,4.444198
/mnt/md1/user_wago/data/LJSpeech-1.1/wavs/LJ017-0009.wav,6.206875,4.797182
/mnt/md1/user_wago/data/LJSpeech-1.1/wavs/LJ007-0069.wav,3.2579375,4.5927014
/mnt/md1/user_wago/data/LJSpeech-1.1/wavs/LJ041-0020.wav,5.8701875,4.546458
/mnt/md1/user_wago/data/LJSpeech-1.1/wavs/LJ010-0084.wav,6.4623125,4.6375318
/mnt/md1/user_wago/data/LJSpeech-1.1/wavs/LJ050-0007.wav,5.2780625,4.780958
/mnt/md1/user_wago/data/LJSpeech-1.1/wavs/LJ027-0126.wav,2.7586875,4.344075
/mnt/md1/user_wago/data/LJSpeech-1.1/wavs/LJ024-0005.wav,6.810625,4.4569764
/mnt/md1/user_wago/data/LJSpeech-1.1/wavs/LJ038-0104.wav,8.6914375,4.470318
/mnt/md1/user_wago/data/LJSpeech-1.1/wavs/LJ026-0103.wav,5.150375,4.5808897
/mnt/md1/user_wago/data/LJSpeech-1.1/wavs/LJ017-0198.wav,4.686,4.8226743
/mnt/md1/user_wago/data/LJSpeech-1.1/wavs/LJ013-0012.wav,8.1109375,4.6637197
/mnt/md1/user_wago/data/LJSpeech-1.1/wavs/LJ002-0220.wav,8.0876875,4.535594
/mnt/md1/user_wago/data/LJSpeech-1.1/wavs/LJ012-0216.wav,3.385625,4.785843
/mnt/md1/user_wago/data/LJSpeech-1.1/wavs/LJ018-0219.wav,8.93525,4.496258
/mnt/md1/user_wago/data/LJSpeech-1.1/wavs/LJ012-0152.wav,4.360875,4.572722
/mnt/md1/user_wago/data/LJSpeech-1.1/wavs/LJ014-0054.wav,7.681375,4.608768
/mnt/md1/user_wago/data/LJSpeech-1.1/wavs/LJ025-0070.wav,4.9065625,4.6531267
/mnt/md1/user_wago/data/LJSpeech-1.1/wavs/LJ038-0261.wav,5.1968125,4.5655837
/mnt/md1/user_wago/data/LJSpeech-1.1/wavs/LJ048-0254.wav,7.182125,4.6190853
/mnt/md1/user_wago/data/LJSpeech-1.1/wavs/LJ012-0032.wav,9.388,4.5746374
/mnt/md1/user_wago/data/LJSpeech-1.1/wavs/LJ006-0182.wav,2.631,4.682657
/mnt/md1/user_wago/data/LJSpeech-1.1/wavs/LJ005-0031.wav,6.323,4.651196
/mnt/md1/user_wago/data/LJSpeech-1.1/wavs/LJ006-0183.wav,8.215375,4.6002855
/mnt/md1/user_wago/data/LJSpeech-1.1/wavs/LJ014-0256.wav,4.279625,4.635051
/mnt/md1/user_wago/data/LJSpeech-1.1/wavs/LJ045-0130.wav,9.1674375,4.4343534
/mnt/md1/user_wago/data/LJSpeech-1.1/wavs/LJ025-0161.wav,7.3330625,4.739101
/mnt/md1/user_wago/data/LJSpeech-1.1/wavs/LJ038-0223.wav,5.8005,4.789707
/mnt/md1/user_wago/data/LJSpeech-1.1/wavs/LJ020-0023.wav,9.88725,4.527379
/mnt/md1/user_wago/data/LJSpeech-1.1/wavs/LJ038-0169.wav,8.99325,4.667491
/mnt/md1/user_wago/data/LJSpeech-1.1/wavs/LJ035-0025.wav,4.836875,4.212898
/mnt/md1/user_wago/data/LJSpeech-1.1/wavs/LJ015-0239.wav,7.56525,4.6097436
/mnt/md1/user_wago/data/LJSpeech-1.1/wavs/LJ016-0409.wav,3.4553125,4.5887203
/mnt/md1/user_wago/data/LJSpeech-1.1/wavs/LJ002-0130.wav,7.658125,4.6707253
/mnt/md1/user_wago/data/LJSpeech-1.1/wavs/LJ039-0222.wav,3.7571875,4.485997
/mnt/md1/user_wago/data/LJSpeech-1.1/wavs/LJ024-0063.wav,9.41125,4.172268
/mnt/md1/user_wago/data/LJSpeech-1.1/wavs/LJ046-0002.wav,7.6233125,4.526454
/mnt/md1/user_wago/data/LJSpeech-1.1/wavs/LJ018-0355.wav,6.4739375,4.741953
/mnt/md1/user_wago/data/LJSpeech-1.1/wavs/LJ042-0231.wav,4.1635,4.4406433
/mnt/md1/user_wago/data/LJSpeech-1.1/wavs/LJ019-0361.wav,9.004875,4.6006975
/mnt/md1/user_wago/data/LJSpeech-1.1/wavs/LJ017-0121.wav,6.8221875,4.816348
/mnt/md1/user_wago/data/LJSpeech-1.1/wavs/LJ006-0024.wav,4.97625,4.3296804
/mnt/md1/user_wago/data/LJSpeech-1.1/wavs/LJ018-0138.wav,8.7726875,4.5832434
/mnt/md1/user_wago/data/LJSpeech-1.1/wavs/LJ028-0165.wav,7.3795,4.318943
/mnt/md1/user_wago/data/LJSpeech-1.1/wavs/LJ043-0027.wav,9.7595625,4.549878
/mnt/md1/user_wago/data/LJSpeech-1.1/wavs/LJ010-0164.wav,6.125625,4.687426
/mnt/md1/user_wago/data/LJSpeech-1.1/wavs/LJ015-0274.wav,3.2811875,4.501673
/mnt/md1/user_wago/data/LJSpeech-1.1/wavs/LJ004-0082.wav,9.0629375,4.3964596
/mnt/md1/user_wago/data/LJSpeech-1.1/wavs/LJ009-0142.wav,6.03275,4.3352184
/mnt/md1/user_wago/data/LJSpeech-1.1/wavs/LJ013-0213.wav,2.81675,4.4285216
/mnt/md1/user_wago/data/LJSpeech-1.1/wavs/LJ047-0068.wav,8.6914375,4.61673
/mnt/md1/user_wago/data/LJSpeech-1.1/wavs/LJ042-0112.wav,7.1473125,4.203389
/mnt/md1/user_wago/data/LJSpeech-1.1/wavs/LJ050-0185.wav,7.658125,4.531719
/mnt/md1/user_wago/data/LJSpeech-1.1/wavs/LJ049-0170.wav,7.7045625,4.6914577
/mnt/md1/user_wago/data/LJSpeech-1.1/wavs/LJ037-0147.wav,9.8524375,4.7135305
/mnt/md1/user_wago/data/LJSpeech-1.1/wavs/LJ002-0308.wav,9.388,4.4732504
/mnt/md1/user_wago/data/LJSpeech-1.1/wavs/LJ029-0048.wav,2.7355,4.76593
/mnt/md1/user_wago/data/LJSpeech-1.1/wavs/LJ019-0098.wav,8.1225,4.598079
/mnt/md1/user_wago/data/LJSpeech-1.1/wavs/LJ039-0198.wav,3.8965,4.705325
/mnt/md1/user_wago/data/LJSpeech-1.1/wavs/LJ028-0509.wav,7.2169375,4.6561174
/mnt/md1/user_wago/data/LJSpeech-1.1/wavs/LJ004-0015.wav,6.5319375,4.617951
/mnt/md1/user_wago/data/LJSpeech-1.1/wavs/LJ036-0160.wav,6.0675625,4.520815
/mnt/md1/user_wago/data/LJSpeech-1.1/wavs/LJ002-0092.wav,4.8485,4.69971
/mnt/md1/user_wago/data/LJSpeech-1.1/wavs/LJ044-0098.wav,8.912,4.605791
/mnt/md1/user_wago/data/LJSpeech-1.1/wavs/LJ016-0265.wav,7.182125,4.759244
/mnt/md1/user_wago/data/LJSpeech-1.1/wavs/LJ045-0184.wav,3.2811875,4.6075916
/mnt/md1/user_wago/data/LJSpeech-1.1/wavs/LJ008-0131.wav,2.34075,4.6536655
/mnt/md1/user_wago/data/LJSpeech-1.1/wavs/LJ014-0333.wav,8.819125,4.486303
/mnt/md1/user_wago/data/LJSpeech-1.1/wavs/LJ023-0044.wav,8.99325,4.458161
/mnt/md1/user_wago/data/LJSpeech-1.1/wavs/LJ010-0182.wav,1.3423125,4.685775
/mnt/md1/user_wago/data/LJSpeech-1.1/wavs/LJ006-0249.wav,7.7974375,4.7000327
/mnt/md1/user_wago/data/LJSpeech-1.1/wavs/LJ003-0166.wav,6.6480625,4.640685
/mnt/md1/user_wago/data/LJSpeech-1.1/wavs/LJ017-0199.wav,3.87325,4.707239
/mnt/md1/user_wago/data/LJSpeech-1.1/wavs/LJ018-0231.wav,3.5365625,4.608853
/mnt/md1/user_wago/data/LJSpeech-1.1/wavs/LJ034-0132.wav,4.384125,4.6794515
/mnt/md1/user_wago/data/LJSpeech-1.1/wavs/LJ025-0076.wav,8.2966875,4.670643
/mnt/md1/user_wago/data/LJSpeech-1.1/wavs/LJ031-0062.wav,2.5149375,4.747204
/mnt/md1/user_wago/data/LJSpeech-1.1/wavs/LJ002-0262.wav,6.973125,4.4086547
/mnt/md1/user_wago/data/LJSpeech-1.1/wavs/LJ021-0161.wav,3.23475,4.400801
/mnt/md1/user_wago/data/LJSpeech-1.1/wavs/LJ036-0134.wav,6.13725,4.4662333
/mnt/md1/user_wago/data/LJSpeech-1.1/wavs/LJ026-0157.wav,8.6565625,4.5809593
/mnt/md1/user_wago/data/LJSpeech-1.1/wavs/LJ040-0194.wav,4.8833125,4.2970605
/mnt/md1/user_wago/data/LJSpeech-1.1/wavs/LJ049-0041.wav,9.5389375,4.4516745
/mnt/md1/user_wago/data/LJSpeech-1.1/wavs/LJ013-0151.wav,10.084625,4.340413
/mnt/md1/user_wago/data/LJSpeech-1.1/wavs/LJ007-0089.wav,7.6465,4.6179714
/mnt/md1/user_wago/data/LJSpeech-1.1/wavs/LJ037-0266.wav,9.213875,4.7031345
/mnt/md1/user_wago/data/LJSpeech-1.1/wavs/LJ048-0141.wav,5.847,4.5242076
/mnt/md1/user_wago/data/LJSpeech-1.1/wavs/LJ026-0142.wav,9.1441875,4.492462
/mnt/md1/user_wago/data/LJSpeech-1.1/wavs/LJ013-0171.wav,5.8701875,4.606922
/mnt/md1/user_wago/data/LJSpeech-1.1/wavs/LJ030-0146.wav,7.8786875,4.7091627
/mnt/md1/user_wago/data/LJSpeech-1.1/wavs/LJ039-0128.wav,9.57375,4.227972
/mnt/md1/user_wago/data/LJSpeech-1.1/wavs/LJ020-0078.wav,8.238625,4.464074
/mnt/md1/user_wago/data/LJSpeech-1.1/wavs/LJ028-0460.wav,6.13725,4.6368604
/mnt/md1/user_wago/data/LJSpeech-1.1/wavs/LJ015-0132.wav,9.4925,3.9132907
/mnt/md1/user_wago/data/LJSpeech-1.1/wavs/LJ035-0005.wav,5.45225,4.6131477
/mnt/md1/user_wago/data/LJSpeech-1.1/wavs/LJ044-0128.wav,6.1720625,4.4645486
/mnt/md1/user_wago/data/LJSpeech-1.1/wavs/LJ028-0267.wav,3.8384375,4.577997
/mnt/md1/user_wago/data/LJSpeech-1.1/wavs/LJ015-0153.wav,8.610125,4.5912156
/mnt/md1/user_wago/data/LJSpeech-1.1/wavs/LJ046-0222.wav,8.703,4.33927
/mnt/md1/user_wago/data/LJSpeech-1.1/wavs/LJ003-0131.wav,4.97625,4.3884087
/mnt/md1/user_wago/data/LJSpeech-1.1/wavs/LJ045-0071.wav,5.730875,4.6493826
/mnt/md1/user_wago/data/LJSpeech-1.1/wavs/LJ028-0015.wav,8.238625,4.5929832
/mnt/md1/user_wago/data/LJSpeech-1.1/wavs/LJ046-0087.wav,7.7858125,4.5732613
/mnt/md1/user_wago/data/LJSpeech-1.1/wavs/LJ048-0067.wav,5.2084375,4.7934303
/mnt/md1/user_wago/data/LJSpeech-1.1/wavs/LJ019-0118.wav,6.3694375,4.3069677
/mnt/md1/user_wago/data/LJSpeech-1.1/wavs/LJ026-0061.wav,8.6565625,4.624151
/mnt/md1/user_wago/data/LJSpeech-1.1/wavs/LJ029-0202.wav,9.4925,4.6680684
/mnt/md1/user_wago/data/LJSpeech-1.1/wavs/LJ043-0089.wav,9.1558125,4.634541
/mnt/md1/user_wago/data/LJSpeech-1.1/wavs/LJ028-0016.wav,5.626375,4.6176333
/mnt/md1/user_wago/data/LJSpeech-1.1/wavs/LJ018-0244.wav,8.261875,4.7041698
/mnt/md1/user_wago/data/LJSpeech-1.1/wavs/LJ018-0210.wav,5.626375,4.6906633
/mnt/md1/user_wago/data/LJSpeech-1.1/wavs/LJ016-0038.wav,7.77425,4.618855
/mnt/md1/user_wago/data/LJSpeech-1.1/wavs/LJ049-0224.wav,3.2115,4.647423
/mnt/md1/user_wago/data/LJSpeech-1.1/wavs/LJ021-0027.wav,5.5915625,4.3901696
/mnt/md1/user_wago/data/LJSpeech-1.1/wavs/LJ039-0002.wav,4.1635,4.609692
/mnt/md1/user_wago/data/LJSpeech-1.1/wavs/LJ042-0115.wav,6.6596875,4.6909847
/mnt/md1/user_wago/data/LJSpeech-1.1/wavs/LJ016-0386.wav,8.0760625,4.5036125
/mnt/md1/user_wago/data/LJSpeech-1.1/wavs/LJ038-0067.wav,6.50875,4.6523438
/mnt/md1/user_wago/data/LJSpeech-1.1/wavs/LJ001-0127.wav,9.689875,4.483553
/mnt/md1/user_wago/data/LJSpeech-1.1/wavs/LJ005-0195.wav,3.5714375,4.558937
/mnt/md1/user_wago/data/LJSpeech-1.1/wavs/LJ021-0017.wav,4.0590625,4.621483
/mnt/md1/user_wago/data/LJSpeech-1.1/wavs/LJ010-0147.wav,9.2719375,4.5545173
/mnt/md1/user_wago/data/LJSpeech-1.1/wavs/LJ032-0229.wav,2.747125,4.6734023
/mnt/md1/user_wago/data/LJSpeech-1.1/wavs/LJ045-0212.wav,2.7006875,4.631495
/mnt/md1/user_wago/data/LJSpeech-1.1/wavs/LJ019-0337.wav,10.0033125,4.56882
/mnt/md1/user_wago/data/LJSpeech-1.1/wavs/LJ009-0138.wav,4.0125625,4.7464666
/mnt/md1/user_wago/data/LJSpeech-1.1/wavs/LJ010-0282.wav,9.666625,4.4234824
/mnt/md1/user_wago/data/LJSpeech-1.1/wavs/LJ040-0145.wav,9.6434375,4.482747
/mnt/md1/user_wago/data/LJSpeech-1.1/wavs/LJ028-0254.wav,7.6349375,4.51565
/mnt/md1/user_wago/data/LJSpeech-1.1/wavs/LJ025-0008.wav,2.642625,4.678688
/mnt/md1/user_wago/data/LJSpeech-1.1/wavs/LJ021-0200.wav,8.703,4.170745
/mnt/md1/user_wago/data/LJSpeech-1.1/wavs/LJ014-0186.wav,1.458375,3.9819934
/mnt/md1/user_wago/data/LJSpeech-1.1/wavs/LJ038-0218.wav,6.1836875,4.7744784
/mnt/md1/user_wago/data/LJSpeech-1.1/wavs/LJ006-0307.wav,5.22,4.6249166
/mnt/md1/user_wago/data/LJSpeech-1.1/wavs/LJ050-0030.wav,1.9228125,4.712856
/mnt/md1/user_wago/data/LJSpeech-1.1/wavs/LJ037-0216.wav,8.0993125,4.6534815
/mnt/md1/user_wago/data/LJSpeech-1.1/wavs/LJ024-0026.wav,6.5319375,3.9929185
/mnt/md1/user_wago/data/LJSpeech-1.1/wavs/LJ019-0262.wav,7.1240625,4.447665
/mnt/md1/user_wago/data/LJSpeech-1.1/wavs/LJ001-0180.wav,7.158875,4.534951
/mnt/md1/user_wago/data/LJSpeech-1.1/wavs/LJ018-0094.wav,6.03275,4.6028867
/mnt/md1/user_wago/data/LJSpeech-1.1/wavs/LJ030-0196.wav,7.751,4.53029
/mnt/md1/user_wago/data/LJSpeech-1.1/wavs/LJ032-0222.wav,6.6248125,4.6212993
/mnt/md1/user_wago/data/LJSpeech-1.1/wavs/LJ030-0179.wav,4.1519375,4.6587005
/mnt/md1/user_wago/data/LJSpeech-1.1/wavs/LJ042-0142.wav,8.7494375,4.4900365
/mnt/md1/user_wago/data/LJSpeech-1.1/wavs/LJ046-0215.wav,5.847,4.5113707
/mnt/md1/user_wago/data/LJSpeech-1.1/wavs/LJ041-0163.wav,9.086125,4.3852005
/mnt/md1/user_wago/data/LJSpeech-1.1/wavs/LJ029-0065.wav,5.22,4.6929784
/mnt/md1/user_wago/data/LJSpeech-1.1/wavs/LJ048-0207.wav,7.6116875,4.549216
/mnt/md1/user_wago/data/LJSpeech-1.1/wavs/LJ005-0095.wav,6.7176875,4.5295553
/mnt/md1/user_wago/data/LJSpeech-1.1/wavs/LJ040-0169.wav,6.77575,4.563459
/mnt/md1/user_wago/data/LJSpeech-1.1/wavs/LJ008-0140.wav,6.891875,4.612716
/mnt/md1/user_wago/data/LJSpeech-1.1/wavs/LJ019-0105.wav,3.432125,4.5796757
/mnt/md1/user_wago/data/LJSpeech-1.1/wavs/LJ027-0041.wav,9.41125,4.461913
/mnt/md1/user_wago/data/LJSpeech-1.1/wavs/LJ001-0033.wav,6.88025,4.3531303
/mnt/md1/user_wago/data/LJSpeech-1.1/wavs/LJ011-0165.wav,5.1851875,4.480875
/mnt/md1/user_wago/data/LJSpeech-1.1/wavs/LJ011-0037.wav,7.449125,4.5785165
/mnt/md1/user_wago/data/LJSpeech-1.1/wavs/LJ037-0104.wav,9.121,4.6588535
/mnt/md1/user_wago/data/LJSpeech-1.1/wavs/LJ018-0024.wav,6.2185,4.6603756
/mnt/md1/user_wago/data/LJSpeech-1.1/wavs/LJ004-0223.wav,6.09075,4.4150515
/mnt/md1/user_wago/data/LJSpeech-1.1/wavs/LJ032-0125.wav,9.5389375,4.6720996
/mnt/md1/user_wago/data/LJSpeech-1.1/wavs/LJ017-0156.wav,3.0025,4.854692
/mnt/md1/user_wago/data/LJSpeech-1.1/wavs/LJ029-0118.wav,4.941375,4.633175
/mnt/md1/user_wago/data/LJSpeech-1.1/wavs/LJ019-0388.wav,8.9816875,4.585203
/mnt/md1/user_wago/data/LJSpeech-1.1/wavs/LJ018-0062.wav,2.9560625,4.732476
/mnt/md1/user_wago/data/LJSpeech-1.1/wavs/LJ010-0087.wav,6.996375,4.7122393
/mnt/md1/user_wago/data/LJSpeech-1.1/wavs/LJ040-0131.wav,6.7293125,3.9963553
/mnt/md1/user_wago/data/LJSpeech-1.1/wavs/LJ004-0008.wav,2.352375,4.5496254
/mnt/md1/user_wago/data/LJSpeech-1.1/wavs/LJ016-0397.wav,8.436,4.673602
/mnt/md1/user_wago/data/LJSpeech-1.1/wavs/LJ036-0190.wav,6.0675625,4.737115
/mnt/md1/user_wago/data/LJSpeech-1.1/wavs/LJ016-0174.wav,2.038875,4.7703757
/mnt/md1/user_wago/data/LJSpeech-1.1/wavs/LJ003-0222.wav,6.288125,4.7483664
/mnt/md1/user_wago/data/LJSpeech-1.1/wavs/LJ028-0013.wav,4.279625,4.6219244
/mnt/md1/user_wago/data/LJSpeech-1.1/wavs/LJ030-0074.wav,7.9948125,4.724221
/mnt/md1/user_wago/data/LJSpeech-1.1/wavs/LJ002-0211.wav,8.9468125,4.5805063
/mnt/md1/user_wago/data/LJSpeech-1.1/wavs/LJ025-0092.wav,7.0544375,4.6610622
/mnt/md1/user_wago/data/LJSpeech-1.1/wavs/LJ036-0113.wav,2.65425,4.5717072
/mnt/md1/user_wago/data/LJSpeech-1.1/wavs/LJ007-0179.wav,4.8949375,4.752094
/mnt/md1/user_wago/data/LJSpeech-1.1/wavs/LJ038-0238.wav,8.1921875,4.7076874
/mnt/md1/user_wago/data/LJSpeech-1.1/wavs/LJ016-0254.wav,5.6960625,4.6298437
/mnt/md1/user_wago/data/LJSpeech-1.1/wavs/LJ048-0145.wav,4.5350625,4.6061583
/mnt/md1/user_wago/data/LJSpeech-1.1/wavs/LJ044-0047.wav,8.134125,4.409644
/mnt/md1/user_wago/data/LJSpeech-1.1/wavs/LJ002-0034.wav,8.900375,4.4149666
/mnt/md1/user_wago/data/LJSpeech-1.1/wavs/LJ019-0387.wav,6.125625,4.731398
/mnt/md1/user_wago/data/LJSpeech-1.1/wavs/LJ018-0332.wav,3.327625,4.716227
/mnt/md1/user_wago/data/LJSpeech-1.1/wavs/LJ031-0068.wav,2.538125,4.8261156
/mnt/md1/user_wago/data/LJSpeech-1.1/wavs/LJ014-0254.wav,2.3059375,4.5593176
/mnt/md1/user_wago/data/LJSpeech-1.1/wavs/LJ012-0055.wav,3.675875,4.7035
/mnt/md1/user_wago/data/LJSpeech-1.1/wavs/LJ009-0212.wav,6.9035,4.598419
/mnt/md1/user_wago/data/LJSpeech-1.1/wavs/LJ044-0190.wav,4.76725,4.6757345
/mnt/md1/user_wago/data/LJSpeech-1.1/wavs/LJ021-0075.wav,9.0165,4.3870125
/mnt/md1/user_wago/data/LJSpeech-1.1/wavs/LJ046-0172.wav,6.6945,4.6133513
/mnt/md1/user_wago/data/LJSpeech-1.1/wavs/LJ017-0037.wav,9.086125,4.627565
/mnt/md1/user_wago/data/LJSpeech-1.1/wavs/LJ036-0209.wav,5.13875,4.7549405
/mnt/md1/user_wago/data/LJSpeech-1.1/wavs/LJ048-0060.wav,1.771875,4.602332
/mnt/md1/user_wago/data/LJSpeech-1.1/wavs/LJ009-0120.wav,7.93675,4.5558414
/mnt/md1/user_wago/data/LJSpeech-1.1/wavs/LJ003-0095.wav,9.689875,4.3230777
/mnt/md1/user_wago/data/LJSpeech-1.1/wavs/LJ031-0025.wav,8.8539375,4.628839
/mnt/md1/user_wago/data/LJSpeech-1.1/wavs/LJ046-0031.wav,9.376375,4.6210327
/mnt/md1/user_wago/data/LJSpeech-1.1/wavs/LJ016-0106.wav,7.751,4.572002
/mnt/md1/user_wago/data/LJSpeech-1.1/wavs/LJ002-0091.wav,6.102375,4.7224007
/mnt/md1/user_wago/data/LJSpeech-1.1/wavs/LJ018-0256.wav,4.686,4.753435
/mnt/md1/user_wago/data/LJSpeech-1.1/wavs/LJ014-0192.wav,8.1225,4.4949484
/mnt/md1/user_wago/data/LJSpeech-1.1/wavs/LJ033-0202.wav,9.5621875,4.562971
/mnt/md1/user_wago/data/LJSpeech-1.1/wavs/LJ042-0030.wav,9.480875,4.6216173
/mnt/md1/user_wago/data/LJSpeech-1.1/wavs/LJ014-0219.wav,9.086125,4.58806
/mnt/md1/user_wago/data/LJSpeech-1.1/wavs/LJ039-0232.wav,9.2486875,4.4595566
/mnt/md1/user_wago/data/LJSpeech-1.1/wavs/LJ046-0128.wav,7.751,4.6325464
/mnt/md1/user_wago/data/LJSpeech-1.1/wavs/LJ024-0057.wav,4.8949375,4.454802
/mnt/md1/user_wago/data/LJSpeech-1.1/wavs/LJ034-0198.wav,8.5636875,4.7127295
/mnt/md1/user_wago/data/LJSpeech-1.1/wavs/LJ009-0177.wav,6.125625,4.35813
/mnt/md1/user_wago/data/LJSpeech-1.1/wavs/LJ050-0159.wav,5.0806875,4.774119
/mnt/md1/user_wago/data/LJSpeech-1.1/wavs/LJ018-0170.wav,7.7161875,4.5761147
/mnt/md1/user_wago/data/LJSpeech-1.1/wavs/LJ049-0077.wav,4.488625,4.649375
/mnt/md1/user_wago/data/LJSpeech-1.1/wavs/LJ048-0101.wav,8.1109375,4.617101
/mnt/md1/user_wago/data/LJSpeech-1.1/wavs/LJ050-0048.wav,5.2665,4.596373
/mnt/md1/user_wago/data/LJSpeech-1.1/wavs/LJ017-0195.wav,5.3129375,4.6594877
/mnt/md1/user_wago/data/LJSpeech-1.1/wavs/LJ031-0194.wav,3.014125,4.740435
/mnt/md1/user_wago/data/LJSpeech-1.1/wavs/LJ008-0176.wav,6.706125,4.5396867
/mnt/md1/user_wago/data/LJSpeech-1.1/wavs/LJ042-0204.wav,9.30675,4.500678
/mnt/md1/user_wago/data/LJSpeech-1.1/wavs/LJ050-0247.wav,8.923625,4.6211486
/mnt/md1/user_wago/data/LJSpeech-1.1/wavs/LJ015-0095.wav,8.4708125,4.5462446
/mnt/md1/user_wago/data/LJSpeech-1.1/wavs/LJ041-0168.wav,9.3299375,4.4545197
/mnt/md1/user_wago/data/LJSpeech-1.1/wavs/LJ033-0025.wav,4.279625,4.542322
/mnt/md1/user_wago/data/LJSpeech-1.1/wavs/LJ008-0101.wav,7.4143125,4.311795
/mnt/md1/user_wago/data/LJSpeech-1.1/wavs/LJ018-0395.wav,7.0195625,4.6068783
/mnt/md1/user_wago/data/LJSpeech-1.1/wavs/LJ007-0107.wav,7.0428125,4.667917
/mnt/md1/user_wago/data/LJSpeech-1.1/wavs/LJ012-0098.wav,5.162,4.644929
/mnt/md1/user_wago/data/LJSpeech-1.1/wavs/LJ014-0006.wav,9.9104375,4.5835032
/mnt/md1/user_wago/data/LJSpeech-1.1/wavs/LJ042-0202.wav,7.77425,4.360493
/mnt/md1/user_wago/data/LJSpeech-1.1/wavs/LJ016-0259.wav,8.900375,4.615651
/mnt/md1/user_wago/data/LJSpeech-1.1/wavs/LJ011-0112.wav,3.97775,4.709022
/mnt/md1/user_wago/data/LJSpeech-1.1/wavs/LJ037-0148.wav,4.4189375,4.694589
/mnt/md1/user_wago/data/LJSpeech-1.1/wavs/LJ042-0160.wav,3.9429375,4.6317697
/mnt/md1/user_wago/data/LJSpeech-1.1/wavs/LJ038-0273.wav,1.458375,4.183782
/mnt/md1/user_wago/data/LJSpeech-1.1/wavs/LJ017-0033.wav,7.158875,4.5716715
/mnt/md1/user_wago/data/LJSpeech-1.1/wavs/LJ005-0182.wav,4.5350625,4.605757
/mnt/md1/user_wago/data/LJSpeech-1.1/wavs/LJ018-0195.wav,6.7409375,4.5672445
/mnt/md1/user_wago/data/LJSpeech-1.1/wavs/LJ001-0096.wav,9.666625,4.3699017
/mnt/md1/user_wago/data/LJSpeech-1.1/wavs/LJ048-0142.wav,7.2981875,4.687285
/mnt/md1/user_wago/data/LJSpeech-1.1/wavs/LJ023-0035.wav,3.7455625,4.4456697
/mnt/md1/user_wago/data/LJSpeech-1.1/wavs/LJ009-0205.wav,4.55825,4.565527
/mnt/md1/user_wago/data/LJSpeech-1.1/wavs/LJ024-0027.wav,4.465375,4.35104
/mnt/md1/user_wago/data/LJSpeech-1.1/wavs/LJ039-0093.wav,7.077625,4.594795
/mnt/md1/user_wago/data/LJSpeech-1.1/wavs/LJ046-0245.wav,7.8903125,4.483723
/mnt/md1/user_wago/data/LJSpeech-1.1/wavs/LJ048-0076.wav,6.9035,4.685507
/mnt/md1/user_wago/data/LJSpeech-1.1/wavs/LJ032-0046.wav,5.440625,4.647663
/mnt/md1/user_wago/data/LJSpeech-1.1/wavs/LJ028-0080.wav,3.6410625,4.614286
/mnt/md1/user_wago/data/LJSpeech-1.1/wavs/LJ017-0018.wav,6.4739375,4.519719
/mnt/md1/user_wago/data/LJSpeech-1.1/wavs/LJ039-0230.wav,8.3315,4.1426435
/mnt/md1/user_wago/data/LJSpeech-1.1/wavs/LJ036-0161.wav,3.39725,4.7047377
/mnt/md1/user_wago/data/LJSpeech-1.1/wavs/LJ027-0031.wav,4.4189375,4.434784
/mnt/md1/user_wago/data/LJSpeech-1.1/wavs/LJ012-0069.wav,5.5683125,4.6659374
/mnt/md1/user_wago/data/LJSpeech-1.1/wavs/LJ007-0156.wav,6.9266875,4.4865985
/mnt/md1/user_wago/data/LJSpeech-1.1/wavs/LJ018-0198.wav,5.638,4.593366
/mnt/md1/user_wago/data/LJSpeech-1.1/wavs/LJ034-0101.wav,4.1403125,4.57953
/mnt/md1/user_wago/data/LJSpeech-1.1/wavs/LJ047-0204.wav,8.72625,4.484124
/mnt/md1/user_wago/data/LJSpeech-1.1/wavs/LJ018-0284.wav,3.722375,4.741621
/mnt/md1/user_wago/data/LJSpeech-1.1/wavs/LJ008-0113.wav,8.737875,4.412508
/mnt/md1/user_wago/data/LJSpeech-1.1/wavs/LJ031-0123.wav,9.190625,4.651175
/mnt/md1/user_wago/data/LJSpeech-1.1/wavs/LJ015-0246.wav,7.3214375,4.529176
/mnt/md1/user_wago/data/LJSpeech-1.1/wavs/LJ028-0481.wav,7.182125,4.5255303
/mnt/md1/user_wago/data/LJSpeech-1.1/wavs/LJ044-0068.wav,9.6434375,4.317335
/mnt/md1/user_wago/data/LJSpeech-1.1/wavs/LJ018-0192.wav,7.8206875,4.5650144
/mnt/md1/user_wago/data/LJSpeech-1.1/wavs/LJ020-0036.wav,5.5335,4.6729836
/mnt/md1/user_wago/data/LJSpeech-1.1/wavs/LJ013-0138.wav,3.3391875,4.520007
/mnt/md1/user_wago/data/LJSpeech-1.1/wavs/LJ034-0161.wav,2.6890625,4.6864
/mnt/md1/user_wago/data/LJSpeech-1.1/wavs/LJ038-0305.wav,6.973125,4.6101594
/mnt/md1/user_wago/data/LJSpeech-1.1/wavs/LJ036-0030.wav,6.50875,4.649159
/mnt/md1/user_wago/data/LJSpeech-1.1/wavs/LJ022-0132.wav,4.6395625,4.577903
/mnt/md1/user_wago/data/LJSpeech-1.1/wavs/LJ036-0149.wav,3.989375,4.642799
/mnt/md1/user_wago/data/LJSpeech-1.1/wavs/LJ048-0137.wav,7.182125,4.706657
/mnt/md1/user_wago/data/LJSpeech-1.1/wavs/LJ005-0106.wav,5.45225,4.5778403
/mnt/md1/user_wago/data/LJSpeech-1.1/wavs/LJ032-0173.wav,6.8221875,4.6695266
/mnt/md1/user_wago/data/LJSpeech-1.1/wavs/LJ019-0251.wav,7.1705,4.707496
/mnt/md1/user_wago/data/LJSpeech-1.1/wavs/LJ026-0090.wav,9.6201875,4.522031
/mnt/md1/user_wago/data/LJSpeech-1.1/wavs/LJ029-0002.wav,3.2463125,4.7955866
/mnt/md1/user_wago/data/LJSpeech-1.1/wavs/LJ022-0015.wav,7.7045625,4.6337004
/mnt/md1/user_wago/data/LJSpeech-1.1/wavs/LJ043-0065.wav,9.388,4.591486
/mnt/md1/user_wago/data/LJSpeech-1.1/wavs/LJ008-0169.wav,9.1674375,4.456398
/mnt/md1/user_wago/data/LJSpeech-1.1/wavs/LJ049-0070.wav,8.645,4.5661454
/mnt/md1/user_wago/data/LJSpeech-1.1/wavs/LJ028-0492.wav,5.045875,4.6331015
/mnt/md1/user_wago/data/LJSpeech-1.1/wavs/LJ050-0236.wav,3.327625,4.5388236
/mnt/md1/user_wago/data/LJSpeech-1.1/wavs/LJ039-0040.wav,7.2981875,4.5092278
/mnt/md1/user_wago/data/LJSpeech-1.1/wavs/LJ003-0075.wav,7.681375,4.6025414
/mnt/md1/user_wago/data/LJSpeech-1.1/wavs/LJ029-0095.wav,9.7246875,4.6959267
/mnt/md1/user_wago/data/LJSpeech-1.1/wavs/LJ016-0090.wav,9.689875,4.595602
/mnt/md1/user_wago/data/LJSpeech-1.1/wavs/LJ008-0040.wav,8.0180625,4.6705003
/mnt/md1/user_wago/data/LJSpeech-1.1/wavs/LJ022-0121.wav,2.2246875,4.641772
/mnt/md1/user_wago/data/LJSpeech-1.1/wavs/LJ038-0087.wav,7.4143125,4.558172
/mnt/md1/user_wago/data/LJSpeech-1.1/wavs/LJ026-0126.wav,3.385625,4.5873327
/mnt/md1/user_wago/data/LJSpeech-1.1/wavs/LJ018-0353.wav,4.477,4.6941705
/mnt/md1/user_wago/data/LJSpeech-1.1/wavs/LJ038-0150.wav,8.5985625,4.664447
/mnt/md1/user_wago/data/LJSpeech-1.1/wavs/LJ019-0114.wav,8.62175,4.6100616
/mnt/md1/user_wago/data/LJSpeech-1.1/wavs/LJ033-0158.wav,3.2463125,4.716795
/mnt/md1/user_wago/data/LJSpeech-1.1/wavs/LJ018-0183.wav,7.83225,4.6005726
/mnt/md1/user_wago/data/LJSpeech-1.1/wavs/LJ050-0191.wav,7.1240625,4.728746
/mnt/md1/user_wago/data/LJSpeech-1.1/wavs/LJ010-0265.wav,9.2255,4.559711
/mnt/md1/user_wago/data/LJSpeech-1.1/wavs/LJ003-0103.wav,7.9019375,4.534588
/mnt/md1/user_wago/data/LJSpeech-1.1/wavs/LJ015-0192.wav,7.066,4.502077
/mnt/md1/user_wago/data/LJSpeech-1.1/wavs/LJ039-0092.wav,9.004875,4.571428
/mnt/md1/user_wago/data/LJSpeech-1.1/wavs/LJ040-0152.wav,9.1558125,4.4582877
/mnt/md1/user_wago/data/LJSpeech-1.1/wavs/LJ011-0137.wav,5.3825625,4.543061
/mnt/md1/user_wago/data/LJSpeech-1.1/wavs/LJ042-0139.wav,8.1109375,4.6738296
/mnt/md1/user_wago/data/LJSpeech-1.1/wavs/LJ016-0042.wav,10.0033125,4.6512775
/mnt/md1/user_wago/data/LJSpeech-1.1/wavs/LJ010-0136.wav,9.99175,4.5131173
/mnt/md1/user_wago/data/LJSpeech-1.1/wavs/LJ007-0168.wav,8.134125,4.6907063
/mnt/md1/user_wago/data/LJSpeech-1.1/wavs/LJ011-0159.wav,8.0993125,4.5634375
/mnt/md1/user_wago/data/LJSpeech-1.1/wavs/LJ043-0158.wav,2.364,4.590099
/mnt/md1/user_wago/data/LJSpeech-1.1/wavs/LJ009-0200.wav,5.3129375,4.5946293
/mnt/md1/user_wago/data/LJSpeech-1.1/wavs/LJ032-0186.wav,6.03275,4.7555985
/mnt/md1/user_wago/data/LJSpeech-1.1/wavs/LJ038-0165.wav,8.6565625,4.580648
/mnt/md1/user_wago/data/LJSpeech-1.1/wavs/LJ033-0135.wav,1.2145625,4.6108413
/mnt/md1/user_wago/data/LJSpeech-1.1/wavs/LJ040-0055.wav,9.09775,4.438118
/mnt/md1/user_wago/data/LJSpeech-1.1/wavs/LJ035-0151.wav,2.92125,4.641313
/mnt/md1/user_wago/data/LJSpeech-1.1/wavs/LJ028-0082.wav,5.8005,4.6458926
/mnt/md1/user_wago/data/LJSpeech-1.1/wavs/LJ009-0035.wav,4.7904375,4.5175953
/mnt/md1/user_wago/data/LJSpeech-1.1/wavs/LJ038-0250.wav,7.658125,4.6668997
/mnt/md1/user_wago/data/LJSpeech-1.1/wavs/LJ014-0302.wav,3.199875,4.530069
/mnt/md1/user_wago/data/LJSpeech-1.1/wavs/LJ009-0198.wav,5.5915625,4.6408563
/mnt/md1/user_wago/data/LJSpeech-1.1/wavs/LJ002-0275.wav,3.966125,4.628005
/mnt/md1/user_wago/data/LJSpeech-1.1/wavs/LJ036-0168.wav,5.150375,4.69079
/mnt/md1/user_wago/data/LJSpeech-1.1/wavs/LJ046-0251.wav,4.175125,4.457545
/mnt/md1/user_wago/data/LJSpeech-1.1/wavs/LJ011-0013.wav,6.03275,4.7401576
/mnt/md1/user_wago/data/LJSpeech-1.1/wavs/LJ040-0193.wav,8.795875,4.544535
/mnt/md1/user_wago/data/LJSpeech-1.1/wavs/LJ003-0091.wav,7.0544375,4.5382524
/mnt/md1/user_wago/data/LJSpeech-1.1/wavs/LJ019-0008.wav,5.127125,4.666191
/mnt/md1/user_wago/data/LJSpeech-1.1/wavs/LJ016-0359.wav,6.996375,4.681167
/mnt/md1/user_wago/data/LJSpeech-1.1/wavs/LJ005-0285.wav,7.7974375,4.604032
/mnt/md1/user_wago/data/LJSpeech-1.1/wavs/LJ014-0141.wav,8.261875,4.60227
/mnt/md1/user_wago/data/LJSpeech-1.1/wavs/LJ003-0005.wav,8.1921875,4.4680343
/mnt/md1/user_wago/data/LJSpeech-1.1/wavs/LJ049-0117.wav,4.3725,4.7274723
/mnt/md1/user_wago/data/LJSpeech-1.1/wavs/LJ026-0067.wav,8.052875,4.5581493
/mnt/md1/user_wago/data/LJSpeech-1.1/wavs/LJ037-0098.wav,7.2053125,4.6989594
/mnt/md1/user_wago/data/LJSpeech-1.1/wavs/LJ028-0201.wav,4.29125,4.595067
/mnt/md1/user_wago/data/LJSpeech-1.1/wavs/LJ016-0354.wav,6.1604375,4.5930004
/mnt/md1/user_wago/data/LJSpeech-1.1/wavs/LJ023-0058.wav,6.3578125,4.547892
/mnt/md1/user_wago/data/LJSpeech-1.1/wavs/LJ035-0128.wav,6.59,4.371492
/mnt/md1/user_wago/data/LJSpeech-1.1/wavs/LJ032-0127.wav,7.948375,4.578734
/mnt/md1/user_wago/data/LJSpeech-1.1/wavs/LJ037-0141.wav,7.449125,4.7121215
/mnt/md1/user_wago/data/LJSpeech-1.1/wavs/LJ009-0206.wav,8.447625,4.4818144
/mnt/md1/user_wago/data/LJSpeech-1.1/wavs/LJ046-0028.wav,5.4058125,4.6011677
/mnt/md1/user_wago/data/LJSpeech-1.1/wavs/LJ037-0162.wav,7.971625,4.55725
/mnt/md1/user_wago/data/LJSpeech-1.1/wavs/LJ049-0109.wav,7.4143125,4.4460177
/mnt/md1/user_wago/data/LJSpeech-1.1/wavs/LJ002-0029.wav,3.60625,4.664456
/mnt/md1/user_wago/data/LJSpeech-1.1/wavs/LJ030-0208.wav,4.860125,4.7473593
/mnt/md1/user_wago/data/LJSpeech-1.1/wavs/LJ030-0009.wav,5.6031875,4.494559
/mnt/md1/user_wago/data/LJSpeech-1.1/wavs/LJ032-0223.wav,3.4436875,4.644904
/mnt/md1/user_wago/data/LJSpeech-1.1/wavs/LJ039-0199.wav,9.2719375,4.4734154
/mnt/md1/user_wago/data/LJSpeech-1.1/wavs/LJ021-0121.wav,6.520375,4.266854
/mnt/md1/user_wago/data/LJSpeech-1.1/wavs/LJ009-0069.wav,6.2185,4.4724746
/mnt/md1/user_wago/data/LJSpeech-1.1/wavs/LJ036-0147.wav,5.5683125,4.7141724
/mnt/md1/user_wago/data/LJSpeech-1.1/wavs/LJ018-0167.wav,5.4754375,4.5615225
/mnt/md1/user_wago/data/LJSpeech-1.1/wavs/LJ027-0145.wav,8.93525,4.342318
/mnt/md1/user_wago/data/LJSpeech-1.1/wavs/LJ005-0292.wav,4.778875,4.480493
/mnt/md1/user_wago/data/LJSpeech-1.1/wavs/LJ032-0060.wav,7.2053125,4.5883017
/mnt/md1/user_wago/data/LJSpeech-1.1/wavs/LJ017-0262.wav,7.925125,4.5915213
/mnt/md1/user_wago/data/LJSpeech-1.1/wavs/LJ045-0089.wav,7.867125,4.4742804
/mnt/md1/user_wago/data/LJSpeech-1.1/wavs/LJ016-0151.wav,5.8934375,4.7531056
/mnt/md1/user_wago/data/LJSpeech-1.1/wavs/LJ042-0215.wav,6.88025,4.3596854
/mnt/md1/user_wago/data/LJSpeech-1.1/wavs/LJ039-0181.wav,6.973125,4.4302225
/mnt/md1/user_wago/data/LJSpeech-1.1/wavs/LJ017-0229.wav,2.84,4.7834806
/mnt/md1/user_wago/data/LJSpeech-1.1/wavs/LJ032-0253.wav,8.51725,4.6746492
/mnt/md1/user_wago/data/LJSpeech-1.1/wavs/LJ010-0159.wav,7.1473125,4.5819364
/mnt/md1/user_wago/data/LJSpeech-1.1/wavs/LJ037-0186.wav,4.2215625,4.6767035
/mnt/md1/user_wago/data/LJSpeech-1.1/wavs/LJ036-0164.wav,9.5389375,4.5866036
/mnt/md1/user_wago/data/LJSpeech-1.1/wavs/LJ001-0169.wav,9.9685,4.5774336
/mnt/md1/user_wago/data/LJSpeech-1.1/wavs/LJ028-0519.wav,8.052875,4.5822554
/mnt/md1/user_wago/data/LJSpeech-1.1/wavs/LJ002-0295.wav,9.67825,4.5361967
/mnt/md1/user_wago/data/LJSpeech-1.1/wavs/LJ033-0119.wav,9.2603125,4.6334257
/mnt/md1/user_wago/data/LJSpeech-1.1/wavs/LJ016-0264.wav,6.77575,4.6558332
/mnt/md1/user_wago/data/LJSpeech-1.1/wavs/LJ034-0193.wav,5.162,4.7083125
/mnt/md1/user_wago/data/LJSpeech-1.1/wavs/LJ005-0130.wav,6.4855,4.502125
/mnt/md1/user_wago/data/LJSpeech-1.1/wavs/LJ031-0100.wav,1.5164375,4.619382
/mnt/md1/user_wago/data/LJSpeech-1.1/wavs/LJ016-0040.wav,8.552125,4.668416
/mnt/md1/user_wago/data/LJSpeech-1.1/wavs/LJ050-0055.wav,6.98475,4.7078013
/mnt/md1/user_wago/data/LJSpeech-1.1/wavs/LJ046-0049.wav,7.66975,4.6799064
/mnt/md1/user_wago/data/LJSpeech-1.1/wavs/LJ017-0132.wav,2.561375,4.5521946
/mnt/md1/user_wago/data/LJSpeech-1.1/wavs/LJ045-0178.wav,8.7610625,4.448409
/mnt/md1/user_wago/data/LJSpeech-1.1/wavs/LJ012-0226.wav,6.9615,4.596896
/mnt/md1/user_wago/data/LJSpeech-1.1/wavs/LJ018-0172.wav,7.158875,4.682357
/mnt/md1/user_wago/data/LJSpeech-1.1/wavs/LJ041-0062.wav,6.9150625,4.5243936
/mnt/md1/user_wago/data/LJSpeech-1.1/wavs/LJ034-0003.wav,1.3075,4.7600894
/mnt/md1/user_wago/data/LJSpeech-1.1/wavs/LJ040-0077.wav,5.4754375,4.5334077
/mnt/md1/user_wago/data/LJSpeech-1.1/wavs/LJ015-0231.wav,6.1836875,4.5898676
/mnt/md1/user_wago/data/LJSpeech-1.1/wavs/LJ050-0146.wav,1.96925,4.4844294
/mnt/md1/user_wago/data/LJSpeech-1.1/wavs/LJ009-0222.wav,5.1968125,4.653682
/mnt/md1/user_wago/data/LJSpeech-1.1/wavs/LJ044-0157.wav,8.505625,4.5765586
/mnt/md1/user_wago/data/LJSpeech-1.1/wavs/LJ003-0208.wav,5.8585625,4.580261
/mnt/md1/user_wago/data/LJSpeech-1.1/wavs/LJ015-0277.wav,7.7858125,4.6593714
/mnt/md1/user_wago/data/LJSpeech-1.1/wavs/LJ037-0229.wav,2.0505,4.5922804
/mnt/md1/user_wago/data/LJSpeech-1.1/wavs/LJ028-0307.wav,9.004875,4.375224
/mnt/md1/user_wago/data/LJSpeech-1.1/wavs/LJ047-0001.wav,10.09625,4.65514
/mnt/md1/user_wago/data/LJSpeech-1.1/wavs/LJ043-0031.wav,3.966125,4.511479
/mnt/md1/user_wago/data/LJSpeech-1.1/wavs/LJ003-0078.wav,7.8090625,4.3943024
/mnt/md1/user_wago/data/LJSpeech-1.1/wavs/LJ037-0039.wav,8.5753125,4.7747097
/mnt/md1/user_wago/data/LJSpeech-1.1/wavs/LJ050-0221.wav,6.9499375,4.756915
/mnt/md1/user_wago/data/LJSpeech-1.1/wavs/LJ034-0178.wav,9.7479375,4.614697
/mnt/md1/user_wago/data/LJSpeech-1.1/wavs/LJ038-0270.wav,7.449125,4.4958677
/mnt/md1/user_wago/data/LJSpeech-1.1/wavs/LJ043-0169.wav,5.3013125,4.598144
/mnt/md1/user_wago/data/LJSpeech-1.1/wavs/LJ046-0153.wav,2.062125,4.6528726
/mnt/md1/user_wago/data/LJSpeech-1.1/wavs/LJ022-0110.wav,5.9863125,4.737339
/mnt/md1/user_wago/data/LJSpeech-1.1/wavs/LJ009-0116.wav,8.3663125,4.5451984
/mnt/md1/user_wago/data/LJSpeech-1.1/wavs/LJ021-0035.wav,9.7595625,4.4833994
/mnt/md1/user_wago/data/LJSpeech-1.1/wavs/LJ030-0240.wav,2.723875,4.628498
/mnt/md1/user_wago/data/LJSpeech-1.1/wavs/LJ028-0111.wav,7.5188125,4.5500174
/mnt/md1/user_wago/data/LJSpeech-1.1/wavs/LJ038-0229.wav,6.09075,4.7759314
/mnt/md1/user_wago/data/LJSpeech-1.1/wavs/LJ012-0231.wav,4.6046875,4.6115546
/mnt/md1/user_wago/data/LJSpeech-1.1/wavs/LJ017-0217.wav,4.45375,4.675275
/mnt/md1/user_wago/data/LJSpeech-1.1/wavs/LJ004-0247.wav,5.9863125,4.468965
/mnt/md1/user_wago/data/LJSpeech-1.1/wavs/LJ004-0107.wav,10.0149375,4.189183
/mnt/md1/user_wago/data/LJSpeech-1.1/wavs/LJ033-0063.wav,5.7540625,4.7478905
/mnt/md1/user_wago/data/LJSpeech-1.1/wavs/LJ002-0310.wav,6.601625,4.470786
/mnt/md1/user_wago/data/LJSpeech-1.1/wavs/LJ006-0226.wav,8.3779375,4.475036
/mnt/md1/user_wago/data/LJSpeech-1.1/wavs/LJ015-0205.wav,8.7843125,4.590662
/mnt/md1/user_wago/data/LJSpeech-1.1/wavs/LJ004-0243.wav,3.2695625,4.763032
/mnt/md1/user_wago/data/LJSpeech-1.1/wavs/LJ010-0267.wav,7.19375,4.52156
/mnt/md1/user_wago/data/LJSpeech-1.1/wavs/LJ005-0274.wav,7.9831875,4.365058
/mnt/md1/user_wago/data/LJSpeech-1.1/wavs/LJ042-0129.wav,8.819125,4.6008306
/mnt/md1/user_wago/data/LJSpeech-1.1/wavs/LJ005-0027.wav,9.898875,4.5951424
/mnt/md1/user_wago/data/LJSpeech-1.1/wavs/LJ030-0084.wav,7.739375,4.752654
/mnt/md1/user_wago/data/LJSpeech-1.1/wavs/LJ049-0043.wav,6.415875,4.5881734
/mnt/md1/user_wago/data/LJSpeech-1.1/wavs/LJ038-0301.wav,4.29125,4.5260725
/mnt/md1/user_wago/data/LJSpeech-1.1/wavs/LJ048-0019.wav,9.399625,4.538245
/mnt/md1/user_wago/data/LJSpeech-1.1/wavs/LJ033-0070.wav,9.0745625,4.6144977
/mnt/md1/user_wago/data/LJSpeech-1.1/wavs/LJ018-0007.wav,7.2981875,4.549477
/mnt/md1/user_wago/data/LJSpeech-1.1/wavs/LJ002-0156.wav,9.0165,4.509886
/mnt/md1/user_wago/data/LJSpeech-1.1/wavs/LJ047-0230.wav,9.980125,4.522529
/mnt/md1/user_wago/data/LJSpeech-1.1/wavs/LJ028-0173.wav,8.93525,4.519461
/mnt/md1/user_wago/data/LJSpeech-1.1/wavs/LJ040-0014.wav,8.3779375,4.519718
/mnt/md1/user_wago/data/LJSpeech-1.1/wavs/LJ004-0021.wav,4.941375,4.6367617
/mnt/md1/user_wago/data/LJSpeech-1.1/wavs/LJ001-0044.wav,6.98475,4.5030785
/mnt/md1/user_wago/data/LJSpeech-1.1/wavs/LJ007-0132.wav,8.552125,4.654385
/mnt/md1/user_wago/data/LJSpeech-1.1/wavs/LJ045-0132.wav,1.8183125,4.7378488
/mnt/md1/user_wago/data/LJSpeech-1.1/wavs/LJ034-0131.wav,5.55675,4.5323467
/mnt/md1/user_wago/data/LJSpeech-1.1/wavs/LJ038-0157.wav,6.3578125,4.576494
/mnt/md1/user_wago/data/LJSpeech-1.1/wavs/LJ021-0190.wav,8.819125,4.11969
/mnt/md1/user_wago/data/LJSpeech-1.1/wavs/LJ004-0078.wav,4.5234375,4.7104096
/mnt/md1/user_wago/data/LJSpeech-1.1/wavs/LJ034-0205.wav,6.19525,4.5789666
/mnt/md1/user_wago/data/LJSpeech-1.1/wavs/LJ019-0217.wav,9.2255,4.6156845
/mnt/md1/user_wago/data/LJSpeech-1.1/wavs/LJ049-0099.wav,5.0806875,4.5815716
/mnt/md1/user_wago/data/LJSpeech-1.1/wavs/LJ003-0275.wav,6.8454375,4.6982226
/mnt/md1/user_wago/data/LJSpeech-1.1/wavs/LJ040-0093.wav,8.6798125,4.333267
/mnt/md1/user_wago/data/LJSpeech-1.1/wavs/LJ016-0125.wav,5.429,4.621006
/mnt/md1/user_wago/data/LJSpeech-1.1/wavs/LJ022-0096.wav,6.021125,4.643074
/mnt/md1/user_wago/data/LJSpeech-1.1/wavs/LJ045-0242.wav,6.415875,4.7324076
/mnt/md1/user_wago/data/LJSpeech-1.1/wavs/LJ035-0208.wav,9.956875,4.287457
/mnt/md1/user_wago/data/LJSpeech-1.1/wavs/LJ019-0101.wav,5.6960625,4.534792
/mnt/md1/user_wago/data/LJSpeech-1.1/wavs/LJ027-0110.wav,9.7479375,4.5480413
/mnt/md1/user_wago/data/LJSpeech-1.1/wavs/LJ041-0174.wav,8.261875,4.5607014
/mnt/md1/user_wago/data/LJSpeech-1.1/wavs/LJ021-0021.wav,9.88725,4.546776
/mnt/md1/user_wago/data/LJSpeech-1.1/wavs/LJ028-0003.wav,7.7278125,4.413347
/mnt/md1/user_wago/data/LJSpeech-1.1/wavs/LJ012-0014.wav,4.1170625,4.7521296
/mnt/md1/user_wago/data/LJSpeech-1.1/wavs/LJ018-0234.wav,9.2835,4.593731
/mnt/md1/user_wago/data/LJSpeech-1.1/wavs/LJ024-0108.wav,7.7974375,4.4478273
/mnt/md1/user_wago/data/LJSpeech-1.1/wavs/LJ033-0026.wav,2.7006875,4.6300697
/mnt/md1/user_wago/data/LJSpeech-1.1/wavs/LJ049-0215.wav,9.5273125,4.558442
/mnt/md1/user_wago/data/LJSpeech-1.1/wavs/LJ045-0183.wav,8.3895625,4.390297
/mnt/md1/user_wago/data/LJSpeech-1.1/wavs/LJ036-0156.wav,1.679,4.5271077
/mnt/md1/user_wago/data/LJSpeech-1.1/wavs/LJ042-0066.wav,5.6844375,4.3886547
/mnt/md1/user_wago/data/LJSpeech-1.1/wavs/LJ030-0133.wav,5.2084375,4.767253
/mnt/md1/user_wago/data/LJSpeech-1.1/wavs/LJ041-0202.wav,9.7130625,4.6427374
/mnt/md1/user_wago/data/LJSpeech-1.1/wavs/LJ019-0394.wav,5.4986875,4.407067
/mnt/md1/user_wago/data/LJSpeech-1.1/wavs/LJ038-0058.wav,2.422,4.588487
/mnt/md1/user_wago/data/LJSpeech-1.1/wavs/LJ018-0310.wav,3.141875,4.7877455
/mnt/md1/user_wago/data/LJSpeech-1.1/wavs/LJ018-0380.wav,9.388,4.645492
/mnt/md1/user_wago/data/LJSpeech-1.1/wavs/LJ037-0184.wav,8.0993125,4.763127
/mnt/md1/user_wago/data/LJSpeech-1.1/wavs/LJ005-0072.wav,6.0791875,4.627627
/mnt/md1/user_wago/data/LJSpeech-1.1/wavs/LJ031-0228.wav,7.9948125,4.716359
/mnt/md1/user_wago/data/LJSpeech-1.1/wavs/LJ031-0119.wav,4.9065625,4.5533113
/mnt/md1/user_wago/data/LJSpeech-1.1/wavs/LJ044-0169.wav,3.327625,4.4652543
/mnt/md1/user_wago/data/LJSpeech-1.1/wavs/LJ028-0157.wav,9.57375,4.315123
/mnt/md1/user_wago/data/LJSpeech-1.1/wavs/LJ027-0156.wav,7.8786875,4.5090547
/mnt/md1/user_wago/data/LJSpeech-1.1/wavs/LJ044-0044.wav,8.4940625,4.5259223
/mnt/md1/user_wago/data/LJSpeech-1.1/wavs/LJ015-0250.wav,7.066,4.576331
/mnt/md1/user_wago/data/LJSpeech-1.1/wavs/LJ032-0108.wav,9.7130625,4.5457335
/mnt/md1/user_wago/data/LJSpeech-1.1/wavs/LJ012-0092.wav,6.3461875,4.592451
/mnt/md1/user_wago/data/LJSpeech-1.1/wavs/LJ029-0025.wav,5.7656875,4.6688514
/mnt/md1/user_wago/data/LJSpeech-1.1/wavs/LJ032-0272.wav,7.4375625,4.647536
/mnt/md1/user_wago/data/LJSpeech-1.1/wavs/LJ021-0022.wav,4.9878125,4.4531035
/mnt/md1/user_wago/data/LJSpeech-1.1/wavs/LJ037-0059.wav,9.864,4.6290436
/mnt/md1/user_wago/data/LJSpeech-1.1/wavs/LJ028-0382.wav,7.867125,4.3562217
/mnt/md1/user_wago/data/LJSpeech-1.1/wavs/LJ002-0080.wav,5.0110625,4.6328855
/mnt/md1/user_wago/data/LJSpeech-1.1/wavs/LJ006-0213.wav,5.707625,4.767383
/mnt/md1/user_wago/data/LJSpeech-1.1/wavs/LJ042-0159.wav,7.484,4.460233
/mnt/md1/user_wago/data/LJSpeech-1.1/wavs/LJ007-0192.wav,9.7246875,4.536838
/mnt/md1/user_wago/data/LJSpeech-1.1/wavs/LJ011-0188.wav,5.1735625,4.559089
/mnt/md1/user_wago/data/LJSpeech-1.1/wavs/LJ028-0014.wav,2.92125,4.7157917
/mnt/md1/user_wago/data/LJSpeech-1.1/wavs/LJ028-0396.wav,6.1720625,4.510357
/mnt/md1/user_wago/data/LJSpeech-1.1/wavs/LJ045-0155.wav,2.92125,4.5603485
/mnt/md1/user_wago/data/LJSpeech-1.1/wavs/LJ038-0268.wav,4.465375,4.645204
/mnt/md1/user_wago/data/LJSpeech-1.1/wavs/LJ029-0139.wav,7.7045625,4.7431555
/mnt/md1/user_wago/data/LJSpeech-1.1/wavs/LJ013-0106.wav,3.223125,4.7752876
/mnt/md1/user_wago/data/LJSpeech-1.1/wavs/LJ032-0207.wav,6.13725,4.63268
/mnt/md1/user_wago/data/LJSpeech-1.1/wavs/LJ010-0053.wav,9.6550625,4.564653
/mnt/md1/user_wago/data/LJSpeech-1.1/wavs/LJ013-0009.wav,8.157375,4.585366
/mnt/md1/user_wago/data/LJSpeech-1.1/wavs/LJ002-0145.wav,7.681375,4.3564386
/mnt/md1/user_wago/data/LJSpeech-1.1/wavs/LJ032-0181.wav,7.3214375,4.751916
/mnt/md1/user_wago/data/LJSpeech-1.1/wavs/LJ040-0103.wav,6.787375,4.649481
/mnt/md1/user_wago/data/LJSpeech-1.1/wavs/LJ036-0005.wav,4.8485,4.705462
/mnt/md1/user_wago/data/LJSpeech-1.1/wavs/LJ044-0166.wav,4.8253125,4.6793776
/mnt/md1/user_wago/data/LJSpeech-1.1/wavs/LJ016-0412.wav,4.651125,4.690363
/mnt/md1/user_wago/data/LJSpeech-1.1/wavs/LJ017-0242.wav,7.0544375,4.591535
/mnt/md1/user_wago/data/LJSpeech-1.1/wavs/LJ036-0182.wav,4.477,4.627824
/mnt/md1/user_wago/data/LJSpeech-1.1/wavs/LJ028-0336.wav,3.675875,4.200594
/mnt/md1/user_wago/data/LJSpeech-1.1/wavs/LJ010-0107.wav,1.8995625,4.4146576
/mnt/md1/user_wago/data/LJSpeech-1.1/wavs/LJ006-0076.wav,9.6550625,4.5628037
/mnt/md1/user_wago/data/LJSpeech-1.1/wavs/LJ037-0159.wav,7.867125,4.586416
/mnt/md1/user_wago/data/LJSpeech-1.1/wavs/LJ024-0031.wav,8.3083125,4.41553
/mnt/md1/user_wago/data/LJSpeech-1.1/wavs/LJ019-0340.wav,8.0645,4.487464
/mnt/md1/user_wago/data/LJSpeech-1.1/wavs/LJ021-0192.wav,5.069125,4.318109
/mnt/md1/user_wago/data/LJSpeech-1.1/wavs/LJ019-0176.wav,5.1851875,4.6403384
/mnt/md1/user_wago/data/LJSpeech-1.1/wavs/LJ050-0276.wav,8.5636875,4.7577004
/mnt/md1/user_wago/data/LJSpeech-1.1/wavs/LJ025-0139.wav,7.3330625,4.741792
/mnt/md1/user_wago/data/LJSpeech-1.1/wavs/LJ048-0183.wav,7.275,4.61094
/mnt/md1/user_wago/data/LJSpeech-1.1/wavs/LJ009-0147.wav,7.4259375,4.517184
/mnt/md1/user_wago/data/LJSpeech-1.1/wavs/LJ007-0053.wav,6.4275,4.7187405
/mnt/md1/user_wago/data/LJSpeech-1.1/wavs/LJ034-0078.wav,8.0645,4.5140243
/mnt/md1/user_wago/data/LJSpeech-1.1/wavs/LJ042-0077.wav,9.597,4.566422
/mnt/md1/user_wago/data/LJSpeech-1.1/wavs/LJ016-0331.wav,5.638,4.64401
/mnt/md1/user_wago/data/LJSpeech-1.1/wavs/LJ045-0131.wav,8.505625,4.658535
/mnt/md1/user_wago/data/LJSpeech-1.1/wavs/LJ047-0117.wav,6.4390625,4.577781
/mnt/md1/user_wago/data/LJSpeech-1.1/wavs/LJ018-0028.wav,9.6550625,4.539605
/mnt/md1/user_wago/data/LJSpeech-1.1/wavs/LJ042-0183.wav,9.028125,4.5904956
/mnt/md1/user_wago/data/LJSpeech-1.1/wavs/LJ011-0095.wav,8.610125,4.3067956
/mnt/md1/user_wago/data/LJSpeech-1.1/wavs/LJ006-0190.wav,8.424375,4.636501
/mnt/md1/user_wago/data/LJSpeech-1.1/wavs/LJ014-0236.wav,4.8253125,4.6613007
/mnt/md1/user_wago/data/LJSpeech-1.1/wavs/LJ017-0151.wav,7.35625,4.6610045
/mnt/md1/user_wago/data/LJSpeech-1.1/wavs/LJ004-0058.wav,9.597,4.353828
/mnt/md1/user_wago/data/LJSpeech-1.1/wavs/LJ008-0066.wav,9.086125,4.333725
/mnt/md1/user_wago/data/LJSpeech-1.1/wavs/LJ008-0109.wav,7.56525,4.4486694
/mnt/md1/user_wago/data/LJSpeech-1.1/wavs/LJ030-0110.wav,8.2966875,4.6000776
/mnt/md1/user_wago/data/LJSpeech-1.1/wavs/LJ013-0152.wav,8.41275,4.519992
/mnt/md1/user_wago/data/LJSpeech-1.1/wavs/LJ030-0008.wav,7.35625,4.508971
/mnt/md1/user_wago/data/LJSpeech-1.1/wavs/LJ004-0075.wav,5.3941875,4.669505
/mnt/md1/user_wago/data/LJSpeech-1.1/wavs/LJ019-0071.wav,6.0095,4.660401
/mnt/md1/user_wago/data/LJSpeech-1.1/wavs/LJ049-0012.wav,6.50875,4.6124167
/mnt/md1/user_wago/data/LJSpeech-1.1/wavs/LJ047-0233.wav,8.0760625,4.4785357
/mnt/md1/user_wago/data/LJSpeech-1.1/wavs/LJ028-0289.wav,7.8555,4.3940706
/mnt/md1/user_wago/data/LJSpeech-1.1/wavs/LJ042-0018.wav,9.608625,4.680526
/mnt/md1/user_wago/data/LJSpeech-1.1/wavs/LJ042-0214.wav,6.7409375,4.5324125
/mnt/md1/user_wago/data/LJSpeech-1.1/wavs/LJ019-0307.wav,6.40425,4.671317
/mnt/md1/user_wago/data/LJSpeech-1.1/wavs/LJ041-0051.wav,9.3648125,4.5506263
/mnt/md1/user_wago/data/LJSpeech-1.1/wavs/LJ049-0037.wav,6.0791875,4.724213
/mnt/md1/user_wago/data/LJSpeech-1.1/wavs/LJ027-0154.wav,7.25175,4.4473033
/mnt/md1/user_wago/data/LJSpeech-1.1/wavs/LJ009-0064.wav,9.41125,4.362171
/mnt/md1/user_wago/data/LJSpeech-1.1/wavs/LJ032-0172.wav,5.045875,4.7727714
/mnt/md1/user_wago/data/LJSpeech-1.1/wavs/LJ003-0010.wav,4.9181875,4.56881
/mnt/md1/user_wago/data/LJSpeech-1.1/wavs/LJ030-0019.wav,3.9429375,4.652445
/mnt/md1/user_wago/data/LJSpeech-1.1/wavs/LJ044-0124.wav,9.51575,4.2671666
/mnt/md1/user_wago/data/LJSpeech-1.1/wavs/LJ038-0061.wav,4.2099375,4.669414
/mnt/md1/user_wago/data/LJSpeech-1.1/wavs/LJ005-0116.wav,3.9545625,4.788367
/mnt/md1/user_wago/data/LJSpeech-1.1/wavs/LJ013-0221.wav,9.109375,4.687688
/mnt/md1/user_wago/data/LJSpeech-1.1/wavs/LJ007-0175.wav,6.9499375,4.60853
/mnt/md1/user_wago/data/LJSpeech-1.1/wavs/LJ002-0260.wav,4.964625,4.509013
/mnt/md1/user_wago/data/LJSpeech-1.1/wavs/LJ036-0003.wav,2.747125,4.55214
/mnt/md1/user_wago/data/LJSpeech-1.1/wavs/LJ021-0186.wav,1.7370625,4.2268176
/mnt/md1/user_wago/data/LJSpeech-1.1/wavs/LJ006-0110.wav,6.7176875,4.6694055
/mnt/md1/user_wago/data/LJSpeech-1.1/wavs/LJ041-0064.wav,5.707625,4.658165
/mnt/md1/user_wago/data/LJSpeech-1.1/wavs/LJ028-0321.wav,9.4925,4.479368
/mnt/md1/user_wago/data/LJSpeech-1.1/wavs/LJ029-0136.wav,3.199875,4.795206
/mnt/md1/user_wago/data/LJSpeech-1.1/wavs/LJ037-0210.wav,4.9065625,4.675673
/mnt/md1/user_wago/data/LJSpeech-1.1/wavs/LJ034-0011.wav,7.46075,4.582767
/mnt/md1/user_wago/data/LJSpeech-1.1/wavs/LJ018-0070.wav,2.71225,4.7336497
/mnt/md1/user_wago/data/LJSpeech-1.1/wavs/LJ008-0078.wav,9.6550625,4.4952126
/mnt/md1/user_wago/data/LJSpeech-1.1/wavs/LJ006-0062.wav,7.553625,4.539835
/mnt/md1/user_wago/data/LJSpeech-1.1/wavs/LJ022-0001.wav,7.4143125,4.5920143
/mnt/md1/user_wago/data/LJSpeech-1.1/wavs/LJ040-0176.wav,7.8555,4.561017
/mnt/md1/user_wago/data/LJSpeech-1.1/wavs/LJ007-0120.wav,3.6294375,4.519908
/mnt/md1/user_wago/data/LJSpeech-1.1/wavs/LJ037-0081.wav,7.9135625,4.724676
/mnt/md1/user_wago/data/LJSpeech-1.1/wavs/LJ037-0161.wav,7.7858125,4.712212
/mnt/md1/user_wago/data/LJSpeech-1.1/wavs/LJ028-0073.wav,9.9220625,4.6130667
/mnt/md1/user_wago/data/LJSpeech-1.1/wavs/LJ005-0228.wav,4.175125,4.6793756
/mnt/md1/user_wago/data/LJSpeech-1.1/wavs/LJ032-0179.wav,5.045875,4.692662
/mnt/md1/user_wago/data/LJSpeech-1.1/wavs/LJ034-0122.wav,6.3578125,4.5675673
/mnt/md1/user_wago/data/LJSpeech-1.1/wavs/LJ038-0082.wav,7.8090625,4.537602
/mnt/md1/user_wago/data/LJSpeech-1.1/wavs/LJ022-0104.wav,9.20225,4.636894
/mnt/md1/user_wago/data/LJSpeech-1.1/wavs/LJ009-0067.wav,4.8253125,4.5244493
/mnt/md1/user_wago/data/LJSpeech-1.1/wavs/LJ017-0043.wav,6.7525625,4.6621623
/mnt/md1/user_wago/data/LJSpeech-1.1/wavs/LJ003-0156.wav,8.7843125,4.618511
/mnt/md1/user_wago/data/LJSpeech-1.1/wavs/LJ035-0094.wav,8.51725,4.4790497
/mnt/md1/user_wago/data/LJSpeech-1.1/wavs/LJ003-0210.wav,9.1790625,4.6455345
/mnt/md1/user_wago/data/LJSpeech-1.1/wavs/LJ050-0167.wav,7.7858125,4.6866255
/mnt/md1/user_wago/data/LJSpeech-1.1/wavs/LJ037-0190.wav,5.997875,4.6863785
/mnt/md1/user_wago/data/LJSpeech-1.1/wavs/LJ032-0274.wav,6.381,4.705717
/mnt/md1/user_wago/data/LJSpeech-1.1/wavs/LJ049-0211.wav,8.610125,4.5724406
/mnt/md1/user_wago/data/LJSpeech-1.1/wavs/LJ035-0008.wav,7.5304375,4.488564
/mnt/md1/user_wago/data/LJSpeech-1.1/wavs/LJ042-0164.wav,7.3098125,4.468458
/mnt/md1/user_wago/data/LJSpeech-1.1/wavs/LJ016-0101.wav,9.3648125,4.653547
/mnt/md1/user_wago/data/LJSpeech-1.1/wavs/LJ001-0156.wav,5.150375,4.723559
/mnt/md1/user_wago/data/LJSpeech-1.1/wavs/LJ007-0155.wav,8.5636875,4.519001
/mnt/md1/user_wago/data/LJSpeech-1.1/wavs/LJ040-0189.wav,8.052875,4.475405
/mnt/md1/user_wago/data/LJSpeech-1.1/wavs/LJ036-0093.wav,6.4855,4.6880646
/mnt/md1/user_wago/data/LJSpeech-1.1/wavs/LJ014-0024.wav,7.9135625,4.7425084
/mnt/md1/user_wago/data/LJSpeech-1.1/wavs/LJ035-0087.wav,7.5884375,4.5555897
/mnt/md1/user_wago/data/LJSpeech-1.1/wavs/LJ017-0170.wav,4.7324375,4.295298
/mnt/md1/user_wago/data/LJSpeech-1.1/wavs/LJ033-0036.wav,5.5683125,4.785959
/mnt/md1/user_wago/data/LJSpeech-1.1/wavs/LJ037-0089.wav,6.4275,4.7715197
/mnt/md1/user_wago/data/LJSpeech-1.1/wavs/LJ018-0223.wav,3.3740625,4.616283
/mnt/md1/user_wago/data/LJSpeech-1.1/wavs/LJ014-0214.wav,6.4623125,4.544362
/mnt/md1/user_wago/data/LJSpeech-1.1/wavs/LJ007-0185.wav,9.864,4.34761
/mnt/md1/user_wago/data/LJSpeech-1.1/wavs/LJ013-0188.wav,8.6798125,4.6314073
/mnt/md1/user_wago/data/LJSpeech-1.1/wavs/LJ005-0238.wav,5.440625,4.458808
/mnt/md1/user_wago/data/LJSpeech-1.1/wavs/LJ022-0078.wav,2.8864375,4.486768
/mnt/md1/user_wago/data/LJSpeech-1.1/wavs/LJ044-0100.wav,9.4460625,4.273619
/mnt/md1/user_wago/data/LJSpeech-1.1/wavs/LJ014-0253.wav,3.5598125,4.6781855
/mnt/md1/user_wago/data/LJSpeech-1.1/wavs/LJ018-0056.wav,4.5118125,4.6712613
/mnt/md1/user_wago/data/LJSpeech-1.1/wavs/LJ027-0133.wav,8.5869375,4.3109035
/mnt/md1/user_wago/data/LJSpeech-1.1/wavs/LJ031-0129.wav,10.0265625,4.6886544
/mnt/md1/user_wago/data/LJSpeech-1.1/wavs/LJ046-0229.wav,6.381,4.5538435
/mnt/md1/user_wago/data/LJSpeech-1.1/wavs/LJ036-0124.wav,7.3098125,4.7820477
/mnt/md1/user_wago/data/LJSpeech-1.1/wavs/LJ044-0070.wav,6.7409375,4.6034617
/mnt/md1/user_wago/data/LJSpeech-1.1/wavs/LJ031-0185.wav,6.125625,4.7167997
/mnt/md1/user_wago/data/LJSpeech-1.1/wavs/LJ025-0143.wav,6.415875,4.7807474
/mnt/md1/user_wago/data/LJSpeech-1.1/wavs/LJ012-0219.wav,6.868625,4.4920063
/mnt/md1/user_wago/data/LJSpeech-1.1/wavs/LJ050-0263.wav,8.35475,4.5764933
/mnt/md1/user_wago/data/LJSpeech-1.1/wavs/LJ005-0108.wav,8.72625,4.610277
/mnt/md1/user_wago/data/LJSpeech-1.1/wavs/LJ036-0090.wav,5.905,4.6997194
/mnt/md1/user_wago/data/LJSpeech-1.1/wavs/LJ034-0102.wav,4.7091875,4.6769953
/mnt/md1/user_wago/data/LJSpeech-1.1/wavs/LJ038-0129.wav,8.8075,4.706576
/mnt/md1/user_wago/data/LJSpeech-1.1/wavs/LJ045-0027.wav,5.13875,4.7207136
/mnt/md1/user_wago/data/LJSpeech-1.1/wavs/LJ015-0220.wav,2.9445,4.70196
/mnt/md1/user_wago/data/LJSpeech-1.1/wavs/LJ002-0004.wav,4.8253125,4.5912986
/mnt/md1/user_wago/data/LJSpeech-1.1/wavs/LJ028-0448.wav,9.09775,4.0947766
/mnt/md1/user_wago/data/LJSpeech-1.1/wavs/LJ007-0062.wav,9.1441875,4.6687965
/mnt/md1/user_wago/data/LJSpeech-1.1/wavs/LJ008-0221.wav,4.45375,4.555541
/mnt/md1/user_wago/data/LJSpeech-1.1/wavs/LJ035-0099.wav,9.3531875,4.584849
/mnt/md1/user_wago/data/LJSpeech-1.1/wavs/LJ010-0254.wav,9.689875,4.704695
/mnt/md1/user_wago/data/LJSpeech-1.1/wavs/LJ006-0245.wav,9.8524375,4.560117
/mnt/md1/user_wago/data/LJSpeech-1.1/wavs/LJ019-0327.wav,3.97775,4.6299233
/mnt/md1/user_wago/data/LJSpeech-1.1/wavs/LJ036-0088.wav,2.7006875,4.7487745
/mnt/md1/user_wago/data/LJSpeech-1.1/wavs/LJ039-0022.wav,3.989375,4.152923
/mnt/md1/user_wago/data/LJSpeech-1.1/wavs/LJ014-0298.wav,4.4421875,4.6677914
/mnt/md1/user_wago/data/LJSpeech-1.1/wavs/LJ015-0213.wav,3.525,4.4678054
/mnt/md1/user_wago/data/LJSpeech-1.1/wavs/LJ044-0205.wav,4.175125,4.352875
/mnt/md1/user_wago/data/LJSpeech-1.1/wavs/LJ028-0164.wav,2.7006875,4.4693904
/mnt/md1/user_wago/data/LJSpeech-1.1/wavs/LJ048-0058.wav,1.8415,4.801621
/mnt/md1/user_wago/data/LJSpeech-1.1/wavs/LJ015-0162.wav,8.5405,4.613077
/mnt/md1/user_wago/data/LJSpeech-1.1/wavs/LJ037-0203.wav,8.923625,4.3838053
/mnt/md1/user_wago/data/LJSpeech-1.1/wavs/LJ014-0046.wav,8.83075,4.731032
/mnt/md1/user_wago/data/LJSpeech-1.1/wavs/LJ005-0093.wav,7.83225,4.571891
/mnt/md1/user_wago/data/LJSpeech-1.1/wavs/LJ032-0120.wav,5.8934375,4.79589
/mnt/md1/user_wago/data/LJSpeech-1.1/wavs/LJ036-0216.wav,3.7455625,4.6076636
/mnt/md1/user_wago/data/LJSpeech-1.1/wavs/LJ039-0161.wav,6.682875,4.32061
/mnt/md1/user_wago/data/LJSpeech-1.1/wavs/LJ023-0126.wav,9.4228125,4.532616
/mnt/md1/user_wago/data/LJSpeech-1.1/wavs/LJ019-0135.wav,6.288125,4.43598
/mnt/md1/user_wago/data/LJSpeech-1.1/wavs/LJ032-0225.wav,9.190625,4.5353136
/mnt/md1/user_wago/data/LJSpeech-1.1/wavs/LJ039-0127.wav,9.376375,4.355258
/mnt/md1/user_wago/data/LJSpeech-1.1/wavs/LJ033-0002.wav,3.1650625,4.5845613
/mnt/md1/user_wago/data/LJSpeech-1.1/wavs/LJ016-0393.wav,3.8268125,4.4508743
/mnt/md1/user_wago/data/LJSpeech-1.1/wavs/LJ004-0182.wav,6.0095,4.396946
/mnt/md1/user_wago/data/LJSpeech-1.1/wavs/LJ021-0164.wav,2.3988125,4.2299175
/mnt/md1/user_wago/data/LJSpeech-1.1/wavs/LJ030-0206.wav,7.66975,4.596383
/mnt/md1/user_wago/data/LJSpeech-1.1/wavs/LJ005-0079.wav,6.7409375,4.446028
/mnt/md1/user_wago/data/LJSpeech-1.1/wavs/LJ049-0019.wav,7.925125,4.5980687
/mnt/md1/user_wago/data/LJSpeech-1.1/wavs/LJ006-0187.wav,6.03275,4.554247
/mnt/md1/user_wago/data/LJSpeech-1.1/wavs/LJ009-0057.wav,1.7254375,4.5136714
/mnt/md1/user_wago/data/LJSpeech-1.1/wavs/LJ011-0040.wav,7.0544375,4.671129
/mnt/md1/user_wago/data/LJSpeech-1.1/wavs/LJ007-0240.wav,6.0675625,4.5920944
/mnt/md1/user_wago/data/LJSpeech-1.1/wavs/LJ007-0204.wav,7.8555,4.486364
/mnt/md1/user_wago/data/LJSpeech-1.1/wavs/LJ019-0256.wav,9.8408125,4.6000247
/mnt/md1/user_wago/data/LJSpeech-1.1/wavs/LJ014-0195.wav,9.0629375,4.5756984
/mnt/md1/user_wago/data/LJSpeech-1.1/wavs/LJ005-0025.wav,5.7773125,4.688596
/mnt/md1/user_wago/data/LJSpeech-1.1/wavs/LJ031-0037.wav,1.5745,4.573406
/mnt/md1/user_wago/data/LJSpeech-1.1/wavs/LJ040-0195.wav,7.9019375,4.512913
/mnt/md1/user_wago/data/LJSpeech-1.1/wavs/LJ039-0145.wav,5.9630625,4.317609
/mnt/md1/user_wago/data/LJSpeech-1.1/wavs/LJ038-0126.wav,10.0381875,4.6373663
/mnt/md1/user_wago/data/LJSpeech-1.1/wavs/LJ008-0043.wav,8.0993125,4.452609
/mnt/md1/user_wago/data/LJSpeech-1.1/wavs/LJ031-0112.wav,7.367875,4.623006
/mnt/md1/user_wago/data/LJSpeech-1.1/wavs/LJ019-0322.wav,8.9584375,4.40153
/mnt/md1/user_wago/data/LJSpeech-1.1/wavs/LJ014-0119.wav,4.1170625,4.651302
/mnt/md1/user_wago/data/LJSpeech-1.1/wavs/LJ032-0017.wav,2.747125,4.6276007
/mnt/md1/user_wago/data/LJSpeech-1.1/wavs/LJ017-0215.wav,8.0180625,4.575441
/mnt/md1/user_wago/data/LJSpeech-1.1/wavs/LJ047-0109.wav,2.642625,4.739709
/mnt/md1/user_wago/data/LJSpeech-1.1/wavs/LJ011-0251.wav,7.263375,4.65893
/mnt/md1/user_wago/data/LJSpeech-1.1/wavs/LJ006-0101.wav,8.51725,4.4358144
/mnt/md1/user_wago/data/LJSpeech-1.1/wavs/LJ036-0176.wav,6.288125,4.6370034
/mnt/md1/user_wago/data/LJSpeech-1.1/wavs/LJ028-0445.wav,8.9700625,4.4124427
/mnt/md1/user_wago/data/LJSpeech-1.1/wavs/LJ019-0226.wav,8.6914375,4.6198735
/mnt/md1/user_wago/data/LJSpeech-1.1/wavs/LJ004-0138.wav,6.8454375,4.4704127
/mnt/md1/user_wago/data/LJSpeech-1.1/wavs/LJ023-0130.wav,4.070625,4.3208675
/mnt/md1/user_wago/data/LJSpeech-1.1/wavs/LJ002-0179.wav,5.336125,4.755367
/mnt/md1/user_wago/data/LJSpeech-1.1/wavs/LJ027-0159.wav,3.3391875,4.786228
/mnt/md1/user_wago/data/LJSpeech-1.1/wavs/LJ019-0198.wav,6.7641875,4.647199
/mnt/md1/user_wago/data/LJSpeech-1.1/wavs/LJ048-0187.wav,9.597,4.6001873
/mnt/md1/user_wago/data/LJSpeech-1.1/wavs/LJ016-0139.wav,6.9383125,4.6411095
/mnt/md1/user_wago/data/LJSpeech-1.1/wavs/LJ025-0075.wav,8.2038125,4.5679693
/mnt/md1/user_wago/data/LJSpeech-1.1/wavs/LJ044-0097.wav,9.794375,4.2278666
/mnt/md1/user_wago/data/LJSpeech-1.1/wavs/LJ003-0092.wav,6.2765625,4.527969
/mnt/md1/user_wago/data/LJSpeech-1.1/wavs/LJ016-0128.wav,6.381,4.5141177
/mnt/md1/user_wago/data/LJSpeech-1.1/wavs/LJ006-0086.wav,8.0645,4.4969625
/mnt/md1/user_wago/data/LJSpeech-1.1/wavs/LJ033-0201.wav,5.6728125,4.6483564
/mnt/md1/user_wago/data/LJSpeech-1.1/wavs/LJ020-0087.wav,5.0575,4.6373982
/mnt/md1/user_wago/data/LJSpeech-1.1/wavs/LJ042-0031.wav,3.8384375,4.666752
/mnt/md1/user_wago/data/LJSpeech-1.1/wavs/LJ010-0022.wav,8.1225,4.6443043
/mnt/md1/user_wago/data/LJSpeech-1.1/wavs/LJ019-0094.wav,8.1689375,4.3829894
/mnt/md1/user_wago/data/LJSpeech-1.1/wavs/LJ040-0179.wav,5.24325,4.481149
/mnt/md1/user_wago/data/LJSpeech-1.1/wavs/LJ038-0272.wav,7.4026875,4.437662
/mnt/md1/user_wago/data/LJSpeech-1.1/wavs/LJ025-0022.wav,7.077625,4.6358223
/mnt/md1/user_wago/data/LJSpeech-1.1/wavs/LJ005-0178.wav,3.1650625,4.799265
/mnt/md1/user_wago/data/LJSpeech-1.1/wavs/LJ048-0115.wav,7.2285625,4.705107
/mnt/md1/user_wago/data/LJSpeech-1.1/wavs/LJ007-0065.wav,7.576875,4.5738997
/mnt/md1/user_wago/data/LJSpeech-1.1/wavs/LJ010-0063.wav,6.3461875,4.659925
/mnt/md1/user_wago/data/LJSpeech-1.1/wavs/LJ005-0113.wav,9.6550625,4.4238415
/mnt/md1/user_wago/data/LJSpeech-1.1/wavs/LJ044-0081.wav,5.3013125,4.56968
/mnt/md1/user_wago/data/LJSpeech-1.1/wavs/LJ040-0079.wav,5.649625,4.428516
/mnt/md1/user_wago/data/LJSpeech-1.1/wavs/LJ038-0060.wav,8.819125,4.651315
/mnt/md1/user_wago/data/LJSpeech-1.1/wavs/LJ027-0144.wav,2.3871875,4.224081
/mnt/md1/user_wago/data/LJSpeech-1.1/wavs/LJ018-0120.wav,8.4591875,4.5391827
/mnt/md1/user_wago/data/LJSpeech-1.1/wavs/LJ042-0141.wav,6.7641875,4.5831056
/mnt/md1/user_wago/data/LJSpeech-1.1/wavs/LJ017-0125.wav,5.9863125,4.730617
/mnt/md1/user_wago/data/LJSpeech-1.1/wavs/LJ011-0224.wav,6.3694375,4.611708
/mnt/md1/user_wago/data/LJSpeech-1.1/wavs/LJ047-0090.wav,7.449125,4.625705
/mnt/md1/user_wago/data/LJSpeech-1.1/wavs/LJ003-0179.wav,6.67125,4.651046
/mnt/md1/user_wago/data/LJSpeech-1.1/wavs/LJ039-0015.wav,9.6318125,4.6603794
/mnt/md1/user_wago/data/LJSpeech-1.1/wavs/LJ043-0045.wav,7.4026875,4.662531
/mnt/md1/user_wago/data/LJSpeech-1.1/wavs/LJ046-0144.wav,8.5985625,4.694706
/mnt/md1/user_wago/data/LJSpeech-1.1/wavs/LJ040-0138.wav,5.3245,4.7339077
/mnt/md1/user_wago/data/LJSpeech-1.1/wavs/LJ019-0380.wav,3.583,4.7515445
/mnt/md1/user_wago/data/LJSpeech-1.1/wavs/LJ012-0018.wav,9.3415625,4.680979
/mnt/md1/user_wago/data/LJSpeech-1.1/wavs/LJ046-0078.wav,8.0180625,4.518367
/mnt/md1/user_wago/data/LJSpeech-1.1/wavs/LJ048-0214.wav,6.9035,4.5539494
/mnt/md1/user_wago/data/LJSpeech-1.1/wavs/LJ033-0156.wav,6.0559375,4.638822
/mnt/md1/user_wago/data/LJSpeech-1.1/wavs/LJ003-0026.wav,9.376375,4.3185782
/mnt/md1/user_wago/data/LJSpeech-1.1/wavs/LJ002-0238.wav,5.8005,4.3966246
/mnt/md1/user_wago/data/LJSpeech-1.1/wavs/LJ031-0034.wav,4.1286875,4.6006866
/mnt/md1/user_wago/data/LJSpeech-1.1/wavs/LJ003-0044.wav,3.199875,4.575415
/mnt/md1/user_wago/data/LJSpeech-1.1/wavs/LJ003-0077.wav,5.847,4.4739695
/mnt/md1/user_wago/data/LJSpeech-1.1/wavs/LJ034-0046.wav,7.5884375,4.664574
/mnt/md1/user_wago/data/LJSpeech-1.1/wavs/LJ005-0064.wav,7.1705,4.6406612
/mnt/md1/user_wago/data/LJSpeech-1.1/wavs/LJ021-0029.wav,6.0443125,4.4378033
/mnt/md1/user_wago/data/LJSpeech-1.1/wavs/LJ022-0106.wav,4.477,4.683112
/mnt/md1/user_wago/data/LJSpeech-1.1/wavs/LJ011-0205.wav,6.09075,3.6289685
/mnt/md1/user_wago/data/LJSpeech-1.1/wavs/LJ009-0190.wav,7.5304375,4.4332533
/mnt/md1/user_wago/data/LJSpeech-1.1/wavs/LJ016-0208.wav,8.4940625,4.415329
/mnt/md1/user_wago/data/LJSpeech-1.1/wavs/LJ028-0278.wav,6.6364375,4.764386
/mnt/md1/user_wago/data/LJSpeech-1.1/wavs/LJ046-0086.wav,7.25175,4.6884723
/mnt/md1/user_wago/data/LJSpeech-1.1/wavs/LJ009-0295.wav,9.41125,4.62163
/mnt/md1/user_wago/data/LJSpeech-1.1/wavs/LJ023-0011.wav,4.1635,4.4991426
/mnt/md1/user_wago/data/LJSpeech-1.1/wavs/LJ034-0092.wav,7.2169375,4.475364
/mnt/md1/user_wago/data/LJSpeech-1.1/wavs/LJ040-0066.wav,7.367875,4.658451
/mnt/md1/user_wago/data/LJSpeech-1.1/wavs/LJ030-0223.wav,5.1155625,4.656589
/mnt/md1/user_wago/data/LJSpeech-1.1/wavs/LJ049-0221.wav,8.7843125,4.6756086
/mnt/md1/user_wago/data/LJSpeech-1.1/wavs/LJ002-0236.wav,2.7935625,4.443621
/mnt/md1/user_wago/data/LJSpeech-1.1/wavs/LJ004-0097.wav,5.2780625,4.3286943
/mnt/md1/user_wago/data/LJSpeech-1.1/wavs/LJ028-0133.wav,9.8408125,4.5376005
/mnt/md1/user_wago/data/LJSpeech-1.1/wavs/LJ003-0282.wav,6.50875,4.5939164
/mnt/md1/user_wago/data/LJSpeech-1.1/wavs/LJ013-0154.wav,2.851625,4.368418
/mnt/md1/user_wago/data/LJSpeech-1.1/wavs/LJ012-0207.wav,4.9994375,4.5389156
/mnt/md1/user_wago/data/LJSpeech-1.1/wavs/LJ002-0256.wav,8.99325,4.065354
/mnt/md1/user_wago/data/LJSpeech-1.1/wavs/LJ004-0141.wav,7.2401875,4.57728
/mnt/md1/user_wago/data/LJSpeech-1.1/wavs/LJ011-0277.wav,9.8291875,4.502236
/mnt/md1/user_wago/data/LJSpeech-1.1/wavs/LJ028-0099.wav,5.3825625,4.7478943
/mnt/md1/user_wago/data/LJSpeech-1.1/wavs/LJ010-0184.wav,6.311375,4.4727316
/mnt/md1/user_wago/data/LJSpeech-1.1/wavs/LJ010-0240.wav,4.4073125,4.749004
/mnt/md1/user_wago/data/LJSpeech-1.1/wavs/LJ003-0220.wav,4.001,4.5758915
/mnt/md1/user_wago/data/LJSpeech-1.1/wavs/LJ037-0083.wav,9.5273125,4.7631936
/mnt/md1/user_wago/data/LJSpeech-1.1/wavs/LJ036-0157.wav,9.399625,4.684639
/mnt/md1/user_wago/data/LJSpeech-1.1/wavs/LJ010-0101.wav,4.0474375,4.6132216
/mnt/md1/user_wago/data/LJSpeech-1.1/wavs/LJ044-0086.wav,5.7425,4.573533
/mnt/md1/user_wago/data/LJSpeech-1.1/wavs/LJ039-0069.wav,7.35625,4.4248753
/mnt/md1/user_wago/data/LJSpeech-1.1/wavs/LJ015-0295.wav,5.71925,4.6725955
/mnt/md1/user_wago/data/LJSpeech-1.1/wavs/LJ035-0031.wav,4.360875,4.237173
/mnt/md1/user_wago/data/LJSpeech-1.1/wavs/LJ032-0004.wav,6.61325,4.6529512
/mnt/md1/user_wago/data/LJSpeech-1.1/wavs/LJ016-0283.wav,8.5869375,4.601679
/mnt/md1/user_wago/data/LJSpeech-1.1/wavs/LJ036-0187.wav,6.9150625,4.570657
/mnt/md1/user_wago/data/LJSpeech-1.1/wavs/LJ029-0131.wav,5.9863125,4.701071
/mnt/md1/user_wago/data/LJSpeech-1.1/wavs/LJ025-0035.wav,8.6681875,4.633413
/mnt/md1/user_wago/data/LJSpeech-1.1/wavs/LJ033-0176.wav,5.905,4.561842
/mnt/md1/user_wago/data/LJSpeech-1.1/wavs/LJ008-0241.wav,5.336125,4.7048793
/mnt/md1/user_wago/data/LJSpeech-1.1/wavs/LJ044-0029.wav,9.67825,4.514892
/mnt/md1/user_wago/data/LJSpeech-1.1/wavs/LJ024-0049.wav,7.391125,4.2591
/mnt/md1/user_wago/data/LJSpeech-1.1/wavs/LJ028-0493.wav,5.4870625,4.607212
/mnt/md1/user_wago/data/LJSpeech-1.1/wavs/LJ015-0030.wav,2.9445,4.555962
/mnt/md1/user_wago/data/LJSpeech-1.1/wavs/LJ046-0233.wav,5.03425,4.4082403
/mnt/md1/user_wago/data/LJSpeech-1.1/wavs/LJ010-0298.wav,3.780375,4.63954
/mnt/md1/user_wago/data/LJSpeech-1.1/wavs/LJ019-0323.wav,7.4955625,4.63479
/mnt/md1/user_wago/data/LJSpeech-1.1/wavs/LJ033-0058.wav,5.6844375,4.761026
/mnt/md1/user_wago/data/LJSpeech-1.1/wavs/LJ048-0063.wav,9.689875,4.722752
/mnt/md1/user_wago/data/LJSpeech-1.1/wavs/LJ028-0358.wav,7.2285625,4.592707
/mnt/md1/user_wago/data/LJSpeech-1.1/wavs/LJ030-0148.wav,5.939875,4.686366
/mnt/md1/user_wago/data/LJSpeech-1.1/wavs/LJ030-0139.wav,9.0513125,4.6108336
/mnt/md1/user_wago/data/LJSpeech-1.1/wavs/LJ034-0014.wav,4.5350625,4.7577834
/mnt/md1/user_wago/data/LJSpeech-1.1/wavs/LJ010-0048.wav,7.83225,4.648861
/mnt/md1/user_wago/data/LJSpeech-1.1/wavs/LJ024-0023.wav,5.71925,4.3283634
/mnt/md1/user_wago/data/LJSpeech-1.1/wavs/LJ046-0252.wav,9.6550625,4.6073084
/mnt/md1/user_wago/data/LJSpeech-1.1/wavs/LJ011-0058.wav,8.5869375,4.4310303
/mnt/md1/user_wago/data/LJSpeech-1.1/wavs/LJ020-0107.wav,9.3299375,4.4797106
/mnt/md1/user_wago/data/LJSpeech-1.1/wavs/LJ046-0060.wav,5.4754375,4.6789255
/mnt/md1/user_wago/data/LJSpeech-1.1/wavs/LJ001-0117.wav,6.6480625,4.631627
/mnt/md1/user_wago/data/LJSpeech-1.1/wavs/LJ032-0014.wav,4.569875,4.552041
/mnt/md1/user_wago/data/LJSpeech-1.1/wavs/LJ028-0395.wav,7.9135625,4.2883825
/mnt/md1/user_wago/data/LJSpeech-1.1/wavs/LJ028-0027.wav,9.875625,4.5906496
/mnt/md1/user_wago/data/LJSpeech-1.1/wavs/LJ007-0201.wav,6.392625,4.5103784
/mnt/md1/user_wago/data/LJSpeech-1.1/wavs/LJ016-0159.wav,5.9863125,4.4672537
/mnt/md1/user_wago/data/LJSpeech-1.1/wavs/LJ042-0237.wav,3.4205,4.4999647
/mnt/md1/user_wago/data/LJSpeech-1.1/wavs/LJ003-0111.wav,8.737875,4.3982463
/mnt/md1/user_wago/data/LJSpeech-1.1/wavs/LJ029-0019.wav,5.6960625,4.7411475
/mnt/md1/user_wago/data/LJSpeech-1.1/wavs/LJ002-0335.wav,10.0149375,4.3768735
/mnt/md1/user_wago/data/LJSpeech-1.1/wavs/LJ029-0074.wav,5.254875,4.767869
/mnt/md1/user_wago/data/LJSpeech-1.1/wavs/LJ001-0036.wav,7.3330625,4.502197
/mnt/md1/user_wago/data/LJSpeech-1.1/wavs/LJ046-0071.wav,6.1604375,4.668412
/mnt/md1/user_wago/data/LJSpeech-1.1/wavs/LJ038-0102.wav,8.5636875,4.6408334
/mnt/md1/user_wago/data/LJSpeech-1.1/wavs/LJ039-0151.wav,1.481625,4.446961
/mnt/md1/user_wago/data/LJSpeech-1.1/wavs/LJ031-0143.wav,6.311375,4.8044505
/mnt/md1/user_wago/data/LJSpeech-1.1/wavs/LJ042-0049.wav,9.0396875,4.4723945
/mnt/md1/user_wago/data/LJSpeech-1.1/wavs/LJ018-0232.wav,4.686,4.527793
/mnt/md1/user_wago/data/LJSpeech-1.1/wavs/LJ040-0025.wav,5.069125,4.5106483
/mnt/md1/user_wago/data/LJSpeech-1.1/wavs/LJ036-0177.wav,4.3725,4.5289516
/mnt/md1/user_wago/data/LJSpeech-1.1/wavs/LJ019-0076.wav,4.4421875,4.821938
/mnt/md1/user_wago/data/LJSpeech-1.1/wavs/LJ044-0215.wav,4.5815,4.7051535
/mnt/md1/user_wago/data/LJSpeech-1.1/wavs/LJ001-0172.wav,7.6465,4.645077
/mnt/md1/user_wago/data/LJSpeech-1.1/wavs/LJ004-0115.wav,7.286625,4.5520806
/mnt/md1/user_wago/data/LJSpeech-1.1/wavs/LJ002-0291.wav,8.62175,4.428748
/mnt/md1/user_wago/data/LJSpeech-1.1/wavs/LJ005-0244.wav,3.7688125,4.5690527
/mnt/md1/user_wago/data/LJSpeech-1.1/wavs/LJ035-0156.wav,5.51025,4.5478964
/mnt/md1/user_wago/data/LJSpeech-1.1/wavs/LJ019-0123.wav,4.2215625,4.6878247
/mnt/md1/user_wago/data/LJSpeech-1.1/wavs/LJ039-0206.wav,6.9035,4.586067
/mnt/md1/user_wago/data/LJSpeech-1.1/wavs/LJ011-0033.wav,3.792,4.5850973
/mnt/md1/user_wago/data/LJSpeech-1.1/wavs/LJ012-0015.wav,5.9514375,4.7594285
/mnt/md1/user_wago/data/LJSpeech-1.1/wavs/LJ015-0257.wav,4.093875,4.618858
/mnt/md1/user_wago/data/LJSpeech-1.1/wavs/LJ039-0001.wav,5.545125,4.737993
/mnt/md1/user_wago/data/LJSpeech-1.1/wavs/LJ018-0327.wav,6.19525,4.793296
/mnt/md1/user_wago/data/LJSpeech-1.1/wavs/LJ048-0151.wav,8.9700625,4.5739927
/mnt/md1/user_wago/data/LJSpeech-1.1/wavs/LJ008-0151.wav,6.88025,4.5225463
/mnt/md1/user_wago/data/LJSpeech-1.1/wavs/LJ015-0299.wav,9.2255,4.5349255
/mnt/md1/user_wago/data/LJSpeech-1.1/wavs/LJ018-0197.wav,8.9468125,4.653
/mnt/md1/user_wago/data/LJSpeech-1.1/wavs/LJ009-0285.wav,6.3461875,4.569815
/mnt/md1/user_wago/data/LJSpeech-1.1/wavs/LJ016-0268.wav,3.5598125,4.6361327
/mnt/md1/user_wago/data/LJSpeech-1.1/wavs/LJ015-0060.wav,3.97775,4.513939
/mnt/md1/user_wago/data/LJSpeech-1.1/wavs/LJ028-0338.wav,5.254875,4.51017
/mnt/md1/user_wago/data/LJSpeech-1.1/wavs/LJ029-0031.wav,5.34775,4.628265
/mnt/md1/user_wago/data/LJSpeech-1.1/wavs/LJ019-0222.wav,7.553625,4.5431614
/mnt/md1/user_wago/data/LJSpeech-1.1/wavs/LJ019-0350.wav,8.83075,4.3490868
/mnt/md1/user_wago/data/LJSpeech-1.1/wavs/LJ030-0235.wav,5.55675,4.722371
/mnt/md1/user_wago/data/LJSpeech-1.1/wavs/LJ049-0022.wav,9.4344375,4.5584736
/mnt/md1/user_wago/data/LJSpeech-1.1/wavs/LJ023-0020.wav,9.2255,4.466193
/mnt/md1/user_wago/data/LJSpeech-1.1/wavs/LJ041-0049.wav,9.7363125,4.5118237
/mnt/md1/user_wago/data/LJSpeech-1.1/wavs/LJ009-0199.wav,5.8818125,4.67926
/mnt/md1/user_wago/data/LJSpeech-1.1/wavs/LJ028-0293.wav,7.6349375,4.5641236
/mnt/md1/user_wago/data/LJSpeech-1.1/wavs/LJ047-0104.wav,6.2185,4.5239253
/mnt/md1/user_wago/data/LJSpeech-1.1/wavs/LJ043-0010.wav,6.6596875,4.717565
/mnt/md1/user_wago/data/LJSpeech-1.1/wavs/LJ044-0147.wav,9.5389375,4.582858
/mnt/md1/user_wago/data/LJSpeech-1.1/wavs/LJ008-0311.wav,5.707625,4.496001
/mnt/md1/user_wago/data/LJSpeech-1.1/wavs/LJ008-0227.wav,7.6233125,4.306781
/mnt/md1/user_wago/data/LJSpeech-1.1/wavs/LJ006-0278.wav,2.433625,4.436673
/mnt/md1/user_wago/data/LJSpeech-1.1/wavs/LJ007-0009.wav,1.3423125,4.4118648
/mnt/md1/user_wago/data/LJSpeech-1.1/wavs/LJ031-0156.wav,5.45225,4.6925488
/mnt/md1/user_wago/data/LJSpeech-1.1/wavs/LJ035-0165.wav,3.8965,4.6334352
/mnt/md1/user_wago/data/LJSpeech-1.1/wavs/LJ039-0216.wav,6.7525625,4.439141
/mnt/md1/user_wago/data/LJSpeech-1.1/wavs/LJ030-0255.wav,4.8020625,4.5998764
/mnt/md1/user_wago/data/LJSpeech-1.1/wavs/LJ028-0444.wav,9.2486875,4.5234003
/mnt/md1/user_wago/data/LJSpeech-1.1/wavs/LJ028-0035.wav,7.7278125,4.510113
/mnt/md1/user_wago/data/LJSpeech-1.1/wavs/LJ045-0239.wav,8.5405,4.574725
/mnt/md1/user_wago/data/LJSpeech-1.1/wavs/LJ040-0240.wav,6.7176875,4.4596543
/mnt/md1/user_wago/data/LJSpeech-1.1/wavs/LJ021-0210.wav,7.35625,4.648809
/mnt/md1/user_wago/data/LJSpeech-1.1/wavs/LJ034-0150.wav,9.3415625,4.569549
/mnt/md1/user_wago/data/LJSpeech-1.1/wavs/LJ001-0058.wav,7.3795,4.3321657
/mnt/md1/user_wago/data/LJSpeech-1.1/wavs/LJ001-0147.wav,5.9863125,4.649489
/mnt/md1/user_wago/data/LJSpeech-1.1/wavs/LJ011-0254.wav,4.4189375,4.2086744
/mnt/md1/user_wago/data/LJSpeech-1.1/wavs/LJ017-0281.wav,6.381,4.79331
/mnt/md1/user_wago/data/LJSpeech-1.1/wavs/LJ041-0198.wav,6.6480625,4.6434736
/mnt/md1/user_wago/data/LJSpeech-1.1/wavs/LJ013-0229.wav,7.275,4.5690956
/mnt/md1/user_wago/data/LJSpeech-1.1/wavs/LJ020-0035.wav,9.1441875,4.63739
/mnt/md1/user_wago/data/LJSpeech-1.1/wavs/LJ042-0187.wav,7.472375,4.6486993
/mnt/md1/user_wago/data/LJSpeech-1.1/wavs/LJ030-0168.wav,4.8253125,4.6743646
/mnt/md1/user_wago/data/LJSpeech-1.1/wavs/LJ030-0147.wav,4.836875,4.718627
/mnt/md1/user_wago/data/LJSpeech-1.1/wavs/LJ018-0358.wav,6.1836875,4.500206
/mnt/md1/user_wago/data/LJSpeech-1.1/wavs/LJ012-0101.wav,9.4460625,4.488585
/mnt/md1/user_wago/data/LJSpeech-1.1/wavs/LJ009-0179.wav,9.7246875,4.350225
/mnt/md1/user_wago/data/LJSpeech-1.1/wavs/LJ039-0117.wav,4.488625,4.2525134
/mnt/md1/user_wago/data/LJSpeech-1.1/wavs/LJ042-0052.wav,5.03425,4.4404263
/mnt/md1/user_wago/data/LJSpeech-1.1/wavs/LJ038-0018.wav,9.6318125,4.522086
/mnt/md1/user_wago/data/LJSpeech-1.1/wavs/LJ040-0205.wav,9.5621875,4.37836
/mnt/md1/user_wago/data/LJSpeech-1.1/wavs/LJ011-0142.wav,5.336125,4.78168
/mnt/md1/user_wago/data/LJSpeech-1.1/wavs/LJ035-0109.wav,6.973125,4.5677886
/mnt/md1/user_wago/data/LJSpeech-1.1/wavs/LJ027-0027.wav,9.794375,4.4228034
/mnt/md1/user_wago/data/LJSpeech-1.1/wavs/LJ049-0185.wav,3.60625,4.549349
/mnt/md1/user_wago/data/LJSpeech-1.1/wavs/LJ012-0170.wav,8.8771875,4.514571
/mnt/md1/user_wago/data/LJSpeech-1.1/wavs/LJ031-0134.wav,8.424375,4.6751957
/mnt/md1/user_wago/data/LJSpeech-1.1/wavs/LJ017-0072.wav,1.8415,4.388876
/mnt/md1/user_wago/data/LJSpeech-1.1/wavs/LJ003-0238.wav,5.8701875,4.662635
/mnt/md1/user_wago/data/LJSpeech-1.1/wavs/LJ006-0021.wav,5.9514375,4.4759393
/mnt/md1/user_wago/data/LJSpeech-1.1/wavs/LJ008-0144.wav,6.59,4.47015
/mnt/md1/user_wago/data/LJSpeech-1.1/wavs/LJ029-0069.wav,9.213875,4.6601667
/mnt/md1/user_wago/data/LJSpeech-1.1/wavs/LJ030-0023.wav,1.7254375,4.355847
/mnt/md1/user_wago/data/LJSpeech-1.1/wavs/LJ028-0392.wav,6.7641875,4.246136
/mnt/md1/user_wago/data/LJSpeech-1.1/wavs/LJ049-0186.wav,6.323,4.6463346
/mnt/md1/user_wago/data/LJSpeech-1.1/wavs/LJ041-0139.wav,9.1790625,4.5610495
/mnt/md1/user_wago/data/LJSpeech-1.1/wavs/LJ045-0160.wav,3.39725,4.4253235
/mnt/md1/user_wago/data/LJSpeech-1.1/wavs/LJ002-0229.wav,8.2850625,4.35874
/mnt/md1/user_wago/data/LJSpeech-1.1/wavs/LJ015-0081.wav,9.3415625,4.6314664
/mnt/md1/user_wago/data/LJSpeech-1.1/wavs/LJ025-0039.wav,9.2255,4.6700187
/mnt/md1/user_wago/data/LJSpeech-1.1/wavs/LJ001-0122.wav,6.5319375,4.5521145
/mnt/md1/user_wago/data/LJSpeech-1.1/wavs/LJ047-0106.wav,9.51575,4.5473194
/mnt/md1/user_wago/data/LJSpeech-1.1/wavs/LJ019-0166.wav,3.803625,4.63765
/mnt/md1/user_wago/data/LJSpeech-1.1/wavs/LJ005-0053.wav,3.699125,4.6079793
/mnt/md1/user_wago/data/LJSpeech-1.1/wavs/LJ017-0180.wav,9.8291875,4.6776147
/mnt/md1/user_wago/data/LJSpeech-1.1/wavs/LJ031-0229.wav,5.359375,4.7746277
/mnt/md1/user_wago/data/LJSpeech-1.1/wavs/LJ044-0162.wav,9.4460625,4.441462
/mnt/md1/user_wago/data/LJSpeech-1.1/wavs/LJ028-0101.wav,7.275,4.700382
/mnt/md1/user_wago/data/LJSpeech-1.1/wavs/LJ027-0151.wav,3.4553125,4.3615885
/mnt/md1/user_wago/data/LJSpeech-1.1/wavs/LJ018-0394.wav,7.0544375,4.741108
/mnt/md1/user_wago/data/LJSpeech-1.1/wavs/LJ034-0075.wav,7.1356875,4.651799
/mnt/md1/user_wago/data/LJSpeech-1.1/wavs/LJ005-0102.wav,6.3578125,4.63978
/mnt/md1/user_wago/data/LJSpeech-1.1/wavs/LJ014-0173.wav,7.4955625,4.4982214
/mnt/md1/user_wago/data/LJSpeech-1.1/wavs/LJ026-0068.wav,2.932875,4.7307363
/mnt/md1/user_wago/data/LJSpeech-1.1/wavs/LJ005-0203.wav,9.689875,4.2101016
/mnt/md1/user_wago/data/LJSpeech-1.1/wavs/LJ043-0016.wav,2.8864375,4.3233867
/mnt/md1/user_wago/data/LJSpeech-1.1/wavs/LJ004-0166.wav,8.4591875,4.5056157
/mnt/md1/user_wago/data/LJSpeech-1.1/wavs/LJ011-0293.wav,8.319875,4.5194917
/mnt/md1/user_wago/data/LJSpeech-1.1/wavs/LJ030-0105.wav,1.8066875,4.6254992
/mnt/md1/user_wago/data/LJSpeech-1.1/wavs/LJ011-0239.wav,7.96,4.58072
/mnt/md1/user_wago/data/LJSpeech-1.1/wavs/LJ008-0076.wav,7.182125,4.596533
/mnt/md1/user_wago/data/LJSpeech-1.1/wavs/LJ016-0305.wav,8.0180625,4.540948
/mnt/md1/user_wago/data/LJSpeech-1.1/wavs/LJ046-0166.wav,6.868625,4.5696483
/mnt/md1/user_wago/data/LJSpeech-1.1/wavs/LJ033-0107.wav,4.569875,4.7337365
/mnt/md1/user_wago/data/LJSpeech-1.1/wavs/LJ029-0121.wav,6.4275,4.7337904
/mnt/md1/user_wago/data/LJSpeech-1.1/wavs/LJ036-0173.wav,4.97625,4.7358236
/mnt/md1/user_wago/data/LJSpeech-1.1/wavs/LJ020-0082.wav,9.956875,4.3279138
/mnt/md1/user_wago/data/LJSpeech-1.1/wavs/LJ050-0216.wav,5.1968125,4.809326
/mnt/md1/user_wago/data/LJSpeech-1.1/wavs/LJ025-0165.wav,9.0165,4.5984526
/mnt/md1/user_wago/data/LJSpeech-1.1/wavs/LJ040-0163.wav,9.6318125,4.494562
/mnt/md1/user_wago/data/LJSpeech-1.1/wavs/LJ018-0293.wav,6.9383125,4.767095
/mnt/md1/user_wago/data/LJSpeech-1.1/wavs/LJ030-0040.wav,3.989375,4.686548
/mnt/md1/user_wago/data/LJSpeech-1.1/wavs/LJ006-0003.wav,6.1604375,4.6216636
/mnt/md1/user_wago/data/LJSpeech-1.1/wavs/LJ018-0328.wav,5.3709375,4.516167
/mnt/md1/user_wago/data/LJSpeech-1.1/wavs/LJ031-0023.wav,9.1674375,4.353825
/mnt/md1/user_wago/data/LJSpeech-1.1/wavs/LJ012-0063.wav,8.72625,4.6115785
/mnt/md1/user_wago/data/LJSpeech-1.1/wavs/LJ011-0198.wav,6.9499375,4.500531
/mnt/md1/user_wago/data/LJSpeech-1.1/wavs/LJ040-0063.wav,8.3779375,4.28469
/mnt/md1/user_wago/data/LJSpeech-1.1/wavs/LJ012-0277.wav,6.520375,4.657245
/mnt/md1/user_wago/data/LJSpeech-1.1/wavs/LJ033-0086.wav,7.1124375,4.624056
/mnt/md1/user_wago/data/LJSpeech-1.1/wavs/LJ018-0190.wav,8.029625,4.5719237
/mnt/md1/user_wago/data/LJSpeech-1.1/wavs/LJ030-0121.wav,7.9948125,4.536993
/mnt/md1/user_wago/data/LJSpeech-1.1/wavs/LJ014-0060.wav,9.190625,4.683532
/mnt/md1/user_wago/data/LJSpeech-1.1/wavs/LJ046-0066.wav,8.343125,4.7126546
/mnt/md1/user_wago/data/LJSpeech-1.1/wavs/LJ049-0007.wav,5.1968125,4.7004566
/mnt/md1/user_wago/data/LJSpeech-1.1/wavs/LJ010-0228.wav,4.778875,4.781216
/mnt/md1/user_wago/data/LJSpeech-1.1/wavs/LJ014-0329.wav,7.066,4.67028
/mnt/md1/user_wago/data/LJSpeech-1.1/wavs/LJ004-0103.wav,7.25175,4.350111
/mnt/md1/user_wago/data/LJSpeech-1.1/wavs/LJ013-0096.wav,8.5405,4.52183
/mnt/md1/user_wago/data/LJSpeech-1.1/wavs/LJ029-0094.wav,6.9035,4.7292786
/mnt/md1/user_wago/data/LJSpeech-1.1/wavs/LJ014-0129.wav,9.5389375,4.550586
/mnt/md1/user_wago/data/LJSpeech-1.1/wavs/LJ004-0096.wav,5.939875,4.4576287
/mnt/md1/user_wago/data/LJSpeech-1.1/wavs/LJ015-0108.wav,4.384125,4.662561
/mnt/md1/user_wago/data/LJSpeech-1.1/wavs/LJ028-0373.wav,5.069125,4.5759416
/mnt/md1/user_wago/data/LJSpeech-1.1/wavs/LJ015-0006.wav,8.3315,4.6048584
/mnt/md1/user_wago/data/LJSpeech-1.1/wavs/LJ024-0083.wav,3.2463125,4.379699
/mnt/md1/user_wago/data/LJSpeech-1.1/wavs/LJ029-0068.wav,5.8701875,4.7592545
/mnt/md1/user_wago/data/LJSpeech-1.1/wavs/LJ002-0265.wav,7.2053125,4.2326365
/mnt/md1/user_wago/data/LJSpeech-1.1/wavs/LJ014-0251.wav,5.92825,4.7619324
/mnt/md1/user_wago/data/LJSpeech-1.1/wavs/LJ003-0072.wav,9.6201875,4.6018167
/mnt/md1/user_wago/data/LJSpeech-1.1/wavs/LJ031-0072.wav,3.7339375,4.501211
/mnt/md1/user_wago/data/LJSpeech-1.1/wavs/LJ043-0167.wav,3.39725,4.7786665
/mnt/md1/user_wago/data/LJSpeech-1.1/wavs/LJ007-0052.wav,7.658125,4.7347713
/mnt/md1/user_wago/data/LJSpeech-1.1/wavs/LJ016-0286.wav,2.561375,4.7290945
/mnt/md1/user_wago/data/LJSpeech-1.1/wavs/LJ038-0251.wav,7.6465,4.6866846
/mnt/md1/user_wago/data/LJSpeech-1.1/wavs/LJ013-0114.wav,7.5188125,4.619878
/mnt/md1/user_wago/data/LJSpeech-1.1/wavs/LJ009-0208.wav,8.51725,4.4042945
/mnt/md1/user_wago/data/LJSpeech-1.1/wavs/LJ026-0156.wav,5.9746875,4.558813
/mnt/md1/user_wago/data/LJSpeech-1.1/wavs/LJ006-0077.wav,8.424375,4.5556445
/mnt/md1/user_wago/data/LJSpeech-1.1/wavs/LJ043-0146.wav,5.0575,4.488642
/mnt/md1/user_wago/data/LJSpeech-1.1/wavs/LJ030-0042.wav,8.505625,4.6271143
/mnt/md1/user_wago/data/LJSpeech-1.1/wavs/LJ044-0150.wav,4.7904375,4.569569
/mnt/md1/user_wago/data/LJSpeech-1.1/wavs/LJ019-0149.wav,6.5668125,4.367652
/mnt/md1/user_wago/data/LJSpeech-1.1/wavs/LJ047-0013.wav,8.9700625,4.6003
/mnt/md1/user_wago/data/LJSpeech-1.1/wavs/LJ045-0062.wav,6.1604375,4.6670704
/mnt/md1/user_wago/data/LJSpeech-1.1/wavs/LJ005-0051.wav,8.7610625,4.649351
/mnt/md1/user_wago/data/LJSpeech-1.1/wavs/LJ050-0156.wav,8.5753125,4.593155
/mnt/md1/user_wago/data/LJSpeech-1.1/wavs/LJ016-0034.wav,4.4305625,4.6832447
/mnt/md1/user_wago/data/LJSpeech-1.1/wavs/LJ016-0007.wav,1.96925,4.4396725
/mnt/md1/user_wago/data/LJSpeech-1.1/wavs/LJ002-0319.wav,6.5668125,4.5020704
/mnt/md1/user_wago/data/LJSpeech-1.1/wavs/LJ018-0089.wav,8.99325,4.6314287
/mnt/md1/user_wago/data/LJSpeech-1.1/wavs/LJ028-0207.wav,3.908125,4.5666
/mnt/md1/user_wago/data/LJSpeech-1.1/wavs/LJ050-0016.wav,9.67825,4.509491
/mnt/md1/user_wago/data/LJSpeech-1.1/wavs/LJ020-0007.wav,5.069125,4.620579
/mnt/md1/user_wago/data/LJSpeech-1.1/wavs/LJ014-0139.wav,5.3245,4.6222253
/mnt/md1/user_wago/data/LJSpeech-1.1/wavs/LJ004-0020.wav,6.4623125,4.5045037
/mnt/md1/user_wago/data/LJSpeech-1.1/wavs/LJ010-0065.wav,4.256375,4.731107
/mnt/md1/user_wago/data/LJSpeech-1.1/wavs/LJ036-0096.wav,5.51025,4.735779
/mnt/md1/user_wago/data/LJSpeech-1.1/wavs/LJ046-0005.wav,6.1604375,4.5617185
/mnt/md1/user_wago/data/LJSpeech-1.1/wavs/LJ005-0063.wav,10.09625,4.7202516
/mnt/md1/user_wago/data/LJSpeech-1.1/wavs/LJ030-0036.wav,5.45225,4.69493
/mnt/md1/user_wago/data/LJSpeech-1.1/wavs/LJ030-0016.wav,9.6318125,4.622848
/mnt/md1/user_wago/data/LJSpeech-1.1/wavs/LJ002-0148.wav,5.8585625,4.584314
/mnt/md1/user_wago/data/LJSpeech-1.1/wavs/LJ030-0087.wav,6.7293125,4.6323576
/mnt/md1/user_wago/data/LJSpeech-1.1/wavs/LJ017-0201.wav,8.4591875,4.6570325
/mnt/md1/user_wago/data/LJSpeech-1.1/wavs/LJ030-0120.wav,8.04125,4.720404
/mnt/md1/user_wago/data/LJSpeech-1.1/wavs/LJ027-0077.wav,5.707625,4.4944596
/mnt/md1/user_wago/data/LJSpeech-1.1/wavs/LJ005-0207.wav,3.908125,4.6444087
/mnt/md1/user_wago/data/LJSpeech-1.1/wavs/LJ046-0165.wav,7.8555,4.5903316
/mnt/md1/user_wago/data/LJSpeech-1.1/wavs/LJ012-0093.wav,4.1635,4.706153
/mnt/md1/user_wago/data/LJSpeech-1.1/wavs/LJ003-0206.wav,7.3446875,4.400698
/mnt/md1/user_wago/data/LJSpeech-1.1/wavs/LJ005-0155.wav,6.520375,4.6299543
/mnt/md1/user_wago/data/LJSpeech-1.1/wavs/LJ028-0107.wav,2.7819375,4.7739596
/mnt/md1/user_wago/data/LJSpeech-1.1/wavs/LJ042-0224.wav,8.795875,4.4617977
/mnt/md1/user_wago/data/LJSpeech-1.1/wavs/LJ014-0014.wav,7.6000625,4.679518
/mnt/md1/user_wago/data/LJSpeech-1.1/wavs/LJ016-0442.wav,7.1124375,4.4853525
/mnt/md1/user_wago/data/LJSpeech-1.1/wavs/LJ030-0029.wav,3.0489375,4.6983385
/mnt/md1/user_wago/data/LJSpeech-1.1/wavs/LJ011-0265.wav,7.472375,4.7214165
/mnt/md1/user_wago/data/LJSpeech-1.1/wavs/LJ047-0028.wav,5.2780625,4.505864
/mnt/md1/user_wago/data/LJSpeech-1.1/wavs/LJ019-0266.wav,8.052875,4.5558057
/mnt/md1/user_wago/data/LJSpeech-1.1/wavs/LJ003-0100.wav,8.25025,4.598728
/mnt/md1/user_wago/data/LJSpeech-1.1/wavs/LJ041-0103.wav,5.1851875,4.2667375
/mnt/md1/user_wago/data/LJSpeech-1.1/wavs/LJ047-0020.wav,6.497125,4.6099586
/mnt/md1/user_wago/data/LJSpeech-1.1/wavs/LJ026-0014.wav,10.09625,4.633632
/mnt/md1/user_wago/data/LJSpeech-1.1/wavs/LJ027-0021.wav,6.8570625,4.4446683
/mnt/md1/user_wago/data/LJSpeech-1.1/wavs/LJ045-0229.wav,9.771125,4.5458245
/mnt/md1/user_wago/data/LJSpeech-1.1/wavs/LJ028-0303.wav,7.5884375,4.459383
/mnt/md1/user_wago/data/LJSpeech-1.1/wavs/LJ012-0201.wav,4.5350625,4.578704
/mnt/md1/user_wago/data/LJSpeech-1.1/wavs/LJ003-0307.wav,4.4305625,4.736681
/mnt/md1/user_wago/data/LJSpeech-1.1/wavs/LJ008-0054.wav,7.576875,4.549744
/mnt/md1/user_wago/data/LJSpeech-1.1/wavs/LJ016-0109.wav,3.60625,4.7019315
/mnt/md1/user_wago/data/LJSpeech-1.1/wavs/LJ008-0182.wav,9.109375,4.3864527
/mnt/md1/user_wago/data/LJSpeech-1.1/wavs/LJ026-0147.wav,10.061375,4.4885707
/mnt/md1/user_wago/data/LJSpeech-1.1/wavs/LJ035-0194.wav,6.810625,4.4888453
/mnt/md1/user_wago/data/LJSpeech-1.1/wavs/LJ003-0297.wav,2.143375,4.5819387
/mnt/md1/user_wago/data/LJSpeech-1.1/wavs/LJ045-0195.wav,1.76025,4.7556763
/mnt/md1/user_wago/data/LJSpeech-1.1/wavs/LJ044-0229.wav,5.55675,4.575711
/mnt/md1/user_wago/data/LJSpeech-1.1/wavs/LJ008-0315.wav,4.744,4.141557
/mnt/md1/user_wago/data/LJSpeech-1.1/wavs/LJ012-0172.wav,5.9514375,4.5960355
/mnt/md1/user_wago/data/LJSpeech-1.1/wavs/LJ016-0402.wav,7.971625,4.6516314
/mnt/md1/user_wago/data/LJSpeech-1.1/wavs/LJ021-0050.wav,3.014125,4.214148
/mnt/md1/user_wago/data/LJSpeech-1.1/wavs/LJ003-0104.wav,2.247875,4.583858
/mnt/md1/user_wago/data/LJSpeech-1.1/wavs/LJ049-0161.wav,4.9181875,4.527935
/mnt/md1/user_wago/data/LJSpeech-1.1/wavs/LJ024-0096.wav,9.7363125,4.523469
/mnt/md1/user_wago/data/LJSpeech-1.1/wavs/LJ037-0231.wav,5.8818125,4.7340183
/mnt/md1/user_wago/data/LJSpeech-1.1/wavs/LJ013-0119.wav,8.0876875,4.6165977
/mnt/md1/user_wago/data/LJSpeech-1.1/wavs/LJ025-0104.wav,7.971625,4.649567
/mnt/md1/user_wago/data/LJSpeech-1.1/wavs/LJ027-0171.wav,9.480875,4.429845
/mnt/md1/user_wago/data/LJSpeech-1.1/wavs/LJ031-0044.wav,5.835375,4.784654
/mnt/md1/user_wago/data/LJSpeech-1.1/wavs/LJ028-0029.wav,5.3129375,4.7551413
/mnt/md1/user_wago/data/LJSpeech-1.1/wavs/LJ004-0105.wav,7.4143125,4.484428
/mnt/md1/user_wago/data/LJSpeech-1.1/wavs/LJ030-0017.wav,4.7904375,4.7210937
/mnt/md1/user_wago/data/LJSpeech-1.1/wavs/LJ017-0218.wav,6.61325,4.6196985
/mnt/md1/user_wago/data/LJSpeech-1.1/wavs/LJ016-0165.wav,7.6929375,4.5119762
/mnt/md1/user_wago/data/LJSpeech-1.1/wavs/LJ038-0220.wav,5.3129375,4.775147
/mnt/md1/user_wago/data/LJSpeech-1.1/wavs/LJ018-0296.wav,7.46075,4.6363726
/mnt/md1/user_wago/data/LJSpeech-1.1/wavs/LJ025-0124.wav,4.55825,4.6671658
/mnt/md1/user_wago/data/LJSpeech-1.1/wavs/LJ050-0128.wav,7.6349375,4.7173395
/mnt/md1/user_wago/data/LJSpeech-1.1/wavs/LJ014-0154.wav,6.0095,4.649758
/mnt/md1/user_wago/data/LJSpeech-1.1/wavs/LJ010-0153.wav,7.3330625,4.515952
/mnt/md1/user_wago/data/LJSpeech-1.1/wavs/LJ008-0268.wav,8.052875,4.424143
/mnt/md1/user_wago/data/LJSpeech-1.1/wavs/LJ016-0110.wav,7.77425,4.588073
/mnt/md1/user_wago/data/LJSpeech-1.1/wavs/LJ012-0240.wav,3.4436875,4.6169915
/mnt/md1/user_wago/data/LJSpeech-1.1/wavs/LJ031-0178.wav,9.0396875,4.6494274
/mnt/md1/user_wago/data/LJSpeech-1.1/wavs/LJ010-0193.wav,3.29275,4.5479302
/mnt/md1/user_wago/data/LJSpeech-1.1/wavs/LJ034-0048.wav,3.792,4.844341
/mnt/md1/user_wago/data/LJSpeech-1.1/wavs/LJ048-0125.wav,9.4925,4.577368
/mnt/md1/user_wago/data/LJSpeech-1.1/wavs/LJ006-0103.wav,2.364,4.7753243
/mnt/md1/user_wago/data/LJSpeech-1.1/wavs/LJ047-0048.wav,8.3083125,4.566159
/mnt/md1/user_wago/data/LJSpeech-1.1/wavs/LJ010-0127.wav,9.864,4.4182673
/mnt/md1/user_wago/data/LJSpeech-1.1/wavs/LJ012-0110.wav,9.6318125,4.671785
/mnt/md1/user_wago/data/LJSpeech-1.1/wavs/LJ014-0321.wav,7.658125,4.478446
/mnt/md1/user_wago/data/LJSpeech-1.1/wavs/LJ041-0030.wav,9.4344375,4.4319935
/mnt/md1/user_wago/data/LJSpeech-1.1/wavs/LJ035-0187.wav,2.8980625,4.636898
/mnt/md1/user_wago/data/LJSpeech-1.1/wavs/LJ033-0132.wav,9.7479375,4.723259
/mnt/md1/user_wago/data/LJSpeech-1.1/wavs/LJ003-0187.wav,6.6945,4.600165
/mnt/md1/user_wago/data/LJSpeech-1.1/wavs/LJ045-0247.wav,6.5319375,4.5717072
/mnt/md1/user_wago/data/LJSpeech-1.1/wavs/LJ035-0198.wav,6.88025,4.4647913
/mnt/md1/user_wago/data/LJSpeech-1.1/wavs/LJ019-0381.wav,7.2981875,4.6062026
/mnt/md1/user_wago/data/LJSpeech-1.1/wavs/LJ006-0200.wav,9.1674375,4.511424
/mnt/md1/user_wago/data/LJSpeech-1.1/wavs/LJ003-0065.wav,5.2665,4.5302973
/mnt/md1/user_wago/data/LJSpeech-1.1/wavs/LJ040-0086.wav,5.3013125,4.3466763
/mnt/md1/user_wago/data/LJSpeech-1.1/wavs/LJ041-0059.wav,8.505625,4.542114
/mnt/md1/user_wago/data/LJSpeech-1.1/wavs/LJ038-0185.wav,5.5799375,4.62332
/mnt/md1/user_wago/data/LJSpeech-1.1/wavs/LJ044-0218.wav,9.2255,4.548818
/mnt/md1/user_wago/data/LJSpeech-1.1/wavs/LJ021-0090.wav,9.9336875,4.4023414
/mnt/md1/user_wago/data/LJSpeech-1.1/wavs/LJ044-0035.wav,7.739375,4.2742906
/mnt/md1/user_wago/data/LJSpeech-1.1/wavs/LJ036-0041.wav,9.666625,4.682279
/mnt/md1/user_wago/data/LJSpeech-1.1/wavs/LJ033-0038.wav,7.46075,4.736817
/mnt/md1/user_wago/data/LJSpeech-1.1/wavs/LJ018-0037.wav,5.916625,4.6753006
/mnt/md1/user_wago/data/LJSpeech-1.1/wavs/LJ045-0075.wav,8.4011875,4.6032534
/mnt/md1/user_wago/data/LJSpeech-1.1/wavs/LJ018-0049.wav,3.803625,4.649426
/mnt/md1/user_wago/data/LJSpeech-1.1/wavs/LJ008-0214.wav,7.6233125,4.3604674
/mnt/md1/user_wago/data/LJSpeech-1.1/wavs/LJ011-0148.wav,6.4739375,4.5922666
/mnt/md1/user_wago/data/LJSpeech-1.1/wavs/LJ019-0347.wav,4.0241875,4.6464853
/mnt/md1/user_wago/data/LJSpeech-1.1/wavs/LJ035-0011.wav,4.001,4.6394215
/mnt/md1/user_wago/data/LJSpeech-1.1/wavs/LJ006-0271.wav,9.5621875,4.5966187
/mnt/md1/user_wago/data/LJSpeech-1.1/wavs/LJ013-0261.wav,6.7641875,4.485711
/mnt/md1/user_wago/data/LJSpeech-1.1/wavs/LJ009-0232.wav,8.0180625,4.549949
/mnt/md1/user_wago/data/LJSpeech-1.1/wavs/LJ043-0151.wav,8.3083125,4.735574
/mnt/md1/user_wago/data/LJSpeech-1.1/wavs/LJ048-0025.wav,9.4576875,4.6690817
/mnt/md1/user_wago/data/LJSpeech-1.1/wavs/LJ008-0025.wav,5.835375,4.6083117
/mnt/md1/user_wago/data/LJSpeech-1.1/wavs/LJ008-0098.wav,9.585375,4.3454695
/mnt/md1/user_wago/data/LJSpeech-1.1/wavs/LJ038-0006.wav,3.408875,4.366655
/mnt/md1/user_wago/data/LJSpeech-1.1/wavs/LJ029-0126.wav,9.086125,4.456589
/mnt/md1/user_wago/data/LJSpeech-1.1/wavs/LJ014-0031.wav,5.5335,4.466228
/mnt/md1/user_wago/data/LJSpeech-1.1/wavs/LJ017-0065.wav,5.521875,4.6162205
/mnt/md1/user_wago/data/LJSpeech-1.1/wavs/LJ023-0106.wav,5.997875,4.4781423
/mnt/md1/user_wago/data/LJSpeech-1.1/wavs/LJ047-0112.wav,6.114,4.6760993
/mnt/md1/user_wago/data/LJSpeech-1.1/wavs/LJ038-0252.wav,5.6844375,4.7893925
/mnt/md1/user_wago/data/LJSpeech-1.1/wavs/LJ029-0052.wav,9.0513125,4.675862
/mnt/md1/user_wago/data/LJSpeech-1.1/wavs/LJ008-0143.wav,4.0125625,4.5897474
/mnt/md1/user_wago/data/LJSpeech-1.1/wavs/LJ012-0099.wav,8.3315,4.552935
/mnt/md1/user_wago/data/LJSpeech-1.1/wavs/LJ011-0136.wav,5.7425,4.6860857
/mnt/md1/user_wago/data/LJSpeech-1.1/wavs/LJ039-0072.wav,3.0838125,4.3486013
/mnt/md1/user_wago/data/LJSpeech-1.1/wavs/LJ033-0160.wav,2.3059375,4.6625156
/mnt/md1/user_wago/data/LJSpeech-1.1/wavs/LJ012-0199.wav,1.1333125,3.9720893
/mnt/md1/user_wago/data/LJSpeech-1.1/wavs/LJ032-0214.wav,4.7904375,4.631934
/mnt/md1/user_wago/data/LJSpeech-1.1/wavs/LJ025-0094.wav,3.594625,4.477103
/mnt/md1/user_wago/data/LJSpeech-1.1/wavs/LJ045-0149.wav,1.191375,4.1518393
/mnt/md1/user_wago/data/LJSpeech-1.1/wavs/LJ024-0007.wav,6.0791875,4.493928
/mnt/md1/user_wago/data/LJSpeech-1.1/wavs/LJ028-0217.wav,7.158875,4.54053
/mnt/md1/user_wago/data/LJSpeech-1.1/wavs/LJ016-0219.wav,5.82375,4.6208906
/mnt/md1/user_wago/data/LJSpeech-1.1/wavs/LJ001-0039.wav,3.7571875,4.452728
/mnt/md1/user_wago/data/LJSpeech-1.1/wavs/LJ015-0201.wav,9.5389375,4.5848265
/mnt/md1/user_wago/data/LJSpeech-1.1/wavs/LJ012-0011.wav,2.8631875,4.7632675
/mnt/md1/user_wago/data/LJSpeech-1.1/wavs/LJ031-0206.wav,5.429,4.624316
/mnt/md1/user_wago/data/LJSpeech-1.1/wavs/LJ002-0065.wav,3.60625,4.453456
/mnt/md1/user_wago/data/LJSpeech-1.1/wavs/LJ014-0114.wav,8.14575,4.642417
/mnt/md1/user_wago/data/LJSpeech-1.1/wavs/LJ003-0198.wav,6.2649375,4.5834436
/mnt/md1/user_wago/data/LJSpeech-1.1/wavs/LJ010-0064.wav,5.4754375,4.7775326
/mnt/md1/user_wago/data/LJSpeech-1.1/wavs/LJ039-0167.wav,9.980125,4.37508
/mnt/md1/user_wago/data/LJSpeech-1.1/wavs/LJ046-0107.wav,8.1805625,4.6623096
/mnt/md1/user_wago/data/LJSpeech-1.1/wavs/LJ048-0169.wav,7.6000625,4.6224413
/mnt/md1/user_wago/data/LJSpeech-1.1/wavs/LJ007-0040.wav,3.7688125,4.5545297
/mnt/md1/user_wago/data/LJSpeech-1.1/wavs/LJ038-0135.wav,1.4468125,4.4832244
/mnt/md1/user_wago/data/LJSpeech-1.1/wavs/LJ032-0130.wav,4.8833125,4.6630826
/mnt/md1/user_wago/data/LJSpeech-1.1/wavs/LJ038-0210.wav,7.2981875,4.767255
/mnt/md1/user_wago/data/LJSpeech-1.1/wavs/LJ042-0179.wav,3.60625,4.6291995
/mnt/md1/user_wago/data/LJSpeech-1.1/wavs/LJ028-0314.wav,9.09775,4.1559687
/mnt/md1/user_wago/data/LJSpeech-1.1/wavs/LJ005-0131.wav,8.9700625,4.6196036
/mnt/md1/user_wago/data/LJSpeech-1.1/wavs/LJ006-0072.wav,6.0095,4.5404887
/mnt/md1/user_wago/data/LJSpeech-1.1/wavs/LJ015-0136.wav,6.9383125,4.409758
/mnt/md1/user_wago/data/LJSpeech-1.1/wavs/LJ018-0125.wav,5.6844375,4.629681
/mnt/md1/user_wago/data/LJSpeech-1.1/wavs/LJ009-0039.wav,5.8934375,4.5436544
/mnt/md1/user_wago/data/LJSpeech-1.1/wavs/LJ015-0183.wav,6.5319375,4.3383703
/mnt/md1/user_wago/data/LJSpeech-1.1/wavs/LJ022-0048.wav,1.481625,4.8693237
/mnt/md1/user_wago/data/LJSpeech-1.1/wavs/LJ002-0073.wav,4.860125,4.806184
/mnt/md1/user_wago/data/LJSpeech-1.1/wavs/LJ035-0020.wav,9.2255,4.426983
/mnt/md1/user_wago/data/LJSpeech-1.1/wavs/LJ031-0019.wav,9.004875,4.5338044
/mnt/md1/user_wago/data/LJSpeech-1.1/wavs/LJ016-0301.wav,4.836875,4.6863
/mnt/md1/user_wago/data/LJSpeech-1.1/wavs/LJ014-0230.wav,4.5234375,4.5339913
/mnt/md1/user_wago/data/LJSpeech-1.1/wavs/LJ002-0200.wav,4.755625,4.600241
/mnt/md1/user_wago/data/LJSpeech-1.1/wavs/LJ034-0113.wav,5.045875,4.7105193
/mnt/md1/user_wago/data/LJSpeech-1.1/wavs/LJ002-0099.wav,8.2850625,4.5471478
/mnt/md1/user_wago/data/LJSpeech-1.1/wavs/LJ008-0295.wav,7.46075,4.6190166
/mnt/md1/user_wago/data/LJSpeech-1.1/wavs/LJ003-0029.wav,7.4143125,4.560618
/mnt/md1/user_wago/data/LJSpeech-1.1/wavs/LJ002-0160.wav,7.08925,4.317877
/mnt/md1/user_wago/data/LJSpeech-1.1/wavs/LJ013-0165.wav,7.0195625,4.6434608
/mnt/md1/user_wago/data/LJSpeech-1.1/wavs/LJ029-0054.wav,2.932875,4.746184
/mnt/md1/user_wago/data/LJSpeech-1.1/wavs/LJ037-0171.wav,7.484,4.786711
/mnt/md1/user_wago/data/LJSpeech-1.1/wavs/LJ006-0094.wav,8.6914375,4.425853
/mnt/md1/user_wago/data/LJSpeech-1.1/wavs/LJ027-0157.wav,4.964625,4.5240693
/mnt/md1/user_wago/data/LJSpeech-1.1/wavs/LJ039-0060.wav,1.76025,4.3916683
/mnt/md1/user_wago/data/LJSpeech-1.1/wavs/LJ042-0118.wav,3.989375,4.567257
/mnt/md1/user_wago/data/LJSpeech-1.1/wavs/LJ045-0153.wav,4.5001875,4.5961504
/mnt/md1/user_wago/data/LJSpeech-1.1/wavs/LJ038-0008.wav,8.3779375,4.7536216
/mnt/md1/user_wago/data/LJSpeech-1.1/wavs/LJ027-0020.wav,5.440625,4.53292
/mnt/md1/user_wago/data/LJSpeech-1.1/wavs/LJ034-0130.wav,4.8253125,4.6767974
/mnt/md1/user_wago/data/LJSpeech-1.1/wavs/LJ009-0144.wav,4.2215625,4.6170187
/mnt/md1/user_wago/data/LJSpeech-1.1/wavs/LJ020-0057.wav,7.19375,4.4840326
/mnt/md1/user_wago/data/LJSpeech-1.1/wavs/LJ016-0424.wav,4.860125,4.5526214
/mnt/md1/user_wago/data/LJSpeech-1.1/wavs/LJ049-0031.wav,4.3493125,4.6794252
/mnt/md1/user_wago/data/LJSpeech-1.1/wavs/LJ004-0079.wav,5.336125,4.661381
/mnt/md1/user_wago/data/LJSpeech-1.1/wavs/LJ021-0124.wav,9.0513125,4.7113647
/mnt/md1/user_wago/data/LJSpeech-1.1/wavs/LJ013-0128.wav,4.2448125,4.714052
/mnt/md1/user_wago/data/LJSpeech-1.1/wavs/LJ012-0182.wav,9.41125,4.5166135
/mnt/md1/user_wago/data/LJSpeech-1.1/wavs/LJ042-0073.wav,6.311375,4.6019864
/mnt/md1/user_wago/data/LJSpeech-1.1/wavs/LJ047-0225.wav,7.449125,4.587102
/mnt/md1/user_wago/data/LJSpeech-1.1/wavs/LJ027-0042.wav,6.7525625,4.4686255
/mnt/md1/user_wago/data/LJSpeech-1.1/wavs/LJ019-0335.wav,8.645,4.5284114
/mnt/md1/user_wago/data/LJSpeech-1.1/wavs/LJ037-0009.wav,4.7208125,4.651638
/mnt/md1/user_wago/data/LJSpeech-1.1/wavs/LJ015-0292.wav,9.666625,4.581513
/mnt/md1/user_wago/data/LJSpeech-1.1/wavs/LJ028-0234.wav,6.810625,4.5949693
/mnt/md1/user_wago/data/LJSpeech-1.1/wavs/LJ047-0069.wav,4.66275,4.5856543
/mnt/md1/user_wago/data/LJSpeech-1.1/wavs/LJ009-0066.wav,6.5319375,4.636503
/mnt/md1/user_wago/data/LJSpeech-1.1/wavs/LJ026-0013.wav,2.747125,4.7421174
/mnt/md1/user_wago/data/LJSpeech-1.1/wavs/LJ018-0207.wav,3.803625,4.783914
/mnt/md1/user_wago/data/LJSpeech-1.1/wavs/LJ003-0318.wav,5.3245,4.5842457
/mnt/md1/user_wago/data/LJSpeech-1.1/wavs/LJ003-0250.wav,8.4011875,4.426575
/mnt/md1/user_wago/data/LJSpeech-1.1/wavs/LJ012-0253.wav,5.3129375,4.5237403
/mnt/md1/user_wago/data/LJSpeech-1.1/wavs/LJ049-0137.wav,9.41125,4.5511217
/mnt/md1/user_wago/data/LJSpeech-1.1/wavs/LJ038-0204.wav,9.388,4.816176
/mnt/md1/user_wago/data/LJSpeech-1.1/wavs/LJ014-0241.wav,6.5668125,4.6163497
/mnt/md1/user_wago/data/LJSpeech-1.1/wavs/LJ048-0136.wav,4.3376875,4.8155694
/mnt/md1/user_wago/data/LJSpeech-1.1/wavs/LJ046-0179.wav,1.690625,4.252804
/mnt/md1/user_wago/data/LJSpeech-1.1/wavs/LJ035-0014.wav,3.4553125,4.4624205
/mnt/md1/user_wago/data/LJSpeech-1.1/wavs/LJ008-0122.wav,3.095375,4.6246114
/mnt/md1/user_wago/data/LJSpeech-1.1/wavs/LJ047-0027.wav,5.1735625,4.716835
/mnt/md1/user_wago/data/LJSpeech-1.1/wavs/LJ002-0141.wav,4.279625,4.6645
/mnt/md1/user_wago/data/LJSpeech-1.1/wavs/LJ029-0210.wav,7.182125,4.527198
/mnt/md1/user_wago/data/LJSpeech-1.1/wavs/LJ021-0128.wav,6.98475,4.6317925
/mnt/md1/user_wago/data/LJSpeech-1.1/wavs/LJ017-0205.wav,8.343125,4.5122447
/mnt/md1/user_wago/data/LJSpeech-1.1/wavs/LJ047-0216.wav,5.3941875,4.74743
/mnt/md1/user_wago/data/LJSpeech-1.1/wavs/LJ030-0226.wav,5.4058125,4.747709
/mnt/md1/user_wago/data/LJSpeech-1.1/wavs/LJ010-0019.wav,1.2494375,4.494262
/mnt/md1/user_wago/data/LJSpeech-1.1/wavs/LJ006-0231.wav,9.3415625,4.548214
/mnt/md1/user_wago/data/LJSpeech-1.1/wavs/LJ013-0111.wav,8.157375,4.410002
/mnt/md1/user_wago/data/LJSpeech-1.1/wavs/LJ011-0226.wav,6.0095,4.6544943
/mnt/md1/user_wago/data/LJSpeech-1.1/wavs/LJ027-0010.wav,3.8965,4.43851
/mnt/md1/user_wago/data/LJSpeech-1.1/wavs/LJ003-0167.wav,9.4576875,4.500306
/mnt/md1/user_wago/data/LJSpeech-1.1/wavs/LJ004-0085.wav,8.261875,4.4170346
/mnt/md1/user_wago/data/LJSpeech-1.1/wavs/LJ020-0032.wav,3.9429375,4.592054
/mnt/md1/user_wago/data/LJSpeech-1.1/wavs/LJ017-0265.wav,8.1921875,4.6276307
/mnt/md1/user_wago/data/LJSpeech-1.1/wavs/LJ032-0111.wav,5.7540625,4.6910725
/mnt/md1/user_wago/data/LJSpeech-1.1/wavs/LJ016-0008.wav,8.737875,4.6676345
/mnt/md1/user_wago/data/LJSpeech-1.1/wavs/LJ003-0181.wav,9.5621875,4.7067184
/mnt/md1/user_wago/data/LJSpeech-1.1/wavs/LJ015-0158.wav,6.497125,4.4680076
/mnt/md1/user_wago/data/LJSpeech-1.1/wavs/LJ041-0136.wav,3.792,4.6771417
/mnt/md1/user_wago/data/LJSpeech-1.1/wavs/LJ026-0150.wav,6.09075,4.6908307
/mnt/md1/user_wago/data/LJSpeech-1.1/wavs/LJ005-0197.wav,7.739375,4.653264
/mnt/md1/user_wago/data/LJSpeech-1.1/wavs/LJ036-0116.wav,2.34075,4.5229874
/mnt/md1/user_wago/data/LJSpeech-1.1/wavs/LJ013-0036.wav,8.7610625,4.578782
/mnt/md1/user_wago/data/LJSpeech-1.1/wavs/LJ015-0174.wav,5.2780625,4.6554585
/mnt/md1/user_wago/data/LJSpeech-1.1/wavs/LJ029-0115.wav,6.03275,4.7491536
/mnt/md1/user_wago/data/LJSpeech-1.1/wavs/LJ014-0336.wav,6.996375,4.347244
/mnt/md1/user_wago/data/LJSpeech-1.1/wavs/LJ013-0045.wav,3.792,4.694525
/mnt/md1/user_wago/data/LJSpeech-1.1/wavs/LJ048-0277.wav,7.25175,4.701929
/mnt/md1/user_wago/data/LJSpeech-1.1/wavs/LJ014-0033.wav,4.3028125,4.7201343
/mnt/md1/user_wago/data/LJSpeech-1.1/wavs/LJ022-0113.wav,3.9429375,4.554108
/mnt/md1/user_wago/data/LJSpeech-1.1/wavs/LJ019-0287.wav,6.706125,4.6064086
/mnt/md1/user_wago/data/LJSpeech-1.1/wavs/LJ034-0001.wav,4.5001875,4.649946
/mnt/md1/user_wago/data/LJSpeech-1.1/wavs/LJ037-0108.wav,6.0095,4.6484714
/mnt/md1/user_wago/data/LJSpeech-1.1/wavs/LJ005-0060.wav,4.9878125,4.7362185
/mnt/md1/user_wago/data/LJSpeech-1.1/wavs/LJ045-0151.wav,5.45225,4.626999
/mnt/md1/user_wago/data/LJSpeech-1.1/wavs/LJ016-0199.wav,9.190625,4.61502
/mnt/md1/user_wago/data/LJSpeech-1.1/wavs/LJ018-0078.wav,7.391125,4.666319
/mnt/md1/user_wago/data/LJSpeech-1.1/wavs/LJ035-0184.wav,6.415875,4.3875065
/mnt/md1/user_wago/data/LJSpeech-1.1/wavs/LJ022-0159.wav,4.256375,4.648634
/mnt/md1/user_wago/data/LJSpeech-1.1/wavs/LJ033-0166.wav,6.973125,4.579707
/mnt/md1/user_wago/data/LJSpeech-1.1/wavs/LJ016-0218.wav,8.7494375,4.6437454
/mnt/md1/user_wago/data/LJSpeech-1.1/wavs/LJ009-0106.wav,6.230125,4.6401095
/mnt/md1/user_wago/data/LJSpeech-1.1/wavs/LJ010-0145.wav,9.109375,4.6898966
/mnt/md1/user_wago/data/LJSpeech-1.1/wavs/LJ037-0123.wav,9.388,4.6442537
/mnt/md1/user_wago/data/LJSpeech-1.1/wavs/LJ009-0128.wav,5.6611875,4.6619005
/mnt/md1/user_wago/data/LJSpeech-1.1/wavs/LJ014-0179.wav,9.4576875,4.531064
/mnt/md1/user_wago/data/LJSpeech-1.1/wavs/LJ026-0116.wav,6.868625,4.6800256
/mnt/md1/user_wago/data/LJSpeech-1.1/wavs/LJ045-0087.wav,7.762625,4.514982
/mnt/md1/user_wago/data/LJSpeech-1.1/wavs/LJ017-0239.wav,6.9150625,4.486191
/mnt/md1/user_wago/data/LJSpeech-1.1/wavs/LJ004-0128.wav,9.666625,4.5138865
/mnt/md1/user_wago/data/LJSpeech-1.1/wavs/LJ013-0145.wav,8.8075,4.588327
/mnt/md1/user_wago/data/LJSpeech-1.1/wavs/LJ001-0045.wav,3.02575,4.781353
/mnt/md1/user_wago/data/LJSpeech-1.1/wavs/LJ008-0316.wav,9.2486875,4.360704
/mnt/md1/user_wago/data/LJSpeech-1.1/wavs/LJ037-0005.wav,8.319875,4.6609006
/mnt/md1/user_wago/data/LJSpeech-1.1/wavs/LJ026-0063.wav,7.077625,4.6277275
/mnt/md1/user_wago/data/LJSpeech-1.1/wavs/LJ042-0236.wav,8.633375,4.359763
/mnt/md1/user_wago/data/LJSpeech-1.1/wavs/LJ045-0163.wav,4.29125,4.5199494
/mnt/md1/user_wago/data/LJSpeech-1.1/wavs/LJ006-0247.wav,9.67825,4.53099
/mnt/md1/user_wago/data/LJSpeech-1.1/wavs/LJ033-0055.wav,2.34075,4.733658
/mnt/md1/user_wago/data/LJSpeech-1.1/wavs/LJ017-0209.wav,2.54975,4.73027
/mnt/md1/user_wago/data/LJSpeech-1.1/wavs/LJ001-0100.wav,8.5869375,4.5280056
/mnt/md1/user_wago/data/LJSpeech-1.1/wavs/LJ018-0341.wav,9.30675,4.5358796
/mnt/md1/user_wago/data/LJSpeech-1.1/wavs/LJ038-0199.wav,2.7703125,4.779628
/mnt/md1/user_wago/data/LJSpeech-1.1/wavs/LJ039-0238.wav,8.610125,4.561952
/mnt/md1/user_wago/data/LJSpeech-1.1/wavs/LJ005-0254.wav,6.996375,4.2857947
/mnt/md1/user_wago/data/LJSpeech-1.1/wavs/LJ032-0066.wav,4.5930625,4.805707
/mnt/md1/user_wago/data/LJSpeech-1.1/wavs/LJ029-0130.wav,7.7161875,4.700188
/mnt/md1/user_wago/data/LJSpeech-1.1/wavs/LJ045-0199.wav,6.601625,4.674975
/mnt/md1/user_wago/data/LJSpeech-1.1/wavs/LJ016-0168.wav,8.5869375,4.807119
/mnt/md1/user_wago/data/LJSpeech-1.1/wavs/LJ015-0100.wav,7.275,4.5444307
/mnt/md1/user_wago/data/LJSpeech-1.1/wavs/LJ032-0160.wav,6.4506875,4.596071
/mnt/md1/user_wago/data/LJSpeech-1.1/wavs/LJ030-0190.wav,9.3531875,4.602234
/mnt/md1/user_wago/data/LJSpeech-1.1/wavs/LJ003-0249.wav,5.254875,4.677647
/mnt/md1/user_wago/data/LJSpeech-1.1/wavs/LJ048-0072.wav,9.5389375,4.6806393
/mnt/md1/user_wago/data/LJSpeech-1.1/wavs/LJ046-0171.wav,6.6596875,4.6023054
/mnt/md1/user_wago/data/LJSpeech-1.1/wavs/LJ039-0041.wav,3.0605625,4.6330166
/mnt/md1/user_wago/data/LJSpeech-1.1/wavs/LJ012-0096.wav,6.102375,4.6584897
/mnt/md1/user_wago/data/LJSpeech-1.1/wavs/LJ042-0102.wav,4.384125,4.5629497
/mnt/md1/user_wago/data/LJSpeech-1.1/wavs/LJ007-0138.wav,6.810625,4.691731
/mnt/md1/user_wago/data/LJSpeech-1.1/wavs/LJ002-0074.wav,9.7595625,4.57073
/mnt/md1/user_wago/data/LJSpeech-1.1/wavs/LJ019-0236.wav,10.09625,4.6466346
/mnt/md1/user_wago/data/LJSpeech-1.1/wavs/LJ028-0077.wav,6.2185,4.6429935
/mnt/md1/user_wago/data/LJSpeech-1.1/wavs/LJ026-0048.wav,4.9298125,4.572858
/mnt/md1/user_wago/data/LJSpeech-1.1/wavs/LJ015-0170.wav,10.061375,4.3623962
/mnt/md1/user_wago/data/LJSpeech-1.1/wavs/LJ030-0238.wav,7.066,4.782975
/mnt/md1/user_wago/data/LJSpeech-1.1/wavs/LJ002-0269.wav,6.415875,4.5244226
/mnt/md1/user_wago/data/LJSpeech-1.1/wavs/LJ038-0091.wav,6.7176875,4.834677
/mnt/md1/user_wago/data/LJSpeech-1.1/wavs/LJ043-0187.wav,8.238625,4.603941
/mnt/md1/user_wago/data/LJSpeech-1.1/wavs/LJ022-0045.wav,8.703,4.699859
/mnt/md1/user_wago/data/LJSpeech-1.1/wavs/LJ021-0046.wav,5.2084375,4.651448
/mnt/md1/user_wago/data/LJSpeech-1.1/wavs/LJ015-0180.wav,6.9499375,4.6141577
/mnt/md1/user_wago/data/LJSpeech-1.1/wavs/LJ030-0044.wav,8.2734375,4.61043
/mnt/md1/user_wago/data/LJSpeech-1.1/wavs/LJ045-0110.wav,9.8291875,4.6941705
/mnt/md1/user_wago/data/LJSpeech-1.1/wavs/LJ044-0125.wav,6.6364375,4.539215
/mnt/md1/user_wago/data/LJSpeech-1.1/wavs/LJ021-0034.wav,6.578375,4.554516
/mnt/md1/user_wago/data/LJSpeech-1.1/wavs/LJ042-0047.wav,9.9220625,4.439431
/mnt/md1/user_wago/data/LJSpeech-1.1/wavs/LJ025-0105.wav,3.513375,4.696728
/mnt/md1/user_wago/data/LJSpeech-1.1/wavs/LJ033-0083.wav,7.0544375,4.6774306
/mnt/md1/user_wago/data/LJSpeech-1.1/wavs/LJ028-0197.wav,6.4390625,4.493044
/mnt/md1/user_wago/data/LJSpeech-1.1/wavs/LJ002-0244.wav,5.3941875,4.561675
/mnt/md1/user_wago/data/LJSpeech-1.1/wavs/LJ029-0067.wav,8.819125,4.6644974
/mnt/md1/user_wago/data/LJSpeech-1.1/wavs/LJ005-0236.wav,6.03275,4.6159916
/mnt/md1/user_wago/data/LJSpeech-1.1/wavs/LJ033-0199.wav,4.66275,4.692117
/mnt/md1/user_wago/data/LJSpeech-1.1/wavs/LJ003-0296.wav,5.254875,4.6095614
/mnt/md1/user_wago/data/LJSpeech-1.1/wavs/LJ037-0220.wav,6.206875,4.6099806
/mnt/md1/user_wago/data/LJSpeech-1.1/wavs/LJ034-0004.wav,9.0165,4.642757
/mnt/md1/user_wago/data/LJSpeech-1.1/wavs/LJ028-0313.wav,3.9429375,4.7909517
/mnt/md1/user_wago/data/LJSpeech-1.1/wavs/LJ014-0049.wav,8.2850625,4.738949
/mnt/md1/user_wago/data/LJSpeech-1.1/wavs/LJ015-0255.wav,7.867125,4.686536
/mnt/md1/user_wago/data/LJSpeech-1.1/wavs/LJ040-0201.wav,2.54975,4.535224
/mnt/md1/user_wago/data/LJSpeech-1.1/wavs/LJ013-0008.wav,3.6526875,4.5381737
/mnt/md1/user_wago/data/LJSpeech-1.1/wavs/LJ016-0335.wav,6.3461875,4.8118143
/mnt/md1/user_wago/data/LJSpeech-1.1/wavs/LJ034-0061.wav,5.4986875,4.6845856
/mnt/md1/user_wago/data/LJSpeech-1.1/wavs/LJ033-0181.wav,8.3663125,4.636143
/mnt/md1/user_wago/data/LJSpeech-1.1/wavs/LJ041-0162.wav,3.4553125,4.5275707
/mnt/md1/user_wago/data/LJSpeech-1.1/wavs/LJ047-0012.wav,9.2835,4.66006
/mnt/md1/user_wago/data/LJSpeech-1.1/wavs/LJ033-0189.wav,4.8020625,4.727894
/mnt/md1/user_wago/data/LJSpeech-1.1/wavs/LJ008-0120.wav,5.6960625,4.4601912
/mnt/md1/user_wago/data/LJSpeech-1.1/wavs/LJ021-0066.wav,7.553625,4.310087
/mnt/md1/user_wago/data/LJSpeech-1.1/wavs/LJ028-0060.wav,1.3190625,4.7966137
/mnt/md1/user_wago/data/LJSpeech-1.1/wavs/LJ004-0217.wav,4.2331875,4.6497564
/mnt/md1/user_wago/data/LJSpeech-1.1/wavs/LJ012-0024.wav,7.275,4.616311
/mnt/md1/user_wago/data/LJSpeech-1.1/wavs/LJ040-0177.wav,3.594625,4.6133666
/mnt/md1/user_wago/data/LJSpeech-1.1/wavs/LJ041-0045.wav,6.3694375,4.517877
/mnt/md1/user_wago/data/LJSpeech-1.1/wavs/LJ028-0117.wav,5.6960625,4.5254865
/mnt/md1/user_wago/data/LJSpeech-1.1/wavs/LJ018-0261.wav,4.953,4.6254926
/mnt/md1/user_wago/data/LJSpeech-1.1/wavs/LJ004-0056.wav,6.29975,4.5403404
/mnt/md1/user_wago/data/LJSpeech-1.1/wavs/LJ021-0109.wav,3.792,4.5002804
/mnt/md1/user_wago/data/LJSpeech-1.1/wavs/LJ050-0240.wav,6.497125,4.568334
/mnt/md1/user_wago/data/LJSpeech-1.1/wavs/LJ048-0111.wav,6.7525625,4.580161
/mnt/md1/user_wago/data/LJSpeech-1.1/wavs/LJ045-0213.wav,4.08225,4.828105
/mnt/md1/user_wago/data/LJSpeech-1.1/wavs/LJ049-0111.wav,6.601625,4.6945524
/mnt/md1/user_wago/data/LJSpeech-1.1/wavs/LJ003-0041.wav,5.5915625,4.6379766
/mnt/md1/user_wago/data/LJSpeech-1.1/wavs/LJ002-0043.wav,7.6929375,4.4524817
/mnt/md1/user_wago/data/LJSpeech-1.1/wavs/LJ018-0200.wav,5.707625,4.552775
/mnt/md1/user_wago/data/LJSpeech-1.1/wavs/LJ008-0293.wav,7.8555,4.6162033
/mnt/md1/user_wago/data/LJSpeech-1.1/wavs/LJ042-0084.wav,8.51725,4.554577
/mnt/md1/user_wago/data/LJSpeech-1.1/wavs/LJ033-0162.wav,5.835375,4.5898895
/mnt/md1/user_wago/data/LJSpeech-1.1/wavs/LJ024-0093.wav,6.787375,4.3198657
/mnt/md1/user_wago/data/LJSpeech-1.1/wavs/LJ044-0225.wav,6.497125,4.5088305
/mnt/md1/user_wago/data/LJSpeech-1.1/wavs/LJ025-0042.wav,7.9831875,4.6556993
/mnt/md1/user_wago/data/LJSpeech-1.1/wavs/LJ009-0046.wav,8.227,4.544155
/mnt/md1/user_wago/data/LJSpeech-1.1/wavs/LJ029-0138.wav,3.583,4.781366
/mnt/md1/user_wago/data/LJSpeech-1.1/wavs/LJ019-0202.wav,6.230125,4.7569904
/mnt/md1/user_wago/data/LJSpeech-1.1/wavs/LJ042-0195.wav,9.0165,4.459449
/mnt/md1/user_wago/data/LJSpeech-1.1/wavs/LJ029-0007.wav,5.61475,4.7444453
/mnt/md1/user_wago/data/LJSpeech-1.1/wavs/LJ028-0054.wav,6.311375,4.6729627
/mnt/md1/user_wago/data/LJSpeech-1.1/wavs/LJ034-0042.wav,5.0575,4.8297143
/mnt/md1/user_wago/data/LJSpeech-1.1/wavs/LJ044-0165.wav,7.077625,4.503703
/mnt/md1/user_wago/data/LJSpeech-1.1/wavs/LJ044-0060.wav,7.158875,4.651086
/mnt/md1/user_wago/data/LJSpeech-1.1/wavs/LJ018-0225.wav,5.1039375,4.690595
/mnt/md1/user_wago/data/LJSpeech-1.1/wavs/LJ040-0114.wav,8.261875,4.5479455
/mnt/md1/user_wago/data/LJSpeech-1.1/wavs/LJ006-0064.wav,7.484,4.60764
/mnt/md1/user_wago/data/LJSpeech-1.1/wavs/LJ034-0109.wav,2.433625,4.7965746
/mnt/md1/user_wago/data/LJSpeech-1.1/wavs/LJ022-0198.wav,8.923625,4.694807
/mnt/md1/user_wago/data/LJSpeech-1.1/wavs/LJ031-0122.wav,2.364,4.745642
/mnt/md1/user_wago/data/LJSpeech-1.1/wavs/LJ006-0044.wav,8.052875,4.797156
/mnt/md1/user_wago/data/LJSpeech-1.1/wavs/LJ011-0228.wav,5.4870625,4.5803995
/mnt/md1/user_wago/data/LJSpeech-1.1/wavs/LJ034-0024.wav,7.1705,4.6150975
/mnt/md1/user_wago/data/LJSpeech-1.1/wavs/LJ048-0172.wav,7.4259375,4.727827
/mnt/md1/user_wago/data/LJSpeech-1.1/wavs/LJ016-0095.wav,5.9746875,4.665033
/mnt/md1/user_wago/data/LJSpeech-1.1/wavs/LJ030-0251.wav,8.528875,4.5969296
/mnt/md1/user_wago/data/LJSpeech-1.1/wavs/LJ047-0033.wav,4.66275,4.5534163
/mnt/md1/user_wago/data/LJSpeech-1.1/wavs/LJ048-0116.wav,8.912,4.6832523
/mnt/md1/user_wago/data/LJSpeech-1.1/wavs/LJ042-0106.wav,9.3415625,4.380366
/mnt/md1/user_wago/data/LJSpeech-1.1/wavs/LJ012-0290.wav,6.67125,4.4925523
/mnt/md1/user_wago/data/LJSpeech-1.1/wavs/LJ048-0165.wav,8.4708125,4.6415005
/mnt/md1/user_wago/data/LJSpeech-1.1/wavs/LJ041-0135.wav,9.51575,4.633537
/mnt/md1/user_wago/data/LJSpeech-1.1/wavs/LJ015-0287.wav,8.2966875,4.6164737
/mnt/md1/user_wago/data/LJSpeech-1.1/wavs/LJ041-0077.wav,9.8175625,4.6592736
/mnt/md1/user_wago/data/LJSpeech-1.1/wavs/LJ019-0210.wav,6.021125,4.618675
/mnt/md1/user_wago/data/LJSpeech-1.1/wavs/LJ016-0063.wav,6.2416875,4.56377
/mnt/md1/user_wago/data/LJSpeech-1.1/wavs/LJ013-0200.wav,5.626375,4.6777906
/mnt/md1/user_wago/data/LJSpeech-1.1/wavs/LJ003-0046.wav,7.0311875,4.615081
/mnt/md1/user_wago/data/LJSpeech-1.1/wavs/LJ041-0200.wav,8.1689375,4.5702615
/mnt/md1/user_wago/data/LJSpeech-1.1/wavs/LJ034-0189.wav,7.46075,4.6892195
/mnt/md1/user_wago/data/LJSpeech-1.1/wavs/LJ041-0013.wav,7.5884375,4.608723
/mnt/md1/user_wago/data/LJSpeech-1.1/wavs/LJ038-0099.wav,3.6294375,4.6976805
/mnt/md1/user_wago/data/LJSpeech-1.1/wavs/LJ028-0058.wav,4.4305625,4.454864
/mnt/md1/user_wago/data/LJSpeech-1.1/wavs/LJ048-0149.wav,10.073,4.531063
/mnt/md1/user_wago/data/LJSpeech-1.1/wavs/LJ006-0057.wav,8.4824375,4.616195
/mnt/md1/user_wago/data/LJSpeech-1.1/wavs/LJ022-0030.wav,5.626375,4.759889
/mnt/md1/user_wago/data/LJSpeech-1.1/wavs/LJ018-0391.wav,6.415875,4.6001883
/mnt/md1/user_wago/data/LJSpeech-1.1/wavs/LJ025-0138.wav,4.093875,4.751438
/mnt/md1/user_wago/data/LJSpeech-1.1/wavs/LJ042-0216.wav,9.608625,4.5551496
/mnt/md1/user_wago/data/LJSpeech-1.1/wavs/LJ016-0220.wav,8.0760625,4.5268564
/mnt/md1/user_wago/data/LJSpeech-1.1/wavs/LJ042-0167.wav,5.8585625,4.617294
/mnt/md1/user_wago/data/LJSpeech-1.1/wavs/LJ043-0043.wav,6.7176875,4.727804
/mnt/md1/user_wago/data/LJSpeech-1.1/wavs/LJ009-0276.wav,7.7974375,4.655451
/mnt/md1/user_wago/data/LJSpeech-1.1/wavs/LJ006-0113.wav,9.109375,4.4926615
/mnt/md1/user_wago/data/LJSpeech-1.1/wavs/LJ010-0144.wav,3.1650625,4.7078586
/mnt/md1/user_wago/data/LJSpeech-1.1/wavs/LJ033-0153.wav,5.231625,4.6393847
/mnt/md1/user_wago/data/LJSpeech-1.1/wavs/LJ016-0033.wav,5.649625,4.5756783
/mnt/md1/user_wago/data/LJSpeech-1.1/wavs/LJ049-0092.wav,7.7278125,4.568955
/mnt/md1/user_wago/data/LJSpeech-1.1/wavs/LJ043-0050.wav,2.805125,4.811589
/mnt/md1/user_wago/data/LJSpeech-1.1/wavs/LJ011-0203.wav,7.1473125,4.6649165
/mnt/md1/user_wago/data/LJSpeech-1.1/wavs/LJ031-0180.wav,7.5304375,4.7105
/mnt/md1/user_wago/data/LJSpeech-1.1/wavs/LJ018-0382.wav,7.6233125,4.6624413
/mnt/md1/user_wago/data/LJSpeech-1.1/wavs/LJ020-0042.wav,3.223125,4.468731
/mnt/md1/user_wago/data/LJSpeech-1.1/wavs/LJ015-0298.wav,5.7889375,4.6827016
/mnt/md1/user_wago/data/LJSpeech-1.1/wavs/LJ040-0002.wav,6.323,4.4700894
/mnt/md1/user_wago/data/LJSpeech-1.1/wavs/LJ013-0163.wav,5.4870625,4.526861
/mnt/md1/user_wago/data/LJSpeech-1.1/wavs/LJ007-0232.wav,7.0195625,4.5786715
/mnt/md1/user_wago/data/LJSpeech-1.1/wavs/LJ025-0140.wav,6.4275,4.576874
/mnt/md1/user_wago/data/LJSpeech-1.1/wavs/LJ045-0068.wav,8.2850625,4.507209
/mnt/md1/user_wago/data/LJSpeech-1.1/wavs/LJ014-0331.wav,9.1441875,4.526774
/mnt/md1/user_wago/data/LJSpeech-1.1/wavs/LJ046-0035.wav,5.9863125,4.711246
/mnt/md1/user_wago/data/LJSpeech-1.1/wavs/LJ023-0140.wav,3.699125,4.53827
/mnt/md1/user_wago/data/LJSpeech-1.1/wavs/LJ013-0048.wav,9.585375,4.4896016
/mnt/md1/user_wago/data/LJSpeech-1.1/wavs/LJ014-0149.wav,9.980125,4.586781
/mnt/md1/user_wago/data/LJSpeech-1.1/wavs/LJ008-0177.wav,9.864,4.473118
/mnt/md1/user_wago/data/LJSpeech-1.1/wavs/LJ032-0103.wav,6.9383125,4.7418656
/mnt/md1/user_wago/data/LJSpeech-1.1/wavs/LJ019-0099.wav,9.875625,4.374567
/mnt/md1/user_wago/data/LJSpeech-1.1/wavs/LJ004-0050.wav,9.7479375,4.6139984
/mnt/md1/user_wago/data/LJSpeech-1.1/wavs/LJ018-0092.wav,1.876375,4.385851
/mnt/md1/user_wago/data/LJSpeech-1.1/wavs/LJ014-0022.wav,5.6960625,4.4963675
/mnt/md1/user_wago/data/LJSpeech-1.1/wavs/LJ041-0118.wav,7.08925,4.692774
/mnt/md1/user_wago/data/LJSpeech-1.1/wavs/LJ025-0109.wav,8.737875,4.6443152
/mnt/md1/user_wago/data/LJSpeech-1.1/wavs/LJ028-0240.wav,6.1604375,4.658827
/mnt/md1/user_wago/data/LJSpeech-1.1/wavs/LJ006-0128.wav,7.6116875,4.7100425
/mnt/md1/user_wago/data/LJSpeech-1.1/wavs/LJ015-0169.wav,6.1720625,4.536126
/mnt/md1/user_wago/data/LJSpeech-1.1/wavs/LJ018-0060.wav,7.484,4.6425343
/mnt/md1/user_wago/data/LJSpeech-1.1/wavs/LJ014-0206.wav,7.96,4.6378784
/mnt/md1/user_wago/data/LJSpeech-1.1/wavs/LJ038-0009.wav,6.4855,4.721511
/mnt/md1/user_wago/data/LJSpeech-1.1/wavs/LJ024-0037.wav,7.8786875,4.0614223
/mnt/md1/user_wago/data/LJSpeech-1.1/wavs/LJ006-0180.wav,6.891875,4.7107005
/mnt/md1/user_wago/data/LJSpeech-1.1/wavs/LJ019-0363.wav,5.8005,4.6396637
/mnt/md1/user_wago/data/LJSpeech-1.1/wavs/LJ012-0279.wav,6.98475,4.671262
/mnt/md1/user_wago/data/LJSpeech-1.1/wavs/LJ047-0126.wav,5.545125,4.7684984
/mnt/md1/user_wago/data/LJSpeech-1.1/wavs/LJ027-0064.wav,3.8268125,4.5073547
/mnt/md1/user_wago/data/LJSpeech-1.1/wavs/LJ039-0115.wav,5.6611875,4.4741106
/mnt/md1/user_wago/data/LJSpeech-1.1/wavs/LJ011-0111.wav,7.3446875,4.7343497
/mnt/md1/user_wago/data/LJSpeech-1.1/wavs/LJ033-0173.wav,6.67125,4.4284625
/mnt/md1/user_wago/data/LJSpeech-1.1/wavs/LJ016-0375.wav,8.3663125,4.626699
/mnt/md1/user_wago/data/LJSpeech-1.1/wavs/LJ005-0161.wav,7.4259375,4.767418
/mnt/md1/user_wago/data/LJSpeech-1.1/wavs/LJ023-0095.wav,2.5149375,4.562299
/mnt/md1/user_wago/data/LJSpeech-1.1/wavs/LJ018-0058.wav,6.7641875,4.5892467
/mnt/md1/user_wago/data/LJSpeech-1.1/wavs/LJ006-0188.wav,6.601625,4.6490526
/mnt/md1/user_wago/data/LJSpeech-1.1/wavs/LJ002-0213.wav,3.3508125,4.663795
/mnt/md1/user_wago/data/LJSpeech-1.1/wavs/LJ040-0192.wav,8.2850625,4.428922
/mnt/md1/user_wago/data/LJSpeech-1.1/wavs/LJ025-0058.wav,8.714625,4.5546494
/mnt/md1/user_wago/data/LJSpeech-1.1/wavs/LJ031-0085.wav,9.3648125,4.7210526
/mnt/md1/user_wago/data/LJSpeech-1.1/wavs/LJ025-0001.wav,3.199875,4.3850956
/mnt/md1/user_wago/data/LJSpeech-1.1/wavs/LJ040-0104.wav,7.925125,4.4363823
/mnt/md1/user_wago/data/LJSpeech-1.1/wavs/LJ030-0032.wav,6.6480625,4.5573263
/mnt/md1/user_wago/data/LJSpeech-1.1/wavs/LJ047-0083.wav,7.0544375,4.802537
/mnt/md1/user_wago/data/LJSpeech-1.1/wavs/LJ046-0099.wav,5.545125,4.7238674
/mnt/md1/user_wago/data/LJSpeech-1.1/wavs/LJ008-0228.wav,7.2053125,4.4773693
/mnt/md1/user_wago/data/LJSpeech-1.1/wavs/LJ032-0132.wav,6.13725,4.6285267
/mnt/md1/user_wago/data/LJSpeech-1.1/wavs/LJ007-0070.wav,9.806,4.481137
/mnt/md1/user_wago/data/LJSpeech-1.1/wavs/LJ048-0220.wav,4.465375,4.740379
/mnt/md1/user_wago/data/LJSpeech-1.1/wavs/LJ015-0140.wav,5.545125,4.5322485
/mnt/md1/user_wago/data/LJSpeech-1.1/wavs/LJ017-0176.wav,6.868625,4.5658264
/mnt/md1/user_wago/data/LJSpeech-1.1/wavs/LJ050-0134.wav,5.6031875,4.7146297
/mnt/md1/user_wago/data/LJSpeech-1.1/wavs/LJ013-0074.wav,6.09075,4.625262
/mnt/md1/user_wago/data/LJSpeech-1.1/wavs/LJ048-0284.wav,5.4058125,4.708766
/mnt/md1/user_wago/data/LJSpeech-1.1/wavs/LJ011-0212.wav,10.0149375,4.5532494
/mnt/md1/user_wago/data/LJSpeech-1.1/wavs/LJ007-0071.wav,3.39725,4.503134
/mnt/md1/user_wago/data/LJSpeech-1.1/wavs/LJ019-0122.wav,6.7409375,4.6442485
/mnt/md1/user_wago/data/LJSpeech-1.1/wavs/LJ011-0066.wav,9.2255,4.429173
/mnt/md1/user_wago/data/LJSpeech-1.1/wavs/LJ044-0084.wav,3.50175,4.3490915
/mnt/md1/user_wago/data/LJSpeech-1.1/wavs/LJ041-0071.wav,3.0721875,4.488841
/mnt/md1/user_wago/data/LJSpeech-1.1/wavs/LJ041-0087.wav,8.9700625,4.5500884
/mnt/md1/user_wago/data/LJSpeech-1.1/wavs/LJ044-0176.wav,7.2981875,4.6109796
/mnt/md1/user_wago/data/LJSpeech-1.1/wavs/LJ021-0149.wav,4.9065625,4.2322435
/mnt/md1/user_wago/data/LJSpeech-1.1/wavs/LJ038-0022.wav,7.8903125,4.5996056
/mnt/md1/user_wago/data/LJSpeech-1.1/wavs/LJ050-0116.wav,5.7656875,4.8101206
/mnt/md1/user_wago/data/LJSpeech-1.1/wavs/LJ014-0037.wav,3.7339375,4.6482644
/mnt/md1/user_wago/data/LJSpeech-1.1/wavs/LJ045-0166.wav,9.3415625,4.139973
/mnt/md1/user_wago/data/LJSpeech-1.1/wavs/LJ038-0065.wav,6.021125,4.599475
/mnt/md1/user_wago/data/LJSpeech-1.1/wavs/LJ028-0431.wav,7.46075,4.556761
/mnt/md1/user_wago/data/LJSpeech-1.1/wavs/LJ016-0383.wav,6.311375,4.5348353
/mnt/md1/user_wago/data/LJSpeech-1.1/wavs/LJ019-0194.wav,2.92125,4.654662
/mnt/md1/user_wago/data/LJSpeech-1.1/wavs/LJ042-0095.wav,6.5668125,4.634312
/mnt/md1/user_wago/data/LJSpeech-1.1/wavs/LJ022-0060.wav,3.780375,4.7507052
/mnt/md1/user_wago/data/LJSpeech-1.1/wavs/LJ020-0065.wav,2.3871875,4.673669
/mnt/md1/user_wago/data/LJSpeech-1.1/wavs/LJ042-0194.wav,9.7130625,4.453232
/mnt/md1/user_wago/data/LJSpeech-1.1/wavs/LJ033-0102.wav,5.939875,4.559834
/mnt/md1/user_wago/data/LJSpeech-1.1/wavs/LJ017-0188.wav,7.6000625,4.7474174
/mnt/md1/user_wago/data/LJSpeech-1.1/wavs/LJ003-0146.wav,8.052875,4.523408
/mnt/md1/user_wago/data/LJSpeech-1.1/wavs/LJ050-0139.wav,9.57375,4.540589
/mnt/md1/user_wago/data/LJSpeech-1.1/wavs/LJ028-0365.wav,7.8090625,4.497703
/mnt/md1/user_wago/data/LJSpeech-1.1/wavs/LJ032-0135.wav,8.3895625,4.4818344
/mnt/md1/user_wago/data/LJSpeech-1.1/wavs/LJ021-0039.wav,1.8066875,4.5506315
/mnt/md1/user_wago/data/LJSpeech-1.1/wavs/LJ016-0430.wav,7.3098125,4.6450033
/mnt/md1/user_wago/data/LJSpeech-1.1/wavs/LJ011-0152.wav,1.1333125,4.2575083
/mnt/md1/user_wago/data/LJSpeech-1.1/wavs/LJ002-0164.wav,5.626375,4.403471
/mnt/md1/user_wago/data/LJSpeech-1.1/wavs/LJ041-0081.wav,5.55675,4.5887413
/mnt/md1/user_wago/data/LJSpeech-1.1/wavs/LJ046-0239.wav,7.6233125,4.580676
/mnt/md1/user_wago/data/LJSpeech-1.1/wavs/LJ016-0226.wav,8.5985625,4.474242
/mnt/md1/user_wago/data/LJSpeech-1.1/wavs/LJ046-0194.wav,8.9584375,4.564359
/mnt/md1/user_wago/data/LJSpeech-1.1/wavs/LJ027-0141.wav,5.7425,4.5194693
/mnt/md1/user_wago/data/LJSpeech-1.1/wavs/LJ014-0038.wav,6.323,4.543868
/mnt/md1/user_wago/data/LJSpeech-1.1/wavs/LJ045-0035.wav,5.13875,4.590728
/mnt/md1/user_wago/data/LJSpeech-1.1/wavs/LJ017-0055.wav,7.35625,4.720106
/mnt/md1/user_wago/data/LJSpeech-1.1/wavs/LJ015-0133.wav,5.92825,4.4919953
/mnt/md1/user_wago/data/LJSpeech-1.1/wavs/LJ014-0062.wav,5.5335,4.705531
/mnt/md1/user_wago/data/LJSpeech-1.1/wavs/LJ018-0014.wav,7.843875,4.555202
/mnt/md1/user_wago/data/LJSpeech-1.1/wavs/LJ007-0189.wav,6.7176875,4.489277
/mnt/md1/user_wago/data/LJSpeech-1.1/wavs/LJ018-0345.wav,8.610125,4.7284756
/mnt/md1/user_wago/data/LJSpeech-1.1/wavs/LJ044-0173.wav,9.4344375,4.4657865
/mnt/md1/user_wago/data/LJSpeech-1.1/wavs/LJ032-0092.wav,5.730875,4.642484
/mnt/md1/user_wago/data/LJSpeech-1.1/wavs/LJ004-0040.wav,2.4104375,4.6004214
/mnt/md1/user_wago/data/LJSpeech-1.1/wavs/LJ021-0202.wav,9.608625,4.2882752
/mnt/md1/user_wago/data/LJSpeech-1.1/wavs/LJ015-0168.wav,8.35475,4.3998594
/mnt/md1/user_wago/data/LJSpeech-1.1/wavs/LJ044-0170.wav,6.5319375,4.496608
/mnt/md1/user_wago/data/LJSpeech-1.1/wavs/LJ007-0064.wav,5.847,4.501535
/mnt/md1/user_wago/data/LJSpeech-1.1/wavs/LJ010-0279.wav,8.5869375,4.6812606
/mnt/md1/user_wago/data/LJSpeech-1.1/wavs/LJ032-0115.wav,4.674375,4.802062
/mnt/md1/user_wago/data/LJSpeech-1.1/wavs/LJ013-0164.wav,6.6480625,4.571003
/mnt/md1/user_wago/data/LJSpeech-1.1/wavs/LJ015-0018.wav,7.77425,4.6797156
/mnt/md1/user_wago/data/LJSpeech-1.1/wavs/LJ016-0419.wav,7.1473125,4.6851835
/mnt/md1/user_wago/data/LJSpeech-1.1/wavs/LJ015-0117.wav,2.642625,4.4615617
/mnt/md1/user_wago/data/LJSpeech-1.1/wavs/LJ044-0054.wav,9.9336875,4.553672
/mnt/md1/user_wago/data/LJSpeech-1.1/wavs/LJ016-0213.wav,4.9181875,4.4460173
/mnt/md1/user_wago/data/LJSpeech-1.1/wavs/LJ039-0088.wav,6.0791875,4.3077974
/mnt/md1/user_wago/data/LJSpeech-1.1/wavs/LJ029-0199.wav,8.633375,4.6269774
/mnt/md1/user_wago/data/LJSpeech-1.1/wavs/LJ040-0108.wav,3.3391875,4.53298
/mnt/md1/user_wago/data/LJSpeech-1.1/wavs/LJ042-0117.wav,6.67125,4.6400366
/mnt/md1/user_wago/data/LJSpeech-1.1/wavs/LJ015-0242.wav,4.4073125,4.6435685
/mnt/md1/user_wago/data/LJSpeech-1.1/wavs/LJ011-0023.wav,7.275,4.642295
/mnt/md1/user_wago/data/LJSpeech-1.1/wavs/LJ016-0020.wav,5.521875,4.5533915
/mnt/md1/user_wago/data/LJSpeech-1.1/wavs/LJ029-0169.wav,4.860125,4.6821737
/mnt/md1/user_wago/data/LJSpeech-1.1/wavs/LJ016-0124.wav,6.4855,4.7567334
/mnt/md1/user_wago/data/LJSpeech-1.1/wavs/LJ038-0263.wav,9.78275,4.1268277
/mnt/md1/user_wago/data/LJSpeech-1.1/wavs/LJ012-0263.wav,4.651125,4.575306
/mnt/md1/user_wago/data/LJSpeech-1.1/wavs/LJ004-0068.wav,4.0358125,4.2763257
/mnt/md1/user_wago/data/LJSpeech-1.1/wavs/LJ028-0063.wav,4.001,4.551195
/mnt/md1/user_wago/data/LJSpeech-1.1/wavs/LJ049-0141.wav,9.2835,4.62089
/mnt/md1/user_wago/data/LJSpeech-1.1/wavs/LJ048-0140.wav,7.542,4.60436
/mnt/md1/user_wago/data/LJSpeech-1.1/wavs/LJ036-0091.wav,7.1356875,4.7616987
/mnt/md1/user_wago/data/LJSpeech-1.1/wavs/LJ041-0149.wav,6.2649375,4.7776165
/mnt/md1/user_wago/data/LJSpeech-1.1/wavs/LJ030-0216.wav,6.520375,4.625806
/mnt/md1/user_wago/data/LJSpeech-1.1/wavs/LJ038-0095.wav,8.610125,4.638361
/mnt/md1/user_wago/data/LJSpeech-1.1/wavs/LJ009-0255.wav,8.3083125,4.603916
/mnt/md1/user_wago/data/LJSpeech-1.1/wavs/LJ016-0180.wav,8.4940625,4.586022
/mnt/md1/user_wago/data/LJSpeech-1.1/wavs/LJ043-0047.wav,8.6565625,4.616084
/mnt/md1/user_wago/data/LJSpeech-1.1/wavs/LJ039-0014.wav,5.8701875,4.61283
/mnt/md1/user_wago/data/LJSpeech-1.1/wavs/LJ006-0014.wav,6.1604375,4.582284
/mnt/md1/user_wago/data/LJSpeech-1.1/wavs/LJ021-0175.wav,8.4011875,4.3926783
/mnt/md1/user_wago/data/LJSpeech-1.1/wavs/LJ038-0152.wav,9.0165,4.7456403
/mnt/md1/user_wago/data/LJSpeech-1.1/wavs/LJ016-0416.wav,5.1039375,4.529272
/mnt/md1/user_wago/data/LJSpeech-1.1/wavs/LJ025-0169.wav,6.7293125,4.6661215
/mnt/md1/user_wago/data/LJSpeech-1.1/wavs/LJ045-0086.wav,9.864,4.396367
/mnt/md1/user_wago/data/LJSpeech-1.1/wavs/LJ026-0045.wav,5.2896875,4.0941353
/mnt/md1/user_wago/data/LJSpeech-1.1/wavs/LJ011-0113.wav,5.71925,4.7270293
/mnt/md1/user_wago/data/LJSpeech-1.1/wavs/LJ042-0169.wav,7.35625,4.465313
/mnt/md1/user_wago/data/LJSpeech-1.1/wavs/LJ038-0286.wav,4.6163125,4.707702
/mnt/md1/user_wago/data/LJSpeech-1.1/wavs/LJ010-0027.wav,6.0095,4.7900634
/mnt/md1/user_wago/data/LJSpeech-1.1/wavs/LJ010-0056.wav,8.8539375,4.51949
/mnt/md1/user_wago/data/LJSpeech-1.1/wavs/LJ044-0186.wav,3.9196875,4.4926243
/mnt/md1/user_wago/data/LJSpeech-1.1/wavs/LJ013-0076.wav,4.4073125,4.656268
/mnt/md1/user_wago/data/LJSpeech-1.1/wavs/LJ050-0218.wav,8.0993125,4.688529
/mnt/md1/user_wago/data/LJSpeech-1.1/wavs/LJ024-0073.wav,5.8818125,4.200341
/mnt/md1/user_wago/data/LJSpeech-1.1/wavs/LJ046-0090.wav,9.4344375,4.6967545
/mnt/md1/user_wago/data/LJSpeech-1.1/wavs/LJ010-0055.wav,7.5071875,4.523304
/mnt/md1/user_wago/data/LJSpeech-1.1/wavs/LJ038-0285.wav,9.480875,4.4967327
/mnt/md1/user_wago/data/LJSpeech-1.1/wavs/LJ029-0001.wav,9.771125,4.724883
/mnt/md1/user_wago/data/LJSpeech-1.1/wavs/LJ010-0162.wav,6.3461875,4.5781484
/mnt/md1/user_wago/data/LJSpeech-1.1/wavs/LJ008-0200.wav,7.9019375,4.3930697
/mnt/md1/user_wago/data/LJSpeech-1.1/wavs/LJ034-0136.wav,6.578375,4.6245747
/mnt/md1/user_wago/data/LJSpeech-1.1/wavs/LJ041-0175.wav,9.78275,4.5440283
/mnt/md1/user_wago/data/LJSpeech-1.1/wavs/LJ018-0124.wav,4.9298125,4.776932
/mnt/md1/user_wago/data/LJSpeech-1.1/wavs/LJ008-0058.wav,4.7324375,4.5418305
/mnt/md1/user_wago/data/LJSpeech-1.1/wavs/LJ003-0252.wav,4.256375,4.6204906
/mnt/md1/user_wago/data/LJSpeech-1.1/wavs/LJ003-0016.wav,9.0396875,4.3900332
/mnt/md1/user_wago/data/LJSpeech-1.1/wavs/LJ044-0132.wav,7.762625,4.490835
/mnt/md1/user_wago/data/LJSpeech-1.1/wavs/LJ012-0164.wav,9.9220625,4.5137124
/mnt/md1/user_wago/data/LJSpeech-1.1/wavs/LJ020-0070.wav,3.4553125,4.576976
/mnt/md1/user_wago/data/LJSpeech-1.1/wavs/LJ023-0103.wav,2.6774375,4.4674835
/mnt/md1/user_wago/data/LJSpeech-1.1/wavs/LJ006-0140.wav,7.7161875,4.5998363
/mnt/md1/user_wago/data/LJSpeech-1.1/wavs/LJ013-0080.wav,8.7843125,4.6584134
/mnt/md1/user_wago/data/LJSpeech-1.1/wavs/LJ002-0170.wav,8.7494375,4.6064363
/mnt/md1/user_wago/data/LJSpeech-1.1/wavs/LJ047-0198.wav,2.2130625,4.659105
/mnt/md1/user_wago/data/LJSpeech-1.1/wavs/LJ028-0263.wav,5.8818125,4.5370364
/mnt/md1/user_wago/data/LJSpeech-1.1/wavs/LJ034-0164.wav,8.4011875,4.6583233
/mnt/md1/user_wago/data/LJSpeech-1.1/wavs/LJ013-0170.wav,6.323,4.7099657
/mnt/md1/user_wago/data/LJSpeech-1.1/wavs/LJ022-0202.wav,2.8631875,4.5140343
/mnt/md1/user_wago/data/LJSpeech-1.1/wavs/LJ008-0036.wav,7.8555,4.369053
/mnt/md1/user_wago/data/LJSpeech-1.1/wavs/LJ007-0171.wav,4.3493125,4.6411476
/mnt/md1/user_wago/data/LJSpeech-1.1/wavs/LJ029-0024.wav,2.9560625,4.7147503
/mnt/md1/user_wago/data/LJSpeech-1.1/wavs/LJ016-0384.wav,9.7595625,4.6088986
/mnt/md1/user_wago/data/LJSpeech-1.1/wavs/LJ017-0161.wav,8.2966875,4.500046
/mnt/md1/user_wago/data/LJSpeech-1.1/wavs/LJ006-0160.wav,5.9746875,4.7103424
/mnt/md1/user_wago/data/LJSpeech-1.1/wavs/LJ004-0006.wav,9.7130625,4.452685
/mnt/md1/user_wago/data/LJSpeech-1.1/wavs/LJ031-0188.wav,7.83225,4.761191
/mnt/md1/user_wago/data/LJSpeech-1.1/wavs/LJ018-0162.wav,5.51025,4.5745144
/mnt/md1/user_wago/data/LJSpeech-1.1/wavs/LJ027-0068.wav,4.5118125,4.338275
/mnt/md1/user_wago/data/LJSpeech-1.1/wavs/LJ036-0191.wav,4.651125,4.70162
/mnt/md1/user_wago/data/LJSpeech-1.1/wavs/LJ037-0078.wav,3.8965,4.716477
/mnt/md1/user_wago/data/LJSpeech-1.1/wavs/LJ012-0035.wav,7.1473125,4.5205803
/mnt/md1/user_wago/data/LJSpeech-1.1/wavs/LJ026-0043.wav,9.689875,4.512292
/mnt/md1/user_wago/data/LJSpeech-1.1/wavs/LJ003-0185.wav,8.505625,4.543023
/mnt/md1/user_wago/data/LJSpeech-1.1/wavs/LJ016-0091.wav,1.5164375,4.799697
/mnt/md1/user_wago/data/LJSpeech-1.1/wavs/LJ023-0071.wav,5.649625,4.584653
/mnt/md1/user_wago/data/LJSpeech-1.1/wavs/LJ016-0113.wav,8.0993125,4.624085
/mnt/md1/user_wago/data/LJSpeech-1.1/wavs/LJ028-0430.wav,5.545125,4.4347186
/mnt/md1/user_wago/data/LJSpeech-1.1/wavs/LJ022-0094.wav,7.7161875,4.5685215
/mnt/md1/user_wago/data/LJSpeech-1.1/wavs/LJ018-0321.wav,5.8005,4.729289
/mnt/md1/user_wago/data/LJSpeech-1.1/wavs/LJ017-0166.wav,7.35625,4.6677365
/mnt/md1/user_wago/data/LJSpeech-1.1/wavs/LJ039-0179.wav,7.4259375,4.17872
/mnt/md1/user_wago/data/LJSpeech-1.1/wavs/LJ029-0033.wav,6.3578125,4.765856
/mnt/md1/user_wago/data/LJSpeech-1.1/wavs/LJ011-0039.wav,4.29125,4.552926
/mnt/md1/user_wago/data/LJSpeech-1.1/wavs/LJ022-0170.wav,8.819125,4.570364
/mnt/md1/user_wago/data/LJSpeech-1.1/wavs/LJ045-0093.wav,9.4576875,4.5138664
/mnt/md1/user_wago/data/LJSpeech-1.1/wavs/LJ050-0014.wav,5.440625,4.635793
/mnt/md1/user_wago/data/LJSpeech-1.1/wavs/LJ022-0051.wav,4.268,4.753425
/mnt/md1/user_wago/data/LJSpeech-1.1/wavs/LJ047-0043.wav,9.4344375,4.43581
/mnt/md1/user_wago/data/LJSpeech-1.1/wavs/LJ028-0404.wav,7.7161875,4.25915
/mnt/md1/user_wago/data/LJSpeech-1.1/wavs/LJ039-0071.wav,6.7176875,4.3098936
/mnt/md1/user_wago/data/LJSpeech-1.1/wavs/LJ004-0073.wav,6.0791875,4.2909145
/mnt/md1/user_wago/data/LJSpeech-1.1/wavs/LJ036-0015.wav,5.0806875,4.7409077
/mnt/md1/user_wago/data/LJSpeech-1.1/wavs/LJ015-0103.wav,7.751,4.5788913
/mnt/md1/user_wago/data/LJSpeech-1.1/wavs/LJ016-0294.wav,9.99175,4.5650287
/mnt/md1/user_wago/data/LJSpeech-1.1/wavs/LJ046-0093.wav,4.477,4.771362
/mnt/md1/user_wago/data/LJSpeech-1.1/wavs/LJ037-0191.wav,3.87325,4.6645403
/mnt/md1/user_wago/data/LJSpeech-1.1/wavs/LJ010-0036.wav,7.3330625,4.4583673
/mnt/md1/user_wago/data/LJSpeech-1.1/wavs/LJ025-0158.wav,6.6945,4.5422974
/mnt/md1/user_wago/data/LJSpeech-1.1/wavs/LJ049-0193.wav,8.83075,4.656253
/mnt/md1/user_wago/data/LJSpeech-1.1/wavs/LJ047-0064.wav,5.82375,4.642836
/mnt/md1/user_wago/data/LJSpeech-1.1/wavs/LJ036-0208.wav,9.898875,4.6167984
/mnt/md1/user_wago/data/LJSpeech-1.1/wavs/LJ048-0054.wav,5.4870625,4.495471
/mnt/md1/user_wago/data/LJSpeech-1.1/wavs/LJ039-0224.wav,4.2099375,4.59375
/mnt/md1/user_wago/data/LJSpeech-1.1/wavs/LJ028-0112.wav,3.29275,4.5230713
/mnt/md1/user_wago/data/LJSpeech-1.1/wavs/LJ022-0091.wav,4.87175,4.557653
/mnt/md1/user_wago/data/LJSpeech-1.1/wavs/LJ001-0035.wav,5.0575,4.4873714
/mnt/md1/user_wago/data/LJSpeech-1.1/wavs/LJ032-0123.wav,7.8090625,4.6534324
/mnt/md1/user_wago/data/LJSpeech-1.1/wavs/LJ020-0045.wav,7.367875,4.5629
/mnt/md1/user_wago/data/LJSpeech-1.1/wavs/LJ014-0181.wav,6.810625,4.6741
/mnt/md1/user_wago/data/LJSpeech-1.1/wavs/LJ008-0222.wav,4.2448125,4.5630608
/mnt/md1/user_wago/data/LJSpeech-1.1/wavs/LJ006-0107.wav,7.4375625,4.4391026
/mnt/md1/user_wago/data/LJSpeech-1.1/wavs/LJ021-0026.wav,5.34775,4.529296
/mnt/md1/user_wago/data/LJSpeech-1.1/wavs/LJ011-0061.wav,8.0180625,4.5520706
/mnt/md1/user_wago/data/LJSpeech-1.1/wavs/LJ025-0060.wav,8.261875,4.655564
/mnt/md1/user_wago/data/LJSpeech-1.1/wavs/LJ015-0089.wav,6.88025,4.5690002
/mnt/md1/user_wago/data/LJSpeech-1.1/wavs/LJ020-0080.wav,3.71075,4.585293
/mnt/md1/user_wago/data/LJSpeech-1.1/wavs/LJ002-0013.wav,10.0381875,4.6101484
/mnt/md1/user_wago/data/LJSpeech-1.1/wavs/LJ039-0050.wav,5.7540625,4.563163
/mnt/md1/user_wago/data/LJSpeech-1.1/wavs/LJ017-0006.wav,5.55675,4.7284446
/mnt/md1/user_wago/data/LJSpeech-1.1/wavs/LJ008-0251.wav,4.1055,4.53706
/mnt/md1/user_wago/data/LJSpeech-1.1/wavs/LJ009-0086.wav,1.8183125,4.609822
/mnt/md1/user_wago/data/LJSpeech-1.1/wavs/LJ009-0127.wav,2.747125,4.7115836
/mnt/md1/user_wago/data/LJSpeech-1.1/wavs/LJ048-0260.wav,4.1170625,4.440981
/mnt/md1/user_wago/data/LJSpeech-1.1/wavs/LJ032-0011.wav,8.83075,4.5315514
/mnt/md1/user_wago/data/LJSpeech-1.1/wavs/LJ019-0136.wav,9.6201875,4.480718
/mnt/md1/user_wago/data/LJSpeech-1.1/wavs/LJ018-0312.wav,1.771875,4.634695
/mnt/md1/user_wago/data/LJSpeech-1.1/wavs/LJ030-0098.wav,8.04125,4.664401
/mnt/md1/user_wago/data/LJSpeech-1.1/wavs/LJ027-0075.wav,6.520375,4.3346257
/mnt/md1/user_wago/data/LJSpeech-1.1/wavs/LJ007-0030.wav,8.424375,4.646279
/mnt/md1/user_wago/data/LJSpeech-1.1/wavs/LJ045-0058.wav,1.4119375,4.789019
/mnt/md1/user_wago/data/LJSpeech-1.1/wavs/LJ003-0214.wav,7.2053125,4.605363
/mnt/md1/user_wago/data/LJSpeech-1.1/wavs/LJ037-0172.wav,2.3755625,4.6373515
/mnt/md1/user_wago/data/LJSpeech-1.1/wavs/LJ016-0341.wav,3.29275,4.4620457
/mnt/md1/user_wago/data/LJSpeech-1.1/wavs/LJ003-0188.wav,4.477,4.5871954
/mnt/md1/user_wago/data/LJSpeech-1.1/wavs/LJ047-0136.wav,7.5188125,4.4887576
/mnt/md1/user_wago/data/LJSpeech-1.1/wavs/LJ028-0374.wav,5.1155625,4.3988457
/mnt/md1/user_wago/data/LJSpeech-1.1/wavs/LJ033-0031.wav,5.7656875,4.6891294
/mnt/md1/user_wago/data/LJSpeech-1.1/wavs/LJ010-0045.wav,8.912,4.5388904
/mnt/md1/user_wago/data/LJSpeech-1.1/wavs/LJ017-0002.wav,9.88725,4.7328577
/mnt/md1/user_wago/data/LJSpeech-1.1/wavs/LJ033-0069.wav,4.8833125,4.7529583
/mnt/md1/user_wago/data/LJSpeech-1.1/wavs/LJ013-0088.wav,8.6681875,4.519055
/mnt/md1/user_wago/data/LJSpeech-1.1/wavs/LJ012-0162.wav,7.4026875,4.3790526
/mnt/md1/user_wago/data/LJSpeech-1.1/wavs/LJ046-0065.wav,8.610125,4.6589165
/mnt/md1/user_wago/data/LJSpeech-1.1/wavs/LJ015-0050.wav,3.9429375,4.658978
/mnt/md1/user_wago/data/LJSpeech-1.1/wavs/LJ044-0222.wav,7.0195625,4.505741
/mnt/md1/user_wago/data/LJSpeech-1.1/wavs/LJ022-0193.wav,8.5636875,4.6128616
/mnt/md1/user_wago/data/LJSpeech-1.1/wavs/LJ013-0197.wav,3.87325,4.8550262
/mnt/md1/user_wago/data/LJSpeech-1.1/wavs/LJ028-0397.wav,9.0629375,4.1404467
/mnt/md1/user_wago/data/LJSpeech-1.1/wavs/LJ018-0178.wav,3.5598125,4.8320413
/mnt/md1/user_wago/data/LJSpeech-1.1/wavs/LJ006-0224.wav,9.666625,4.4566197
/mnt/md1/user_wago/data/LJSpeech-1.1/wavs/LJ009-0181.wav,7.7858125,4.5125403
/mnt/md1/user_wago/data/LJSpeech-1.1/wavs/LJ037-0110.wav,8.134125,4.6951175
/mnt/md1/user_wago/data/LJSpeech-1.1/wavs/LJ029-0057.wav,9.2255,4.715482
/mnt/md1/user_wago/data/LJSpeech-1.1/wavs/LJ003-0084.wav,7.6465,4.4762444
/mnt/md1/user_wago/data/LJSpeech-1.1/wavs/LJ050-0144.wav,2.23625,4.624713
/mnt/md1/user_wago/data/LJSpeech-1.1/wavs/LJ048-0262.wav,9.88725,4.585535
/mnt/md1/user_wago/data/LJSpeech-1.1/wavs/LJ009-0166.wav,8.2734375,4.480618
/mnt/md1/user_wago/data/LJSpeech-1.1/wavs/LJ027-0061.wav,4.360875,4.400278
/mnt/md1/user_wago/data/LJSpeech-1.1/wavs/LJ050-0112.wav,4.836875,4.7467756
/mnt/md1/user_wago/data/LJSpeech-1.1/wavs/LJ048-0146.wav,5.7889375,4.625527
/mnt/md1/user_wago/data/LJSpeech-1.1/wavs/LJ028-0408.wav,9.399625,4.13136
/mnt/md1/user_wago/data/LJSpeech-1.1/wavs/LJ015-0121.wav,7.2053125,4.492031
/mnt/md1/user_wago/data/LJSpeech-1.1/wavs/LJ039-0027.wav,1.47,3.8990574
/mnt/md1/user_wago/data/LJSpeech-1.1/wavs/LJ012-0021.wav,5.0110625,4.5746827
/mnt/md1/user_wago/data/LJSpeech-1.1/wavs/LJ016-0181.wav,4.6163125,4.551139
/mnt/md1/user_wago/data/LJSpeech-1.1/wavs/LJ007-0081.wav,2.07375,4.627904
/mnt/md1/user_wago/data/LJSpeech-1.1/wavs/LJ028-0097.wav,4.360875,4.747066
/mnt/md1/user_wago/data/LJSpeech-1.1/wavs/LJ033-0101.wav,3.2695625,4.6311707
/mnt/md1/user_wago/data/LJSpeech-1.1/wavs/LJ009-0275.wav,5.7540625,4.3471227
/mnt/md1/user_wago/data/LJSpeech-1.1/wavs/LJ031-0212.wav,7.7045625,4.7333407
/mnt/md1/user_wago/data/LJSpeech-1.1/wavs/LJ048-0185.wav,9.7363125,4.6718173
/mnt/md1/user_wago/data/LJSpeech-1.1/wavs/LJ022-0044.wav,4.8833125,4.68952
/mnt/md1/user_wago/data/LJSpeech-1.1/wavs/LJ036-0192.wav,5.8585625,4.73387
/mnt/md1/user_wago/data/LJSpeech-1.1/wavs/LJ003-0183.wav,7.46075,4.578987
/mnt/md1/user_wago/data/LJSpeech-1.1/wavs/LJ005-0224.wav,2.71225,4.754548
/mnt/md1/user_wago/data/LJSpeech-1.1/wavs/LJ038-0212.wav,6.1488125,4.7622232
/mnt/md1/user_wago/data/LJSpeech-1.1/wavs/LJ004-0130.wav,9.5389375,4.39507
/mnt/md1/user_wago/data/LJSpeech-1.1/wavs/LJ003-0071.wav,5.0110625,4.5888414
/mnt/md1/user_wago/data/LJSpeech-1.1/wavs/LJ040-0031.wav,7.4375625,4.48271
/mnt/md1/user_wago/data/LJSpeech-1.1/wavs/LJ043-0018.wav,5.4058125,4.5591445
/mnt/md1/user_wago/data/LJSpeech-1.1/wavs/LJ025-0084.wav,9.2719375,4.6928945
/mnt/md1/user_wago/data/LJSpeech-1.1/wavs/LJ047-0116.wav,7.0428125,4.5315456
/mnt/md1/user_wago/data/LJSpeech-1.1/wavs/LJ028-0261.wav,4.7324375,4.6425705
/mnt/md1/user_wago/data/LJSpeech-1.1/wavs/LJ014-0070.wav,7.83225,4.6421075
/mnt/md1/user_wago/data/LJSpeech-1.1/wavs/LJ016-0195.wav,4.5234375,4.681611
/mnt/md1/user_wago/data/LJSpeech-1.1/wavs/LJ001-0174.wav,2.4916875,4.5780945
/mnt/md1/user_wago/data/LJSpeech-1.1/wavs/LJ042-0025.wav,7.1705,4.710844
/mnt/md1/user_wago/data/LJSpeech-1.1/wavs/LJ042-0246.wav,8.4824375,4.4595237
/mnt/md1/user_wago/data/LJSpeech-1.1/wavs/LJ040-0039.wav,4.778875,4.309474
/mnt/md1/user_wago/data/LJSpeech-1.1/wavs/LJ006-0305.wav,6.0675625,4.566298
/mnt/md1/user_wago/data/LJSpeech-1.1/wavs/LJ029-0187.wav,6.4506875,4.7129073
/mnt/md1/user_wago/data/LJSpeech-1.1/wavs/LJ011-0202.wav,3.141875,4.564704
/mnt/md1/user_wago/data/LJSpeech-1.1/wavs/LJ033-0209.wav,5.5335,4.739959
/mnt/md1/user_wago/data/LJSpeech-1.1/wavs/LJ002-0125.wav,3.617875,4.6370153
/mnt/md1/user_wago/data/LJSpeech-1.1/wavs/LJ048-0124.wav,7.6465,4.587762
/mnt/md1/user_wago/data/LJSpeech-1.1/wavs/LJ005-0041.wav,8.436,4.664331
/mnt/md1/user_wago/data/LJSpeech-1.1/wavs/LJ017-0011.wav,8.51725,4.7474937
/mnt/md1/user_wago/data/LJSpeech-1.1/wavs/LJ028-0182.wav,6.7293125,4.622709
/mnt/md1/user_wago/data/LJSpeech-1.1/wavs/LJ026-0132.wav,8.7610625,4.398262
/mnt/md1/user_wago/data/LJSpeech-1.1/wavs/LJ015-0027.wav,4.384125,4.430621
/mnt/md1/user_wago/data/LJSpeech-1.1/wavs/LJ045-0220.wav,7.275,4.750759
/mnt/md1/user_wago/data/LJSpeech-1.1/wavs/LJ031-0053.wav,10.09625,4.547517
/mnt/md1/user_wago/data/LJSpeech-1.1/wavs/LJ019-0263.wav,8.6565625,4.631324
/mnt/md1/user_wago/data/LJSpeech-1.1/wavs/LJ032-0204.wav,5.9630625,4.4626617
/mnt/md1/user_wago/data/LJSpeech-1.1/wavs/LJ039-0208.wav,10.0381875,4.355619
/mnt/md1/user_wago/data/LJSpeech-1.1/wavs/LJ019-0120.wav,8.5985625,4.540487
/mnt/md1/user_wago/data/LJSpeech-1.1/wavs/LJ041-0042.wav,8.610125,4.3606853
/mnt/md1/user_wago/data/LJSpeech-1.1/wavs/LJ033-0035.wav,7.46075,4.7546196
/mnt/md1/user_wago/data/LJSpeech-1.1/wavs/LJ015-0094.wav,9.9685,4.6610236
/mnt/md1/user_wago/data/LJSpeech-1.1/wavs/LJ016-0245.wav,5.9514375,4.531484
/mnt/md1/user_wago/data/LJSpeech-1.1/wavs/LJ024-0089.wav,2.1898125,3.9375763
/mnt/md1/user_wago/data/LJSpeech-1.1/wavs/LJ004-0228.wav,7.3098125,4.439431
/mnt/md1/user_wago/data/LJSpeech-1.1/wavs/LJ002-0081.wav,5.231625,4.6904383
/mnt/md1/user_wago/data/LJSpeech-1.1/wavs/LJ042-0007.wav,7.286625,4.53799
/mnt/md1/user_wago/data/LJSpeech-1.1/wavs/LJ041-0184.wav,5.51025,4.548847
/mnt/md1/user_wago/data/LJSpeech-1.1/wavs/LJ044-0234.wav,4.744,4.627456
/mnt/md1/user_wago/data/LJSpeech-1.1/wavs/LJ016-0307.wav,9.318375,4.6261272
/mnt/md1/user_wago/data/LJSpeech-1.1/wavs/LJ013-0159.wav,3.5598125,4.780117
/mnt/md1/user_wago/data/LJSpeech-1.1/wavs/LJ044-0030.wav,4.39575,4.731184
/mnt/md1/user_wago/data/LJSpeech-1.1/wavs/LJ034-0124.wav,7.6000625,4.6515145
/mnt/md1/user_wago/data/LJSpeech-1.1/wavs/LJ030-0053.wav,6.8338125,4.653553
/mnt/md1/user_wago/data/LJSpeech-1.1/wavs/LJ042-0245.wav,9.20225,4.576522
/mnt/md1/user_wago/data/LJSpeech-1.1/wavs/LJ001-0032.wav,7.077625,4.590474
/mnt/md1/user_wago/data/LJSpeech-1.1/wavs/LJ015-0138.wav,1.8066875,3.8922105
/mnt/md1/user_wago/data/LJSpeech-1.1/wavs/LJ046-0221.wav,4.1055,4.622149
/mnt/md1/user_wago/data/LJSpeech-1.1/wavs/LJ018-0088.wav,5.22,4.707893
/mnt/md1/user_wago/data/LJSpeech-1.1/wavs/LJ011-0220.wav,5.1039375,4.818504
/mnt/md1/user_wago/data/LJSpeech-1.1/wavs/LJ007-0142.wav,4.569875,4.717198
/mnt/md1/user_wago/data/LJSpeech-1.1/wavs/LJ045-0211.wav,7.925125,4.697593
/mnt/md1/user_wago/data/LJSpeech-1.1/wavs/LJ007-0106.wav,8.2966875,4.494154
/mnt/md1/user_wago/data/LJSpeech-1.1/wavs/LJ016-0112.wav,8.5753125,4.63855
/mnt/md1/user_wago/data/LJSpeech-1.1/wavs/LJ043-0057.wav,8.633375,4.832052
/mnt/md1/user_wago/data/LJSpeech-1.1/wavs/LJ032-0049.wav,8.4591875,4.6659036
/mnt/md1/user_wago/data/LJSpeech-1.1/wavs/LJ021-0003.wav,5.8934375,4.722828
/mnt/md1/user_wago/data/LJSpeech-1.1/wavs/LJ019-0070.wav,9.806,4.662128
/mnt/md1/user_wago/data/LJSpeech-1.1/wavs/LJ011-0199.wav,8.610125,4.504757
/mnt/md1/user_wago/data/LJSpeech-1.1/wavs/LJ041-0065.wav,6.7525625,4.547165
/mnt/md1/user_wago/data/LJSpeech-1.1/wavs/LJ049-0053.wav,8.052875,4.53355
/mnt/md1/user_wago/data/LJSpeech-1.1/wavs/LJ008-0281.wav,4.8253125,4.662513
/mnt/md1/user_wago/data/LJSpeech-1.1/wavs/LJ019-0026.wav,8.9700625,4.443336
/mnt/md1/user_wago/data/LJSpeech-1.1/wavs/LJ023-0081.wav,10.0381875,4.2785945
/mnt/md1/user_wago/data/LJSpeech-1.1/wavs/LJ015-0034.wav,5.4638125,4.54248
/mnt/md1/user_wago/data/LJSpeech-1.1/wavs/LJ021-0117.wav,4.55825,4.5236826
/mnt/md1/user_wago/data/LJSpeech-1.1/wavs/LJ048-0288.wav,5.55675,4.607381
/mnt/md1/user_wago/data/LJSpeech-1.1/wavs/LJ015-0285.wav,6.4275,4.438123
/mnt/md1/user_wago/data/LJSpeech-1.1/wavs/LJ029-0113.wav,3.02575,4.717731
/mnt/md1/user_wago/data/LJSpeech-1.1/wavs/LJ044-0064.wav,6.9266875,4.4636745
/mnt/md1/user_wago/data/LJSpeech-1.1/wavs/LJ003-0265.wav,7.6929375,4.4521585
/mnt/md1/user_wago/data/LJSpeech-1.1/wavs/LJ022-0180.wav,5.254875,4.681759
/mnt/md1/user_wago/data/LJSpeech-1.1/wavs/LJ007-0060.wav,9.585375,4.577567
/mnt/md1/user_wago/data/LJSpeech-1.1/wavs/LJ043-0116.wav,7.96,4.6587467
/mnt/md1/user_wago/data/LJSpeech-1.1/wavs/LJ032-0194.wav,5.9746875,4.7164373
/mnt/md1/user_wago/data/LJSpeech-1.1/wavs/LJ035-0115.wav,5.1968125,4.532001
/mnt/md1/user_wago/data/LJSpeech-1.1/wavs/LJ043-0134.wav,4.76725,4.853767
/mnt/md1/user_wago/data/LJSpeech-1.1/wavs/LJ045-0245.wav,6.102375,4.4772115
/mnt/md1/user_wago/data/LJSpeech-1.1/wavs/LJ048-0274.wav,4.6975625,4.725132
/mnt/md1/user_wago/data/LJSpeech-1.1/wavs/LJ028-0351.wav,8.3779375,4.4868283
/mnt/md1/user_wago/data/LJSpeech-1.1/wavs/LJ050-0034.wav,5.3709375,4.7874045
/mnt/md1/user_wago/data/LJSpeech-1.1/wavs/LJ023-0032.wav,2.5265,4.7098866
/mnt/md1/user_wago/data/LJSpeech-1.1/wavs/LJ016-0032.wav,4.6046875,4.632486
/mnt/md1/user_wago/data/LJSpeech-1.1/wavs/LJ050-0176.wav,8.912,4.548987
/mnt/md1/user_wago/data/LJSpeech-1.1/wavs/LJ005-0283.wav,8.2734375,4.6285257
/mnt/md1/user_wago/data/LJSpeech-1.1/wavs/LJ003-0228.wav,2.4684375,4.3528104
/mnt/md1/user_wago/data/LJSpeech-1.1/wavs/LJ012-0004.wav,7.367875,4.7431593
/mnt/md1/user_wago/data/LJSpeech-1.1/wavs/LJ043-0171.wav,8.1109375,4.4224954
/mnt/md1/user_wago/data/LJSpeech-1.1/wavs/LJ016-0436.wav,9.8524375,4.488161
/mnt/md1/user_wago/data/LJSpeech-1.1/wavs/LJ033-0105.wav,2.2595,4.420908
/mnt/md1/user_wago/data/LJSpeech-1.1/wavs/LJ040-0225.wav,9.898875,4.4967613
/mnt/md1/user_wago/data/LJSpeech-1.1/wavs/LJ031-0195.wav,8.25025,4.730165
/mnt/md1/user_wago/data/LJSpeech-1.1/wavs/LJ015-0125.wav,9.004875,4.522502
/mnt/md1/user_wago/data/LJSpeech-1.1/wavs/LJ001-0142.wav,8.72625,4.308441
/mnt/md1/user_wago/data/LJSpeech-1.1/wavs/LJ009-0099.wav,4.3725,4.8302
/mnt/md1/user_wago/data/LJSpeech-1.1/wavs/LJ043-0114.wav,5.6031875,4.6694894
/mnt/md1/user_wago/data/LJSpeech-1.1/wavs/LJ007-0004.wav,3.8268125,4.5552254
/mnt/md1/user_wago/data/LJSpeech-1.1/wavs/LJ008-0060.wav,6.5435625,4.508936
/mnt/md1/user_wago/data/LJSpeech-1.1/wavs/LJ018-0186.wav,9.4460625,4.631454
/mnt/md1/user_wago/data/LJSpeech-1.1/wavs/LJ038-0029.wav,6.0559375,4.7447643
/mnt/md1/user_wago/data/LJSpeech-1.1/wavs/LJ015-0114.wav,6.0095,4.723933
/mnt/md1/user_wago/data/LJSpeech-1.1/wavs/LJ025-0026.wav,6.6596875,4.711396
/mnt/md1/user_wago/data/LJSpeech-1.1/wavs/LJ007-0210.wav,8.7610625,4.5145407
/mnt/md1/user_wago/data/LJSpeech-1.1/wavs/LJ007-0041.wav,6.868625,4.689298
/mnt/md1/user_wago/data/LJSpeech-1.1/wavs/LJ003-0270.wav,7.5071875,4.6499777
/mnt/md1/user_wago/data/LJSpeech-1.1/wavs/LJ048-0200.wav,4.4073125,4.6635838
/mnt/md1/user_wago/data/LJSpeech-1.1/wavs/LJ033-0060.wav,5.3245,4.6927686
/mnt/md1/user_wago/data/LJSpeech-1.1/wavs/LJ038-0290.wav,3.9429375,4.4193077
/mnt/md1/user_wago/data/LJSpeech-1.1/wavs/LJ003-0216.wav,5.7773125,4.5854206
/mnt/md1/user_wago/data/LJSpeech-1.1/wavs/LJ034-0041.wav,7.3446875,4.772176
/mnt/md1/user_wago/data/LJSpeech-1.1/wavs/LJ049-0158.wav,9.09775,4.640515
/mnt/md1/user_wago/data/LJSpeech-1.1/wavs/LJ045-0210.wav,2.9560625,4.4800897
/mnt/md1/user_wago/data/LJSpeech-1.1/wavs/LJ018-0011.wav,6.40425,4.466349
/mnt/md1/user_wago/data/LJSpeech-1.1/wavs/LJ030-0233.wav,6.5551875,4.7379947
/mnt/md1/user_wago/data/LJSpeech-1.1/wavs/LJ034-0135.wav,6.706125,4.3815875
/mnt/md1/user_wago/data/LJSpeech-1.1/wavs/LJ014-0028.wav,4.5001875,4.6435432
/mnt/md1/user_wago/data/LJSpeech-1.1/wavs/LJ030-0224.wav,5.3245,4.7604437
/mnt/md1/user_wago/data/LJSpeech-1.1/wavs/LJ027-0017.wav,3.3624375,4.376512
/mnt/md1/user_wago/data/LJSpeech-1.1/wavs/LJ018-0093.wav,9.3648125,4.6899962
/mnt/md1/user_wago/data/LJSpeech-1.1/wavs/LJ046-0094.wav,8.343125,4.634584
/mnt/md1/user_wago/data/LJSpeech-1.1/wavs/LJ028-0171.wav,6.0791875,4.4295335
/mnt/md1/user_wago/data/LJSpeech-1.1/wavs/LJ045-0127.wav,8.552125,4.5081387
/mnt/md1/user_wago/data/LJSpeech-1.1/wavs/LJ017-0220.wav,4.5118125,4.589494
/mnt/md1/user_wago/data/LJSpeech-1.1/wavs/LJ012-0215.wav,7.08925,4.609585
/mnt/md1/user_wago/data/LJSpeech-1.1/wavs/LJ022-0177.wav,7.484,4.7090178
/mnt/md1/user_wago/data/LJSpeech-1.1/wavs/LJ039-0211.wav,6.4390625,4.5339165
/mnt/md1/user_wago/data/LJSpeech-1.1/wavs/LJ050-0164.wav,3.675875,4.627766
/mnt/md1/user_wago/data/LJSpeech-1.1/wavs/LJ023-0050.wav,7.8786875,4.432274
/mnt/md1/user_wago/data/LJSpeech-1.1/wavs/LJ013-0219.wav,6.0559375,4.5734043
/mnt/md1/user_wago/data/LJSpeech-1.1/wavs/LJ038-0064.wav,9.190625,4.4989505
/mnt/md1/user_wago/data/LJSpeech-1.1/wavs/LJ031-0144.wav,7.8786875,4.708397
/mnt/md1/user_wago/data/LJSpeech-1.1/wavs/LJ034-0168.wav,7.4259375,4.4168215
/mnt/md1/user_wago/data/LJSpeech-1.1/wavs/LJ012-0104.wav,8.04125,4.779065
/mnt/md1/user_wago/data/LJSpeech-1.1/wavs/LJ028-0387.wav,8.0645,4.3243327
/mnt/md1/user_wago/data/LJSpeech-1.1/wavs/LJ019-0183.wav,9.6318125,4.692594
/mnt/md1/user_wago/data/LJSpeech-1.1/wavs/LJ049-0029.wav,7.1240625,4.6367893
/mnt/md1/user_wago/data/LJSpeech-1.1/wavs/LJ005-0087.wav,4.9065625,4.4617524
/mnt/md1/user_wago/data/LJSpeech-1.1/wavs/LJ003-0310.wav,6.4275,4.4661946
/mnt/md1/user_wago/data/LJSpeech-1.1/wavs/LJ047-0200.wav,8.14575,4.588457
/mnt/md1/user_wago/data/LJSpeech-1.1/wavs/LJ048-0030.wav,8.505625,4.5385976
/mnt/md1/user_wago/data/LJSpeech-1.1/wavs/LJ009-0239.wav,7.9135625,4.7044253
/mnt/md1/user_wago/data/LJSpeech-1.1/wavs/LJ010-0209.wav,9.2486875,4.620767
/mnt/md1/user_wago/data/LJSpeech-1.1/wavs/LJ044-0115.wav,4.55825,4.275286
/mnt/md1/user_wago/data/LJSpeech-1.1/wavs/LJ016-0108.wav,6.40425,4.688408
/mnt/md1/user_wago/data/LJSpeech-1.1/wavs/LJ013-0137.wav,5.7656875,4.672686
/mnt/md1/user_wago/data/LJSpeech-1.1/wavs/LJ048-0158.wav,2.71225,4.7224126
/mnt/md1/user_wago/data/LJSpeech-1.1/wavs/LJ026-0035.wav,7.542,4.466857
/mnt/md1/user_wago/data/LJSpeech-1.1/wavs/LJ019-0314.wav,6.021125,4.692363
/mnt/md1/user_wago/data/LJSpeech-1.1/wavs/LJ017-0047.wav,7.0544375,4.633792
/mnt/md1/user_wago/data/LJSpeech-1.1/wavs/LJ007-0068.wav,5.231625,4.508023
/mnt/md1/user_wago/data/LJSpeech-1.1/wavs/LJ003-0221.wav,9.864,4.5084963
/mnt/md1/user_wago/data/LJSpeech-1.1/wavs/LJ042-0173.wav,6.3345625,4.630895
/mnt/md1/user_wago/data/LJSpeech-1.1/wavs/LJ028-0286.wav,3.327625,4.2202635
/mnt/md1/user_wago/data/LJSpeech-1.1/wavs/LJ004-0194.wav,2.7703125,4.5197496
/mnt/md1/user_wago/data/LJSpeech-1.1/wavs/LJ006-0104.wav,8.3315,4.6386604
/mnt/md1/user_wago/data/LJSpeech-1.1/wavs/LJ034-0044.wav,7.077625,4.6950574
/mnt/md1/user_wago/data/LJSpeech-1.1/wavs/LJ010-0244.wav,9.771125,4.635458
/mnt/md1/user_wago/data/LJSpeech-1.1/wavs/LJ010-0075.wav,9.41125,4.5668626
/mnt/md1/user_wago/data/LJSpeech-1.1/wavs/LJ042-0063.wav,8.703,4.5688305
/mnt/md1/user_wago/data/LJSpeech-1.1/wavs/LJ037-0225.wav,8.714625,4.5233564
/mnt/md1/user_wago/data/LJSpeech-1.1/wavs/LJ036-0036.wav,6.799,4.6382217
/mnt/md1/user_wago/data/LJSpeech-1.1/wavs/LJ042-0108.wav,8.72625,4.6102667
/mnt/md1/user_wago/data/LJSpeech-1.1/wavs/LJ005-0065.wav,7.2053125,4.558613
/mnt/md1/user_wago/data/LJSpeech-1.1/wavs/LJ032-0012.wav,9.8524375,4.630708
/mnt/md1/user_wago/data/LJSpeech-1.1/wavs/LJ050-0210.wav,6.4506875,4.647396
/mnt/md1/user_wago/data/LJSpeech-1.1/wavs/LJ050-0136.wav,8.4940625,4.5216374
/mnt/md1/user_wago/data/LJSpeech-1.1/wavs/LJ048-0061.wav,5.7656875,4.7166553
/mnt/md1/user_wago/data/LJSpeech-1.1/wavs/LJ016-0068.wav,6.4855,4.557473
/mnt/md1/user_wago/data/LJSpeech-1.1/wavs/LJ029-0188.wav,8.7494375,4.386457
/mnt/md1/user_wago/data/LJSpeech-1.1/wavs/LJ027-0106.wav,9.794375,4.420924
/mnt/md1/user_wago/data/LJSpeech-1.1/wavs/LJ005-0039.wav,7.96,4.4808006
/mnt/md1/user_wago/data/LJSpeech-1.1/wavs/LJ028-0194.wav,8.436,4.236761
/mnt/md1/user_wago/data/LJSpeech-1.1/wavs/LJ004-0155.wav,9.864,4.5948544
/mnt/md1/user_wago/data/LJSpeech-1.1/wavs/LJ031-0061.wav,9.4460625,4.4613547
/mnt/md1/user_wago/data/LJSpeech-1.1/wavs/LJ019-0163.wav,9.57375,4.482615
/mnt/md1/user_wago/data/LJSpeech-1.1/wavs/LJ042-0125.wav,9.99175,4.464246
/mnt/md1/user_wago/data/LJSpeech-1.1/wavs/LJ021-0010.wav,6.40425,4.678393
/mnt/md1/user_wago/data/LJSpeech-1.1/wavs/LJ030-0057.wav,6.1720625,4.705209
/mnt/md1/user_wago/data/LJSpeech-1.1/wavs/LJ043-0081.wav,6.3578125,4.6648464
/mnt/md1/user_wago/data/LJSpeech-1.1/wavs/LJ032-0224.wav,5.7773125,4.650087
/mnt/md1/user_wago/data/LJSpeech-1.1/wavs/LJ016-0189.wav,7.542,4.6920495
/mnt/md1/user_wago/data/LJSpeech-1.1/wavs/LJ006-0007.wav,5.34775,4.5506167
/mnt/md1/user_wago/data/LJSpeech-1.1/wavs/LJ036-0082.wav,6.29975,4.7268867
/mnt/md1/user_wago/data/LJSpeech-1.1/wavs/LJ024-0003.wav,1.562875,4.4761934
/mnt/md1/user_wago/data/LJSpeech-1.1/wavs/LJ040-0153.wav,3.39725,4.3878474
/mnt/md1/user_wago/data/LJSpeech-1.1/wavs/LJ043-0160.wav,6.7525625,4.5491843
/mnt/md1/user_wago/data/LJSpeech-1.1/wavs/LJ027-0070.wav,9.4344375,4.310136
/mnt/md1/user_wago/data/LJSpeech-1.1/wavs/LJ018-0077.wav,5.0923125,4.654999
/mnt/md1/user_wago/data/LJSpeech-1.1/wavs/LJ038-0279.wav,3.0605625,4.7151914
/mnt/md1/user_wago/data/LJSpeech-1.1/wavs/LJ045-0113.wav,9.608625,4.627829
/mnt/md1/user_wago/data/LJSpeech-1.1/wavs/LJ011-0260.wav,9.7479375,4.6408463
/mnt/md1/user_wago/data/LJSpeech-1.1/wavs/LJ033-0007.wav,7.5884375,4.729263
/mnt/md1/user_wago/data/LJSpeech-1.1/wavs/LJ031-0071.wav,9.88725,4.5959873
/mnt/md1/user_wago/data/LJSpeech-1.1/wavs/LJ028-0163.wav,5.3013125,4.446555
/mnt/md1/user_wago/data/LJSpeech-1.1/wavs/LJ014-0269.wav,7.681375,4.266392
/mnt/md1/user_wago/data/LJSpeech-1.1/wavs/LJ038-0288.wav,9.864,4.422364
/mnt/md1/user_wago/data/LJSpeech-1.1/wavs/LJ002-0084.wav,7.391125,4.603726
/mnt/md1/user_wago/data/LJSpeech-1.1/wavs/LJ005-0057.wav,4.3376875,4.686641
/mnt/md1/user_wago/data/LJSpeech-1.1/wavs/LJ007-0085.wav,8.99325,4.563615
/mnt/md1/user_wago/data/LJSpeech-1.1/wavs/LJ019-0398.wav,8.83075,4.552488
/mnt/md1/user_wago/data/LJSpeech-1.1/wavs/LJ014-0127.wav,4.08225,4.369358
/mnt/md1/user_wago/data/LJSpeech-1.1/wavs/LJ006-0053.wav,5.2665,4.652982
/mnt/md1/user_wago/data/LJSpeech-1.1/wavs/LJ008-0056.wav,8.703,4.5195093
/mnt/md1/user_wago/data/LJSpeech-1.1/wavs/LJ036-0217.wav,6.6480625,4.472261
/mnt/md1/user_wago/data/LJSpeech-1.1/wavs/LJ040-0082.wav,2.3988125,4.6113977
/mnt/md1/user_wago/data/LJSpeech-1.1/wavs/LJ018-0324.wav,9.7130625,4.581873
/mnt/md1/user_wago/data/LJSpeech-1.1/wavs/LJ019-0336.wav,4.5234375,4.6381617
/mnt/md1/user_wago/data/LJSpeech-1.1/wavs/LJ001-0151.wav,4.5118125,4.628027
/mnt/md1/user_wago/data/LJSpeech-1.1/wavs/LJ019-0354.wav,9.7363125,4.5730124
/mnt/md1/user_wago/data/LJSpeech-1.1/wavs/LJ016-0167.wav,4.5118125,4.630206
/mnt/md1/user_wago/data/LJSpeech-1.1/wavs/LJ045-0244.wav,7.9019375,4.6596484
/mnt/md1/user_wago/data/LJSpeech-1.1/wavs/LJ032-0215.wav,6.102375,4.772852
/mnt/md1/user_wago/data/LJSpeech-1.1/wavs/LJ016-0052.wav,8.215375,4.6199036
/mnt/md1/user_wago/data/LJSpeech-1.1/wavs/LJ016-0003.wav,4.6975625,4.8384037
/mnt/md1/user_wago/data/LJSpeech-1.1/wavs/LJ013-0257.wav,6.9615,4.6511874
/mnt/md1/user_wago/data/LJSpeech-1.1/wavs/LJ020-0048.wav,8.35475,4.3973565
/mnt/md1/user_wago/data/LJSpeech-1.1/wavs/LJ027-0136.wav,5.812125,4.600617
/mnt/md1/user_wago/data/LJSpeech-1.1/wavs/LJ038-0161.wav,8.2734375,4.5182014
/mnt/md1/user_wago/data/LJSpeech-1.1/wavs/LJ001-0143.wav,6.1604375,4.2218843
/mnt/md1/user_wago/data/LJSpeech-1.1/wavs/LJ025-0157.wav,8.6798125,4.5369024
/mnt/md1/user_wago/data/LJSpeech-1.1/wavs/LJ047-0236.wav,4.7904375,4.42829
/mnt/md1/user_wago/data/LJSpeech-1.1/wavs/LJ010-0029.wav,7.762625,4.3955803
/mnt/md1/user_wago/data/LJSpeech-1.1/wavs/LJ031-0013.wav,8.5753125,4.63246
/mnt/md1/user_wago/data/LJSpeech-1.1/wavs/LJ028-0113.wav,4.093875,4.5778294
/mnt/md1/user_wago/data/LJSpeech-1.1/wavs/LJ032-0206.wav,8.319875,4.678297
/mnt/md1/user_wago/data/LJSpeech-1.1/wavs/LJ014-0207.wav,4.6975625,4.6129484
/mnt/md1/user_wago/data/LJSpeech-1.1/wavs/LJ034-0217.wav,4.1519375,4.5564117
/mnt/md1/user_wago/data/LJSpeech-1.1/wavs/LJ021-0077.wav,1.7021875,4.64928
/mnt/md1/user_wago/data/LJSpeech-1.1/wavs/LJ005-0186.wav,7.4375625,4.3780923
/mnt/md1/user_wago/data/LJSpeech-1.1/wavs/LJ050-0073.wav,4.8485,4.6180406
/mnt/md1/user_wago/data/LJSpeech-1.1/wavs/LJ023-0027.wav,9.2603125,4.4227915
/mnt/md1/user_wago/data/LJSpeech-1.1/wavs/LJ043-0012.wav,6.9383125,4.6121035
/mnt/md1/user_wago/data/LJSpeech-1.1/wavs/LJ035-0150.wav,3.1534375,4.4309797
/mnt/md1/user_wago/data/LJSpeech-1.1/wavs/LJ001-0054.wav,4.3376875,4.522315
/mnt/md1/user_wago/data/LJSpeech-1.1/wavs/LJ018-0149.wav,6.6945,4.573332
/mnt/md1/user_wago/data/LJSpeech-1.1/wavs/LJ039-0235.wav,9.086125,4.244005
/mnt/md1/user_wago/data/LJSpeech-1.1/wavs/LJ001-0019.wav,6.415875,4.434569
/mnt/md1/user_wago/data/LJSpeech-1.1/wavs/LJ012-0252.wav,5.730875,4.66378
/mnt/md1/user_wago/data/LJSpeech-1.1/wavs/LJ049-0038.wav,8.3895625,4.573875
/mnt/md1/user_wago/data/LJSpeech-1.1/wavs/LJ047-0217.wav,6.13725,4.535718
/mnt/md1/user_wago/data/LJSpeech-1.1/wavs/LJ018-0251.wav,10.084625,4.4160123
/mnt/md1/user_wago/data/LJSpeech-1.1/wavs/LJ019-0072.wav,7.3795,4.5866685
/mnt/md1/user_wago/data/LJSpeech-1.1/wavs/LJ002-0334.wav,7.8903125,4.204406
/mnt/md1/user_wago/data/LJSpeech-1.1/wavs/LJ025-0006.wav,6.1488125,4.591933
/mnt/md1/user_wago/data/LJSpeech-1.1/wavs/LJ003-0311.wav,5.1039375,4.486536
/mnt/md1/user_wago/data/LJSpeech-1.1/wavs/LJ030-0199.wav,5.0806875,4.6941514
/mnt/md1/user_wago/data/LJSpeech-1.1/wavs/LJ049-0219.wav,3.4205,4.6705236
/mnt/md1/user_wago/data/LJSpeech-1.1/wavs/LJ006-0085.wav,8.6798125,4.5501065
/mnt/md1/user_wago/data/LJSpeech-1.1/wavs/LJ026-0019.wav,6.601625,4.4806395
/mnt/md1/user_wago/data/LJSpeech-1.1/wavs/LJ031-0209.wav,7.1240625,4.71045
/mnt/md1/user_wago/data/LJSpeech-1.1/wavs/LJ041-0126.wav,9.51575,4.460658
/mnt/md1/user_wago/data/LJSpeech-1.1/wavs/LJ002-0183.wav,5.4058125,4.591564
/mnt/md1/user_wago/data/LJSpeech-1.1/wavs/LJ038-0047.wav,9.9685,4.465347
/mnt/md1/user_wago/data/LJSpeech-1.1/wavs/LJ015-0105.wav,7.1124375,4.4744797
/mnt/md1/user_wago/data/LJSpeech-1.1/wavs/LJ011-0183.wav,5.9630625,4.7098265
/mnt/md1/user_wago/data/LJSpeech-1.1/wavs/LJ009-0105.wav,6.19525,4.631983
/mnt/md1/user_wago/data/LJSpeech-1.1/wavs/LJ001-0092.wav,7.9831875,4.4864254
/mnt/md1/user_wago/data/LJSpeech-1.1/wavs/LJ048-0022.wav,8.029625,4.5455704
/mnt/md1/user_wago/data/LJSpeech-1.1/wavs/LJ046-0014.wav,2.805125,4.708317
/mnt/md1/user_wago/data/LJSpeech-1.1/wavs/LJ030-0150.wav,5.8934375,4.7482724
/mnt/md1/user_wago/data/LJSpeech-1.1/wavs/LJ004-0129.wav,3.0025,4.3068414
/mnt/md1/user_wago/data/LJSpeech-1.1/wavs/LJ044-0209.wav,8.7726875,4.339502
/mnt/md1/user_wago/data/LJSpeech-1.1/wavs/LJ002-0054.wav,7.7161875,4.546348
/mnt/md1/user_wago/data/LJSpeech-1.1/wavs/LJ045-0133.wav,4.070625,4.7229457
/mnt/md1/user_wago/data/LJSpeech-1.1/wavs/LJ011-0011.wav,3.6526875,4.7275286
/mnt/md1/user_wago/data/LJSpeech-1.1/wavs/LJ048-0099.wav,9.09775,4.5251966
/mnt/md1/user_wago/data/LJSpeech-1.1/wavs/LJ016-0387.wav,5.707625,4.430368
/mnt/md1/user_wago/data/LJSpeech-1.1/wavs/LJ026-0047.wav,6.520375,4.567214
/mnt/md1/user_wago/data/LJSpeech-1.1/wavs/LJ011-0103.wav,4.9298125,4.694498
/mnt/md1/user_wago/data/LJSpeech-1.1/wavs/LJ009-0201.wav,5.254875,4.656869
/mnt/md1/user_wago/data/LJSpeech-1.1/wavs/LJ004-0045.wav,7.6116875,4.2937393
/mnt/md1/user_wago/data/LJSpeech-1.1/wavs/LJ010-0255.wav,2.92125,4.3632545
/mnt/md1/user_wago/data/LJSpeech-1.1/wavs/LJ005-0058.wav,6.9035,4.5664797
/mnt/md1/user_wago/data/LJSpeech-1.1/wavs/LJ045-0022.wav,8.7843125,4.559812
/mnt/md1/user_wago/data/LJSpeech-1.1/wavs/LJ028-0422.wav,3.6875,4.5774193
/mnt/md1/user_wago/data/LJSpeech-1.1/wavs/LJ019-0245.wav,5.730875,4.6407547
/mnt/md1/user_wago/data/LJSpeech-1.1/wavs/LJ050-0085.wav,5.55675,4.51338
/mnt/md1/user_wago/data/LJSpeech-1.1/wavs/LJ046-0012.wav,3.60625,4.6503515
/mnt/md1/user_wago/data/LJSpeech-1.1/wavs/LJ028-0093.wav,7.0195625,4.6025043
/mnt/md1/user_wago/data/LJSpeech-1.1/wavs/LJ045-0226.wav,9.1558125,4.7031794
/mnt/md1/user_wago/data/LJSpeech-1.1/wavs/LJ031-0026.wav,2.271125,4.5658393
/mnt/md1/user_wago/data/LJSpeech-1.1/wavs/LJ005-0112.wav,5.6031875,4.7458763
/mnt/md1/user_wago/data/LJSpeech-1.1/wavs/LJ041-0166.wav,7.46075,4.6360574
/mnt/md1/user_wago/data/LJSpeech-1.1/wavs/LJ020-0018.wav,4.7904375,4.0676694
/mnt/md1/user_wago/data/LJSpeech-1.1/wavs/LJ049-0128.wav,5.2084375,4.630522
/mnt/md1/user_wago/data/LJSpeech-1.1/wavs/LJ043-0183.wav,4.279625,4.603458
/mnt/md1/user_wago/data/LJSpeech-1.1/wavs/LJ009-0063.wav,7.658125,4.451647
/mnt/md1/user_wago/data/LJSpeech-1.1/wavs/LJ040-0198.wav,7.739375,4.265669
/mnt/md1/user_wago/data/LJSpeech-1.1/wavs/LJ039-0003.wav,6.0095,4.672789
/mnt/md1/user_wago/data/LJSpeech-1.1/wavs/LJ034-0142.wav,9.806,4.5589085
/mnt/md1/user_wago/data/LJSpeech-1.1/wavs/LJ002-0268.wav,9.1325625,4.379363
/mnt/md1/user_wago/data/LJSpeech-1.1/wavs/LJ002-0207.wav,9.2255,4.536665
/mnt/md1/user_wago/data/LJSpeech-1.1/wavs/LJ046-0022.wav,7.7045625,4.5512834
/mnt/md1/user_wago/data/LJSpeech-1.1/wavs/LJ021-0112.wav,6.9035,4.513336
/mnt/md1/user_wago/data/LJSpeech-1.1/wavs/LJ003-0278.wav,7.263375,4.6180677
/mnt/md1/user_wago/data/LJSpeech-1.1/wavs/LJ029-0108.wav,9.41125,4.588027
/mnt/md1/user_wago/data/LJSpeech-1.1/wavs/LJ047-0220.wav,9.5505625,4.3598084
/mnt/md1/user_wago/data/LJSpeech-1.1/wavs/LJ034-0038.wav,9.4925,4.6372075
/mnt/md1/user_wago/data/LJSpeech-1.1/wavs/LJ007-0099.wav,4.778875,4.7652245
/mnt/md1/user_wago/data/LJSpeech-1.1/wavs/LJ027-0137.wav,2.6658125,4.07269
/mnt/md1/user_wago/data/LJSpeech-1.1/wavs/LJ037-0140.wav,9.666625,4.6943607
/mnt/md1/user_wago/data/LJSpeech-1.1/wavs/LJ026-0092.wav,4.6046875,4.5924034
/mnt/md1/user_wago/data/LJSpeech-1.1/wavs/LJ040-0034.wav,7.2981875,4.567079
/mnt/md1/user_wago/data/LJSpeech-1.1/wavs/LJ034-0187.wav,6.996375,4.6666737
/mnt/md1/user_wago/data/LJSpeech-1.1/wavs/LJ016-0262.wav,7.739375,4.6648703
/mnt/md1/user_wago/data/LJSpeech-1.1/wavs/LJ013-0017.wav,7.6929375,4.5878873
/mnt/md1/user_wago/data/LJSpeech-1.1/wavs/LJ007-0024.wav,6.19525,4.586792
/mnt/md1/user_wago/data/LJSpeech-1.1/wavs/LJ001-0013.wav,2.5845625,4.458391
/mnt/md1/user_wago/data/LJSpeech-1.1/wavs/LJ005-0220.wav,7.3795,4.5901723
/mnt/md1/user_wago/data/LJSpeech-1.1/wavs/LJ037-0070.wav,8.436,4.731123
/mnt/md1/user_wago/data/LJSpeech-1.1/wavs/LJ030-0096.wav,7.9019375,4.776997
/mnt/md1/user_wago/data/LJSpeech-1.1/wavs/LJ044-0143.wav,3.617875,4.501832
/mnt/md1/user_wago/data/LJSpeech-1.1/wavs/LJ029-0077.wav,4.6046875,4.7690005
/mnt/md1/user_wago/data/LJSpeech-1.1/wavs/LJ032-0056.wav,3.1766875,4.5520453
/mnt/md1/user_wago/data/LJSpeech-1.1/wavs/LJ007-0123.wav,5.13875,4.644088
/mnt/md1/user_wago/data/LJSpeech-1.1/wavs/LJ027-0139.wav,9.3531875,4.3428855
/mnt/md1/user_wago/data/LJSpeech-1.1/wavs/LJ003-0018.wav,7.5188125,4.6180606
/mnt/md1/user_wago/data/LJSpeech-1.1/wavs/LJ031-0164.wav,2.3755625,4.674885
/mnt/md1/user_wago/data/LJSpeech-1.1/wavs/LJ023-0054.wav,6.230125,4.6505184
/mnt/md1/user_wago/data/LJSpeech-1.1/wavs/LJ029-0099.wav,4.465375,4.6289005
/mnt/md1/user_wago/data/LJSpeech-1.1/wavs/LJ003-0333.wav,9.4576875,4.3382874
/mnt/md1/user_wago/data/LJSpeech-1.1/wavs/LJ023-0031.wav,2.062125,4.672837
/mnt/md1/user_wago/data/LJSpeech-1.1/wavs/LJ001-0163.wav,6.392625,4.4898458
/mnt/md1/user_wago/data/LJSpeech-1.1/wavs/LJ032-0273.wav,7.576875,4.631138
/mnt/md1/user_wago/data/LJSpeech-1.1/wavs/LJ015-0014.wav,3.8965,4.7618713
/mnt/md1/user_wago/data/LJSpeech-1.1/wavs/LJ029-0132.wav,6.868625,4.7670527
/mnt/md1/user_wago/data/LJSpeech-1.1/wavs/LJ007-0090.wav,8.1109375,4.604291
/mnt/md1/user_wago/data/LJSpeech-1.1/wavs/LJ010-0259.wav,6.0675625,4.7920694
/mnt/md1/user_wago/data/LJSpeech-1.1/wavs/LJ039-0033.wav,8.633375,4.255698
/mnt/md1/user_wago/data/LJSpeech-1.1/wavs/LJ043-0041.wav,1.9228125,4.772548
/mnt/md1/user_wago/data/LJSpeech-1.1/wavs/LJ008-0166.wav,7.843875,4.408828
/mnt/md1/user_wago/data/LJSpeech-1.1/wavs/LJ049-0093.wav,7.542,4.31968
/mnt/md1/user_wago/data/LJSpeech-1.1/wavs/LJ004-0173.wav,7.8206875,4.3366437
/mnt/md1/user_wago/data/LJSpeech-1.1/wavs/LJ041-0196.wav,10.0265625,4.449767
/mnt/md1/user_wago/data/LJSpeech-1.1/wavs/LJ050-0039.wav,6.323,4.6077504
/mnt/md1/user_wago/data/LJSpeech-1.1/wavs/LJ045-0175.wav,4.8253125,4.606898
/mnt/md1/user_wago/data/LJSpeech-1.1/wavs/LJ005-0001.wav,6.8570625,4.4599485
/mnt/md1/user_wago/data/LJSpeech-1.1/wavs/LJ030-0041.wav,5.3825625,4.7477627
/mnt/md1/user_wago/data/LJSpeech-1.1/wavs/LJ017-0244.wav,9.3415625,4.601984
/mnt/md1/user_wago/data/LJSpeech-1.1/wavs/LJ012-0250.wav,2.6658125,4.701173
/mnt/md1/user_wago/data/LJSpeech-1.1/wavs/LJ028-0195.wav,9.1325625,4.4617434
/mnt/md1/user_wago/data/LJSpeech-1.1/wavs/LJ013-0038.wav,9.2719375,4.6268873
/mnt/md1/user_wago/data/LJSpeech-1.1/wavs/LJ049-0067.wav,8.3315,4.680662
/mnt/md1/user_wago/data/LJSpeech-1.1/wavs/LJ010-0062.wav,8.900375,4.360477
/mnt/md1/user_wago/data/LJSpeech-1.1/wavs/LJ016-0320.wav,6.996375,4.7273574
/mnt/md1/user_wago/data/LJSpeech-1.1/wavs/LJ047-0197.wav,8.3083125,4.52484
/mnt/md1/user_wago/data/LJSpeech-1.1/wavs/LJ015-0123.wav,7.35625,4.6745496
/mnt/md1/user_wago/data/LJSpeech-1.1/wavs/LJ008-0134.wav,3.8616875,4.359229
/mnt/md1/user_wago/data/LJSpeech-1.1/wavs/LJ028-0179.wav,7.2169375,4.435861
/mnt/md1/user_wago/data/LJSpeech-1.1/wavs/LJ029-0172.wav,6.4390625,4.805214
/mnt/md1/user_wago/data/LJSpeech-1.1/wavs/LJ032-0122.wav,3.50175,4.7085724
/mnt/md1/user_wago/data/LJSpeech-1.1/wavs/LJ018-0020.wav,7.1705,4.573854
/mnt/md1/user_wago/data/LJSpeech-1.1/wavs/LJ003-0149.wav,4.477,4.5253987
/mnt/md1/user_wago/data/LJSpeech-1.1/wavs/LJ043-0029.wav,2.2826875,4.857868
/mnt/md1/user_wago/data/LJSpeech-1.1/wavs/LJ020-0058.wav,9.41125,4.592469
/mnt/md1/user_wago/data/LJSpeech-1.1/wavs/LJ013-0090.wav,3.87325,4.555195
/mnt/md1/user_wago/data/LJSpeech-1.1/wavs/LJ027-0163.wav,8.8655625,4.416076
/mnt/md1/user_wago/data/LJSpeech-1.1/wavs/LJ045-0009.wav,8.0180625,4.6016355
/mnt/md1/user_wago/data/LJSpeech-1.1/wavs/LJ038-0113.wav,1.8879375,4.6981363
/mnt/md1/user_wago/data/LJSpeech-1.1/wavs/LJ035-0177.wav,6.2765625,4.329593
/mnt/md1/user_wago/data/LJSpeech-1.1/wavs/LJ003-0004.wav,2.271125,4.609784
/mnt/md1/user_wago/data/LJSpeech-1.1/wavs/LJ028-0235.wav,8.8888125,4.440996
/mnt/md1/user_wago/data/LJSpeech-1.1/wavs/LJ012-0075.wav,6.5551875,4.6458087
/mnt/md1/user_wago/data/LJSpeech-1.1/wavs/LJ040-0186.wav,5.8701875,4.480542
/mnt/md1/user_wago/data/LJSpeech-1.1/wavs/LJ007-0151.wav,9.666625,4.437011
/mnt/md1/user_wago/data/LJSpeech-1.1/wavs/LJ045-0105.wav,2.5033125,4.607158
/mnt/md1/user_wago/data/LJSpeech-1.1/wavs/LJ048-0159.wav,5.7773125,4.7034726
/mnt/md1/user_wago/data/LJSpeech-1.1/wavs/LJ006-0130.wav,9.4576875,4.531413
/mnt/md1/user_wago/data/LJSpeech-1.1/wavs/LJ006-0242.wav,5.939875,4.7343545
/mnt/md1/user_wago/data/LJSpeech-1.1/wavs/LJ024-0046.wav,9.376375,4.3292446
/mnt/md1/user_wago/data/LJSpeech-1.1/wavs/LJ025-0154.wav,6.6248125,4.4955807
/mnt/md1/user_wago/data/LJSpeech-1.1/wavs/LJ017-0207.wav,8.319875,4.684176
/mnt/md1/user_wago/data/LJSpeech-1.1/wavs/LJ006-0091.wav,9.864,4.448318
/mnt/md1/user_wago/data/LJSpeech-1.1/wavs/LJ010-0276.wav,6.392625,4.419294
/mnt/md1/user_wago/data/LJSpeech-1.1/wavs/LJ031-0141.wav,9.318375,4.601001
/mnt/md1/user_wago/data/LJSpeech-1.1/wavs/LJ030-0161.wav,3.5714375,4.8368397
/mnt/md1/user_wago/data/LJSpeech-1.1/wavs/LJ012-0052.wav,8.0064375,4.685002
/mnt/md1/user_wago/data/LJSpeech-1.1/wavs/LJ004-0054.wav,2.65425,4.3944654
/mnt/md1/user_wago/data/LJSpeech-1.1/wavs/LJ006-0061.wav,2.3175625,4.7363753
/mnt/md1/user_wago/data/LJSpeech-1.1/wavs/LJ024-0133.wav,5.3709375,4.3974895
/mnt/md1/user_wago/data/LJSpeech-1.1/wavs/LJ001-0134.wav,5.5335,4.543668
/mnt/md1/user_wago/data/LJSpeech-1.1/wavs/LJ012-0189.wav,7.6000625,4.6158204
/mnt/md1/user_wago/data/LJSpeech-1.1/wavs/LJ050-0076.wav,9.8408125,4.4559937
/mnt/md1/user_wago/data/LJSpeech-1.1/wavs/LJ029-0059.wav,7.1356875,4.696002
/mnt/md1/user_wago/data/LJSpeech-1.1/wavs/LJ028-0477.wav,4.268,4.547987
/mnt/md1/user_wago/data/LJSpeech-1.1/wavs/LJ002-0302.wav,4.6163125,4.55463
/mnt/md1/user_wago/data/LJSpeech-1.1/wavs/LJ042-0186.wav,5.707625,4.5295725
/mnt/md1/user_wago/data/LJSpeech-1.1/wavs/LJ028-0236.wav,8.7843125,4.608694
/mnt/md1/user_wago/data/LJSpeech-1.1/wavs/LJ031-0203.wav,2.166625,4.766272
/mnt/md1/user_wago/data/LJSpeech-1.1/wavs/LJ001-0165.wav,2.6774375,4.807291
/mnt/md1/user_wago/data/LJSpeech-1.1/wavs/LJ028-0002.wav,5.03425,4.6995
/mnt/md1/user_wago/data/LJSpeech-1.1/wavs/LJ031-0030.wav,9.004875,4.710354
/mnt/md1/user_wago/data/LJSpeech-1.1/wavs/LJ016-0036.wav,7.7045625,4.5824003
/mnt/md1/user_wago/data/LJSpeech-1.1/wavs/LJ005-0184.wav,5.4058125,4.44848
/mnt/md1/user_wago/data/LJSpeech-1.1/wavs/LJ032-0231.wav,1.853125,4.6497703
/mnt/md1/user_wago/data/LJSpeech-1.1/wavs/LJ016-0332.wav,7.1356875,4.5518446
/mnt/md1/user_wago/data/LJSpeech-1.1/wavs/LJ025-0013.wav,4.778875,4.7618217
/mnt/md1/user_wago/data/LJSpeech-1.1/wavs/LJ008-0163.wav,8.0760625,4.6013336
/mnt/md1/user_wago/data/LJSpeech-1.1/wavs/LJ039-0201.wav,7.66975,4.3872447
/mnt/md1/user_wago/data/LJSpeech-1.1/wavs/LJ007-0080.wav,8.134125,4.426329
/mnt/md1/user_wago/data/LJSpeech-1.1/wavs/LJ045-0181.wav,7.100875,4.54447
/mnt/md1/user_wago/data/LJSpeech-1.1/wavs/LJ009-0244.wav,7.8555,4.2732754
/mnt/md1/user_wago/data/LJSpeech-1.1/wavs/LJ038-0296.wav,6.021125,4.5529785
/mnt/md1/user_wago/data/LJSpeech-1.1/wavs/LJ038-0123.wav,6.125625,4.6351166
/mnt/md1/user_wago/data/LJSpeech-1.1/wavs/LJ025-0074.wav,5.34775,4.637536
/mnt/md1/user_wago/data/LJSpeech-1.1/wavs/LJ005-0082.wav,9.2255,4.431416
/mnt/md1/user_wago/data/LJSpeech-1.1/wavs/LJ044-0017.wav,6.114,4.6810203
/mnt/md1/user_wago/data/LJSpeech-1.1/wavs/LJ044-0144.wav,1.3306875,4.7216063
/mnt/md1/user_wago/data/LJSpeech-1.1/wavs/LJ022-0165.wav,4.674375,4.6911173
/mnt/md1/user_wago/data/LJSpeech-1.1/wavs/LJ028-0175.wav,2.271125,4.445521
/mnt/md1/user_wago/data/LJSpeech-1.1/wavs/LJ034-0010.wav,4.7091875,4.6800504
/mnt/md1/user_wago/data/LJSpeech-1.1/wavs/LJ039-0147.wav,3.8965,4.486486
/mnt/md1/user_wago/data/LJSpeech-1.1/wavs/LJ004-0069.wav,8.5753125,4.283944
/mnt/md1/user_wago/data/LJSpeech-1.1/wavs/LJ015-0021.wav,6.9035,4.539761
/mnt/md1/user_wago/data/LJSpeech-1.1/wavs/LJ042-0134.wav,6.682875,4.6666255
/mnt/md1/user_wago/data/LJSpeech-1.1/wavs/LJ014-0003.wav,3.5365625,4.697378
/mnt/md1/user_wago/data/LJSpeech-1.1/wavs/LJ004-0042.wav,3.7571875,4.516279
/mnt/md1/user_wago/data/LJSpeech-1.1/wavs/LJ025-0166.wav,8.93525,4.739112
/mnt/md1/user_wago/data/LJSpeech-1.1/wavs/LJ049-0122.wav,9.1674375,4.472473
/mnt/md1/user_wago/data/LJSpeech-1.1/wavs/LJ014-0131.wav,6.9499375,4.615286
/mnt/md1/user_wago/data/LJSpeech-1.1/wavs/LJ012-0045.wav,3.8384375,4.650289
/mnt/md1/user_wago/data/LJSpeech-1.1/wavs/LJ039-0200.wav,2.7586875,4.6242924
/mnt/md1/user_wago/data/LJSpeech-1.1/wavs/LJ016-0285.wav,7.1240625,4.726063
/mnt/md1/user_wago/data/LJSpeech-1.1/wavs/LJ003-0145.wav,8.72625,4.468692
/mnt/md1/user_wago/data/LJSpeech-1.1/wavs/LJ010-0137.wav,8.9700625,4.663922
/mnt/md1/user_wago/data/LJSpeech-1.1/wavs/LJ001-0008.wav,1.7835,4.663189
/mnt/md1/user_wago/data/LJSpeech-1.1/wavs/LJ009-0132.wav,3.7571875,4.675004
/mnt/md1/user_wago/data/LJSpeech-1.1/wavs/LJ019-0117.wav,4.7324375,4.579995
/mnt/md1/user_wago/data/LJSpeech-1.1/wavs/LJ049-0184.wav,5.9630625,4.673251
/mnt/md1/user_wago/data/LJSpeech-1.1/wavs/LJ008-0105.wav,7.066,4.568887
/mnt/md1/user_wago/data/LJSpeech-1.1/wavs/LJ027-0043.wav,3.118625,4.6161427
/mnt/md1/user_wago/data/LJSpeech-1.1/wavs/LJ028-0399.wav,6.8221875,4.341545
/mnt/md1/user_wago/data/LJSpeech-1.1/wavs/LJ017-0140.wav,10.084625,4.43542
/mnt/md1/user_wago/data/LJSpeech-1.1/wavs/LJ009-0256.wav,1.562875,4.354912
/mnt/md1/user_wago/data/LJSpeech-1.1/wavs/LJ018-0222.wav,3.0721875,4.5746017
/mnt/md1/user_wago/data/LJSpeech-1.1/wavs/LJ035-0017.wav,4.9298125,4.430755
/mnt/md1/user_wago/data/LJSpeech-1.1/wavs/LJ031-0002.wav,9.504125,4.62934
/mnt/md1/user_wago/data/LJSpeech-1.1/wavs/LJ014-0150.wav,6.9615,4.742445
/mnt/md1/user_wago/data/LJSpeech-1.1/wavs/LJ010-0129.wav,5.3825625,4.605628
/mnt/md1/user_wago/data/LJSpeech-1.1/wavs/LJ018-0188.wav,7.3446875,4.568583
/mnt/md1/user_wago/data/LJSpeech-1.1/wavs/LJ015-0228.wav,8.1225,4.584293
/mnt/md1/user_wago/data/LJSpeech-1.1/wavs/LJ029-0107.wav,1.400375,4.543213
/mnt/md1/user_wago/data/LJSpeech-1.1/wavs/LJ024-0139.wav,8.1225,3.9166431
/mnt/md1/user_wago/data/LJSpeech-1.1/wavs/LJ012-0223.wav,3.408875,4.7773604
/mnt/md1/user_wago/data/LJSpeech-1.1/wavs/LJ039-0100.wav,9.2835,4.3089757
/mnt/md1/user_wago/data/LJSpeech-1.1/wavs/LJ018-0142.wav,4.175125,4.574052
/mnt/md1/user_wago/data/LJSpeech-1.1/wavs/LJ017-0005.wav,3.3740625,4.745347
/mnt/md1/user_wago/data/LJSpeech-1.1/wavs/LJ050-0041.wav,5.045875,4.623345
/mnt/md1/user_wago/data/LJSpeech-1.1/wavs/LJ019-0329.wav,7.25175,4.48569
/mnt/md1/user_wago/data/LJSpeech-1.1/wavs/LJ003-0164.wav,2.9793125,4.5297136
/mnt/md1/user_wago/data/LJSpeech-1.1/wavs/LJ048-0250.wav,9.585375,4.5783587
/mnt/md1/user_wago/data/LJSpeech-1.1/wavs/LJ037-0016.wav,7.066,4.671523
/mnt/md1/user_wago/data/LJSpeech-1.1/wavs/LJ015-0062.wav,4.9298125,4.6688423
/mnt/md1/user_wago/data/LJSpeech-1.1/wavs/LJ016-0191.wav,2.9676875,4.613113
/mnt/md1/user_wago/data/LJSpeech-1.1/wavs/LJ034-0171.wav,5.0226875,4.486737
/mnt/md1/user_wago/data/LJSpeech-1.1/wavs/LJ003-0177.wav,6.497125,4.5327735
/mnt/md1/user_wago/data/LJSpeech-1.1/wavs/LJ037-0175.wav,3.966125,4.864304
/mnt/md1/user_wago/data/LJSpeech-1.1/wavs/LJ003-0064.wav,5.812125,4.6166277
/mnt/md1/user_wago/data/LJSpeech-1.1/wavs/LJ033-0212.wav,8.5405,4.6761017
/mnt/md1/user_wago/data/LJSpeech-1.1/wavs/LJ041-0055.wav,4.4421875,4.0893245
/mnt/md1/user_wago/data/LJSpeech-1.1/wavs/LJ016-0062.wav,2.44525,4.588084
/mnt/md1/user_wago/data/LJSpeech-1.1/wavs/LJ041-0011.wav,7.7278125,4.5710716
/mnt/md1/user_wago/data/LJSpeech-1.1/wavs/LJ033-0191.wav,3.60625,4.760578
/mnt/md1/user_wago/data/LJSpeech-1.1/wavs/LJ037-0045.wav,6.4739375,4.7085915
/mnt/md1/user_wago/data/LJSpeech-1.1/wavs/LJ038-0116.wav,9.213875,4.4191937
/mnt/md1/user_wago/data/LJSpeech-1.1/wavs/LJ005-0118.wav,8.5753125,4.4852695
/mnt/md1/user_wago/data/LJSpeech-1.1/wavs/LJ003-0304.wav,5.8818125,4.773104
/mnt/md1/user_wago/data/LJSpeech-1.1/wavs/LJ048-0110.wav,9.6201875,4.6890097
/mnt/md1/user_wago/data/LJSpeech-1.1/wavs/LJ005-0149.wav,5.336125,4.4213734
/mnt/md1/user_wago/data/LJSpeech-1.1/wavs/LJ018-0369.wav,6.114,4.6218014
/mnt/md1/user_wago/data/LJSpeech-1.1/wavs/LJ028-0055.wav,4.6163125,4.779946
/mnt/md1/user_wago/data/LJSpeech-1.1/wavs/LJ005-0300.wav,4.093875,4.5543494
/mnt/md1/user_wago/data/LJSpeech-1.1/wavs/LJ049-0191.wav,7.0195625,4.5288744
/mnt/md1/user_wago/data/LJSpeech-1.1/wavs/LJ020-0060.wav,7.7045625,4.6324215
/mnt/md1/user_wago/data/LJSpeech-1.1/wavs/LJ011-0075.wav,6.13725,4.643607
/mnt/md1/user_wago/data/LJSpeech-1.1/wavs/LJ039-0063.wav,7.56525,4.528722
/mnt/md1/user_wago/data/LJSpeech-1.1/wavs/LJ050-0162.wav,2.54975,4.6945286
/mnt/md1/user_wago/data/LJSpeech-1.1/wavs/LJ023-0076.wav,7.762625,4.520728
/mnt/md1/user_wago/data/LJSpeech-1.1/wavs/LJ025-0053.wav,2.3988125,4.640953
/mnt/md1/user_wago/data/LJSpeech-1.1/wavs/LJ007-0154.wav,10.0381875,4.5849485
/mnt/md1/user_wago/data/LJSpeech-1.1/wavs/LJ002-0235.wav,8.9700625,4.383631
/mnt/md1/user_wago/data/LJSpeech-1.1/wavs/LJ045-0007.wav,8.714625,4.658417
/mnt/md1/user_wago/data/LJSpeech-1.1/wavs/LJ039-0110.wav,6.09075,4.254398
/mnt/md1/user_wago/data/LJSpeech-1.1/wavs/LJ044-0105.wav,3.107,4.594346
/mnt/md1/user_wago/data/LJSpeech-1.1/wavs/LJ036-0143.wav,6.4506875,4.547453
/mnt/md1/user_wago/data/LJSpeech-1.1/wavs/LJ013-0186.wav,4.9994375,4.71488
/mnt/md1/user_wago/data/LJSpeech-1.1/wavs/LJ022-0024.wav,7.2285625,4.652026
/mnt/md1/user_wago/data/LJSpeech-1.1/wavs/LJ017-0081.wav,3.81525,4.695374
/mnt/md1/user_wago/data/LJSpeech-1.1/wavs/LJ040-0115.wav,3.699125,4.532736
/mnt/md1/user_wago/data/LJSpeech-1.1/wavs/LJ020-0088.wav,8.3895625,4.61989
/mnt/md1/user_wago/data/LJSpeech-1.1/wavs/LJ005-0105.wav,3.6875,4.6471934
/mnt/md1/user_wago/data/LJSpeech-1.1/wavs/LJ025-0113.wav,6.3578125,4.602444
/mnt/md1/user_wago/data/LJSpeech-1.1/wavs/LJ038-0048.wav,7.925125,4.6157656
/mnt/md1/user_wago/data/LJSpeech-1.1/wavs/LJ036-0087.wav,7.7045625,4.7542334
/mnt/md1/user_wago/data/LJSpeech-1.1/wavs/LJ017-0233.wav,9.57375,4.710063
/mnt/md1/user_wago/data/LJSpeech-1.1/wavs/LJ018-0025.wav,7.751,4.6858025
/mnt/md1/user_wago/data/LJSpeech-1.1/wavs/LJ050-0177.wav,6.4623125,4.5391674
/mnt/md1/user_wago/data/LJSpeech-1.1/wavs/LJ009-0023.wav,5.9863125,4.4763894
/mnt/md1/user_wago/data/LJSpeech-1.1/wavs/LJ019-0162.wav,7.751,4.6693964
/mnt/md1/user_wago/data/LJSpeech-1.1/wavs/LJ039-0103.wav,7.7974375,4.5165186
/mnt/md1/user_wago/data/LJSpeech-1.1/wavs/LJ026-0069.wav,7.6116875,4.5275855
/mnt/md1/user_wago/data/LJSpeech-1.1/wavs/LJ035-0097.wav,4.6046875,4.592678
/mnt/md1/user_wago/data/LJSpeech-1.1/wavs/LJ029-0211.wav,7.3446875,4.580195
/mnt/md1/user_wago/data/LJSpeech-1.1/wavs/LJ004-0144.wav,8.2734375,4.522216
/mnt/md1/user_wago/data/LJSpeech-1.1/wavs/LJ015-0175.wav,4.76725,4.5616503
/mnt/md1/user_wago/data/LJSpeech-1.1/wavs/LJ033-0111.wav,9.771125,4.68906
/mnt/md1/user_wago/data/LJSpeech-1.1/wavs/LJ003-0001.wav,9.4344375,4.24473
/mnt/md1/user_wago/data/LJSpeech-1.1/wavs/LJ017-0135.wav,7.5188125,4.604178
/mnt/md1/user_wago/data/LJSpeech-1.1/wavs/LJ041-0159.wav,9.0745625,4.4613605
/mnt/md1/user_wago/data/LJSpeech-1.1/wavs/LJ029-0146.wav,6.2649375,4.8335943
/mnt/md1/user_wago/data/LJSpeech-1.1/wavs/LJ002-0036.wav,6.0095,4.701316
/mnt/md1/user_wago/data/LJSpeech-1.1/wavs/LJ016-0275.wav,4.3376875,4.774538
/mnt/md1/user_wago/data/LJSpeech-1.1/wavs/LJ035-0069.wav,7.6929375,4.3830748
/mnt/md1/user_wago/data/LJSpeech-1.1/wavs/LJ043-0161.wav,4.8020625,4.7368875
/mnt/md1/user_wago/data/LJSpeech-1.1/wavs/LJ046-0026.wav,8.552125,4.6639156
/mnt/md1/user_wago/data/LJSpeech-1.1/wavs/LJ024-0035.wav,7.5071875,4.229433
/mnt/md1/user_wago/data/LJSpeech-1.1/wavs/LJ039-0021.wav,6.787375,4.4939356
/mnt/md1/user_wago/data/LJSpeech-1.1/wavs/LJ003-0321.wav,5.51025,4.4564257
/mnt/md1/user_wago/data/LJSpeech-1.1/wavs/LJ006-0026.wav,9.7479375,4.650173
/mnt/md1/user_wago/data/LJSpeech-1.1/wavs/LJ012-0233.wav,8.5869375,4.6331215
/mnt/md1/user_wago/data/LJSpeech-1.1/wavs/LJ034-0091.wav,7.8555,4.5804367
/mnt/md1/user_wago/data/LJSpeech-1.1/wavs/LJ018-0368.wav,5.626375,4.809182
/mnt/md1/user_wago/data/LJSpeech-1.1/wavs/LJ015-0191.wav,5.939875,4.480207
/mnt/md1/user_wago/data/LJSpeech-1.1/wavs/LJ037-0010.wav,2.7819375,4.7348695
/mnt/md1/user_wago/data/LJSpeech-1.1/wavs/LJ031-0074.wav,4.465375,4.677233
/mnt/md1/user_wago/data/LJSpeech-1.1/wavs/LJ034-0026.wav,9.9685,4.6450605
/mnt/md1/user_wago/data/LJSpeech-1.1/wavs/LJ027-0168.wav,3.97775,4.6026154
/mnt/md1/user_wago/data/LJSpeech-1.1/wavs/LJ002-0332.wav,4.45375,4.5195136
/mnt/md1/user_wago/data/LJSpeech-1.1/wavs/LJ044-0074.wav,4.5001875,4.717647
/mnt/md1/user_wago/data/LJSpeech-1.1/wavs/LJ050-0079.wav,4.964625,4.6996884
/mnt/md1/user_wago/data/LJSpeech-1.1/wavs/LJ042-0122.wav,9.88725,4.59354
/mnt/md1/user_wago/data/LJSpeech-1.1/wavs/LJ001-0006.wav,5.6844375,4.68489
/mnt/md1/user_wago/data/LJSpeech-1.1/wavs/LJ001-0154.wav,8.842375,4.369401
/mnt/md1/user_wago/data/LJSpeech-1.1/wavs/LJ017-0142.wav,5.4870625,4.537176
/mnt/md1/user_wago/data/LJSpeech-1.1/wavs/LJ040-0167.wav,2.7006875,4.698705
/mnt/md1/user_wago/data/LJSpeech-1.1/wavs/LJ018-0145.wav,4.778875,4.6602225
/mnt/md1/user_wago/data/LJSpeech-1.1/wavs/LJ021-0174.wav,4.1170625,4.174284
/mnt/md1/user_wago/data/LJSpeech-1.1/wavs/LJ035-0205.wav,5.649625,4.6353655
/mnt/md1/user_wago/data/LJSpeech-1.1/wavs/LJ005-0099.wav,3.6875,4.684066
/mnt/md1/user_wago/data/LJSpeech-1.1/wavs/LJ016-0434.wav,4.8020625,4.687368
/mnt/md1/user_wago/data/LJSpeech-1.1/wavs/LJ009-0103.wav,4.569875,4.676276
/mnt/md1/user_wago/data/LJSpeech-1.1/wavs/LJ008-0285.wav,4.3725,4.4339075
/mnt/md1/user_wago/data/LJSpeech-1.1/wavs/LJ014-0087.wav,5.336125,4.7466946
/mnt/md1/user_wago/data/LJSpeech-1.1/wavs/LJ015-0134.wav,9.0629375,4.2863026
/mnt/md1/user_wago/data/LJSpeech-1.1/wavs/LJ044-0204.wav,9.086125,4.217514
/mnt/md1/user_wago/data/LJSpeech-1.1/wavs/LJ037-0091.wav,7.4143125,4.706435
/mnt/md1/user_wago/data/LJSpeech-1.1/wavs/LJ045-0046.wav,9.4576875,4.5344143
/mnt/md1/user_wago/data/LJSpeech-1.1/wavs/LJ050-0233.wav,7.843875,4.443711
/mnt/md1/user_wago/data/LJSpeech-1.1/wavs/LJ036-0179.wav,4.3725,4.6271143
/mnt/md1/user_wago/data/LJSpeech-1.1/wavs/LJ035-0089.wav,5.069125,4.7198315
/mnt/md1/user_wago/data/LJSpeech-1.1/wavs/LJ014-0116.wav,5.3129375,4.6482115
/mnt/md1/user_wago/data/LJSpeech-1.1/wavs/LJ030-0221.wav,9.121,4.4429193
/mnt/md1/user_wago/data/LJSpeech-1.1/wavs/LJ004-0250.wav,9.0396875,4.4280143
/mnt/md1/user_wago/data/LJSpeech-1.1/wavs/LJ046-0146.wav,9.6318125,4.662076
/mnt/md1/user_wago/data/LJSpeech-1.1/wavs/LJ002-0101.wav,4.755625,4.516432
/mnt/md1/user_wago/data/LJSpeech-1.1/wavs/LJ032-0059.wav,4.836875,4.6645503
/mnt/md1/user_wago/data/LJSpeech-1.1/wavs/LJ008-0230.wav,3.5481875,4.417384
/mnt/md1/user_wago/data/LJSpeech-1.1/wavs/LJ043-0005.wav,9.1558125,4.651532
/mnt/md1/user_wago/data/LJSpeech-1.1/wavs/LJ029-0175.wav,10.0498125,4.6723075
/mnt/md1/user_wago/data/LJSpeech-1.1/wavs/LJ045-0167.wav,2.34075,4.620525
/mnt/md1/user_wago/data/LJSpeech-1.1/wavs/LJ028-0128.wav,5.417375,4.641374
/mnt/md1/user_wago/data/LJSpeech-1.1/wavs/LJ044-0134.wav,6.230125,4.7382274
/mnt/md1/user_wago/data/LJSpeech-1.1/wavs/LJ020-0076.wav,6.682875,4.497015
/mnt/md1/user_wago/data/LJSpeech-1.1/wavs/LJ042-0015.wav,7.7045625,4.702657
/mnt/md1/user_wago/data/LJSpeech-1.1/wavs/LJ035-0062.wav,9.7363125,4.0616317
/mnt/md1/user_wago/data/LJSpeech-1.1/wavs/LJ002-0187.wav,5.34775,4.5756917
/mnt/md1/user_wago/data/LJSpeech-1.1/wavs/LJ023-0121.wav,4.1170625,4.628311
/mnt/md1/user_wago/data/LJSpeech-1.1/wavs/LJ048-0233.wav,8.25025,4.511604
/mnt/md1/user_wago/data/LJSpeech-1.1/wavs/LJ004-0027.wav,3.803625,4.392639
/mnt/md1/user_wago/data/LJSpeech-1.1/wavs/LJ018-0017.wav,7.93675,4.440278
/mnt/md1/user_wago/data/LJSpeech-1.1/wavs/LJ018-0389.wav,7.739375,4.456707
/mnt/md1/user_wago/data/LJSpeech-1.1/wavs/LJ019-0141.wav,6.8221875,4.6941404
/mnt/md1/user_wago/data/LJSpeech-1.1/wavs/LJ037-0013.wav,9.8408125,4.643779
/mnt/md1/user_wago/data/LJSpeech-1.1/wavs/LJ012-0147.wav,9.7130625,4.330909
/mnt/md1/user_wago/data/LJSpeech-1.1/wavs/LJ038-0147.wav,5.3129375,4.7277
/mnt/md1/user_wago/data/LJSpeech-1.1/wavs/LJ002-0254.wav,4.2331875,4.3268657
/mnt/md1/user_wago/data/LJSpeech-1.1/wavs/LJ004-0001.wav,7.484,4.641063
/mnt/md1/user_wago/data/LJSpeech-1.1/wavs/LJ015-0182.wav,3.7571875,4.5278745
/mnt/md1/user_wago/data/LJSpeech-1.1/wavs/LJ018-0287.wav,4.744,4.7249985
/mnt/md1/user_wago/data/LJSpeech-1.1/wavs/LJ004-0124.wav,7.182125,4.334985
/mnt/md1/user_wago/data/LJSpeech-1.1/wavs/LJ022-0047.wav,9.086125,4.5061417
/mnt/md1/user_wago/data/LJSpeech-1.1/wavs/LJ045-0234.wav,4.744,4.711108
/mnt/md1/user_wago/data/LJSpeech-1.1/wavs/LJ027-0086.wav,6.8338125,4.324028
/mnt/md1/user_wago/data/LJSpeech-1.1/wavs/LJ035-0021.wav,5.8701875,4.0908113
/mnt/md1/user_wago/data/LJSpeech-1.1/wavs/LJ036-0025.wav,3.2115,4.4838142
/mnt/md1/user_wago/data/LJSpeech-1.1/wavs/LJ014-0029.wav,9.1325625,4.673259
/mnt/md1/user_wago/data/LJSpeech-1.1/wavs/LJ035-0130.wav,9.2370625,4.447982
/mnt/md1/user_wago/data/LJSpeech-1.1/wavs/LJ002-0331.wav,5.4986875,4.4525456
/mnt/md1/user_wago/data/LJSpeech-1.1/wavs/LJ037-0158.wav,4.2099375,4.717827
/mnt/md1/user_wago/data/LJSpeech-1.1/wavs/LJ031-0142.wav,4.5815,4.6637692
/mnt/md1/user_wago/data/LJSpeech-1.1/wavs/LJ032-0143.wav,3.675875,4.7665625
/mnt/md1/user_wago/data/LJSpeech-1.1/wavs/LJ035-0114.wav,4.198375,4.552689
/mnt/md1/user_wago/data/LJSpeech-1.1/wavs/LJ007-0045.wav,8.912,4.595297
/mnt/md1/user_wago/data/LJSpeech-1.1/wavs/LJ043-0142.wav,2.5729375,4.7255664
/mnt/md1/user_wago/data/LJSpeech-1.1/wavs/LJ016-0340.wav,8.3315,4.5376463
/mnt/md1/user_wago/data/LJSpeech-1.1/wavs/LJ045-0191.wav,8.6798125,4.505026
/mnt/md1/user_wago/data/LJSpeech-1.1/wavs/LJ033-0200.wav,1.47,3.56391
/mnt/md1/user_wago/data/LJSpeech-1.1/wavs/LJ042-0205.wav,7.0428125,4.6129675
/mnt/md1/user_wago/data/LJSpeech-1.1/wavs/LJ006-0261.wav,7.066,4.4037657
/mnt/md1/user_wago/data/LJSpeech-1.1/wavs/LJ036-0211.wav,7.286625,4.7256556
/mnt/md1/user_wago/data/LJSpeech-1.1/wavs/LJ049-0114.wav,9.8524375,4.5557313
/mnt/md1/user_wago/data/LJSpeech-1.1/wavs/LJ041-0170.wav,9.9336875,4.2336144
/mnt/md1/user_wago/data/LJSpeech-1.1/wavs/LJ021-0016.wav,8.2850625,4.5099254
/mnt/md1/user_wago/data/LJSpeech-1.1/wavs/LJ049-0123.wav,9.2370625,4.537558
/mnt/md1/user_wago/data/LJSpeech-1.1/wavs/LJ003-0294.wav,8.819125,4.350959
/mnt/md1/user_wago/data/LJSpeech-1.1/wavs/LJ016-0143.wav,8.8888125,4.7432146
/mnt/md1/user_wago/data/LJSpeech-1.1/wavs/LJ019-0192.wav,6.9035,4.632128
/mnt/md1/user_wago/data/LJSpeech-1.1/wavs/LJ025-0024.wav,8.6798125,4.738767
/mnt/md1/user_wago/data/LJSpeech-1.1/wavs/LJ005-0127.wav,10.0033125,4.5902567
/mnt/md1/user_wago/data/LJSpeech-1.1/wavs/LJ013-0178.wav,5.5335,4.6115265
/mnt/md1/user_wago/data/LJSpeech-1.1/wavs/LJ006-0096.wav,8.0645,4.735421
/mnt/md1/user_wago/data/LJSpeech-1.1/wavs/LJ028-0255.wav,2.34075,4.610726
/mnt/md1/user_wago/data/LJSpeech-1.1/wavs/LJ014-0315.wav,8.912,4.691253
/mnt/md1/user_wago/data/LJSpeech-1.1/wavs/LJ015-0240.wav,2.9909375,4.587699
/mnt/md1/user_wago/data/LJSpeech-1.1/wavs/LJ008-0045.wav,7.9831875,4.5268307
/mnt/md1/user_wago/data/LJSpeech-1.1/wavs/LJ038-0200.wav,9.4693125,4.688949
/mnt/md1/user_wago/data/LJSpeech-1.1/wavs/LJ016-0025.wav,6.0095,4.767292
/mnt/md1/user_wago/data/LJSpeech-1.1/wavs/LJ033-0084.wav,4.6163125,4.650073
/mnt/md1/user_wago/data/LJSpeech-1.1/wavs/LJ002-0063.wav,8.9468125,4.518653
/mnt/md1/user_wago/data/LJSpeech-1.1/wavs/LJ038-0216.wav,3.7688125,4.83644
/mnt/md1/user_wago/data/LJSpeech-1.1/wavs/LJ040-0100.wav,7.158875,4.4352684
/mnt/md1/user_wago/data/LJSpeech-1.1/wavs/LJ014-0187.wav,9.0165,4.560848
/mnt/md1/user_wago/data/LJSpeech-1.1/wavs/LJ015-0301.wav,6.4506875,4.6964254
/mnt/md1/user_wago/data/LJSpeech-1.1/wavs/LJ018-0331.wav,9.109375,4.712887
/mnt/md1/user_wago/data/LJSpeech-1.1/wavs/LJ014-0162.wav,8.83075,4.4097114
/mnt/md1/user_wago/data/LJSpeech-1.1/wavs/LJ037-0180.wav,9.7015,4.704909
/mnt/md1/user_wago/data/LJSpeech-1.1/wavs/LJ015-0045.wav,8.9700625,4.563672
/mnt/md1/user_wago/data/LJSpeech-1.1/wavs/LJ013-0192.wav,9.028125,4.5258946
/mnt/md1/user_wago/data/LJSpeech-1.1/wavs/LJ042-0249.wav,4.1055,4.612845
/mnt/md1/user_wago/data/LJSpeech-1.1/wavs/LJ016-0248.wav,9.2255,4.4901867
/mnt/md1/user_wago/data/LJSpeech-1.1/wavs/LJ007-0193.wav,3.3391875,4.659041
/mnt/md1/user_wago/data/LJSpeech-1.1/wavs/LJ031-0127.wav,5.8818125,4.6947403
/mnt/md1/user_wago/data/LJSpeech-1.1/wavs/LJ011-0062.wav,9.086125,4.557582
/mnt/md1/user_wago/data/LJSpeech-1.1/wavs/LJ035-0061.wav,3.2115,4.2306848
/mnt/md1/user_wago/data/LJSpeech-1.1/wavs/LJ031-0046.wav,5.5915625,4.7641397
/mnt/md1/user_wago/data/LJSpeech-1.1/wavs/LJ042-0011.wav,6.288125,4.6178207
/mnt/md1/user_wago/data/LJSpeech-1.1/wavs/LJ006-0126.wav,6.4855,4.5157576
/mnt/md1/user_wago/data/LJSpeech-1.1/wavs/LJ038-0158.wav,9.9453125,4.64992
/mnt/md1/user_wago/data/LJSpeech-1.1/wavs/LJ026-0113.wav,3.1650625,4.7550445
/mnt/md1/user_wago/data/LJSpeech-1.1/wavs/LJ010-0041.wav,4.97625,4.468685
/mnt/md1/user_wago/data/LJSpeech-1.1/wavs/LJ036-0130.wav,3.97775,4.553602
/mnt/md1/user_wago/data/LJSpeech-1.1/wavs/LJ028-0377.wav,7.1473125,4.570325
/mnt/md1/user_wago/data/LJSpeech-1.1/wavs/LJ049-0061.wav,7.948375,4.6632643
/mnt/md1/user_wago/data/LJSpeech-1.1/wavs/LJ005-0011.wav,9.794375,4.647151
/mnt/md1/user_wago/data/LJSpeech-1.1/wavs/LJ023-0109.wav,9.4693125,4.19563
/mnt/md1/user_wago/data/LJSpeech-1.1/wavs/LJ018-0131.wav,9.190625,4.588846
/mnt/md1/user_wago/data/LJSpeech-1.1/wavs/LJ030-0228.wav,4.76725,4.7372446
/mnt/md1/user_wago/data/LJSpeech-1.1/wavs/LJ002-0185.wav,9.1558125,4.64171
/mnt/md1/user_wago/data/LJSpeech-1.1/wavs/LJ001-0043.wav,3.8965,4.2969875
/mnt/md1/user_wago/data/LJSpeech-1.1/wavs/LJ046-0117.wav,7.449125,4.591997
/mnt/md1/user_wago/data/LJSpeech-1.1/wavs/LJ041-0182.wav,9.8175625,4.4306364
/mnt/md1/user_wago/data/LJSpeech-1.1/wavs/LJ046-0142.wav,2.7006875,4.4867473
/mnt/md1/user_wago/data/LJSpeech-1.1/wavs/LJ005-0138.wav,9.0745625,4.6935472
/mnt/md1/user_wago/data/LJSpeech-1.1/wavs/LJ049-0036.wav,2.6774375,4.6050234
/mnt/md1/user_wago/data/LJSpeech-1.1/wavs/LJ027-0050.wav,8.714625,4.295912
/mnt/md1/user_wago/data/LJSpeech-1.1/wavs/LJ036-0010.wav,7.0428125,4.6490746
/mnt/md1/user_wago/data/LJSpeech-1.1/wavs/LJ027-0094.wav,8.436,4.339673
/mnt/md1/user_wago/data/LJSpeech-1.1/wavs/LJ003-0229.wav,9.0629375,4.591948
/mnt/md1/user_wago/data/LJSpeech-1.1/wavs/LJ003-0329.wav,7.6465,4.538092
/mnt/md1/user_wago/data/LJSpeech-1.1/wavs/LJ050-0054.wav,5.7540625,4.6478314
/mnt/md1/user_wago/data/LJSpeech-1.1/wavs/LJ018-0112.wav,9.4460625,4.5823355
/mnt/md1/user_wago/data/LJSpeech-1.1/wavs/LJ019-0082.wav,9.88725,4.5910544
/mnt/md1/user_wago/data/LJSpeech-1.1/wavs/LJ021-0107.wav,7.925125,4.480551
/mnt/md1/user_wago/data/LJSpeech-1.1/wavs/LJ029-0158.wav,4.1403125,4.6778507
/mnt/md1/user_wago/data/LJSpeech-1.1/wavs/LJ045-0020.wav,8.83075,4.666081
/mnt/md1/user_wago/data/LJSpeech-1.1/wavs/LJ047-0196.wav,4.360875,4.6897902
/mnt/md1/user_wago/data/LJSpeech-1.1/wavs/LJ005-0290.wav,6.6945,4.428789
/mnt/md1/user_wago/data/LJSpeech-1.1/wavs/LJ043-0024.wav,7.8206875,4.7372017
/mnt/md1/user_wago/data/LJSpeech-1.1/wavs/LJ005-0045.wav,3.4785625,4.702104
/mnt/md1/user_wago/data/LJSpeech-1.1/wavs/LJ004-0135.wav,8.14575,4.5477753
/mnt/md1/user_wago/data/LJSpeech-1.1/wavs/LJ026-0096.wav,5.5335,4.591133
/mnt/md1/user_wago/data/LJSpeech-1.1/wavs/LJ007-0029.wav,9.028125,4.6810994
/mnt/md1/user_wago/data/LJSpeech-1.1/wavs/LJ045-0052.wav,9.3648125,4.615907
/mnt/md1/user_wago/data/LJSpeech-1.1/wavs/LJ037-0207.wav,7.2169375,4.552467
/mnt/md1/user_wago/data/LJSpeech-1.1/wavs/LJ006-0215.wav,6.3345625,4.5876856
/mnt/md1/user_wago/data/LJSpeech-1.1/wavs/LJ031-0146.wav,2.851625,4.7253385
/mnt/md1/user_wago/data/LJSpeech-1.1/wavs/LJ048-0186.wav,9.0745625,4.6496367
/mnt/md1/user_wago/data/LJSpeech-1.1/wavs/LJ041-0021.wav,6.3578125,4.739596
/mnt/md1/user_wago/data/LJSpeech-1.1/wavs/LJ012-0185.wav,5.2084375,4.5749764
/mnt/md1/user_wago/data/LJSpeech-1.1/wavs/LJ032-0205.wav,9.121,4.6316385
/mnt/md1/user_wago/data/LJSpeech-1.1/wavs/LJ002-0212.wav,4.778875,4.6164923
/mnt/md1/user_wago/data/LJSpeech-1.1/wavs/LJ050-0078.wav,7.9135625,4.65643
/mnt/md1/user_wago/data/LJSpeech-1.1/wavs/LJ037-0183.wav,7.0195625,4.6666923
/mnt/md1/user_wago/data/LJSpeech-1.1/wavs/LJ031-0041.wav,10.0381875,4.602287
/mnt/md1/user_wago/data/LJSpeech-1.1/wavs/LJ006-0134.wav,8.8888125,4.398913
/mnt/md1/user_wago/data/LJSpeech-1.1/wavs/LJ049-0118.wav,7.83225,4.577337
/mnt/md1/user_wago/data/LJSpeech-1.1/wavs/LJ040-0008.wav,8.14575,4.175842
/mnt/md1/user_wago/data/LJSpeech-1.1/wavs/LJ013-0259.wav,4.3028125,4.724299
/mnt/md1/user_wago/data/LJSpeech-1.1/wavs/LJ027-0104.wav,8.2038125,4.44175
/mnt/md1/user_wago/data/LJSpeech-1.1/wavs/LJ008-0035.wav,4.8949375,4.6599903
/mnt/md1/user_wago/data/LJSpeech-1.1/wavs/LJ028-0011.wav,8.238625,4.590846
/mnt/md1/user_wago/data/LJSpeech-1.1/wavs/LJ006-0153.wav,5.429,4.614897
/mnt/md1/user_wago/data/LJSpeech-1.1/wavs/LJ026-0110.wav,6.2533125,4.577247
/mnt/md1/user_wago/data/LJSpeech-1.1/wavs/LJ016-0111.wav,8.0645,4.5877123
/mnt/md1/user_wago/data/LJSpeech-1.1/wavs/LJ009-0298.wav,9.30675,4.6368823
/mnt/md1/user_wago/data/LJSpeech-1.1/wavs/LJ048-0280.wav,4.6046875,4.744374
/mnt/md1/user_wago/data/LJSpeech-1.1/wavs/LJ021-0137.wav,9.3648125,4.2701855
/mnt/md1/user_wago/data/LJSpeech-1.1/wavs/LJ012-0102.wav,6.98475,4.587719
/mnt/md1/user_wago/data/LJSpeech-1.1/wavs/LJ018-0038.wav,6.9035,4.5133324
/mnt/md1/user_wago/data/LJSpeech-1.1/wavs/LJ016-0081.wav,4.0590625,4.650341
/mnt/md1/user_wago/data/LJSpeech-1.1/wavs/LJ009-0210.wav,3.199875,4.518875
/mnt/md1/user_wago/data/LJSpeech-1.1/wavs/LJ023-0091.wav,7.3098125,4.4870157
/mnt/md1/user_wago/data/LJSpeech-1.1/wavs/LJ009-0241.wav,7.867125,4.4887896
/mnt/md1/user_wago/data/LJSpeech-1.1/wavs/LJ041-0057.wav,2.038875,4.7363634
/mnt/md1/user_wago/data/LJSpeech-1.1/wavs/LJ038-0080.wav,9.1558125,4.563301
/mnt/md1/user_wago/data/LJSpeech-1.1/wavs/LJ019-0301.wav,7.6349375,4.6843834
/mnt/md1/user_wago/data/LJSpeech-1.1/wavs/LJ003-0204.wav,9.51575,4.5241995
/mnt/md1/user_wago/data/LJSpeech-1.1/wavs/LJ007-0181.wav,5.2780625,4.5977607
/mnt/md1/user_wago/data/LJSpeech-1.1/wavs/LJ017-0147.wav,7.77425,4.712047
/mnt/md1/user_wago/data/LJSpeech-1.1/wavs/LJ045-0048.wav,9.3648125,4.4738264
/mnt/md1/user_wago/data/LJSpeech-1.1/wavs/LJ001-0171.wav,9.7363125,4.554056
/mnt/md1/user_wago/data/LJSpeech-1.1/wavs/LJ002-0070.wav,4.0474375,4.662112
/mnt/md1/user_wago/data/LJSpeech-1.1/wavs/LJ036-0186.wav,6.2416875,4.707459
/mnt/md1/user_wago/data/LJSpeech-1.1/wavs/LJ011-0027.wav,5.336125,4.5460353
/mnt/md1/user_wago/data/LJSpeech-1.1/wavs/LJ005-0188.wav,5.069125,4.353808
/mnt/md1/user_wago/data/LJSpeech-1.1/wavs/LJ008-0231.wav,5.8701875,4.3309097
/mnt/md1/user_wago/data/LJSpeech-1.1/wavs/LJ019-0305.wav,3.6875,4.745981
/mnt/md1/user_wago/data/LJSpeech-1.1/wavs/LJ022-0183.wav,7.391125,4.6880074
/mnt/md1/user_wago/data/LJSpeech-1.1/wavs/LJ005-0172.wav,1.3423125,4.7925677
/mnt/md1/user_wago/data/LJSpeech-1.1/wavs/LJ039-0124.wav,9.2370625,4.448892
/mnt/md1/user_wago/data/LJSpeech-1.1/wavs/LJ040-0001.wav,10.061375,4.48341
/mnt/md1/user_wago/data/LJSpeech-1.1/wavs/LJ035-0203.wav,4.2215625,4.618909
/mnt/md1/user_wago/data/LJSpeech-1.1/wavs/LJ030-0005.wav,9.20225,4.696748
/mnt/md1/user_wago/data/LJSpeech-1.1/wavs/LJ039-0237.wav,4.744,4.6598606
/mnt/md1/user_wago/data/LJSpeech-1.1/wavs/LJ002-0064.wav,8.424375,4.524566
/mnt/md1/user_wago/data/LJSpeech-1.1/wavs/LJ040-0092.wav,8.3663125,4.4343266
/mnt/md1/user_wago/data/LJSpeech-1.1/wavs/LJ039-0077.wav,9.8408125,4.3054485
/mnt/md1/user_wago/data/LJSpeech-1.1/wavs/LJ016-0408.wav,9.30675,4.55071
/mnt/md1/user_wago/data/LJSpeech-1.1/wavs/LJ030-0088.wav,5.1851875,4.711167
/mnt/md1/user_wago/data/LJSpeech-1.1/wavs/LJ049-0171.wav,5.545125,4.6854725
/mnt/md1/user_wago/data/LJSpeech-1.1/wavs/LJ006-0222.wav,6.19525,4.45653
/mnt/md1/user_wago/data/LJSpeech-1.1/wavs/LJ030-0104.wav,9.57375,4.261256
/mnt/md1/user_wago/data/LJSpeech-1.1/wavs/LJ036-0196.wav,7.658125,4.5941687
/mnt/md1/user_wago/data/LJSpeech-1.1/wavs/LJ011-0008.wav,3.50175,4.51697
/mnt/md1/user_wago/data/LJSpeech-1.1/wavs/LJ039-0042.wav,8.819125,4.42029
/mnt/md1/user_wago/data/LJSpeech-1.1/wavs/LJ044-0175.wav,9.3299375,4.5572815
/mnt/md1/user_wago/data/LJSpeech-1.1/wavs/LJ028-0018.wav,3.432125,4.742705
/mnt/md1/user_wago/data/LJSpeech-1.1/wavs/LJ029-0184.wav,6.125625,4.703489
/mnt/md1/user_wago/data/LJSpeech-1.1/wavs/LJ048-0268.wav,8.227,4.5986814
/mnt/md1/user_wago/data/LJSpeech-1.1/wavs/LJ031-0233.wav,7.1473125,4.76427
/mnt/md1/user_wago/data/LJSpeech-1.1/wavs/LJ047-0207.wav,6.1604375,4.5898433
/mnt/md1/user_wago/data/LJSpeech-1.1/wavs/LJ002-0274.wav,6.415875,4.334562
/mnt/md1/user_wago/data/LJSpeech-1.1/wavs/LJ003-0025.wav,7.6000625,4.5182357
/mnt/md1/user_wago/data/LJSpeech-1.1/wavs/LJ039-0215.wav,3.7688125,4.4889016
/mnt/md1/user_wago/data/LJSpeech-1.1/wavs/LJ025-0164.wav,4.9878125,4.6591682
/mnt/md1/user_wago/data/LJSpeech-1.1/wavs/LJ038-0271.wav,3.2115,4.6185493
/mnt/md1/user_wago/data/LJSpeech-1.1/wavs/LJ022-0134.wav,6.7409375,4.547709
/mnt/md1/user_wago/data/LJSpeech-1.1/wavs/LJ014-0305.wav,6.9035,4.60216
/mnt/md1/user_wago/data/LJSpeech-1.1/wavs/LJ005-0015.wav,6.9499375,4.54011
/mnt/md1/user_wago/data/LJSpeech-1.1/wavs/LJ031-0063.wav,9.399625,4.5163994
/mnt/md1/user_wago/data/LJSpeech-1.1/wavs/LJ030-0253.wav,5.127125,4.7552032
/mnt/md1/user_wago/data/LJSpeech-1.1/wavs/LJ006-0179.wav,6.125625,4.5893455
/mnt/md1/user_wago/data/LJSpeech-1.1/wavs/LJ048-0006.wav,2.4800625,4.785438
/mnt/md1/user_wago/data/LJSpeech-1.1/wavs/LJ046-0197.wav,7.8555,4.6723914
/mnt/md1/user_wago/data/LJSpeech-1.1/wavs/LJ045-0042.wav,9.67825,4.405458
/mnt/md1/user_wago/data/LJSpeech-1.1/wavs/LJ023-0116.wav,5.6611875,4.385604
/mnt/md1/user_wago/data/LJSpeech-1.1/wavs/LJ005-0068.wav,5.34775,4.5959563
/mnt/md1/user_wago/data/LJSpeech-1.1/wavs/LJ001-0176.wav,5.812125,4.4473124
/mnt/md1/user_wago/data/LJSpeech-1.1/wavs/LJ042-0165.wav,6.8454375,4.705214
/mnt/md1/user_wago/data/LJSpeech-1.1/wavs/LJ022-0140.wav,6.578375,4.559403
/mnt/md1/user_wago/data/LJSpeech-1.1/wavs/LJ048-0009.wav,3.9545625,4.6267242
/mnt/md1/user_wago/data/LJSpeech-1.1/wavs/LJ010-0274.wav,9.2719375,4.6577396
/mnt/md1/user_wago/data/LJSpeech-1.1/wavs/LJ012-0050.wav,9.4460625,4.681789
/mnt/md1/user_wago/data/LJSpeech-1.1/wavs/LJ020-0017.wav,4.6975625,4.577156
/mnt/md1/user_wago/data/LJSpeech-1.1/wavs/LJ029-0098.wav,10.0149375,4.6761417
/mnt/md1/user_wago/data/LJSpeech-1.1/wavs/LJ040-0038.wav,5.127125,4.5911055
/mnt/md1/user_wago/data/LJSpeech-1.1/wavs/LJ010-0204.wav,5.9514375,4.6702404
/mnt/md1/user_wago/data/LJSpeech-1.1/wavs/LJ018-0090.wav,9.771125,4.5813093
/mnt/md1/user_wago/data/LJSpeech-1.1/wavs/LJ049-0048.wav,5.45225,4.606706
/mnt/md1/user_wago/data/LJSpeech-1.1/wavs/LJ031-0010.wav,7.8786875,4.541293
/mnt/md1/user_wago/data/LJSpeech-1.1/wavs/LJ024-0015.wav,3.385625,4.3965664
/mnt/md1/user_wago/data/LJSpeech-1.1/wavs/LJ025-0030.wav,5.34775,4.5256114
/mnt/md1/user_wago/data/LJSpeech-1.1/wavs/LJ037-0087.wav,8.1689375,4.714126
/mnt/md1/user_wago/data/LJSpeech-1.1/wavs/LJ033-0179.wav,8.8655625,4.472948
/mnt/md1/user_wago/data/LJSpeech-1.1/wavs/LJ015-0058.wav,4.5815,4.6450295
/mnt/md1/user_wago/data/LJSpeech-1.1/wavs/LJ046-0021.wav,7.5188125,4.6557016
/mnt/md1/user_wago/data/LJSpeech-1.1/wavs/LJ028-0437.wav,8.41275,4.4350176
/mnt/md1/user_wago/data/LJSpeech-1.1/wavs/LJ014-0103.wav,9.9453125,4.4797764
/mnt/md1/user_wago/data/LJSpeech-1.1/wavs/LJ049-0173.wav,8.912,4.6349573
/mnt/md1/user_wago/data/LJSpeech-1.1/wavs/LJ013-0079.wav,5.0226875,4.7183285
/mnt/md1/user_wago/data/LJSpeech-1.1/wavs/LJ017-0234.wav,4.256375,4.6124144
/mnt/md1/user_wago/data/LJSpeech-1.1/wavs/LJ014-0189.wav,3.9196875,4.7846026
/mnt/md1/user_wago/data/LJSpeech-1.1/wavs/LJ019-0321.wav,4.66275,4.6356807
/mnt/md1/user_wago/data/LJSpeech-1.1/wavs/LJ036-0104.wav,1.690625,4.3646755
/mnt/md1/user_wago/data/LJSpeech-1.1/wavs/LJ013-0020.wav,3.6643125,4.551299
/mnt/md1/user_wago/data/LJSpeech-1.1/wavs/LJ004-0187.wav,9.504125,4.5427413
/mnt/md1/user_wago/data/LJSpeech-1.1/wavs/LJ048-0064.wav,4.4073125,4.694333
/mnt/md1/user_wago/data/LJSpeech-1.1/wavs/LJ048-0002.wav,3.8500625,4.623519
/mnt/md1/user_wago/data/LJSpeech-1.1/wavs/LJ040-0230.wav,9.980125,4.4008236
/mnt/md1/user_wago/data/LJSpeech-1.1/wavs/LJ041-0123.wav,9.4344375,4.6519203
/mnt/md1/user_wago/data/LJSpeech-1.1/wavs/LJ036-0106.wav,3.9196875,4.6366496
/mnt/md1/user_wago/data/LJSpeech-1.1/wavs/LJ023-0108.wav,6.2533125,4.4261403
/mnt/md1/user_wago/data/LJSpeech-1.1/wavs/LJ011-0123.wav,6.03275,4.6939993
/mnt/md1/user_wago/data/LJSpeech-1.1/wavs/LJ026-0034.wav,6.4506875,4.6772075
/mnt/md1/user_wago/data/LJSpeech-1.1/wavs/LJ026-0146.wav,8.4591875,4.375383
/mnt/md1/user_wago/data/LJSpeech-1.1/wavs/LJ049-0178.wav,6.4623125,4.6467605
/mnt/md1/user_wago/data/LJSpeech-1.1/wavs/LJ001-0029.wav,5.3245,4.561551
/mnt/md1/user_wago/data/LJSpeech-1.1/wavs/LJ023-0089.wav,2.619375,4.1124268
/mnt/md1/user_wago/data/LJSpeech-1.1/wavs/LJ034-0138.wav,5.4058125,4.668437
/mnt/md1/user_wago/data/LJSpeech-1.1/wavs/LJ030-0026.wav,7.9019375,4.622239
/mnt/md1/user_wago/data/LJSpeech-1.1/wavs/LJ003-0245.wav,7.56525,4.5076184
/mnt/md1/user_wago/data/LJSpeech-1.1/wavs/LJ016-0086.wav,5.3941875,4.7526855
/mnt/md1/user_wago/data/LJSpeech-1.1/wavs/LJ046-0075.wav,7.77425,4.5946417
/mnt/md1/user_wago/data/LJSpeech-1.1/wavs/LJ040-0174.wav,7.4026875,4.22253
/mnt/md1/user_wago/data/LJSpeech-1.1/wavs/LJ012-0071.wav,7.6349375,4.6627216
/mnt/md1/user_wago/data/LJSpeech-1.1/wavs/LJ042-0212.wav,9.2370625,4.3497863
/mnt/md1/user_wago/data/LJSpeech-1.1/wavs/LJ025-0004.wav,2.8864375,4.662211
/mnt/md1/user_wago/data/LJSpeech-1.1/wavs/LJ003-0019.wav,3.792,4.5273046
/mnt/md1/user_wago/data/LJSpeech-1.1/wavs/LJ014-0197.wav,4.9298125,4.702612
/mnt/md1/user_wago/data/LJSpeech-1.1/wavs/LJ009-0286.wav,7.3446875,4.6363587
/mnt/md1/user_wago/data/LJSpeech-1.1/wavs/LJ021-0095.wav,6.61325,4.3098
/mnt/md1/user_wago/data/LJSpeech-1.1/wavs/LJ013-0066.wav,7.9135625,4.4548826
/mnt/md1/user_wago/data/LJSpeech-1.1/wavs/LJ018-0346.wav,5.22,4.7184486
/mnt/md1/user_wago/data/LJSpeech-1.1/wavs/LJ022-0186.wav,5.7425,4.564675
/mnt/md1/user_wago/data/LJSpeech-1.1/wavs/LJ010-0297.wav,3.2579375,4.422437
/mnt/md1/user_wago/data/LJSpeech-1.1/wavs/LJ005-0268.wav,9.2486875,4.520974
/mnt/md1/user_wago/data/LJSpeech-1.1/wavs/LJ003-0113.wav,3.908125,4.3101554
/mnt/md1/user_wago/data/LJSpeech-1.1/wavs/LJ025-0093.wav,4.686,4.755253
/mnt/md1/user_wago/data/LJSpeech-1.1/wavs/LJ005-0180.wav,7.3446875,4.4171724
/mnt/md1/user_wago/data/LJSpeech-1.1/wavs/LJ019-0296.wav,5.730875,4.594458
/mnt/md1/user_wago/data/LJSpeech-1.1/wavs/LJ011-0106.wav,8.610125,4.548905
/mnt/md1/user_wago/data/LJSpeech-1.1/wavs/LJ042-0067.wav,9.376375,4.5036545
/mnt/md1/user_wago/data/LJSpeech-1.1/wavs/LJ010-0100.wav,6.996375,4.324063
/mnt/md1/user_wago/data/LJSpeech-1.1/wavs/LJ013-0022.wav,8.2966875,4.646219
/mnt/md1/user_wago/data/LJSpeech-1.1/wavs/LJ033-0074.wav,6.29975,4.8019505
/mnt/md1/user_wago/data/LJSpeech-1.1/wavs/LJ019-0229.wav,9.4925,4.624315
/mnt/md1/user_wago/data/LJSpeech-1.1/wavs/LJ013-0123.wav,7.681375,4.579313
/mnt/md1/user_wago/data/LJSpeech-1.1/wavs/LJ017-0185.wav,4.755625,4.73158
/mnt/md1/user_wago/data/LJSpeech-1.1/wavs/LJ018-0323.wav,6.125625,4.6799664
/mnt/md1/user_wago/data/LJSpeech-1.1/wavs/LJ028-0306.wav,8.41275,4.465201
/mnt/md1/user_wago/data/LJSpeech-1.1/wavs/LJ037-0185.wav,5.997875,4.625946
/mnt/md1/user_wago/data/LJSpeech-1.1/wavs/LJ001-0136.wav,5.7540625,4.462556
/mnt/md1/user_wago/data/LJSpeech-1.1/wavs/LJ027-0146.wav,4.860125,4.311601
/mnt/md1/user_wago/data/LJSpeech-1.1/wavs/LJ041-0099.wav,5.9746875,4.5166154
/mnt/md1/user_wago/data/LJSpeech-1.1/wavs/LJ009-0043.wav,7.158875,4.579745
/mnt/md1/user_wago/data/LJSpeech-1.1/wavs/LJ008-0204.wav,9.794375,4.407026
/mnt/md1/user_wago/data/LJSpeech-1.1/wavs/LJ038-0174.wav,1.49325,4.6386313
/mnt/md1/user_wago/data/LJSpeech-1.1/wavs/LJ046-0163.wav,5.545125,4.624463
/mnt/md1/user_wago/data/LJSpeech-1.1/wavs/LJ015-0072.wav,7.3330625,4.5013533
/mnt/md1/user_wago/data/LJSpeech-1.1/wavs/LJ003-0334.wav,5.4058125,4.567286
/mnt/md1/user_wago/data/LJSpeech-1.1/wavs/LJ028-0332.wav,8.9816875,4.5342073
/mnt/md1/user_wago/data/LJSpeech-1.1/wavs/LJ005-0140.wav,8.51725,4.68277
/mnt/md1/user_wago/data/LJSpeech-1.1/wavs/LJ009-0107.wav,4.9298125,4.7711544
/mnt/md1/user_wago/data/LJSpeech-1.1/wavs/LJ006-0035.wav,6.61325,4.728303
/mnt/md1/user_wago/data/LJSpeech-1.1/wavs/LJ016-0343.wav,8.9816875,4.637761
/mnt/md1/user_wago/data/LJSpeech-1.1/wavs/LJ024-0010.wav,6.323,4.3925653
/mnt/md1/user_wago/data/LJSpeech-1.1/wavs/LJ007-0038.wav,7.576875,4.657117
/mnt/md1/user_wago/data/LJSpeech-1.1/wavs/LJ030-0059.wav,8.3895625,4.6638913
/mnt/md1/user_wago/data/LJSpeech-1.1/wavs/LJ039-0204.wav,8.7494375,4.340334
/mnt/md1/user_wago/data/LJSpeech-1.1/wavs/LJ028-0136.wav,6.868625,4.4860516
/mnt/md1/user_wago/data/LJSpeech-1.1/wavs/LJ017-0007.wav,9.9336875,4.756091
/mnt/md1/user_wago/data/LJSpeech-1.1/wavs/LJ047-0038.wav,5.92825,4.446345
/mnt/md1/user_wago/data/LJSpeech-1.1/wavs/LJ035-0067.wav,8.923625,4.504569
/mnt/md1/user_wago/data/LJSpeech-1.1/wavs/LJ050-0184.wav,3.29275,4.64847
/mnt/md1/user_wago/data/LJSpeech-1.1/wavs/LJ040-0096.wav,1.272625,3.4711366
/mnt/md1/user_wago/data/LJSpeech-1.1/wavs/LJ034-0080.wav,5.127125,4.736344
/mnt/md1/user_wago/data/LJSpeech-1.1/wavs/LJ016-0080.wav,8.134125,4.661772
/mnt/md1/user_wago/data/LJSpeech-1.1/wavs/LJ015-0193.wav,9.028125,4.6822367
/mnt/md1/user_wago/data/LJSpeech-1.1/wavs/LJ041-0061.wav,8.6798125,4.5459065
/mnt/md1/user_wago/data/LJSpeech-1.1/wavs/LJ031-0149.wav,9.2370625,4.6261234
/mnt/md1/user_wago/data/LJSpeech-1.1/wavs/LJ028-0198.wav,7.1240625,4.468188
/mnt/md1/user_wago/data/LJSpeech-1.1/wavs/LJ043-0166.wav,7.4955625,4.592957
/mnt/md1/user_wago/data/LJSpeech-1.1/wavs/LJ012-0282.wav,2.7703125,4.6614637
/mnt/md1/user_wago/data/LJSpeech-1.1/wavs/LJ014-0178.wav,2.8980625,4.599526
/mnt/md1/user_wago/data/LJSpeech-1.1/wavs/LJ029-0142.wav,9.4344375,4.609379
/mnt/md1/user_wago/data/LJSpeech-1.1/wavs/LJ044-0185.wav,7.1356875,4.425893
/mnt/md1/user_wago/data/LJSpeech-1.1/wavs/LJ039-0121.wav,7.5071875,4.428736
/mnt/md1/user_wago/data/LJSpeech-1.1/wavs/LJ047-0168.wav,4.4189375,4.6225986
/mnt/md1/user_wago/data/LJSpeech-1.1/wavs/LJ019-0293.wav,7.4375625,4.6058955
/mnt/md1/user_wago/data/LJSpeech-1.1/wavs/LJ037-0174.wav,9.213875,4.7652736
/mnt/md1/user_wago/data/LJSpeech-1.1/wavs/LJ022-0188.wav,7.3446875,4.5509834
/mnt/md1/user_wago/data/LJSpeech-1.1/wavs/LJ020-0092.wav,4.093875,4.436201
/mnt/md1/user_wago/data/LJSpeech-1.1/wavs/LJ021-0159.wav,4.0358125,3.9416144
/mnt/md1/user_wago/data/LJSpeech-1.1/wavs/LJ044-0235.wav,7.08925,4.6406636
/mnt/md1/user_wago/data/LJSpeech-1.1/wavs/LJ028-0121.wav,2.8980625,4.643227
/mnt/md1/user_wago/data/LJSpeech-1.1/wavs/LJ005-0135.wav,6.288125,4.56714
/mnt/md1/user_wago/data/LJSpeech-1.1/wavs/LJ010-0304.wav,6.9383125,4.544453
/mnt/md1/user_wago/data/LJSpeech-1.1/wavs/LJ010-0057.wav,6.0791875,4.6479483
/mnt/md1/user_wago/data/LJSpeech-1.1/wavs/LJ031-0035.wav,5.3825625,4.848082
/mnt/md1/user_wago/data/LJSpeech-1.1/wavs/LJ026-0123.wav,8.215375,4.55164
/mnt/md1/user_wago/data/LJSpeech-1.1/wavs/LJ041-0041.wav,6.7641875,4.5668488
/mnt/md1/user_wago/data/LJSpeech-1.1/wavs/LJ009-0262.wav,3.87325,4.4718337
/mnt/md1/user_wago/data/LJSpeech-1.1/wavs/LJ032-0147.wav,2.7819375,4.7411013
/mnt/md1/user_wago/data/LJSpeech-1.1/wavs/LJ011-0187.wav,7.8786875,4.5085883
/mnt/md1/user_wago/data/LJSpeech-1.1/wavs/LJ004-0017.wav,5.13875,4.5515494
/mnt/md1/user_wago/data/LJSpeech-1.1/wavs/LJ028-0516.wav,9.004875,4.429266
/mnt/md1/user_wago/data/LJSpeech-1.1/wavs/LJ044-0167.wav,6.9499375,4.586195
/mnt/md1/user_wago/data/LJSpeech-1.1/wavs/LJ031-0069.wav,7.6116875,4.4780283
/mnt/md1/user_wago/data/LJSpeech-1.1/wavs/LJ017-0031.wav,8.900375,4.6843443
/mnt/md1/user_wago/data/LJSpeech-1.1/wavs/LJ007-0016.wav,8.6681875,4.730378
/mnt/md1/user_wago/data/LJSpeech-1.1/wavs/LJ043-0172.wav,9.028125,4.652217
/mnt/md1/user_wago/data/LJSpeech-1.1/wavs/LJ035-0090.wav,8.6565625,4.493849
/mnt/md1/user_wago/data/LJSpeech-1.1/wavs/LJ027-0013.wav,7.553625,4.4410124
/mnt/md1/user_wago/data/LJSpeech-1.1/wavs/LJ004-0191.wav,3.2695625,4.4974976
/mnt/md1/user_wago/data/LJSpeech-1.1/wavs/LJ038-0019.wav,7.6000625,4.641965
/mnt/md1/user_wago/data/LJSpeech-1.1/wavs/LJ034-0083.wav,4.7904375,4.335783
/mnt/md1/user_wago/data/LJSpeech-1.1/wavs/LJ017-0104.wav,5.7425,4.679401
/mnt/md1/user_wago/data/LJSpeech-1.1/wavs/LJ034-0057.wav,5.0575,4.587495
/mnt/md1/user_wago/data/LJSpeech-1.1/wavs/LJ011-0026.wav,9.20225,4.533228
/mnt/md1/user_wago/data/LJSpeech-1.1/wavs/LJ004-0236.wav,9.51575,4.5274544
/mnt/md1/user_wago/data/LJSpeech-1.1/wavs/LJ006-0144.wav,7.4026875,4.5480957
/mnt/md1/user_wago/data/LJSpeech-1.1/wavs/LJ026-0011.wav,2.5033125,4.5502005
/mnt/md1/user_wago/data/LJSpeech-1.1/wavs/LJ044-0152.wav,8.261875,4.4215546
/mnt/md1/user_wago/data/LJSpeech-1.1/wavs/LJ048-0109.wav,8.5753125,4.687008
/mnt/md1/user_wago/data/LJSpeech-1.1/wavs/LJ019-0074.wav,8.4591875,4.6809287
/mnt/md1/user_wago/data/LJSpeech-1.1/wavs/LJ040-0068.wav,4.5930625,4.481519
/mnt/md1/user_wago/data/LJSpeech-1.1/wavs/LJ015-0087.wav,9.121,4.3317533
/mnt/md1/user_wago/data/LJSpeech-1.1/wavs/LJ048-0167.wav,8.4940625,4.633989
/mnt/md1/user_wago/data/LJSpeech-1.1/wavs/LJ017-0182.wav,4.5930625,4.4804497
/mnt/md1/user_wago/data/LJSpeech-1.1/wavs/LJ010-0313.wav,9.388,4.61513
/mnt/md1/user_wago/data/LJSpeech-1.1/wavs/LJ042-0210.wav,4.66275,4.786921
/mnt/md1/user_wago/data/LJSpeech-1.1/wavs/LJ028-0442.wav,8.1109375,4.202286
/mnt/md1/user_wago/data/LJSpeech-1.1/wavs/LJ026-0080.wav,8.528875,4.6016
/mnt/md1/user_wago/data/LJSpeech-1.1/wavs/LJ009-0072.wav,7.472375,4.602812
/mnt/md1/user_wago/data/LJSpeech-1.1/wavs/LJ029-0201.wav,2.0969375,4.7432475
/mnt/md1/user_wago/data/LJSpeech-1.1/wavs/LJ010-0250.wav,2.1085625,4.6741076
/mnt/md1/user_wago/data/LJSpeech-1.1/wavs/LJ008-0185.wav,8.703,4.3817387
/mnt/md1/user_wago/data/LJSpeech-1.1/wavs/LJ012-0212.wav,6.1604375,4.618762
/mnt/md1/user_wago/data/LJSpeech-1.1/wavs/LJ037-0125.wav,7.472375,4.696812
/mnt/md1/user_wago/data/LJSpeech-1.1/wavs/LJ037-0235.wav,9.3415625,4.655336
/mnt/md1/user_wago/data/LJSpeech-1.1/wavs/LJ014-0079.wav,9.9336875,4.628319
/mnt/md1/user_wago/data/LJSpeech-1.1/wavs/LJ032-0144.wav,6.5551875,4.676328
/mnt/md1/user_wago/data/LJSpeech-1.1/wavs/LJ033-0192.wav,5.1039375,4.6148505
/mnt/md1/user_wago/data/LJSpeech-1.1/wavs/LJ029-0014.wav,9.7130625,4.517513
/mnt/md1/user_wago/data/LJSpeech-1.1/wavs/LJ009-0291.wav,8.9700625,4.5533195
/mnt/md1/user_wago/data/LJSpeech-1.1/wavs/LJ049-0195.wav,8.528875,4.6752462
/mnt/md1/user_wago/data/LJSpeech-1.1/wavs/LJ050-0095.wav,3.408875,4.722085
/mnt/md1/user_wago/data/LJSpeech-1.1/wavs/LJ010-0016.wav,6.5319375,4.7487392
/mnt/md1/user_wago/data/LJSpeech-1.1/wavs/LJ027-0099.wav,7.66975,4.370839
/mnt/md1/user_wago/data/LJSpeech-1.1/wavs/LJ017-0038.wav,6.206875,4.7372766
/mnt/md1/user_wago/data/LJSpeech-1.1/wavs/LJ008-0155.wav,7.0195625,4.545012
/mnt/md1/user_wago/data/LJSpeech-1.1/wavs/LJ016-0056.wav,9.7246875,4.5596895
/mnt/md1/user_wago/data/LJSpeech-1.1/wavs/LJ040-0065.wav,5.4870625,4.5693326
/mnt/md1/user_wago/data/LJSpeech-1.1/wavs/LJ043-0083.wav,6.1720625,4.8022513
/mnt/md1/user_wago/data/LJSpeech-1.1/wavs/LJ024-0013.wav,6.13725,4.273163
/mnt/md1/user_wago/data/LJSpeech-1.1/wavs/LJ046-0089.wav,9.980125,4.687481
/mnt/md1/user_wago/data/LJSpeech-1.1/wavs/LJ019-0065.wav,8.4011875,4.637077
/mnt/md1/user_wago/data/LJSpeech-1.1/wavs/LJ048-0024.wav,6.0095,4.591907
/mnt/md1/user_wago/data/LJSpeech-1.1/wavs/LJ028-0132.wav,5.5335,4.6021533
/mnt/md1/user_wago/data/LJSpeech-1.1/wavs/LJ012-0067.wav,8.737875,4.710943
/mnt/md1/user_wago/data/LJSpeech-1.1/wavs/LJ012-0043.wav,7.925125,4.685272
/mnt/md1/user_wago/data/LJSpeech-1.1/wavs/LJ005-0075.wav,6.021125,4.6533394
/mnt/md1/user_wago/data/LJSpeech-1.1/wavs/LJ002-0161.wav,6.520375,4.494932
/mnt/md1/user_wago/data/LJSpeech-1.1/wavs/LJ007-0178.wav,10.0381875,4.523273
/mnt/md1/user_wago/data/LJSpeech-1.1/wavs/LJ020-0049.wav,7.542,4.4693813
/mnt/md1/user_wago/data/LJSpeech-1.1/wavs/LJ027-0103.wav,4.45375,4.51682
/mnt/md1/user_wago/data/LJSpeech-1.1/wavs/LJ015-0088.wav,8.7726875,4.544452
/mnt/md1/user_wago/data/LJSpeech-1.1/wavs/LJ021-0048.wav,4.1519375,4.3705177
/mnt/md1/user_wago/data/LJSpeech-1.1/wavs/LJ028-0100.wav,9.190625,4.558012
/mnt/md1/user_wago/data/LJSpeech-1.1/wavs/LJ023-0037.wav,3.4785625,4.4748106
/mnt/md1/user_wago/data/LJSpeech-1.1/wavs/LJ001-0148.wav,6.9150625,4.3285756
/mnt/md1/user_wago/data/LJSpeech-1.1/wavs/LJ002-0188.wav,7.8555,4.5840797
/mnt/md1/user_wago/data/LJSpeech-1.1/wavs/LJ013-0184.wav,8.7726875,4.632949
/mnt/md1/user_wago/data/LJSpeech-1.1/wavs/LJ035-0137.wav,4.9181875,4.5315905
/mnt/md1/user_wago/data/LJSpeech-1.1/wavs/LJ014-0212.wav,8.51725,4.593701
/mnt/md1/user_wago/data/LJSpeech-1.1/wavs/LJ034-0166.wav,6.4739375,4.5905447
/mnt/md1/user_wago/data/LJSpeech-1.1/wavs/LJ015-0282.wav,7.275,4.5795884
/mnt/md1/user_wago/data/LJSpeech-1.1/wavs/LJ013-0035.wav,6.8338125,4.689641
/mnt/md1/user_wago/data/LJSpeech-1.1/wavs/LJ044-0052.wav,5.1851875,4.484516
/mnt/md1/user_wago/data/LJSpeech-1.1/wavs/LJ003-0279.wav,3.525,4.7843466
/mnt/md1/user_wago/data/LJSpeech-1.1/wavs/LJ028-0453.wav,7.66975,4.68912
/mnt/md1/user_wago/data/LJSpeech-1.1/wavs/LJ010-0051.wav,2.5845625,4.5650644
/mnt/md1/user_wago/data/LJSpeech-1.1/wavs/LJ002-0023.wav,3.4553125,4.575242
/mnt/md1/user_wago/data/LJSpeech-1.1/wavs/LJ041-0066.wav,4.1170625,4.466243
/mnt/md1/user_wago/data/LJSpeech-1.1/wavs/LJ037-0056.wav,6.230125,4.605125
/mnt/md1/user_wago/data/LJSpeech-1.1/wavs/LJ001-0095.wav,4.198375,4.191618
/mnt/md1/user_wago/data/LJSpeech-1.1/wavs/LJ045-0103.wav,7.542,4.6222296
/mnt/md1/user_wago/data/LJSpeech-1.1/wavs/LJ045-0119.wav,3.803625,4.458221
/mnt/md1/user_wago/data/LJSpeech-1.1/wavs/LJ012-0041.wav,7.1356875,4.574205
/mnt/md1/user_wago/data/LJSpeech-1.1/wavs/LJ038-0083.wav,2.71225,4.719407
/mnt/md1/user_wago/data/LJSpeech-1.1/wavs/LJ030-0201.wav,9.0513125,4.6131573
/mnt/md1/user_wago/data/LJSpeech-1.1/wavs/LJ008-0063.wav,9.6434375,4.464585
/mnt/md1/user_wago/data/LJSpeech-1.1/wavs/LJ009-0188.wav,9.980125,4.5399404
/mnt/md1/user_wago/data/LJSpeech-1.1/wavs/LJ005-0214.wav,9.6201875,4.54067
/mnt/md1/user_wago/data/LJSpeech-1.1/wavs/LJ007-0237.wav,7.0544375,4.696899
/mnt/md1/user_wago/data/LJSpeech-1.1/wavs/LJ037-0030.wav,3.0721875,4.609961
/mnt/md1/user_wago/data/LJSpeech-1.1/wavs/LJ044-0136.wav,8.2966875,4.4893513
/mnt/md1/user_wago/data/LJSpeech-1.1/wavs/LJ002-0100.wav,5.4754375,4.6173115
/mnt/md1/user_wago/data/LJSpeech-1.1/wavs/LJ045-0185.wav,9.004875,4.385455
/mnt/md1/user_wago/data/LJSpeech-1.1/wavs/LJ024-0106.wav,6.1488125,4.4747167
/mnt/md1/user_wago/data/LJSpeech-1.1/wavs/LJ049-0008.wav,5.92825,4.551624
/mnt/md1/user_wago/data/LJSpeech-1.1/wavs/LJ005-0050.wav,10.0381875,4.4824867
/mnt/md1/user_wago/data/LJSpeech-1.1/wavs/LJ031-0014.wav,6.520375,4.6271706
/mnt/md1/user_wago/data/LJSpeech-1.1/wavs/LJ035-0024.wav,4.9878125,4.7229147
/mnt/md1/user_wago/data/LJSpeech-1.1/wavs/LJ006-0070.wav,8.04125,4.5521803
/mnt/md1/user_wago/data/LJSpeech-1.1/wavs/LJ021-0126.wav,8.83075,4.420287
/mnt/md1/user_wago/data/LJSpeech-1.1/wavs/LJ045-0001.wav,9.8291875,4.6124973
/mnt/md1/user_wago/data/LJSpeech-1.1/wavs/LJ017-0019.wav,7.8786875,4.6715307
/mnt/md1/user_wago/data/LJSpeech-1.1/wavs/LJ004-0092.wav,7.35625,4.400856
/mnt/md1/user_wago/data/LJSpeech-1.1/wavs/LJ040-0018.wav,9.57375,4.30097
/mnt/md1/user_wago/data/LJSpeech-1.1/wavs/LJ018-0087.wav,10.0265625,4.6117992
/mnt/md1/user_wago/data/LJSpeech-1.1/wavs/LJ012-0158.wav,7.08925,4.730287
/mnt/md1/user_wago/data/LJSpeech-1.1/wavs/LJ044-0182.wav,7.971625,4.622456
/mnt/md1/user_wago/data/LJSpeech-1.1/wavs/LJ030-0045.wav,9.57375,4.699259
/mnt/md1/user_wago/data/LJSpeech-1.1/wavs/LJ044-0151.wav,8.8539375,4.419405
/mnt/md1/user_wago/data/LJSpeech-1.1/wavs/LJ011-0041.wav,7.5188125,4.550455
/mnt/md1/user_wago/data/LJSpeech-1.1/wavs/LJ041-0203.wav,6.810625,4.721984
/mnt/md1/user_wago/data/LJSpeech-1.1/wavs/LJ023-0015.wav,9.1674375,4.3961687
/mnt/md1/user_wago/data/LJSpeech-1.1/wavs/LJ002-0035.wav,1.5976875,4.6807323
/mnt/md1/user_wago/data/LJSpeech-1.1/wavs/LJ002-0147.wav,8.2850625,4.564336
/mnt/md1/user_wago/data/LJSpeech-1.1/wavs/LJ043-0140.wav,8.6681875,4.616948
/mnt/md1/user_wago/data/LJSpeech-1.1/wavs/LJ049-0208.wav,7.100875,4.6035986
/mnt/md1/user_wago/data/LJSpeech-1.1/wavs/LJ006-0172.wav,6.3578125,4.304266
/mnt/md1/user_wago/data/LJSpeech-1.1/wavs/LJ009-0125.wav,7.391125,4.608019
/mnt/md1/user_wago/data/LJSpeech-1.1/wavs/LJ046-0019.wav,7.762625,4.5860915
/mnt/md1/user_wago/data/LJSpeech-1.1/wavs/LJ013-0025.wav,5.5683125,4.761354
/mnt/md1/user_wago/data/LJSpeech-1.1/wavs/LJ040-0040.wav,6.1720625,4.350961
/mnt/md1/user_wago/data/LJSpeech-1.1/wavs/LJ012-0064.wav,9.4228125,4.6122823
/mnt/md1/user_wago/data/LJSpeech-1.1/wavs/LJ037-0028.wav,5.812125,4.718534
/mnt/md1/user_wago/data/LJSpeech-1.1/wavs/LJ021-0187.wav,7.3330625,4.350108
/mnt/md1/user_wago/data/LJSpeech-1.1/wavs/LJ012-0001.wav,8.0993125,4.6471853
/mnt/md1/user_wago/data/LJSpeech-1.1/wavs/LJ049-0175.wav,2.4104375,4.5119023
/mnt/md1/user_wago/data/LJSpeech-1.1/wavs/LJ029-0161.wav,9.5273125,4.5510607
/mnt/md1/user_wago/data/LJSpeech-1.1/wavs/LJ032-0099.wav,6.03275,4.733246
/mnt/md1/user_wago/data/LJSpeech-1.1/wavs/LJ018-0105.wav,3.1534375,4.6594567
/mnt/md1/user_wago/data/LJSpeech-1.1/wavs/LJ032-0163.wav,8.0993125,4.4026794
/mnt/md1/user_wago/data/LJSpeech-1.1/wavs/LJ027-0054.wav,6.1836875,4.641208
/mnt/md1/user_wago/data/LJSpeech-1.1/wavs/LJ006-0083.wav,3.02575,4.6519275
/mnt/md1/user_wago/data/LJSpeech-1.1/wavs/LJ025-0163.wav,7.5884375,4.6209545
/mnt/md1/user_wago/data/LJSpeech-1.1/wavs/LJ011-0110.wav,6.13725,4.62169
/mnt/md1/user_wago/data/LJSpeech-1.1/wavs/LJ014-0042.wav,6.497125,4.670343
/mnt/md1/user_wago/data/LJSpeech-1.1/wavs/LJ049-0133.wav,5.7889375,4.684514
/mnt/md1/user_wago/data/LJSpeech-1.1/wavs/LJ021-0009.wav,8.0180625,4.493161
/mnt/md1/user_wago/data/LJSpeech-1.1/wavs/LJ011-0229.wav,4.8833125,4.778686
/mnt/md1/user_wago/data/LJSpeech-1.1/wavs/LJ041-0039.wav,4.66275,4.6169777
/mnt/md1/user_wago/data/LJSpeech-1.1/wavs/LJ040-0203.wav,5.5683125,4.593721
/mnt/md1/user_wago/data/LJSpeech-1.1/wavs/LJ013-0156.wav,6.230125,4.7094374
/mnt/md1/user_wago/data/LJSpeech-1.1/wavs/LJ003-0212.wav,8.029625,4.65866
/mnt/md1/user_wago/data/LJSpeech-1.1/wavs/LJ028-0412.wav,10.0033125,4.355073
/mnt/md1/user_wago/data/LJSpeech-1.1/wavs/LJ028-0305.wav,4.268,4.3856215
/mnt/md1/user_wago/data/LJSpeech-1.1/wavs/LJ012-0138.wav,2.8980625,4.5516105
/mnt/md1/user_wago/data/LJSpeech-1.1/wavs/LJ005-0245.wav,9.1790625,4.461174
/mnt/md1/user_wago/data/LJSpeech-1.1/wavs/LJ043-0070.wav,7.867125,4.7086096
/mnt/md1/user_wago/data/LJSpeech-1.1/wavs/LJ008-0216.wav,7.0079375,4.6015644
/mnt/md1/user_wago/data/LJSpeech-1.1/wavs/LJ019-0184.wav,8.227,4.673318
/mnt/md1/user_wago/data/LJSpeech-1.1/wavs/LJ028-0350.wav,4.39575,4.6377754
/mnt/md1/user_wago/data/LJSpeech-1.1/wavs/LJ018-0295.wav,6.311375,4.793355
/mnt/md1/user_wago/data/LJSpeech-1.1/wavs/LJ010-0218.wav,7.948375,4.5998445
/mnt/md1/user_wago/data/LJSpeech-1.1/wavs/LJ035-0179.wav,7.5304375,4.443861
/mnt/md1/user_wago/data/LJSpeech-1.1/wavs/LJ039-0172.wav,8.900375,4.3726063
/mnt/md1/user_wago/data/LJSpeech-1.1/wavs/LJ029-0168.wav,9.6434375,4.5855007
/mnt/md1/user_wago/data/LJSpeech-1.1/wavs/LJ015-0063.wav,8.227,4.6010613
/mnt/md1/user_wago/data/LJSpeech-1.1/wavs/LJ044-0202.wav,6.4390625,4.5626273
/mnt/md1/user_wago/data/LJSpeech-1.1/wavs/LJ006-0275.wav,7.1124375,4.5647793
/mnt/md1/user_wago/data/LJSpeech-1.1/wavs/LJ017-0264.wav,9.6201875,4.6405554
/mnt/md1/user_wago/data/LJSpeech-1.1/wavs/LJ004-0005.wav,9.9453125,4.611905
/mnt/md1/user_wago/data/LJSpeech-1.1/wavs/LJ014-0340.wav,9.4576875,4.6149898
/mnt/md1/user_wago/data/LJSpeech-1.1/wavs/LJ029-0029.wav,10.0498125,4.754557
/mnt/md1/user_wago/data/LJSpeech-1.1/wavs/LJ011-0079.wav,4.1055,4.66369
/mnt/md1/user_wago/data/LJSpeech-1.1/wavs/LJ018-0134.wav,6.4506875,4.7440114
/mnt/md1/user_wago/data/LJSpeech-1.1/wavs/LJ011-0247.wav,5.4870625,4.6489763
/mnt/md1/user_wago/data/LJSpeech-1.1/wavs/LJ012-0160.wav,10.073,4.5638914
/mnt/md1/user_wago/data/LJSpeech-1.1/wavs/LJ025-0130.wav,3.0605625,4.713372
/mnt/md1/user_wago/data/LJSpeech-1.1/wavs/LJ045-0202.wav,8.4591875,4.563773
/mnt/md1/user_wago/data/LJSpeech-1.1/wavs/LJ004-0016.wav,8.6681875,4.444678
/mnt/md1/user_wago/data/LJSpeech-1.1/wavs/LJ041-0053.wav,5.7425,4.7815847
/mnt/md1/user_wago/data/LJSpeech-1.1/wavs/LJ005-0294.wav,6.6248125,4.4949203
/mnt/md1/user_wago/data/LJSpeech-1.1/wavs/LJ030-0063.wav,6.2649375,4.695286
/mnt/md1/user_wago/data/LJSpeech-1.1/wavs/LJ006-0219.wav,8.215375,4.547501
/mnt/md1/user_wago/data/LJSpeech-1.1/wavs/LJ027-0028.wav,4.001,4.527901
/mnt/md1/user_wago/data/LJSpeech-1.1/wavs/LJ012-0291.wav,5.417375,4.707711
/mnt/md1/user_wago/data/LJSpeech-1.1/wavs/LJ009-0219.wav,2.561375,4.6576304
/mnt/md1/user_wago/data/LJSpeech-1.1/wavs/LJ010-0015.wav,5.045875,4.661495
/mnt/md1/user_wago/data/LJSpeech-1.1/wavs/LJ013-0032.wav,6.706125,4.6096864
/mnt/md1/user_wago/data/LJSpeech-1.1/wavs/LJ038-0049.wav,3.1534375,4.664861
/mnt/md1/user_wago/data/LJSpeech-1.1/wavs/LJ005-0110.wav,4.860125,4.6138186
/mnt/md1/user_wago/data/LJSpeech-1.1/wavs/LJ008-0186.wav,3.8965,4.6482606
/mnt/md1/user_wago/data/LJSpeech-1.1/wavs/LJ010-0141.wav,2.9560625,4.6668406
/mnt/md1/user_wago/data/LJSpeech-1.1/wavs/LJ045-0064.wav,6.98475,4.7700768
/mnt/md1/user_wago/data/LJSpeech-1.1/wavs/LJ014-0244.wav,5.03425,4.6588955
/mnt/md1/user_wago/data/LJSpeech-1.1/wavs/LJ045-0137.wav,5.835375,4.62442
/mnt/md1/user_wago/data/LJSpeech-1.1/wavs/LJ001-0020.wav,4.674375,4.269399
/mnt/md1/user_wago/data/LJSpeech-1.1/wavs/LJ046-0124.wav,2.166625,4.827345
/mnt/md1/user_wago/data/LJSpeech-1.1/wavs/LJ005-0109.wav,7.4259375,4.634671
/mnt/md1/user_wago/data/LJSpeech-1.1/wavs/LJ036-0012.wav,4.4073125,4.6479363
/mnt/md1/user_wago/data/LJSpeech-1.1/wavs/LJ027-0034.wav,9.6201875,4.290074
/mnt/md1/user_wago/data/LJSpeech-1.1/wavs/LJ047-0163.wav,7.6233125,4.5371737
/mnt/md1/user_wago/data/LJSpeech-1.1/wavs/LJ047-0095.wav,6.2649375,4.5241036
/mnt/md1/user_wago/data/LJSpeech-1.1/wavs/LJ016-0019.wav,6.88025,4.539833
/mnt/md1/user_wago/data/LJSpeech-1.1/wavs/LJ018-0048.wav,5.82375,4.5907803
/mnt/md1/user_wago/data/LJSpeech-1.1/wavs/LJ007-0031.wav,6.9499375,4.6733127
/mnt/md1/user_wago/data/LJSpeech-1.1/wavs/LJ002-0120.wav,8.6565625,4.4481406
/mnt/md1/user_wago/data/LJSpeech-1.1/wavs/LJ019-0297.wav,7.576875,4.5555153
/mnt/md1/user_wago/data/LJSpeech-1.1/wavs/LJ015-0013.wav,7.066,4.592506
/mnt/md1/user_wago/data/LJSpeech-1.1/wavs/LJ009-0029.wav,8.737875,4.501169
/mnt/md1/user_wago/data/LJSpeech-1.1/wavs/LJ011-0163.wav,8.227,4.579356
/mnt/md1/user_wago/data/LJSpeech-1.1/wavs/LJ003-0120.wav,3.5598125,4.7024026
/mnt/md1/user_wago/data/LJSpeech-1.1/wavs/LJ035-0003.wav,5.55675,4.4469204
/mnt/md1/user_wago/data/LJSpeech-1.1/wavs/LJ003-0202.wav,8.424375,4.6595073
/mnt/md1/user_wago/data/LJSpeech-1.1/wavs/LJ042-0054.wav,9.004875,4.487232
/mnt/md1/user_wago/data/LJSpeech-1.1/wavs/LJ043-0035.wav,6.2185,4.676406
/mnt/md1/user_wago/data/LJSpeech-1.1/wavs/LJ030-0027.wav,8.14575,4.654907
/mnt/md1/user_wago/data/LJSpeech-1.1/wavs/LJ044-0163.wav,6.8221875,4.6247854
/mnt/md1/user_wago/data/LJSpeech-1.1/wavs/LJ035-0197.wav,4.9065625,4.6092825
/mnt/md1/user_wago/data/LJSpeech-1.1/wavs/LJ027-0092.wav,7.8903125,4.45403
/mnt/md1/user_wago/data/LJSpeech-1.1/wavs/LJ005-0089.wav,3.7571875,4.4357095
/mnt/md1/user_wago/data/LJSpeech-1.1/wavs/LJ021-0078.wav,8.5985625,4.4806805
/mnt/md1/user_wago/data/LJSpeech-1.1/wavs/LJ046-0023.wav,6.810625,4.6787653
/mnt/md1/user_wago/data/LJSpeech-1.1/wavs/LJ001-0083.wav,4.9994375,4.530572
/mnt/md1/user_wago/data/LJSpeech-1.1/wavs/LJ020-0033.wav,5.0923125,4.7260427
/mnt/md1/user_wago/data/LJSpeech-1.1/wavs/LJ045-0037.wav,3.095375,4.704549
/mnt/md1/user_wago/data/LJSpeech-1.1/wavs/LJ007-0033.wav,3.2695625,4.530374
/mnt/md1/user_wago/data/LJSpeech-1.1/wavs/LJ048-0021.wav,3.6643125,4.402793
/mnt/md1/user_wago/data/LJSpeech-1.1/wavs/LJ019-0111.wav,6.114,4.5389304
/mnt/md1/user_wago/data/LJSpeech-1.1/wavs/LJ027-0040.wav,3.408875,4.573106
/mnt/md1/user_wago/data/LJSpeech-1.1/wavs/LJ048-0246.wav,7.4026875,4.6841645
/mnt/md1/user_wago/data/LJSpeech-1.1/wavs/LJ022-0016.wav,7.93675,4.691677
/mnt/md1/user_wago/data/LJSpeech-1.1/wavs/LJ003-0031.wav,8.83075,4.641408
/mnt/md1/user_wago/data/LJSpeech-1.1/wavs/LJ012-0130.wav,6.8221875,4.451994
/mnt/md1/user_wago/data/LJSpeech-1.1/wavs/LJ028-0009.wav,8.0645,4.591986
/mnt/md1/user_wago/data/LJSpeech-1.1/wavs/LJ020-0090.wav,4.964625,4.738017
/mnt/md1/user_wago/data/LJSpeech-1.1/wavs/LJ028-0458.wav,9.1325625,4.540307
/mnt/md1/user_wago/data/LJSpeech-1.1/wavs/LJ027-0019.wav,8.8771875,4.4620147
/mnt/md1/user_wago/data/LJSpeech-1.1/wavs/LJ038-0194.wav,4.7091875,4.662807
/mnt/md1/user_wago/data/LJSpeech-1.1/wavs/LJ045-0015.wav,7.0428125,4.669497
/mnt/md1/user_wago/data/LJSpeech-1.1/wavs/LJ040-0148.wav,5.835375,4.437192
/mnt/md1/user_wago/data/LJSpeech-1.1/wavs/LJ008-0287.wav,3.6294375,4.485529
/mnt/md1/user_wago/data/LJSpeech-1.1/wavs/LJ042-0089.wav,8.9700625,4.557565
/mnt/md1/user_wago/data/LJSpeech-1.1/wavs/LJ031-0036.wav,7.066,4.712635
/mnt/md1/user_wago/data/LJSpeech-1.1/wavs/LJ018-0054.wav,6.799,4.715034
/mnt/md1/user_wago/data/LJSpeech-1.1/wavs/LJ002-0257.wav,8.7843125,4.0932584
/mnt/md1/user_wago/data/LJSpeech-1.1/wavs/LJ021-0040.wav,4.8485,4.524394
/mnt/md1/user_wago/data/LJSpeech-1.1/wavs/LJ003-0066.wav,5.3825625,4.644027
/mnt/md1/user_wago/data/LJSpeech-1.1/wavs/LJ017-0137.wav,9.898875,4.70148
/mnt/md1/user_wago/data/LJSpeech-1.1/wavs/LJ039-0058.wav,8.7610625,4.607393
/mnt/md1/user_wago/data/LJSpeech-1.1/wavs/LJ002-0271.wav,8.2850625,4.2706404
/mnt/md1/user_wago/data/LJSpeech-1.1/wavs/LJ035-0013.wav,8.912,4.457562
/mnt/md1/user_wago/data/LJSpeech-1.1/wavs/LJ035-0012.wav,3.2579375,4.566863
/mnt/md1/user_wago/data/LJSpeech-1.1/wavs/LJ033-0042.wav,8.5636875,4.674143
/mnt/md1/user_wago/data/LJSpeech-1.1/wavs/LJ004-0012.wav,2.81675,4.6119976
/mnt/md1/user_wago/data/LJSpeech-1.1/wavs/LJ016-0121.wav,8.1689375,4.6753464
/mnt/md1/user_wago/data/LJSpeech-1.1/wavs/LJ048-0014.wav,8.795875,4.4505606
/mnt/md1/user_wago/data/LJSpeech-1.1/wavs/LJ018-0057.wav,7.542,4.531732
/mnt/md1/user_wago/data/LJSpeech-1.1/wavs/LJ042-0083.wav,9.0513125,4.46271
/mnt/md1/user_wago/data/LJSpeech-1.1/wavs/LJ028-0178.wav,6.6364375,4.4901953
/mnt/md1/user_wago/data/LJSpeech-1.1/wavs/LJ010-0262.wav,1.8415,4.7099752
/mnt/md1/user_wago/data/LJSpeech-1.1/wavs/LJ020-0074.wav,8.5869375,4.415339
/mnt/md1/user_wago/data/LJSpeech-1.1/wavs/LJ023-0111.wav,8.215375,4.5313663
/mnt/md1/user_wago/data/LJSpeech-1.1/wavs/LJ002-0219.wav,8.3895625,4.352517
/mnt/md1/user_wago/data/LJSpeech-1.1/wavs/LJ026-0160.wav,10.073,4.5190024
/mnt/md1/user_wago/data/LJSpeech-1.1/wavs/LJ033-0115.wav,9.666625,4.5551324
/mnt/md1/user_wago/data/LJSpeech-1.1/wavs/LJ048-0098.wav,5.417375,4.605215
/mnt/md1/user_wago/data/LJSpeech-1.1/wavs/LJ022-0066.wav,6.8454375,4.548666
/mnt/md1/user_wago/data/LJSpeech-1.1/wavs/LJ002-0087.wav,6.0559375,4.5936007
/mnt/md1/user_wago/data/LJSpeech-1.1/wavs/LJ022-0178.wav,8.9468125,4.6395264
/mnt/md1/user_wago/data/LJSpeech-1.1/wavs/LJ019-0300.wav,8.4824375,4.4556475
/mnt/md1/user_wago/data/LJSpeech-1.1/wavs/LJ044-0122.wav,4.9878125,4.594924
/mnt/md1/user_wago/data/LJSpeech-1.1/wavs/LJ035-0052.wav,4.686,4.6372333
/mnt/md1/user_wago/data/LJSpeech-1.1/wavs/LJ014-0113.wav,8.9816875,4.5203857
/mnt/md1/user_wago/data/LJSpeech-1.1/wavs/LJ006-0109.wav,5.0575,4.5139213
/mnt/md1/user_wago/data/LJSpeech-1.1/wavs/LJ034-0153.wav,6.2533125,4.672389
/mnt/md1/user_wago/data/LJSpeech-1.1/wavs/LJ008-0019.wav,9.1325625,4.4874616
/mnt/md1/user_wago/data/LJSpeech-1.1/wavs/LJ042-0065.wav,5.6844375,4.3659277
/mnt/md1/user_wago/data/LJSpeech-1.1/wavs/LJ032-0113.wav,7.658125,4.643277
/mnt/md1/user_wago/data/LJSpeech-1.1/wavs/LJ007-0049.wav,7.576875,4.6840982
/mnt/md1/user_wago/data/LJSpeech-1.1/wavs/LJ006-0227.wav,3.408875,4.5739183
/mnt/md1/user_wago/data/LJSpeech-1.1/wavs/LJ029-0110.wav,3.5481875,4.6769366
/mnt/md1/user_wago/data/LJSpeech-1.1/wavs/LJ001-0070.wav,7.7858125,4.288692
/mnt/md1/user_wago/data/LJSpeech-1.1/wavs/LJ005-0056.wav,8.714625,4.6073165
/mnt/md1/user_wago/data/LJSpeech-1.1/wavs/LJ013-0115.wav,8.3663125,4.356213
/mnt/md1/user_wago/data/LJSpeech-1.1/wavs/LJ003-0009.wav,5.82375,4.611824
/mnt/md1/user_wago/data/LJSpeech-1.1/wavs/LJ033-0087.wav,7.158875,4.3566017
/mnt/md1/user_wago/data/LJSpeech-1.1/wavs/LJ030-0131.wav,8.029625,4.7206573
/mnt/md1/user_wago/data/LJSpeech-1.1/wavs/LJ027-0107.wav,8.8655625,4.4114275
/mnt/md1/user_wago/data/LJSpeech-1.1/wavs/LJ008-0015.wav,3.6410625,4.6086564
/mnt/md1/user_wago/data/LJSpeech-1.1/wavs/LJ021-0140.wav,7.9948125,4.3647
/mnt/md1/user_wago/data/LJSpeech-1.1/wavs/LJ016-0322.wav,7.83225,4.630419
/mnt/md1/user_wago/data/LJSpeech-1.1/wavs/LJ043-0033.wav,9.9685,4.5547085
/mnt/md1/user_wago/data/LJSpeech-1.1/wavs/LJ012-0281.wav,5.5335,4.7152967
/mnt/md1/user_wago/data/LJSpeech-1.1/wavs/LJ042-0098.wav,8.7843125,4.5655766
/mnt/md1/user_wago/data/LJSpeech-1.1/wavs/LJ002-0049.wav,5.150375,4.677477
/mnt/md1/user_wago/data/LJSpeech-1.1/wavs/LJ006-0221.wav,8.8075,4.3880424
/mnt/md1/user_wago/data/LJSpeech-1.1/wavs/LJ035-0191.wav,6.392625,4.377306
/mnt/md1/user_wago/data/LJSpeech-1.1/wavs/LJ017-0050.wav,8.238625,4.501976
/mnt/md1/user_wago/data/LJSpeech-1.1/wavs/LJ033-0104.wav,3.432125,4.763836
/mnt/md1/user_wago/data/LJSpeech-1.1/wavs/LJ028-0275.wav,1.8995625,4.7552223
/mnt/md1/user_wago/data/LJSpeech-1.1/wavs/LJ012-0205.wav,9.5505625,4.549531
/mnt/md1/user_wago/data/LJSpeech-1.1/wavs/LJ047-0195.wav,3.095375,4.609019
/mnt/md1/user_wago/data/LJSpeech-1.1/wavs/LJ047-0229.wav,5.150375,4.637901
/mnt/md1/user_wago/data/LJSpeech-1.1/wavs/LJ012-0082.wav,8.714625,4.635498
/mnt/md1/user_wago/data/LJSpeech-1.1/wavs/LJ019-0036.wav,7.6000625,4.5936475
/mnt/md1/user_wago/data/LJSpeech-1.1/wavs/LJ002-0121.wav,7.9948125,4.57681
/mnt/md1/user_wago/data/LJSpeech-1.1/wavs/LJ016-0381.wav,5.2896875,4.5331936
/mnt/md1/user_wago/data/LJSpeech-1.1/wavs/LJ003-0332.wav,6.0791875,4.6403055
/mnt/md1/user_wago/data/LJSpeech-1.1/wavs/LJ019-0031.wav,7.948375,4.571676
/mnt/md1/user_wago/data/LJSpeech-1.1/wavs/LJ042-0200.wav,6.3694375,4.6095915
/mnt/md1/user_wago/data/LJSpeech-1.1/wavs/LJ025-0097.wav,5.03425,4.573167
/mnt/md1/user_wago/data/LJSpeech-1.1/wavs/LJ036-0213.wav,5.0110625,4.6025963
/mnt/md1/user_wago/data/LJSpeech-1.1/wavs/LJ012-0133.wav,9.1558125,4.5924783
/mnt/md1/user_wago/data/LJSpeech-1.1/wavs/LJ036-0194.wav,6.1720625,4.604271
/mnt/md1/user_wago/data/LJSpeech-1.1/wavs/LJ031-0187.wav,6.021125,4.7437706
/mnt/md1/user_wago/data/LJSpeech-1.1/wavs/LJ030-0192.wav,5.24325,4.5331883
/mnt/md1/user_wago/data/LJSpeech-1.1/wavs/LJ015-0097.wav,5.5915625,4.6586947
/mnt/md1/user_wago/data/LJSpeech-1.1/wavs/LJ023-0052.wav,5.162,4.397521
/mnt/md1/user_wago/data/LJSpeech-1.1/wavs/LJ006-0002.wav,9.980125,4.6613493
/mnt/md1/user_wago/data/LJSpeech-1.1/wavs/LJ021-0146.wav,7.4375625,4.4539533
/mnt/md1/user_wago/data/LJSpeech-1.1/wavs/LJ009-0126.wav,1.261,4.169897
/mnt/md1/user_wago/data/LJSpeech-1.1/wavs/LJ045-0021.wav,5.82375,4.6830144
/mnt/md1/user_wago/data/LJSpeech-1.1/wavs/LJ021-0155.wav,8.9584375,4.3823614
/mnt/md1/user_wago/data/LJSpeech-1.1/wavs/LJ050-0142.wav,6.868625,4.6117005
/mnt/md1/user_wago/data/LJSpeech-1.1/wavs/LJ002-0240.wav,7.9831875,4.335481
/mnt/md1/user_wago/data/LJSpeech-1.1/wavs/LJ032-0247.wav,2.2826875,4.678452
/mnt/md1/user_wago/data/LJSpeech-1.1/wavs/LJ015-0003.wav,5.638,4.495815
/mnt/md1/user_wago/data/LJSpeech-1.1/wavs/LJ007-0217.wav,1.1216875,4.7401733
/mnt/md1/user_wago/data/LJSpeech-1.1/wavs/LJ038-0294.wav,9.7595625,4.465154
/mnt/md1/user_wago/data/LJSpeech-1.1/wavs/LJ038-0011.wav,4.488625,4.713791
/mnt/md1/user_wago/data/LJSpeech-1.1/wavs/LJ032-0164.wav,7.4259375,4.7033367
/mnt/md1/user_wago/data/LJSpeech-1.1/wavs/LJ037-0263.wav,9.88725,4.7158847
/mnt/md1/user_wago/data/LJSpeech-1.1/wavs/LJ016-0071.wav,6.021125,4.567566
/mnt/md1/user_wago/data/LJSpeech-1.1/wavs/LJ005-0216.wav,7.9831875,4.558384
/mnt/md1/user_wago/data/LJSpeech-1.1/wavs/LJ031-0028.wav,9.980125,4.6024256
/mnt/md1/user_wago/data/LJSpeech-1.1/wavs/LJ009-0242.wav,3.39725,4.67524
/mnt/md1/user_wago/data/LJSpeech-1.1/wavs/LJ046-0006.wav,4.9878125,4.6848435
/mnt/md1/user_wago/data/LJSpeech-1.1/wavs/LJ014-0337.wav,7.8206875,4.5609407
/mnt/md1/user_wago/data/LJSpeech-1.1/wavs/LJ037-0020.wav,2.2246875,4.803038
/mnt/md1/user_wago/data/LJSpeech-1.1/wavs/LJ008-0157.wav,5.3013125,4.511105
/mnt/md1/user_wago/data/LJSpeech-1.1/wavs/LJ031-0060.wav,5.429,4.6811604
/mnt/md1/user_wago/data/LJSpeech-1.1/wavs/LJ016-0061.wav,8.0993125,4.398798
/mnt/md1/user_wago/data/LJSpeech-1.1/wavs/LJ041-0144.wav,9.2255,4.6167436
/mnt/md1/user_wago/data/LJSpeech-1.1/wavs/LJ026-0118.wav,4.3260625,4.622676
/mnt/md1/user_wago/data/LJSpeech-1.1/wavs/LJ031-0154.wav,7.0544375,4.5975766
/mnt/md1/user_wago/data/LJSpeech-1.1/wavs/LJ040-0009.wav,8.2734375,4.286909
/mnt/md1/user_wago/data/LJSpeech-1.1/wavs/LJ050-0094.wav,8.528875,4.417117
/mnt/md1/user_wago/data/LJSpeech-1.1/wavs/LJ033-0140.wav,8.610125,4.6954412
/mnt/md1/user_wago/data/LJSpeech-1.1/wavs/LJ018-0279.wav,10.0033125,4.710793
/mnt/md1/user_wago/data/LJSpeech-1.1/wavs/LJ039-0073.wav,9.0745625,4.418337
/mnt/md1/user_wago/data/LJSpeech-1.1/wavs/LJ042-0150.wav,9.121,4.5176196
/mnt/md1/user_wago/data/LJSpeech-1.1/wavs/LJ042-0235.wav,7.5071875,4.428298
/mnt/md1/user_wago/data/LJSpeech-1.1/wavs/LJ044-0119.wav,8.6681875,4.4847913
/mnt/md1/user_wago/data/LJSpeech-1.1/wavs/LJ016-0026.wav,6.6480625,4.650565
/mnt/md1/user_wago/data/LJSpeech-1.1/wavs/LJ023-0113.wav,9.6201875,4.1581974
/mnt/md1/user_wago/data/LJSpeech-1.1/wavs/LJ004-0014.wav,9.9104375,4.443777
/mnt/md1/user_wago/data/LJSpeech-1.1/wavs/LJ001-0003.wav,9.666625,4.331228
/mnt/md1/user_wago/data/LJSpeech-1.1/wavs/LJ048-0033.wav,3.118625,4.731016
/mnt/md1/user_wago/data/LJSpeech-1.1/wavs/LJ008-0097.wav,9.1325625,4.3071213
/mnt/md1/user_wago/data/LJSpeech-1.1/wavs/LJ018-0205.wav,2.642625,4.5428405
/mnt/md1/user_wago/data/LJSpeech-1.1/wavs/LJ027-0152.wav,7.2981875,4.4794965
/mnt/md1/user_wago/data/LJSpeech-1.1/wavs/LJ002-0140.wav,8.6914375,4.57195
/mnt/md1/user_wago/data/LJSpeech-1.1/wavs/LJ014-0211.wav,9.980125,4.538019
/mnt/md1/user_wago/data/LJSpeech-1.1/wavs/LJ041-0180.wav,8.3315,4.132375
/mnt/md1/user_wago/data/LJSpeech-1.1/wavs/LJ040-0143.wav,9.1790625,4.6080503
/mnt/md1/user_wago/data/LJSpeech-1.1/wavs/LJ019-0204.wav,3.1766875,4.4609146
/mnt/md1/user_wago/data/LJSpeech-1.1/wavs/LJ028-0045.wav,6.5435625,4.487402
/mnt/md1/user_wago/data/LJSpeech-1.1/wavs/LJ014-0048.wav,8.2850625,4.557519
/mnt/md1/user_wago/data/LJSpeech-1.1/wavs/LJ046-0037.wav,2.352375,4.772046
/mnt/md1/user_wago/data/LJSpeech-1.1/wavs/LJ017-0246.wav,9.0513125,4.5067406
/mnt/md1/user_wago/data/LJSpeech-1.1/wavs/LJ023-0030.wav,4.674375,4.644583
/mnt/md1/user_wago/data/LJSpeech-1.1/wavs/LJ028-0026.wav,4.4421875,4.6651726
/mnt/md1/user_wago/data/LJSpeech-1.1/wavs/LJ019-0258.wav,5.3941875,4.5886936
/mnt/md1/user_wago/data/LJSpeech-1.1/wavs/LJ022-0038.wav,8.3083125,4.524888
/mnt/md1/user_wago/data/LJSpeech-1.1/wavs/LJ014-0328.wav,6.7409375,4.565709
/mnt/md1/user_wago/data/LJSpeech-1.1/wavs/LJ033-0161.wav,5.707625,4.603608
/mnt/md1/user_wago/data/LJSpeech-1.1/wavs/LJ049-0146.wav,7.971625,4.5525236
/mnt/md1/user_wago/data/LJSpeech-1.1/wavs/LJ028-0461.wav,4.3725,4.6679397
/mnt/md1/user_wago/data/LJSpeech-1.1/wavs/LJ008-0299.wav,9.0165,4.5316734
/mnt/md1/user_wago/data/LJSpeech-1.1/wavs/LJ022-0128.wav,4.778875,4.7715974
/mnt/md1/user_wago/data/LJSpeech-1.1/wavs/LJ048-0225.wav,6.125625,4.5881987
/mnt/md1/user_wago/data/LJSpeech-1.1/wavs/LJ005-0133.wav,5.0110625,4.5728693
/mnt/md1/user_wago/data/LJSpeech-1.1/wavs/LJ019-0017.wav,6.0559375,4.4808025
/mnt/md1/user_wago/data/LJSpeech-1.1/wavs/LJ028-0021.wav,5.707625,4.6992254
/mnt/md1/user_wago/data/LJSpeech-1.1/wavs/LJ019-0270.wav,6.891875,4.6826625
/mnt/md1/user_wago/data/LJSpeech-1.1/wavs/LJ017-0120.wav,9.8524375,4.642718
/mnt/md1/user_wago/data/LJSpeech-1.1/wavs/LJ013-0175.wav,5.8818125,4.7412186
/mnt/md1/user_wago/data/LJSpeech-1.1/wavs/LJ030-0093.wav,2.2826875,4.630532
/mnt/md1/user_wago/data/LJSpeech-1.1/wavs/LJ019-0291.wav,7.100875,4.480471
/mnt/md1/user_wago/data/LJSpeech-1.1/wavs/LJ047-0125.wav,8.83075,4.651504
/mnt/md1/user_wago/data/LJSpeech-1.1/wavs/LJ003-0209.wav,5.812125,4.7177525
/mnt/md1/user_wago/data/LJSpeech-1.1/wavs/LJ024-0124.wav,7.182125,4.286574
/mnt/md1/user_wago/data/LJSpeech-1.1/wavs/LJ018-0086.wav,5.916625,4.525314
/mnt/md1/user_wago/data/LJSpeech-1.1/wavs/LJ008-0087.wav,7.3795,4.462678
/mnt/md1/user_wago/data/LJSpeech-1.1/wavs/LJ019-0214.wav,4.941375,4.691021
/mnt/md1/user_wago/data/LJSpeech-1.1/wavs/LJ009-0145.wav,9.2603125,4.479661
/mnt/md1/user_wago/data/LJSpeech-1.1/wavs/LJ006-0302.wav,4.465375,4.777213
/mnt/md1/user_wago/data/LJSpeech-1.1/wavs/LJ015-0197.wav,7.8903125,4.660493
/mnt/md1/user_wago/data/LJSpeech-1.1/wavs/LJ015-0047.wav,8.4708125,4.351561
/mnt/md1/user_wago/data/LJSpeech-1.1/wavs/LJ020-0040.wav,9.388,4.5415473
/mnt/md1/user_wago/data/LJSpeech-1.1/wavs/LJ014-0289.wav,7.286625,4.63274
/mnt/md1/user_wago/data/LJSpeech-1.1/wavs/LJ026-0109.wav,5.1155625,4.725625
/mnt/md1/user_wago/data/LJSpeech-1.1/wavs/LJ040-0090.wav,3.118625,4.262024
/mnt/md1/user_wago/data/LJSpeech-1.1/wavs/LJ032-0071.wav,8.8539375,4.507225
/mnt/md1/user_wago/data/LJSpeech-1.1/wavs/LJ046-0162.wav,7.7974375,4.6212964
/mnt/md1/user_wago/data/LJSpeech-1.1/wavs/LJ016-0067.wav,10.0498125,4.5870166
/mnt/md1/user_wago/data/LJSpeech-1.1/wavs/LJ015-0281.wav,4.8020625,4.761138
/mnt/md1/user_wago/data/LJSpeech-1.1/wavs/LJ006-0283.wav,6.59,4.6809425
/mnt/md1/user_wago/data/LJSpeech-1.1/wavs/LJ016-0057.wav,9.5505625,4.590801
/mnt/md1/user_wago/data/LJSpeech-1.1/wavs/LJ011-0259.wav,6.787375,4.5239162
/mnt/md1/user_wago/data/LJSpeech-1.1/wavs/LJ047-0134.wav,6.7409375,4.720523
/mnt/md1/user_wago/data/LJSpeech-1.1/wavs/LJ002-0270.wav,8.714625,4.3791914
/mnt/md1/user_wago/data/LJSpeech-1.1/wavs/LJ049-0080.wav,2.155,4.734
/mnt/md1/user_wago/data/LJSpeech-1.1/wavs/LJ008-0181.wav,8.819125,4.359178
/mnt/md1/user_wago/data/LJSpeech-1.1/wavs/LJ039-0192.wav,7.0311875,4.5416937
/mnt/md1/user_wago/data/LJSpeech-1.1/wavs/LJ048-0247.wav,3.884875,4.6786966
/mnt/md1/user_wago/data/LJSpeech-1.1/wavs/LJ037-0105.wav,7.0544375,4.6871257
/mnt/md1/user_wago/data/LJSpeech-1.1/wavs/LJ009-0033.wav,4.3376875,4.5251775
/mnt/md1/user_wago/data/LJSpeech-1.1/wavs/LJ012-0155.wav,10.0149375,4.611533
/mnt/md1/user_wago/data/LJSpeech-1.1/wavs/LJ039-0244.wav,5.4754375,4.209422
/mnt/md1/user_wago/data/LJSpeech-1.1/wavs/LJ017-0036.wav,3.594625,4.488906
/mnt/md1/user_wago/data/LJSpeech-1.1/wavs/LJ028-0034.wav,6.5668125,4.6496515
/mnt/md1/user_wago/data/LJSpeech-1.1/wavs/LJ039-0013.wav,2.851625,4.700697
/mnt/md1/user_wago/data/LJSpeech-1.1/wavs/LJ010-0088.wav,3.594625,4.771476
/mnt/md1/user_wago/data/LJSpeech-1.1/wavs/LJ016-0357.wav,9.480875,4.573107
/mnt/md1/user_wago/data/LJSpeech-1.1/wavs/LJ011-0186.wav,2.2595,4.6182003
/mnt/md1/user_wago/data/LJSpeech-1.1/wavs/LJ014-0259.wav,1.7021875,4.2313466
/mnt/md1/user_wago/data/LJSpeech-1.1/wavs/LJ049-0210.wav,5.440625,4.5766587
/mnt/md1/user_wago/data/LJSpeech-1.1/wavs/LJ011-0036.wav,2.6890625,4.625976
/mnt/md1/user_wago/data/LJSpeech-1.1/wavs/LJ038-0190.wav,9.3531875,4.632174
/mnt/md1/user_wago/data/LJSpeech-1.1/wavs/LJ020-0002.wav,10.09625,4.403469
/mnt/md1/user_wago/data/LJSpeech-1.1/wavs/LJ008-0124.wav,8.633375,4.4729652
/mnt/md1/user_wago/data/LJSpeech-1.1/wavs/LJ041-0165.wav,9.864,4.5550337
/mnt/md1/user_wago/data/LJSpeech-1.1/wavs/LJ010-0311.wav,8.93525,4.645719
/mnt/md1/user_wago/data/LJSpeech-1.1/wavs/LJ045-0094.wav,6.973125,4.5915766
/mnt/md1/user_wago/data/LJSpeech-1.1/wavs/LJ008-0033.wav,1.4119375,4.588069
/mnt/md1/user_wago/data/LJSpeech-1.1/wavs/LJ039-0084.wav,5.7540625,4.2753572
/mnt/md1/user_wago/data/LJSpeech-1.1/wavs/LJ017-0098.wav,8.2850625,4.7570395
/mnt/md1/user_wago/data/LJSpeech-1.1/wavs/LJ044-0032.wav,5.916625,4.527979
/mnt/md1/user_wago/data/LJSpeech-1.1/wavs/LJ013-0150.wav,6.59,4.7455935
/mnt/md1/user_wago/data/LJSpeech-1.1/wavs/LJ044-0038.wav,5.3941875,4.6034226
/mnt/md1/user_wago/data/LJSpeech-1.1/wavs/LJ030-0083.wav,2.23625,4.6406183
/mnt/md1/user_wago/data/LJSpeech-1.1/wavs/LJ014-0237.wav,3.792,4.6605625
/mnt/md1/user_wago/data/LJSpeech-1.1/wavs/LJ001-0105.wav,8.5405,4.545693
/mnt/md1/user_wago/data/LJSpeech-1.1/wavs/LJ036-0128.wav,9.41125,4.439204
/mnt/md1/user_wago/data/LJSpeech-1.1/wavs/LJ045-0033.wav,7.5071875,4.4320354
/mnt/md1/user_wago/data/LJSpeech-1.1/wavs/LJ006-0206.wav,5.3129375,4.2981157
/mnt/md1/user_wago/data/LJSpeech-1.1/wavs/LJ019-0332.wav,8.83075,4.629446
/mnt/md1/user_wago/data/LJSpeech-1.1/wavs/LJ035-0146.wav,6.19525,4.423128
/mnt/md1/user_wago/data/LJSpeech-1.1/wavs/LJ017-0162.wav,7.3330625,4.750524
/mnt/md1/user_wago/data/LJSpeech-1.1/wavs/LJ016-0065.wav,9.67825,4.489767
/mnt/md1/user_wago/data/LJSpeech-1.1/wavs/LJ008-0290.wav,2.92125,4.3666196
/mnt/md1/user_wago/data/LJSpeech-1.1/wavs/LJ035-0091.wav,7.1473125,4.4660683
/mnt/md1/user_wago/data/LJSpeech-1.1/wavs/LJ035-0038.wav,6.0559375,4.4726186
/mnt/md1/user_wago/data/LJSpeech-1.1/wavs/LJ022-0062.wav,3.97775,4.7570195
/mnt/md1/user_wago/data/LJSpeech-1.1/wavs/LJ003-0331.wav,10.084625,4.4672475
/mnt/md1/user_wago/data/LJSpeech-1.1/wavs/LJ030-0202.wav,2.433625,4.742788
/mnt/md1/user_wago/data/LJSpeech-1.1/wavs/LJ005-0272.wav,8.0876875,4.420965
/mnt/md1/user_wago/data/LJSpeech-1.1/wavs/LJ009-0270.wav,8.029625,4.3871665
/mnt/md1/user_wago/data/LJSpeech-1.1/wavs/LJ028-0148.wav,8.215375,4.6218724
/mnt/md1/user_wago/data/LJSpeech-1.1/wavs/LJ011-0147.wav,7.077625,4.732221
/mnt/md1/user_wago/data/LJSpeech-1.1/wavs/LJ028-0318.wav,10.0265625,4.49641
/mnt/md1/user_wago/data/LJSpeech-1.1/wavs/LJ032-0076.wav,8.6565625,4.4931927
/mnt/md1/user_wago/data/LJSpeech-1.1/wavs/LJ048-0092.wav,8.8771875,4.6693516
/mnt/md1/user_wago/data/LJSpeech-1.1/wavs/LJ009-0117.wav,8.505625,4.570881
/mnt/md1/user_wago/data/LJSpeech-1.1/wavs/LJ015-0115.wav,8.93525,4.4279323
/mnt/md1/user_wago/data/LJSpeech-1.1/wavs/LJ018-0290.wav,8.4824375,4.7967443
/mnt/md1/user_wago/data/LJSpeech-1.1/wavs/LJ005-0278.wav,7.25175,4.5681944
/mnt/md1/user_wago/data/LJSpeech-1.1/wavs/LJ046-0076.wav,4.7208125,4.811758
/mnt/md1/user_wago/data/LJSpeech-1.1/wavs/LJ009-0292.wav,7.56525,4.336626
/mnt/md1/user_wago/data/LJSpeech-1.1/wavs/LJ047-0221.wav,5.2665,4.4089546
/mnt/md1/user_wago/data/LJSpeech-1.1/wavs/LJ050-0032.wav,8.645,4.6106024
/mnt/md1/user_wago/data/LJSpeech-1.1/wavs/LJ016-0141.wav,4.2215625,4.3616304
/mnt/md1/user_wago/data/LJSpeech-1.1/wavs/LJ048-0015.wav,1.679,4.4550376
/mnt/md1/user_wago/data/LJSpeech-1.1/wavs/LJ038-0206.wav,9.6201875,4.712612
/mnt/md1/user_wago/data/LJSpeech-1.1/wavs/LJ030-0011.wav,4.5118125,4.5338755
/mnt/md1/user_wago/data/LJSpeech-1.1/wavs/LJ019-0092.wav,6.288125,4.610355
/mnt/md1/user_wago/data/LJSpeech-1.1/wavs/LJ048-0005.wav,8.645,4.6418285
/mnt/md1/user_wago/data/LJSpeech-1.1/wavs/LJ002-0283.wav,7.3098125,4.497774
/mnt/md1/user_wago/data/LJSpeech-1.1/wavs/LJ008-0053.wav,6.6596875,4.521357
/mnt/md1/user_wago/data/LJSpeech-1.1/wavs/LJ014-0051.wav,5.1851875,4.770771
/mnt/md1/user_wago/data/LJSpeech-1.1/wavs/LJ030-0169.wav,4.755625,4.5404406
/mnt/md1/user_wago/data/LJSpeech-1.1/wavs/LJ048-0075.wav,6.6364375,4.5059633
/mnt/md1/user_wago/data/LJSpeech-1.1/wavs/LJ021-0023.wav,4.55825,4.452174
/mnt/md1/user_wago/data/LJSpeech-1.1/wavs/LJ023-0137.wav,2.828375,4.083454
/mnt/md1/user_wago/data/LJSpeech-1.1/wavs/LJ019-0212.wav,9.8291875,4.565315
/mnt/md1/user_wago/data/LJSpeech-1.1/wavs/LJ003-0231.wav,5.7773125,4.6896977
/mnt/md1/user_wago/data/LJSpeech-1.1/wavs/LJ047-0108.wav,9.028125,4.6456776
/mnt/md1/user_wago/data/LJSpeech-1.1/wavs/LJ032-0053.wav,7.5884375,4.5788383
/mnt/md1/user_wago/data/LJSpeech-1.1/wavs/LJ004-0235.wav,9.806,4.3770504
/mnt/md1/user_wago/data/LJSpeech-1.1/wavs/LJ047-0171.wav,7.0544375,4.710677
/mnt/md1/user_wago/data/LJSpeech-1.1/wavs/LJ041-0197.wav,7.3214375,4.562397
/mnt/md1/user_wago/data/LJSpeech-1.1/wavs/LJ007-0094.wav,8.714625,4.49945
/mnt/md1/user_wago/data/LJSpeech-1.1/wavs/LJ041-0058.wav,9.4693125,4.7038093
/mnt/md1/user_wago/data/LJSpeech-1.1/wavs/LJ034-0123.wav,7.7858125,4.660688
/mnt/md1/user_wago/data/LJSpeech-1.1/wavs/LJ004-0074.wav,7.275,4.6763988
/mnt/md1/user_wago/data/LJSpeech-1.1/wavs/LJ047-0203.wav,3.71075,4.676974
/mnt/md1/user_wago/data/LJSpeech-1.1/wavs/LJ005-0104.wav,3.118625,4.6875515
/mnt/md1/user_wago/data/LJSpeech-1.1/wavs/LJ028-0204.wav,5.336125,4.582309
/mnt/md1/user_wago/data/LJSpeech-1.1/wavs/LJ035-0178.wav,3.6875,4.1119356
/mnt/md1/user_wago/data/LJSpeech-1.1/wavs/LJ006-0230.wav,6.88025,4.6354785
/mnt/md1/user_wago/data/LJSpeech-1.1/wavs/LJ048-0215.wav,4.8136875,4.585961
/mnt/md1/user_wago/data/LJSpeech-1.1/wavs/LJ012-0151.wav,6.8338125,4.482301
/mnt/md1/user_wago/data/LJSpeech-1.1/wavs/LJ024-0022.wav,4.45375,4.2665715
/mnt/md1/user_wago/data/LJSpeech-1.1/wavs/LJ019-0195.wav,6.415875,4.603527
/mnt/md1/user_wago/data/LJSpeech-1.1/wavs/LJ039-0039.wav,5.8701875,4.4693885
/mnt/md1/user_wago/data/LJSpeech-1.1/wavs/LJ047-0183.wav,5.127125,4.7048078
/mnt/md1/user_wago/data/LJSpeech-1.1/wavs/LJ028-0361.wav,2.038875,4.572682
/mnt/md1/user_wago/data/LJSpeech-1.1/wavs/LJ049-0010.wav,3.3740625,4.5709114
/mnt/md1/user_wago/data/LJSpeech-1.1/wavs/LJ010-0316.wav,5.8005,4.767013
/mnt/md1/user_wago/data/LJSpeech-1.1/wavs/LJ013-0056.wav,9.608625,4.5169206
/mnt/md1/user_wago/data/LJSpeech-1.1/wavs/LJ047-0169.wav,9.6318125,4.55941
/mnt/md1/user_wago/data/LJSpeech-1.1/wavs/LJ025-0046.wav,5.0923125,4.6457176
/mnt/md1/user_wago/data/LJSpeech-1.1/wavs/LJ048-0082.wav,5.7425,4.764352
/mnt/md1/user_wago/data/LJSpeech-1.1/wavs/LJ019-0232.wav,4.6046875,4.6958666
/mnt/md1/user_wago/data/LJSpeech-1.1/wavs/LJ033-0114.wav,8.3663125,4.6515303
/mnt/md1/user_wago/data/LJSpeech-1.1/wavs/LJ004-0192.wav,3.908125,4.41334
/mnt/md1/user_wago/data/LJSpeech-1.1/wavs/LJ019-0147.wav,7.971625,4.3840446
/mnt/md1/user_wago/data/LJSpeech-1.1/wavs/LJ019-0240.wav,7.4955625,4.648964
/mnt/md1/user_wago/data/LJSpeech-1.1/wavs/LJ036-0141.wav,7.7974375,4.329869
/mnt/md1/user_wago/data/LJSpeech-1.1/wavs/LJ028-0294.wav,4.6395625,4.4959917
/mnt/md1/user_wago/data/LJSpeech-1.1/wavs/LJ028-0279.wav,6.9499375,4.5413303
/mnt/md1/user_wago/data/LJSpeech-1.1/wavs/LJ010-0172.wav,6.4739375,4.470582
/mnt/md1/user_wago/data/LJSpeech-1.1/wavs/LJ038-0031.wav,6.4623125,4.685696
/mnt/md1/user_wago/data/LJSpeech-1.1/wavs/LJ017-0216.wav,8.7726875,4.5621595
/mnt/md1/user_wago/data/LJSpeech-1.1/wavs/LJ032-0263.wav,5.92825,4.4357142
/mnt/md1/user_wago/data/LJSpeech-1.1/wavs/LJ028-0423.wav,8.6798125,4.4383693
/mnt/md1/user_wago/data/LJSpeech-1.1/wavs/LJ023-0090.wav,5.9863125,4.430052
/mnt/md1/user_wago/data/LJSpeech-1.1/wavs/LJ028-0036.wav,6.7641875,4.619219
/mnt/md1/user_wago/data/LJSpeech-1.1/wavs/LJ044-0085.wav,8.99325,4.590905
/mnt/md1/user_wago/data/LJSpeech-1.1/wavs/LJ028-0312.wav,9.0629375,4.307623
/mnt/md1/user_wago/data/LJSpeech-1.1/wavs/LJ042-0074.wav,6.4390625,4.359771
/mnt/md1/user_wago/data/LJSpeech-1.1/wavs/LJ010-0050.wav,9.4925,4.505802
/mnt/md1/user_wago/data/LJSpeech-1.1/wavs/LJ007-0128.wav,9.980125,4.619991
/mnt/md1/user_wago/data/LJSpeech-1.1/wavs/LJ039-0239.wav,1.853125,4.541629
/mnt/md1/user_wago/data/LJSpeech-1.1/wavs/LJ044-0142.wav,2.271125,4.7492485
/mnt/md1/user_wago/data/LJSpeech-1.1/wavs/LJ046-0051.wav,6.9266875,4.672518
/mnt/md1/user_wago/data/LJSpeech-1.1/wavs/LJ013-0061.wav,8.842375,4.7168694
/mnt/md1/user_wago/data/LJSpeech-1.1/wavs/LJ010-0102.wav,8.261875,4.656723
/mnt/md1/user_wago/data/LJSpeech-1.1/wavs/LJ023-0129.wav,8.436,4.5363226
/mnt/md1/user_wago/data/LJSpeech-1.1/wavs/LJ015-0294.wav,6.125625,4.6131196
/mnt/md1/user_wago/data/LJSpeech-1.1/wavs/LJ010-0216.wav,5.649625,4.620652
/mnt/md1/user_wago/data/LJSpeech-1.1/wavs/LJ009-0248.wav,3.29275,4.528002
/mnt/md1/user_wago/data/LJSpeech-1.1/wavs/LJ043-0075.wav,8.99325,4.6381216
/mnt/md1/user_wago/data/LJSpeech-1.1/wavs/LJ016-0178.wav,7.6000625,4.6836605
/mnt/md1/user_wago/data/LJSpeech-1.1/wavs/LJ007-0005.wav,7.19375,4.6998057
/mnt/md1/user_wago/data/LJSpeech-1.1/wavs/LJ019-0121.wav,9.121,4.524146
/mnt/md1/user_wago/data/LJSpeech-1.1/wavs/LJ002-0102.wav,5.939875,4.5513353
/mnt/md1/user_wago/data/LJSpeech-1.1/wavs/LJ050-0111.wav,8.7610625,4.651286
/mnt/md1/user_wago/data/LJSpeech-1.1/wavs/LJ023-0055.wav,4.2099375,4.433055
/mnt/md1/user_wago/data/LJSpeech-1.1/wavs/LJ043-0063.wav,8.6681875,4.7261105
/mnt/md1/user_wago/data/LJSpeech-1.1/wavs/LJ015-0207.wav,7.56525,4.781641
/mnt/md1/user_wago/data/LJSpeech-1.1/wavs/LJ044-0037.wav,7.9831875,4.439513
/mnt/md1/user_wago/data/LJSpeech-1.1/wavs/LJ029-0145.wav,7.66975,4.7098465
/mnt/md1/user_wago/data/LJSpeech-1.1/wavs/LJ010-0073.wav,9.5389375,4.4460125
/mnt/md1/user_wago/data/LJSpeech-1.1/wavs/LJ016-0438.wav,4.5350625,4.621482
/mnt/md1/user_wago/data/LJSpeech-1.1/wavs/LJ032-0044.wav,8.703,4.6588883
/mnt/md1/user_wago/data/LJSpeech-1.1/wavs/LJ050-0214.wav,4.465375,4.7082157
/mnt/md1/user_wago/data/LJSpeech-1.1/wavs/LJ037-0032.wav,3.014125,4.7705646
/mnt/md1/user_wago/data/LJSpeech-1.1/wavs/LJ032-0065.wav,9.4228125,4.6242337
/mnt/md1/user_wago/data/LJSpeech-1.1/wavs/LJ008-0121.wav,8.4708125,4.6497345
/mnt/md1/user_wago/data/LJSpeech-1.1/wavs/LJ018-0101.wav,5.1851875,4.59944
/mnt/md1/user_wago/data/LJSpeech-1.1/wavs/LJ050-0254.wav,7.8903125,4.5414705
/mnt/md1/user_wago/data/LJSpeech-1.1/wavs/LJ043-0107.wav,4.45375,4.7942753
/mnt/md1/user_wago/data/LJSpeech-1.1/wavs/LJ017-0149.wav,6.9150625,4.564783
/mnt/md1/user_wago/data/LJSpeech-1.1/wavs/LJ014-0220.wav,7.6000625,4.6960983
/mnt/md1/user_wago/data/LJSpeech-1.1/wavs/LJ045-0098.wav,2.7703125,4.802746
/mnt/md1/user_wago/data/LJSpeech-1.1/wavs/LJ041-0016.wav,8.8539375,4.617167
/mnt/md1/user_wago/data/LJSpeech-1.1/wavs/LJ006-0193.wav,8.052875,4.5419583
/mnt/md1/user_wago/data/LJSpeech-1.1/wavs/LJ046-0072.wav,8.703,4.712268
/mnt/md1/user_wago/data/LJSpeech-1.1/wavs/LJ050-0208.wav,5.150375,4.492943
/mnt/md1/user_wago/data/LJSpeech-1.1/wavs/LJ011-0031.wav,9.9220625,4.4396954
/mnt/md1/user_wago/data/LJSpeech-1.1/wavs/LJ043-0186.wav,6.67125,4.545057
/mnt/md1/user_wago/data/LJSpeech-1.1/wavs/LJ034-0008.wav,5.730875,4.6904135
/mnt/md1/user_wago/data/LJSpeech-1.1/wavs/LJ048-0120.wav,6.810625,4.6439357
/mnt/md1/user_wago/data/LJSpeech-1.1/wavs/LJ002-0237.wav,4.2099375,4.4851227
/mnt/md1/user_wago/data/LJSpeech-1.1/wavs/LJ019-0366.wav,5.707625,4.6905894
/mnt/md1/user_wago/data/LJSpeech-1.1/wavs/LJ017-0076.wav,9.190625,4.659249
/mnt/md1/user_wago/data/LJSpeech-1.1/wavs/LJ048-0118.wav,9.0629375,4.5773435
/mnt/md1/user_wago/data/LJSpeech-1.1/wavs/LJ044-0106.wav,7.7045625,4.625503
/mnt/md1/user_wago/data/LJSpeech-1.1/wavs/LJ034-0118.wav,8.4708125,4.6413937
/mnt/md1/user_wago/data/LJSpeech-1.1/wavs/LJ023-0060.wav,7.263375,4.408506
/mnt/md1/user_wago/data/LJSpeech-1.1/wavs/LJ008-0247.wav,6.9266875,4.470531
/mnt/md1/user_wago/data/LJSpeech-1.1/wavs/LJ011-0099.wav,7.3446875,4.615302
/mnt/md1/user_wago/data/LJSpeech-1.1/wavs/LJ006-0184.wav,7.066,4.710908
/mnt/md1/user_wago/data/LJSpeech-1.1/wavs/LJ035-0111.wav,8.0993125,4.307176
/mnt/md1/user_wago/data/LJSpeech-1.1/wavs/LJ019-0303.wav,6.6364375,4.5820107
/mnt/md1/user_wago/data/LJSpeech-1.1/wavs/LJ041-0052.wav,5.9514375,4.6074114
/mnt/md1/user_wago/data/LJSpeech-1.1/wavs/LJ001-0135.wav,4.3028125,4.686836
/mnt/md1/user_wago/data/LJSpeech-1.1/wavs/LJ027-0067.wav,7.286625,4.4571223
/mnt/md1/user_wago/data/LJSpeech-1.1/wavs/LJ033-0182.wav,5.707625,4.3718133
/mnt/md1/user_wago/data/LJSpeech-1.1/wavs/LJ017-0029.wav,6.2533125,4.8064094
/mnt/md1/user_wago/data/LJSpeech-1.1/wavs/LJ038-0003.wav,1.5048125,4.357319
/mnt/md1/user_wago/data/LJSpeech-1.1/wavs/LJ038-0100.wav,8.5405,4.610895
/mnt/md1/user_wago/data/LJSpeech-1.1/wavs/LJ048-0121.wav,6.9035,4.7129493
/mnt/md1/user_wago/data/LJSpeech-1.1/wavs/LJ016-0184.wav,8.447625,4.637628
/mnt/md1/user_wago/data/LJSpeech-1.1/wavs/LJ045-0141.wav,3.3624375,4.719514
/mnt/md1/user_wago/data/LJSpeech-1.1/wavs/LJ018-0397.wav,8.447625,4.697231
/mnt/md1/user_wago/data/LJSpeech-1.1/wavs/LJ042-0126.wav,2.3059375,4.7182665
/mnt/md1/user_wago/data/LJSpeech-1.1/wavs/LJ013-0134.wav,6.0559375,4.710474
/mnt/md1/user_wago/data/LJSpeech-1.1/wavs/LJ004-0203.wav,4.465375,4.581561
/mnt/md1/user_wago/data/LJSpeech-1.1/wavs/LJ001-0114.wav,4.256375,4.6204495
/mnt/md1/user_wago/data/LJSpeech-1.1/wavs/LJ033-0040.wav,7.286625,4.5884185
/mnt/md1/user_wago/data/LJSpeech-1.1/wavs/LJ022-0090.wav,7.449125,4.7152424
/mnt/md1/user_wago/data/LJSpeech-1.1/wavs/LJ045-0206.wav,5.3013125,4.671686
/mnt/md1/user_wago/data/LJSpeech-1.1/wavs/LJ037-0017.wav,6.77575,4.7991867
/mnt/md1/user_wago/data/LJSpeech-1.1/wavs/LJ013-0199.wav,8.25025,4.7446012
/mnt/md1/user_wago/data/LJSpeech-1.1/wavs/LJ016-0134.wav,9.109375,4.5255218
/mnt/md1/user_wago/data/LJSpeech-1.1/wavs/LJ015-0149.wav,7.6929375,4.481625
/mnt/md1/user_wago/data/LJSpeech-1.1/wavs/LJ019-0205.wav,10.0149375,4.419276
/mnt/md1/user_wago/data/LJSpeech-1.1/wavs/LJ016-0097.wav,5.82375,4.673325
/mnt/md1/user_wago/data/LJSpeech-1.1/wavs/LJ035-0023.wav,7.1240625,4.347712
/mnt/md1/user_wago/data/LJSpeech-1.1/wavs/LJ008-0024.wav,3.50175,4.598469
/mnt/md1/user_wago/data/LJSpeech-1.1/wavs/LJ018-0269.wav,6.6596875,4.5720167
/mnt/md1/user_wago/data/LJSpeech-1.1/wavs/LJ025-0054.wav,8.8888125,4.6121154
/mnt/md1/user_wago/data/LJSpeech-1.1/wavs/LJ016-0135.wav,5.9514375,4.588077
/mnt/md1/user_wago/data/LJSpeech-1.1/wavs/LJ004-0024.wav,5.2084375,4.5055203
/mnt/md1/user_wago/data/LJSpeech-1.1/wavs/LJ030-0214.wav,6.59,4.651533
/mnt/md1/user_wago/data/LJSpeech-1.1/wavs/LJ001-0111.wav,6.9499375,4.3617144
/mnt/md1/user_wago/data/LJSpeech-1.1/wavs/LJ034-0169.wav,3.699125,4.7799993
/mnt/md1/user_wago/data/LJSpeech-1.1/wavs/LJ012-0198.wav,8.2850625,4.5129614
/mnt/md1/user_wago/data/LJSpeech-1.1/wavs/LJ004-0234.wav,9.7130625,4.612189
/mnt/md1/user_wago/data/LJSpeech-1.1/wavs/LJ013-0023.wav,2.6078125,4.6783834
/mnt/md1/user_wago/data/LJSpeech-1.1/wavs/LJ004-0055.wav,8.2038125,4.505772
/mnt/md1/user_wago/data/LJSpeech-1.1/wavs/LJ028-0409.wav,7.182125,4.3770037
/mnt/md1/user_wago/data/LJSpeech-1.1/wavs/LJ029-0117.wav,4.001,4.767891
/mnt/md1/user_wago/data/LJSpeech-1.1/wavs/LJ037-0038.wav,4.6279375,4.7018266
/mnt/md1/user_wago/data/LJSpeech-1.1/wavs/LJ040-0156.wav,5.939875,4.6519117
/mnt/md1/user_wago/data/LJSpeech-1.1/wavs/LJ033-0125.wav,8.4708125,4.7110977
/mnt/md1/user_wago/data/LJSpeech-1.1/wavs/LJ011-0096.wav,9.2255,4.5488396
/mnt/md1/user_wago/data/LJSpeech-1.1/wavs/LJ050-0165.wav,9.4228125,4.6196074
/mnt/md1/user_wago/data/LJSpeech-1.1/wavs/LJ005-0142.wav,3.432125,4.555281
/mnt/md1/user_wago/data/LJSpeech-1.1/wavs/LJ001-0057.wav,8.4824375,4.564973
/mnt/md1/user_wago/data/LJSpeech-1.1/wavs/LJ002-0128.wav,6.09075,4.675519
/mnt/md1/user_wago/data/LJSpeech-1.1/wavs/LJ021-0119.wav,2.6774375,4.4416656
/mnt/md1/user_wago/data/LJSpeech-1.1/wavs/LJ045-0208.wav,6.9150625,4.785881
/mnt/md1/user_wago/data/LJSpeech-1.1/wavs/LJ010-0252.wav,6.09075,4.673017
/mnt/md1/user_wago/data/LJSpeech-1.1/wavs/LJ038-0189.wav,9.7363125,4.720127
/mnt/md1/user_wago/data/LJSpeech-1.1/wavs/LJ011-0161.wav,6.9499375,4.464155
/mnt/md1/user_wago/data/LJSpeech-1.1/wavs/LJ014-0068.wav,6.9035,4.71184
/mnt/md1/user_wago/data/LJSpeech-1.1/wavs/LJ036-0150.wav,7.971625,4.630218
/mnt/md1/user_wago/data/LJSpeech-1.1/wavs/LJ035-0065.wav,3.5481875,4.5732327
/mnt/md1/user_wago/data/LJSpeech-1.1/wavs/LJ039-0158.wav,7.158875,4.5298815
/mnt/md1/user_wago/data/LJSpeech-1.1/wavs/LJ016-0148.wav,3.513375,4.4806385
/mnt/md1/user_wago/data/LJSpeech-1.1/wavs/LJ038-0173.wav,7.077625,4.644067
/mnt/md1/user_wago/data/LJSpeech-1.1/wavs/LJ028-0176.wav,5.045875,4.612375
/mnt/md1/user_wago/data/LJSpeech-1.1/wavs/LJ028-0249.wav,5.03425,4.6282325
/mnt/md1/user_wago/data/LJSpeech-1.1/wavs/LJ016-0261.wav,8.5869375,4.6250916
/mnt/md1/user_wago/data/LJSpeech-1.1/wavs/LJ027-0149.wav,8.737875,4.501794
/mnt/md1/user_wago/data/LJSpeech-1.1/wavs/LJ014-0092.wav,6.787375,4.6766768
/mnt/md1/user_wago/data/LJSpeech-1.1/wavs/LJ015-0057.wav,9.57375,4.547764
/mnt/md1/user_wago/data/LJSpeech-1.1/wavs/LJ013-0040.wav,5.61475,4.590018
/mnt/md1/user_wago/data/LJSpeech-1.1/wavs/LJ006-0028.wav,8.552125,4.424449
/mnt/md1/user_wago/data/LJSpeech-1.1/wavs/LJ032-0171.wav,5.0226875,4.7073717
/mnt/md1/user_wago/data/LJSpeech-1.1/wavs/LJ034-0119.wav,2.5729375,4.501159
/mnt/md1/user_wago/data/LJSpeech-1.1/wavs/LJ046-0189.wav,6.9499375,4.7625284
/mnt/md1/user_wago/data/LJSpeech-1.1/wavs/LJ044-0027.wav,3.722375,4.651867
/mnt/md1/user_wago/data/LJSpeech-1.1/wavs/LJ050-0043.wav,9.213875,4.5319915
/mnt/md1/user_wago/data/LJSpeech-1.1/wavs/LJ028-0400.wav,4.744,4.3955173
/mnt/md1/user_wago/data/LJSpeech-1.1/wavs/LJ017-0052.wav,8.819125,4.5575447
/mnt/md1/user_wago/data/LJSpeech-1.1/wavs/LJ030-0123.wav,9.20225,4.663107
/mnt/md1/user_wago/data/LJSpeech-1.1/wavs/LJ032-0157.wav,6.61325,4.5720677
/mnt/md1/user_wago/data/LJSpeech-1.1/wavs/LJ040-0099.wav,3.327625,4.377554
/mnt/md1/user_wago/data/LJSpeech-1.1/wavs/LJ029-0056.wav,8.0876875,4.700904
/mnt/md1/user_wago/data/LJSpeech-1.1/wavs/LJ017-0148.wav,6.4623125,4.5673685
/mnt/md1/user_wago/data/LJSpeech-1.1/wavs/LJ030-0054.wav,6.98475,4.728316
/mnt/md1/user_wago/data/LJSpeech-1.1/wavs/LJ048-0087.wav,9.9220625,4.6646156
/mnt/md1/user_wago/data/LJSpeech-1.1/wavs/LJ019-0132.wav,4.488625,4.59297
/mnt/md1/user_wago/data/LJSpeech-1.1/wavs/LJ034-0025.wav,4.836875,4.602946
/mnt/md1/user_wago/data/LJSpeech-1.1/wavs/LJ005-0021.wav,7.19375,4.456638
/mnt/md1/user_wago/data/LJSpeech-1.1/wavs/LJ037-0212.wav,8.1689375,4.611509
/mnt/md1/user_wago/data/LJSpeech-1.1/wavs/LJ010-0112.wav,8.9584375,4.6269345
/mnt/md1/user_wago/data/LJSpeech-1.1/wavs/LJ014-0058.wav,9.5273125,4.699601
/mnt/md1/user_wago/data/LJSpeech-1.1/wavs/LJ009-0038.wav,6.1488125,4.579899
/mnt/md1/user_wago/data/LJSpeech-1.1/wavs/LJ046-0070.wav,7.9948125,4.586714
/mnt/md1/user_wago/data/LJSpeech-1.1/wavs/LJ018-0163.wav,3.5714375,4.508815
/mnt/md1/user_wago/data/LJSpeech-1.1/wavs/LJ010-0148.wav,7.1705,4.4380984
/mnt/md1/user_wago/data/LJSpeech-1.1/wavs/LJ048-0209.wav,8.1225,4.6041975
/mnt/md1/user_wago/data/LJSpeech-1.1/wavs/LJ050-0200.wav,4.8949375,4.516472
/mnt/md1/user_wago/data/LJSpeech-1.1/wavs/LJ027-0029.wav,7.2053125,4.552016
/mnt/md1/user_wago/data/LJSpeech-1.1/wavs/LJ018-0372.wav,8.238625,4.678448
/mnt/md1/user_wago/data/LJSpeech-1.1/wavs/LJ016-0084.wav,7.4375625,4.581635
/mnt/md1/user_wago/data/LJSpeech-1.1/wavs/LJ016-0179.wav,3.594625,4.5563364
/mnt/md1/user_wago/data/LJSpeech-1.1/wavs/LJ026-0131.wav,7.5071875,4.462721
/mnt/md1/user_wago/data/LJSpeech-1.1/wavs/LJ035-0063.wav,4.55825,4.112395
/mnt/md1/user_wago/data/LJSpeech-1.1/wavs/LJ045-0120.wav,6.601625,4.649804
/mnt/md1/user_wago/data/LJSpeech-1.1/wavs/LJ006-0181.wav,8.0064375,4.589845
/mnt/md1/user_wago/data/LJSpeech-1.1/wavs/LJ030-0210.wav,7.4259375,4.504754
/mnt/md1/user_wago/data/LJSpeech-1.1/wavs/LJ037-0073.wav,6.2649375,4.817165
/mnt/md1/user_wago/data/LJSpeech-1.1/wavs/LJ040-0140.wav,8.0993125,4.3483186
/mnt/md1/user_wago/data/LJSpeech-1.1/wavs/LJ033-0106.wav,7.35625,4.689222
/mnt/md1/user_wago/data/LJSpeech-1.1/wavs/LJ005-0265.wav,10.0033125,4.4775405
/mnt/md1/user_wago/data/LJSpeech-1.1/wavs/LJ006-0238.wav,4.8136875,4.6782
/mnt/md1/user_wago/data/LJSpeech-1.1/wavs/LJ040-0235.wav,5.6844375,4.371097
/mnt/md1/user_wago/data/LJSpeech-1.1/wavs/LJ038-0275.wav,9.980125,4.202487
/mnt/md1/user_wago/data/LJSpeech-1.1/wavs/LJ028-0277.wav,3.0489375,4.4255276
/mnt/md1/user_wago/data/LJSpeech-1.1/wavs/LJ024-0109.wav,2.6774375,3.9676268
/mnt/md1/user_wago/data/LJSpeech-1.1/wavs/LJ022-0092.wav,9.7479375,4.646739
/mnt/md1/user_wago/data/LJSpeech-1.1/wavs/LJ002-0261.wav,4.4421875,4.7086196
/mnt/md1/user_wago/data/LJSpeech-1.1/wavs/LJ002-0103.wav,7.96,4.5012703
/mnt/md1/user_wago/data/LJSpeech-1.1/wavs/LJ015-0037.wav,8.5753125,4.3964047
/mnt/md1/user_wago/data/LJSpeech-1.1/wavs/LJ001-0161.wav,4.1519375,4.6646023
/mnt/md1/user_wago/data/LJSpeech-1.1/wavs/LJ038-0055.wav,5.254875,4.7927246
/mnt/md1/user_wago/data/LJSpeech-1.1/wavs/LJ040-0110.wav,7.2285625,4.1831074
/mnt/md1/user_wago/data/LJSpeech-1.1/wavs/LJ010-0258.wav,4.7091875,4.747916
/mnt/md1/user_wago/data/LJSpeech-1.1/wavs/LJ003-0194.wav,5.9514375,4.661035
/mnt/md1/user_wago/data/LJSpeech-1.1/wavs/LJ007-0078.wav,9.6318125,4.601603
/mnt/md1/user_wago/data/LJSpeech-1.1/wavs/LJ010-0260.wav,5.127125,4.7141504
/mnt/md1/user_wago/data/LJSpeech-1.1/wavs/LJ022-0152.wav,2.9793125,4.8574963
/mnt/md1/user_wago/data/LJSpeech-1.1/wavs/LJ047-0209.wav,10.0381875,4.2112336
/mnt/md1/user_wago/data/LJSpeech-1.1/wavs/LJ011-0263.wav,3.5481875,4.582556
/mnt/md1/user_wago/data/LJSpeech-1.1/wavs/LJ028-0248.wav,7.8555,4.5817394
/mnt/md1/user_wago/data/LJSpeech-1.1/wavs/LJ011-0282.wav,4.1286875,4.571881
/mnt/md1/user_wago/data/LJSpeech-1.1/wavs/LJ013-0193.wav,4.2331875,4.5204473
/mnt/md1/user_wago/data/LJSpeech-1.1/wavs/LJ002-0167.wav,7.2285625,4.5596485
/mnt/md1/user_wago/data/LJSpeech-1.1/wavs/LJ011-0172.wav,7.484,4.566125
/mnt/md1/user_wago/data/LJSpeech-1.1/wavs/LJ043-0076.wav,8.238625,4.696132
/mnt/md1/user_wago/data/LJSpeech-1.1/wavs/LJ033-0051.wav,4.5930625,4.6010427
/mnt/md1/user_wago/data/LJSpeech-1.1/wavs/LJ018-0217.wav,5.626375,4.3442135
/mnt/md1/user_wago/data/LJSpeech-1.1/wavs/LJ021-0080.wav,8.7843125,4.4763603
/mnt/md1/user_wago/data/LJSpeech-1.1/wavs/LJ013-0216.wav,3.0838125,4.7520313
/mnt/md1/user_wago/data/LJSpeech-1.1/wavs/LJ009-0243.wav,1.946,4.8666196
/mnt/md1/user_wago/data/LJSpeech-1.1/wavs/LJ026-0076.wav,4.070625,4.6392636
/mnt/md1/user_wago/data/LJSpeech-1.1/wavs/LJ044-0199.wav,8.9584375,4.5751905
/mnt/md1/user_wago/data/LJSpeech-1.1/wavs/LJ036-0163.wav,8.1689375,4.6264277
/mnt/md1/user_wago/data/LJSpeech-1.1/wavs/LJ007-0180.wav,7.1356875,4.591411
/mnt/md1/user_wago/data/LJSpeech-1.1/wavs/LJ050-0113.wav,7.762625,4.493391
/mnt/md1/user_wago/data/LJSpeech-1.1/wavs/LJ047-0066.wav,1.8879375,4.8563824
/mnt/md1/user_wago/data/LJSpeech-1.1/wavs/LJ038-0053.wav,7.8786875,4.6296425
/mnt/md1/user_wago/data/LJSpeech-1.1/wavs/LJ050-0002.wav,1.6093125,4.490155
/mnt/md1/user_wago/data/LJSpeech-1.1/wavs/LJ016-0017.wav,9.2370625,4.741735
/mnt/md1/user_wago/data/LJSpeech-1.1/wavs/LJ009-0083.wav,9.771125,4.395357
/mnt/md1/user_wago/data/LJSpeech-1.1/wavs/LJ046-0040.wav,6.19525,4.6933856
/mnt/md1/user_wago/data/LJSpeech-1.1/wavs/LJ032-0275.wav,9.6434375,4.5732613
/mnt/md1/user_wago/data/LJSpeech-1.1/wavs/LJ006-0295.wav,5.835375,4.5684586
/mnt/md1/user_wago/data/LJSpeech-1.1/wavs/LJ025-0101.wav,8.1109375,4.683814
/mnt/md1/user_wago/data/LJSpeech-1.1/wavs/LJ014-0036.wav,6.6596875,4.5837655
/mnt/md1/user_wago/data/LJSpeech-1.1/wavs/LJ025-0005.wav,9.480875,4.651261
/mnt/md1/user_wago/data/LJSpeech-1.1/wavs/LJ041-0026.wav,1.946,4.7170215
/mnt/md1/user_wago/data/LJSpeech-1.1/wavs/LJ045-0227.wav,9.388,4.714338
/mnt/md1/user_wago/data/LJSpeech-1.1/wavs/LJ036-0112.wav,3.327625,4.7349935
/mnt/md1/user_wago/data/LJSpeech-1.1/wavs/LJ015-0303.wav,6.77575,4.6007338
/mnt/md1/user_wago/data/LJSpeech-1.1/wavs/LJ011-0253.wav,6.102375,4.7533383
/mnt/md1/user_wago/data/LJSpeech-1.1/wavs/LJ011-0097.wav,1.4351875,4.446659
/mnt/md1/user_wago/data/LJSpeech-1.1/wavs/LJ019-0288.wav,6.021125,4.59692
/mnt/md1/user_wago/data/LJSpeech-1.1/wavs/LJ037-0209.wav,7.1705,4.536281
/mnt/md1/user_wago/data/LJSpeech-1.1/wavs/LJ038-0030.wav,7.100875,4.5543904
/mnt/md1/user_wago/data/LJSpeech-1.1/wavs/LJ015-0280.wav,7.391125,4.399491
/mnt/md1/user_wago/data/LJSpeech-1.1/wavs/LJ028-0480.wav,8.8888125,4.514686
/mnt/md1/user_wago/data/LJSpeech-1.1/wavs/LJ046-0235.wav,4.5234375,4.2371616
/mnt/md1/user_wago/data/LJSpeech-1.1/wavs/LJ007-0003.wav,7.6349375,4.674093
/mnt/md1/user_wago/data/LJSpeech-1.1/wavs/LJ006-0255.wav,7.1124375,4.4817305
/mnt/md1/user_wago/data/LJSpeech-1.1/wavs/LJ017-0150.wav,3.7688125,4.767042
/mnt/md1/user_wago/data/LJSpeech-1.1/wavs/LJ031-0171.wav,1.876375,4.7940335
/mnt/md1/user_wago/data/LJSpeech-1.1/wavs/LJ010-0109.wav,9.88725,4.5375648
/mnt/md1/user_wago/data/LJSpeech-1.1/wavs/LJ039-0062.wav,7.0195625,4.6025677
/mnt/md1/user_wago/data/LJSpeech-1.1/wavs/LJ002-0288.wav,6.5668125,4.2352343
/mnt/md1/user_wago/data/LJSpeech-1.1/wavs/LJ029-0097.wav,7.08925,4.6224103
/mnt/md1/user_wago/data/LJSpeech-1.1/wavs/LJ009-0013.wav,4.3028125,4.695148
/mnt/md1/user_wago/data/LJSpeech-1.1/wavs/LJ025-0170.wav,8.912,4.3609905
/mnt/md1/user_wago/data/LJSpeech-1.1/wavs/LJ035-0192.wav,9.1325625,4.437052
/mnt/md1/user_wago/data/LJSpeech-1.1/wavs/LJ014-0338.wav,3.4669375,4.680092
/mnt/md1/user_wago/data/LJSpeech-1.1/wavs/LJ001-0031.wav,7.8555,4.409083
/mnt/md1/user_wago/data/LJSpeech-1.1/wavs/LJ022-0148.wav,4.674375,4.6731596
/mnt/md1/user_wago/data/LJSpeech-1.1/wavs/LJ043-0085.wav,7.0195625,4.6873274
/mnt/md1/user_wago/data/LJSpeech-1.1/wavs/LJ038-0155.wav,3.014125,4.8134737
/mnt/md1/user_wago/data/LJSpeech-1.1/wavs/LJ016-0280.wav,6.4739375,4.618969
/mnt/md1/user_wago/data/LJSpeech-1.1/wavs/LJ030-0242.wav,2.9909375,4.496261
/mnt/md1/user_wago/data/LJSpeech-1.1/wavs/LJ005-0171.wav,8.5636875,4.5705695
/mnt/md1/user_wago/data/LJSpeech-1.1/wavs/LJ031-0011.wav,7.25175,4.6799335
/mnt/md1/user_wago/data/LJSpeech-1.1/wavs/LJ047-0063.wav,9.4576875,4.533317
/mnt/md1/user_wago/data/LJSpeech-1.1/wavs/LJ035-0113.wav,7.658125,4.3013287
/mnt/md1/user_wago/data/LJSpeech-1.1/wavs/LJ023-0084.wav,6.9383125,4.609606
/mnt/md1/user_wago/data/LJSpeech-1.1/wavs/LJ032-0218.wav,6.4855,4.7186446
/mnt/md1/user_wago/data/LJSpeech-1.1/wavs/LJ014-0056.wav,4.175125,4.5816503
/mnt/md1/user_wago/data/LJSpeech-1.1/wavs/LJ012-0112.wav,4.0125625,4.7301598
/mnt/md1/user_wago/data/LJSpeech-1.1/wavs/LJ037-0120.wav,6.8221875,4.5012016
/mnt/md1/user_wago/data/LJSpeech-1.1/wavs/LJ048-0252.wav,6.682875,4.6796985
/mnt/md1/user_wago/data/LJSpeech-1.1/wavs/LJ026-0135.wav,8.0645,4.240539
/mnt/md1/user_wago/data/LJSpeech-1.1/wavs/LJ037-0094.wav,5.8701875,4.861936
/mnt/md1/user_wago/data/LJSpeech-1.1/wavs/LJ003-0215.wav,9.190625,4.7028084
/mnt/md1/user_wago/data/LJSpeech-1.1/wavs/LJ013-0030.wav,7.6116875,4.631944
/mnt/md1/user_wago/data/LJSpeech-1.1/wavs/LJ015-0016.wav,5.9746875,4.630006
/mnt/md1/user_wago/data/LJSpeech-1.1/wavs/LJ040-0224.wav,4.45375,4.485769
/mnt/md1/user_wago/data/LJSpeech-1.1/wavs/LJ034-0137.wav,7.3446875,4.5758357
/mnt/md1/user_wago/data/LJSpeech-1.1/wavs/LJ018-0347.wav,7.739375,4.7352066
/mnt/md1/user_wago/data/LJSpeech-1.1/wavs/LJ007-0135.wav,8.795875,4.5827613
/mnt/md1/user_wago/data/LJSpeech-1.1/wavs/LJ012-0197.wav,8.714625,4.5429554
/mnt/md1/user_wago/data/LJSpeech-1.1/wavs/LJ038-0096.wav,8.842375,4.4655213
/mnt/md1/user_wago/data/LJSpeech-1.1/wavs/LJ018-0066.wav,5.3709375,4.4612985
/mnt/md1/user_wago/data/LJSpeech-1.1/wavs/LJ019-0320.wav,6.4275,4.6396213
/mnt/md1/user_wago/data/LJSpeech-1.1/wavs/LJ006-0063.wav,10.0033125,4.4115252
/mnt/md1/user_wago/data/LJSpeech-1.1/wavs/LJ028-0282.wav,8.0064375,4.496434
/mnt/md1/user_wago/data/LJSpeech-1.1/wavs/LJ013-0217.wav,8.029625,4.726356
/mnt/md1/user_wago/data/LJSpeech-1.1/wavs/LJ034-0140.wav,9.004875,4.5988774
/mnt/md1/user_wago/data/LJSpeech-1.1/wavs/LJ005-0162.wav,7.3446875,4.4287143
/mnt/md1/user_wago/data/LJSpeech-1.1/wavs/LJ033-0078.wav,8.7843125,4.682297
/mnt/md1/user_wago/data/LJSpeech-1.1/wavs/LJ037-0052.wav,2.54975,4.708293
/mnt/md1/user_wago/data/LJSpeech-1.1/wavs/LJ015-0229.wav,8.134125,4.6742873
/mnt/md1/user_wago/data/LJSpeech-1.1/wavs/LJ027-0009.wav,9.1558125,4.3889904
/mnt/md1/user_wago/data/LJSpeech-1.1/wavs/LJ047-0129.wav,7.0195625,4.6694665
/mnt/md1/user_wago/data/LJSpeech-1.1/wavs/LJ019-0068.wav,9.4693125,4.632475
/mnt/md1/user_wago/data/LJSpeech-1.1/wavs/LJ044-0211.wav,9.794375,4.309886
/mnt/md1/user_wago/data/LJSpeech-1.1/wavs/LJ003-0243.wav,8.5405,4.430412
/mnt/md1/user_wago/data/LJSpeech-1.1/wavs/LJ022-0194.wav,8.645,4.469319
/mnt/md1/user_wago/data/LJSpeech-1.1/wavs/LJ038-0214.wav,8.319875,4.6462526
/mnt/md1/user_wago/data/LJSpeech-1.1/wavs/LJ024-0024.wav,2.5845625,4.308751
/mnt/md1/user_wago/data/LJSpeech-1.1/wavs/LJ034-0063.wav,5.626375,4.5551243
/mnt/md1/user_wago/data/LJSpeech-1.1/wavs/LJ005-0252.wav,3.5598125,4.5428405
/mnt/md1/user_wago/data/LJSpeech-1.1/wavs/LJ008-0243.wav,9.7015,4.4935856
/mnt/md1/user_wago/data/LJSpeech-1.1/wavs/LJ025-0018.wav,5.13875,4.560127
/mnt/md1/user_wago/data/LJSpeech-1.1/wavs/LJ028-0231.wav,3.316,4.5429177
/mnt/md1/user_wago/data/LJSpeech-1.1/wavs/LJ012-0076.wav,6.2765625,4.3932247
/mnt/md1/user_wago/data/LJSpeech-1.1/wavs/LJ035-0136.wav,2.65425,4.3584766
/mnt/md1/user_wago/data/LJSpeech-1.1/wavs/LJ006-0090.wav,9.3299375,4.572415
/mnt/md1/user_wago/data/LJSpeech-1.1/wavs/LJ014-0278.wav,8.6914375,4.6991234
/mnt/md1/user_wago/data/LJSpeech-1.1/wavs/LJ047-0188.wav,2.5845625,4.5849204
/mnt/md1/user_wago/data/LJSpeech-1.1/wavs/LJ017-0027.wav,2.6774375,4.547683
/mnt/md1/user_wago/data/LJSpeech-1.1/wavs/LJ024-0110.wav,9.8175625,4.3672056
/mnt/md1/user_wago/data/LJSpeech-1.1/wavs/LJ009-0196.wav,8.1225,4.723786
/mnt/md1/user_wago/data/LJSpeech-1.1/wavs/LJ047-0158.wav,7.4955625,4.495207
/mnt/md1/user_wago/data/LJSpeech-1.1/wavs/LJ048-0203.wav,5.3245,4.649916
/mnt/md1/user_wago/data/LJSpeech-1.1/wavs/LJ039-0197.wav,7.5304375,4.4715514
/mnt/md1/user_wago/data/LJSpeech-1.1/wavs/LJ026-0078.wav,7.7278125,4.48375
/mnt/md1/user_wago/data/LJSpeech-1.1/wavs/LJ020-0020.wav,8.1689375,4.3914433
/mnt/md1/user_wago/data/LJSpeech-1.1/wavs/LJ011-0107.wav,1.8879375,4.5907493
/mnt/md1/user_wago/data/LJSpeech-1.1/wavs/LJ019-0211.wav,9.086125,4.592963
/mnt/md1/user_wago/data/LJSpeech-1.1/wavs/LJ041-0171.wav,7.925125,3.8616195
/mnt/md1/user_wago/data/LJSpeech-1.1/wavs/LJ035-0135.wav,2.642625,4.7531533
/mnt/md1/user_wago/data/LJSpeech-1.1/wavs/LJ003-0013.wav,8.0064375,4.598658
/mnt/md1/user_wago/data/LJSpeech-1.1/wavs/LJ039-0097.wav,7.0311875,4.4973073
/mnt/md1/user_wago/data/LJSpeech-1.1/wavs/LJ003-0247.wav,5.707625,4.608403
/mnt/md1/user_wago/data/LJSpeech-1.1/wavs/LJ008-0300.wav,6.2185,4.343653
/mnt/md1/user_wago/data/LJSpeech-1.1/wavs/LJ028-0105.wav,9.9453125,4.6161075
/mnt/md1/user_wago/data/LJSpeech-1.1/wavs/LJ050-0020.wav,6.29975,4.643658
/mnt/md1/user_wago/data/LJSpeech-1.1/wavs/LJ016-0417.wav,8.1109375,4.4527755
/mnt/md1/user_wago/data/LJSpeech-1.1/wavs/LJ025-0099.wav,7.8555,4.635314
/mnt/md1/user_wago/data/LJSpeech-1.1/wavs/LJ018-0033.wav,7.8786875,4.530545
/mnt/md1/user_wago/data/LJSpeech-1.1/wavs/LJ028-0006.wav,7.472375,4.6807804
/mnt/md1/user_wago/data/LJSpeech-1.1/wavs/LJ016-0192.wav,4.674375,4.730508
/mnt/md1/user_wago/data/LJSpeech-1.1/wavs/LJ015-0308.wav,7.0544375,4.6972065
/mnt/md1/user_wago/data/LJSpeech-1.1/wavs/LJ030-0022.wav,4.9994375,4.6926956
/mnt/md1/user_wago/data/LJSpeech-1.1/wavs/LJ039-0236.wav,8.3895625,4.396287
/mnt/md1/user_wago/data/LJSpeech-1.1/wavs/LJ009-0011.wav,8.261875,4.3765187
/mnt/md1/user_wago/data/LJSpeech-1.1/wavs/LJ042-0135.wav,9.771125,4.524435
/mnt/md1/user_wago/data/LJSpeech-1.1/wavs/LJ021-0185.wav,10.0149375,4.3120093
/mnt/md1/user_wago/data/LJSpeech-1.1/wavs/LJ045-0219.wav,5.847,4.695766
/mnt/md1/user_wago/data/LJSpeech-1.1/wavs/LJ036-0049.wav,6.88025,4.6120405
/mnt/md1/user_wago/data/LJSpeech-1.1/wavs/LJ026-0018.wav,7.658125,4.662374
/mnt/md1/user_wago/data/LJSpeech-1.1/wavs/LJ007-0114.wav,7.8090625,4.6449385
/mnt/md1/user_wago/data/LJSpeech-1.1/wavs/LJ049-0100.wav,5.127125,4.674956
/mnt/md1/user_wago/data/LJSpeech-1.1/wavs/LJ006-0299.wav,8.714625,4.52896
/mnt/md1/user_wago/data/LJSpeech-1.1/wavs/LJ044-0236.wav,6.799,4.36621
/mnt/md1/user_wago/data/LJSpeech-1.1/wavs/LJ011-0238.wav,8.9700625,4.6200423
/mnt/md1/user_wago/data/LJSpeech-1.1/wavs/LJ028-0109.wav,1.7138125,4.565694
/mnt/md1/user_wago/data/LJSpeech-1.1/wavs/LJ029-0176.wav,2.561375,4.6088066
/mnt/md1/user_wago/data/LJSpeech-1.1/wavs/LJ016-0145.wav,9.1674375,4.491927
/mnt/md1/user_wago/data/LJSpeech-1.1/wavs/LJ034-0186.wav,6.6480625,4.734103
/mnt/md1/user_wago/data/LJSpeech-1.1/wavs/LJ017-0035.wav,6.2533125,4.75612
/mnt/md1/user_wago/data/LJSpeech-1.1/wavs/LJ048-0287.wav,8.238625,4.604652
/mnt/md1/user_wago/data/LJSpeech-1.1/wavs/LJ013-0209.wav,10.0381875,4.5814757
/mnt/md1/user_wago/data/LJSpeech-1.1/wavs/LJ008-0308.wav,3.5714375,4.6155562
/mnt/md1/user_wago/data/LJSpeech-1.1/wavs/LJ013-0126.wav,6.3694375,4.730671
/mnt/md1/user_wago/data/LJSpeech-1.1/wavs/LJ012-0080.wav,7.1705,4.5128756
/mnt/md1/user_wago/data/LJSpeech-1.1/wavs/LJ028-0450.wav,8.5636875,4.6092067
/mnt/md1/user_wago/data/LJSpeech-1.1/wavs/LJ027-0101.wav,7.83225,4.488674
/mnt/md1/user_wago/data/LJSpeech-1.1/wavs/LJ008-0310.wav,4.18675,4.610126
/mnt/md1/user_wago/data/LJSpeech-1.1/wavs/LJ025-0159.wav,7.3446875,4.5960026
/mnt/md1/user_wago/data/LJSpeech-1.1/wavs/LJ011-0006.wav,9.78275,4.4359264
/mnt/md1/user_wago/data/LJSpeech-1.1/wavs/LJ006-0280.wav,6.8454375,4.4868
/mnt/md1/user_wago/data/LJSpeech-1.1/wavs/LJ037-0167.wav,9.3648125,4.5702415
/mnt/md1/user_wago/data/LJSpeech-1.1/wavs/LJ014-0026.wav,9.213875,4.6928453
/mnt/md1/user_wago/data/LJSpeech-1.1/wavs/LJ003-0143.wav,7.576875,4.525772
/mnt/md1/user_wago/data/LJSpeech-1.1/wavs/LJ005-0264.wav,8.0993125,4.5458927
/mnt/md1/user_wago/data/LJSpeech-1.1/wavs/LJ045-0038.wav,8.4824375,4.5493574
/mnt/md1/user_wago/data/LJSpeech-1.1/wavs/LJ031-0200.wav,5.440625,4.7719884
/mnt/md1/user_wago/data/LJSpeech-1.1/wavs/LJ002-0279.wav,7.542,4.2222853
/mnt/md1/user_wago/data/LJSpeech-1.1/wavs/LJ046-0092.wav,5.82375,4.7626567
/mnt/md1/user_wago/data/LJSpeech-1.1/wavs/LJ044-0108.wav,7.6349375,4.6367874
/mnt/md1/user_wago/data/LJSpeech-1.1/wavs/LJ048-0023.wav,7.3330625,4.6420927
/mnt/md1/user_wago/data/LJSpeech-1.1/wavs/LJ041-0138.wav,4.477,4.571245
/mnt/md1/user_wago/data/LJSpeech-1.1/wavs/LJ032-0175.wav,7.83225,4.5299273
/mnt/md1/user_wago/data/LJSpeech-1.1/wavs/LJ004-0081.wav,4.001,4.4911203
/mnt/md1/user_wago/data/LJSpeech-1.1/wavs/LJ032-0041.wav,3.4436875,4.74492
/mnt/md1/user_wago/data/LJSpeech-1.1/wavs/LJ028-0421.wav,5.9514375,4.6028256
/mnt/md1/user_wago/data/LJSpeech-1.1/wavs/LJ046-0015.wav,10.0033125,4.752713
/mnt/md1/user_wago/data/LJSpeech-1.1/wavs/LJ038-0304.wav,2.4104375,4.7258043
/mnt/md1/user_wago/data/LJSpeech-1.1/wavs/LJ047-0080.wav,9.0745625,4.5065894
/mnt/md1/user_wago/data/LJSpeech-1.1/wavs/LJ032-0271.wav,7.9019375,4.6080213
/mnt/md1/user_wago/data/LJSpeech-1.1/wavs/LJ043-0019.wav,8.04125,4.361307
/mnt/md1/user_wago/data/LJSpeech-1.1/wavs/LJ047-0058.wav,8.2966875,4.702138
/mnt/md1/user_wago/data/LJSpeech-1.1/wavs/LJ019-0138.wav,8.1689375,4.470287
/mnt/md1/user_wago/data/LJSpeech-1.1/wavs/LJ037-0119.wav,8.842375,4.703871
/mnt/md1/user_wago/data/LJSpeech-1.1/wavs/LJ005-0139.wav,4.2215625,4.623951
/mnt/md1/user_wago/data/LJSpeech-1.1/wavs/LJ008-0059.wav,4.836875,4.3045225
/mnt/md1/user_wago/data/LJSpeech-1.1/wavs/LJ020-0067.wav,2.062125,4.605727
/mnt/md1/user_wago/data/LJSpeech-1.1/wavs/LJ021-0100.wav,5.45225,4.463421
/mnt/md1/user_wago/data/LJSpeech-1.1/wavs/LJ029-0092.wav,5.03425,4.7516522
/mnt/md1/user_wago/data/LJSpeech-1.1/wavs/LJ002-0006.wav,8.2038125,4.6500177
/mnt/md1/user_wago/data/LJSpeech-1.1/wavs/LJ045-0095.wav,9.2719375,4.5638237
/mnt/md1/user_wago/data/LJSpeech-1.1/wavs/LJ018-0103.wav,6.59,4.492502
/mnt/md1/user_wago/data/LJSpeech-1.1/wavs/LJ016-0295.wav,9.1558125,4.6672435
/mnt/md1/user_wago/data/LJSpeech-1.1/wavs/LJ016-0328.wav,2.5033125,4.7318554
/mnt/md1/user_wago/data/LJSpeech-1.1/wavs/LJ014-0224.wav,6.9150625,4.685991
/mnt/md1/user_wago/data/LJSpeech-1.1/wavs/LJ014-0137.wav,2.1898125,4.620824
/mnt/md1/user_wago/data/LJSpeech-1.1/wavs/LJ009-0055.wav,8.1689375,4.4459295
/mnt/md1/user_wago/data/LJSpeech-1.1/wavs/LJ044-0090.wav,6.102375,4.4506984
/mnt/md1/user_wago/data/LJSpeech-1.1/wavs/LJ021-0169.wav,8.319875,4.459893
/mnt/md1/user_wago/data/LJSpeech-1.1/wavs/LJ004-0041.wav,9.1790625,4.343467
/mnt/md1/user_wago/data/LJSpeech-1.1/wavs/LJ042-0113.wav,7.158875,4.4816065
/mnt/md1/user_wago/data/LJSpeech-1.1/wavs/LJ028-0216.wav,7.182125,4.420265
/mnt/md1/user_wago/data/LJSpeech-1.1/wavs/LJ029-0102.wav,3.13025,4.7323823
/mnt/md1/user_wago/data/LJSpeech-1.1/wavs/LJ030-0048.wav,6.2649375,4.8047733
/mnt/md1/user_wago/data/LJSpeech-1.1/wavs/LJ001-0060.wav,6.77575,4.1422644
/mnt/md1/user_wago/data/LJSpeech-1.1/wavs/LJ019-0085.wav,9.0745625,4.677373
/mnt/md1/user_wago/data/LJSpeech-1.1/wavs/LJ042-0021.wav,8.6798125,4.504341
/mnt/md1/user_wago/data/LJSpeech-1.1/wavs/LJ019-0260.wav,9.190625,4.505882
/mnt/md1/user_wago/data/LJSpeech-1.1/wavs/LJ005-0115.wav,5.812125,4.597539
/mnt/md1/user_wago/data/LJSpeech-1.1/wavs/LJ007-0007.wav,9.190625,4.671827
/mnt/md1/user_wago/data/LJSpeech-1.1/wavs/LJ010-0317.wav,8.1921875,4.679096
/mnt/md1/user_wago/data/LJSpeech-1.1/wavs/LJ039-0120.wav,6.8570625,4.494788
/mnt/md1/user_wago/data/LJSpeech-1.1/wavs/LJ001-0002.wav,1.8995625,4.617554
/mnt/md1/user_wago/data/LJSpeech-1.1/wavs/LJ008-0153.wav,8.5869375,4.4258494
/mnt/md1/user_wago/data/LJSpeech-1.1/wavs/LJ050-0044.wav,9.7130625,4.7130966
/mnt/md1/user_wago/data/LJSpeech-1.1/wavs/LJ006-0098.wav,8.5985625,4.691968
/mnt/md1/user_wago/data/LJSpeech-1.1/wavs/LJ015-0106.wav,3.9545625,4.387639
/mnt/md1/user_wago/data/LJSpeech-1.1/wavs/LJ009-0119.wav,6.9383125,4.4736447
/mnt/md1/user_wago/data/LJSpeech-1.1/wavs/LJ045-0139.wav,7.7161875,4.567971
/mnt/md1/user_wago/data/LJSpeech-1.1/wavs/LJ014-0339.wav,7.158875,4.6433754
/mnt/md1/user_wago/data/LJSpeech-1.1/wavs/LJ027-0057.wav,7.867125,4.2586174
/mnt/md1/user_wago/data/LJSpeech-1.1/wavs/LJ005-0199.wav,8.7610625,4.530944
/mnt/md1/user_wago/data/LJSpeech-1.1/wavs/LJ018-0237.wav,4.070625,4.6662307
/mnt/md1/user_wago/data/LJSpeech-1.1/wavs/LJ006-0197.wav,9.2370625,4.4867215
/mnt/md1/user_wago/data/LJSpeech-1.1/wavs/LJ013-0172.wav,4.1519375,4.576032
/mnt/md1/user_wago/data/LJSpeech-1.1/wavs/LJ018-0023.wav,8.447625,4.364782
/mnt/md1/user_wago/data/LJSpeech-1.1/wavs/LJ032-0178.wav,7.0544375,4.728428
/mnt/md1/user_wago/data/LJSpeech-1.1/wavs/LJ006-0102.wav,4.6163125,4.4891806
/mnt/md1/user_wago/data/LJSpeech-1.1/wavs/LJ033-0091.wav,1.7254375,4.7221394
/mnt/md1/user_wago/data/LJSpeech-1.1/wavs/LJ050-0265.wav,9.2719375,4.581851
/mnt/md1/user_wago/data/LJSpeech-1.1/wavs/LJ022-0043.wav,8.2850625,4.813155
/mnt/md1/user_wago/data/LJSpeech-1.1/wavs/LJ008-0236.wav,4.8136875,4.7784133
/mnt/md1/user_wago/data/LJSpeech-1.1/wavs/LJ003-0133.wav,8.795875,4.384489
/mnt/md1/user_wago/data/LJSpeech-1.1/wavs/LJ008-0162.wav,6.1720625,4.283872
/mnt/md1/user_wago/data/LJSpeech-1.1/wavs/LJ009-0020.wav,5.231625,4.30711
/mnt/md1/user_wago/data/LJSpeech-1.1/wavs/LJ032-0211.wav,5.916625,4.705817
/mnt/md1/user_wago/data/LJSpeech-1.1/wavs/LJ027-0059.wav,3.7688125,4.5935645
/mnt/md1/user_wago/data/LJSpeech-1.1/wavs/LJ015-0150.wav,7.100875,4.6452303
/mnt/md1/user_wago/data/LJSpeech-1.1/wavs/LJ038-0128.wav,4.1055,4.706141
/mnt/md1/user_wago/data/LJSpeech-1.1/wavs/LJ044-0179.wav,4.5001875,4.5415444
/mnt/md1/user_wago/data/LJSpeech-1.1/wavs/LJ026-0004.wav,5.9630625,4.6413765
/mnt/md1/user_wago/data/LJSpeech-1.1/wavs/LJ003-0136.wav,9.30675,4.53105
/mnt/md1/user_wago/data/LJSpeech-1.1/wavs/LJ023-0021.wav,5.4058125,4.6777387
/mnt/md1/user_wago/data/LJSpeech-1.1/wavs/LJ038-0231.wav,4.5234375,4.774659
/mnt/md1/user_wago/data/LJSpeech-1.1/wavs/LJ016-0013.wav,9.0165,4.644899
/mnt/md1/user_wago/data/LJSpeech-1.1/wavs/LJ028-0149.wav,9.0396875,4.4099355
/mnt/md1/user_wago/data/LJSpeech-1.1/wavs/LJ041-0137.wav,6.0675625,4.6614356
/mnt/md1/user_wago/data/LJSpeech-1.1/wavs/LJ040-0212.wav,7.182125,4.5544434
/mnt/md1/user_wago/data/LJSpeech-1.1/wavs/LJ014-0239.wav,8.633375,4.642604
/mnt/md1/user_wago/data/LJSpeech-1.1/wavs/LJ002-0030.wav,9.1441875,4.54341
/mnt/md1/user_wago/data/LJSpeech-1.1/wavs/LJ017-0221.wav,7.1705,4.608553
/mnt/md1/user_wago/data/LJSpeech-1.1/wavs/LJ010-0203.wav,6.1720625,4.686529
/mnt/md1/user_wago/data/LJSpeech-1.1/wavs/LJ039-0141.wav,6.77575,4.554245
/mnt/md1/user_wago/data/LJSpeech-1.1/wavs/LJ015-0212.wav,6.578375,4.751863
/mnt/md1/user_wago/data/LJSpeech-1.1/wavs/LJ006-0162.wav,5.8005,4.3655396
/mnt/md1/user_wago/data/LJSpeech-1.1/wavs/LJ049-0197.wav,6.40425,4.6993456
/mnt/md1/user_wago/data/LJSpeech-1.1/wavs/LJ036-0068.wav,4.3260625,4.652196
/mnt/md1/user_wago/data/LJSpeech-1.1/wavs/LJ013-0063.wav,8.8539375,4.693342
/mnt/md1/user_wago/data/LJSpeech-1.1/wavs/LJ028-0451.wav,6.311375,4.4555683
/mnt/md1/user_wago/data/LJSpeech-1.1/wavs/LJ009-0284.wav,5.3245,4.7496057
/mnt/md1/user_wago/data/LJSpeech-1.1/wavs/LJ020-0097.wav,5.812125,4.555295
/mnt/md1/user_wago/data/LJSpeech-1.1/wavs/LJ022-0120.wav,7.5304375,4.403771
/mnt/md1/user_wago/data/LJSpeech-1.1/wavs/LJ040-0170.wav,9.6434375,4.4387994
/mnt/md1/user_wago/data/LJSpeech-1.1/wavs/LJ009-0245.wav,6.6945,4.4589515
/mnt/md1/user_wago/data/LJSpeech-1.1/wavs/LJ050-0107.wav,3.3624375,4.474639
/mnt/md1/user_wago/data/LJSpeech-1.1/wavs/LJ022-0117.wav,6.415875,4.5886574
/mnt/md1/user_wago/data/LJSpeech-1.1/wavs/LJ041-0109.wav,9.806,4.563003
/mnt/md1/user_wago/data/LJSpeech-1.1/wavs/LJ010-0305.wav,6.09075,4.700008
/mnt/md1/user_wago/data/LJSpeech-1.1/wavs/LJ045-0121.wav,7.6929375,4.6899014
/mnt/md1/user_wago/data/LJSpeech-1.1/wavs/LJ030-0031.wav,8.9468125,4.6811304
/mnt/md1/user_wago/data/LJSpeech-1.1/wavs/LJ008-0136.wav,4.6163125,4.374233
/mnt/md1/user_wago/data/LJSpeech-1.1/wavs/LJ030-0012.wav,5.4638125,4.677206
/mnt/md1/user_wago/data/LJSpeech-1.1/wavs/LJ019-0281.wav,8.1109375,4.636096
/mnt/md1/user_wago/data/LJSpeech-1.1/wavs/LJ015-0176.wav,5.8934375,4.731942
/mnt/md1/user_wago/data/LJSpeech-1.1/wavs/LJ001-0071.wav,7.367875,4.391006
/mnt/md1/user_wago/data/LJSpeech-1.1/wavs/LJ040-0075.wav,9.4693125,4.4092417
/mnt/md1/user_wago/data/LJSpeech-1.1/wavs/LJ012-0166.wav,5.812125,4.8197117
/mnt/md1/user_wago/data/LJSpeech-1.1/wavs/LJ038-0187.wav,3.4669375,4.817915
/mnt/md1/user_wago/data/LJSpeech-1.1/wavs/LJ035-0185.wav,6.7409375,4.499987
/mnt/md1/user_wago/data/LJSpeech-1.1/wavs/LJ019-0185.wav,6.98475,4.628006
/mnt/md1/user_wago/data/LJSpeech-1.1/wavs/LJ039-0075.wav,5.1155625,4.6126485
/mnt/md1/user_wago/data/LJSpeech-1.1/wavs/LJ037-0197.wav,5.4870625,4.7241216
/mnt/md1/user_wago/data/LJSpeech-1.1/wavs/LJ039-0226.wav,9.8175625,4.485269
/mnt/md1/user_wago/data/LJSpeech-1.1/wavs/LJ032-0007.wav,7.3330625,4.769494
/mnt/md1/user_wago/data/LJSpeech-1.1/wavs/LJ039-0089.wav,8.052875,4.481073
/mnt/md1/user_wago/data/LJSpeech-1.1/wavs/LJ041-0031.wav,9.585375,4.5594273
/mnt/md1/user_wago/data/LJSpeech-1.1/wavs/LJ035-0037.wav,7.275,4.629198
/mnt/md1/user_wago/data/LJSpeech-1.1/wavs/LJ011-0094.wav,9.1790625,4.533325
/mnt/md1/user_wago/data/LJSpeech-1.1/wavs/LJ007-0166.wav,6.4506875,4.682305
/mnt/md1/user_wago/data/LJSpeech-1.1/wavs/LJ007-0226.wav,8.9816875,4.416902
/mnt/md1/user_wago/data/LJSpeech-1.1/wavs/LJ016-0277.wav,7.5304375,4.7357864
/mnt/md1/user_wago/data/LJSpeech-1.1/wavs/LJ031-0177.wav,2.422,4.8041563
/mnt/md1/user_wago/data/LJSpeech-1.1/wavs/LJ002-0072.wav,8.62175,4.4449596
/mnt/md1/user_wago/data/LJSpeech-1.1/wavs/LJ047-0076.wav,9.9685,4.6166897
/mnt/md1/user_wago/data/LJSpeech-1.1/wavs/LJ042-0061.wav,8.7494375,4.6047063
/mnt/md1/user_wago/data/LJSpeech-1.1/wavs/LJ012-0107.wav,8.9584375,4.654264
/mnt/md1/user_wago/data/LJSpeech-1.1/wavs/LJ001-0086.wav,6.77575,4.3554916
/mnt/md1/user_wago/data/LJSpeech-1.1/wavs/LJ040-0011.wav,8.1805625,4.3517795
/mnt/md1/user_wago/data/LJSpeech-1.1/wavs/LJ020-0022.wav,9.5389375,4.2225885
/mnt/md1/user_wago/data/LJSpeech-1.1/wavs/LJ023-0141.wav,6.9383125,4.5391607
/mnt/md1/user_wago/data/LJSpeech-1.1/wavs/LJ037-0206.wav,4.3260625,4.693349
/mnt/md1/user_wago/data/LJSpeech-1.1/wavs/LJ037-0071.wav,6.6480625,4.7187324
/mnt/md1/user_wago/data/LJSpeech-1.1/wavs/LJ006-0069.wav,4.4189375,4.559464
/mnt/md1/user_wago/data/LJSpeech-1.1/wavs/LJ034-0097.wav,3.037375,4.739637
/mnt/md1/user_wago/data/LJSpeech-1.1/wavs/LJ032-0141.wav,8.610125,4.7341895
/mnt/md1/user_wago/data/LJSpeech-1.1/wavs/LJ035-0042.wav,10.0265625,4.4750977
/mnt/md1/user_wago/data/LJSpeech-1.1/wavs/LJ026-0152.wav,5.730875,4.2775393
/mnt/md1/user_wago/data/LJSpeech-1.1/wavs/LJ014-0258.wav,9.99175,4.6163497
/mnt/md1/user_wago/data/LJSpeech-1.1/wavs/LJ045-0138.wav,6.6248125,4.361932
/mnt/md1/user_wago/data/LJSpeech-1.1/wavs/LJ008-0244.wav,5.6031875,4.4352517
/mnt/md1/user_wago/data/LJSpeech-1.1/wavs/LJ004-0199.wav,5.162,4.5200667
/mnt/md1/user_wago/data/LJSpeech-1.1/wavs/LJ004-0083.wav,7.3446875,4.616414
/mnt/md1/user_wago/data/LJSpeech-1.1/wavs/LJ037-0236.wav,4.5930625,4.7055573
/mnt/md1/user_wago/data/LJSpeech-1.1/wavs/LJ032-0073.wav,7.7858125,4.6310577
/mnt/md1/user_wago/data/LJSpeech-1.1/wavs/LJ041-0078.wav,8.6798125,4.625032
/mnt/md1/user_wago/data/LJSpeech-1.1/wavs/LJ016-0250.wav,6.4739375,4.6259613
/mnt/md1/user_wago/data/LJSpeech-1.1/wavs/LJ019-0151.wav,7.83225,4.55991
/mnt/md1/user_wago/data/LJSpeech-1.1/wavs/LJ039-0229.wav,2.34075,4.433864
/mnt/md1/user_wago/data/LJSpeech-1.1/wavs/LJ031-0163.wav,7.8555,4.689087
/mnt/md1/user_wago/data/LJSpeech-1.1/wavs/LJ021-0103.wav,6.288125,4.5742474
/mnt/md1/user_wago/data/LJSpeech-1.1/wavs/LJ003-0155.wav,7.762625,4.604134
/mnt/md1/user_wago/data/LJSpeech-1.1/wavs/LJ048-0242.wav,6.5435625,4.4987
/mnt/md1/user_wago/data/LJSpeech-1.1/wavs/LJ037-0018.wav,6.2185,4.495514
/mnt/md1/user_wago/data/LJSpeech-1.1/wavs/LJ011-0281.wav,7.93675,4.517226
/mnt/md1/user_wago/data/LJSpeech-1.1/wavs/LJ018-0314.wav,6.114,4.545536
/mnt/md1/user_wago/data/LJSpeech-1.1/wavs/LJ008-0100.wav,4.3260625,4.475195
/mnt/md1/user_wago/data/LJSpeech-1.1/wavs/LJ040-0127.wav,8.2850625,4.0879827
/mnt/md1/user_wago/data/LJSpeech-1.1/wavs/LJ002-0131.wav,2.828375,4.787237
/mnt/md1/user_wago/data/LJSpeech-1.1/wavs/LJ018-0073.wav,4.0125625,4.6599364
/mnt/md1/user_wago/data/LJSpeech-1.1/wavs/LJ004-0114.wav,3.141875,4.4207344
/mnt/md1/user_wago/data/LJSpeech-1.1/wavs/LJ041-0147.wav,1.55125,4.7948227
/mnt/md1/user_wago/data/LJSpeech-1.1/wavs/LJ036-0193.wav,1.55125,4.648503
/mnt/md1/user_wago/data/LJSpeech-1.1/wavs/LJ016-0388.wav,3.0721875,4.299711
/mnt/md1/user_wago/data/LJSpeech-1.1/wavs/LJ022-0032.wav,7.867125,4.6093874
/mnt/md1/user_wago/data/LJSpeech-1.1/wavs/LJ033-0061.wav,8.714625,4.473999
/mnt/md1/user_wago/data/LJSpeech-1.1/wavs/LJ021-0143.wav,8.1109375,4.5044675
/mnt/md1/user_wago/data/LJSpeech-1.1/wavs/LJ034-0086.wav,4.001,4.821892
/mnt/md1/user_wago/data/LJSpeech-1.1/wavs/LJ046-0077.wav,8.3895625,4.708084
/mnt/md1/user_wago/data/LJSpeech-1.1/wavs/LJ017-0058.wav,4.8485,4.7804155
/mnt/md1/user_wago/data/LJSpeech-1.1/wavs/LJ037-0026.wav,5.5915625,4.657454
/mnt/md1/user_wago/data/LJSpeech-1.1/wavs/LJ017-0192.wav,3.699125,4.7277493
/mnt/md1/user_wago/data/LJSpeech-1.1/wavs/LJ032-0203.wav,10.0149375,4.632237
/mnt/md1/user_wago/data/LJSpeech-1.1/wavs/LJ005-0061.wav,8.83075,4.624621
/mnt/md1/user_wago/data/LJSpeech-1.1/wavs/LJ038-0227.wav,7.6929375,4.528902
/mnt/md1/user_wago/data/LJSpeech-1.1/wavs/LJ026-0059.wav,9.7130625,4.647376
/mnt/md1/user_wago/data/LJSpeech-1.1/wavs/LJ013-0120.wav,2.723875,4.729893
/mnt/md1/user_wago/data/LJSpeech-1.1/wavs/LJ017-0111.wav,7.077625,4.766455
/mnt/md1/user_wago/data/LJSpeech-1.1/wavs/LJ038-0017.wav,6.288125,4.743048
/mnt/md1/user_wago/data/LJSpeech-1.1/wavs/LJ038-0040.wav,9.4228125,4.575593
/mnt/md1/user_wago/data/LJSpeech-1.1/wavs/LJ008-0172.wav,4.279625,4.6071873
/mnt/md1/user_wago/data/LJSpeech-1.1/wavs/LJ041-0158.wav,8.2038125,4.587393
/mnt/md1/user_wago/data/LJSpeech-1.1/wavs/LJ050-0057.wav,7.8555,4.7253065
/mnt/md1/user_wago/data/LJSpeech-1.1/wavs/LJ009-0211.wav,7.0195625,4.5694766
/mnt/md1/user_wago/data/LJSpeech-1.1/wavs/LJ031-0125.wav,2.4104375,4.6756344
/mnt/md1/user_wago/data/LJSpeech-1.1/wavs/LJ015-0217.wav,4.6163125,4.563113
/mnt/md1/user_wago/data/LJSpeech-1.1/wavs/LJ023-0028.wav,3.6643125,4.6022587
/mnt/md1/user_wago/data/LJSpeech-1.1/wavs/LJ042-0026.wav,9.8175625,4.598098
/mnt/md1/user_wago/data/LJSpeech-1.1/wavs/LJ036-0026.wav,7.5071875,4.70328
/mnt/md1/user_wago/data/LJSpeech-1.1/wavs/LJ035-0002.wav,7.391125,4.4335318
/mnt/md1/user_wago/data/LJSpeech-1.1/wavs/LJ049-0121.wav,8.51725,4.571391
/mnt/md1/user_wago/data/LJSpeech-1.1/wavs/LJ008-0312.wav,4.7904375,4.41463
/mnt/md1/user_wago/data/LJSpeech-1.1/wavs/LJ022-0084.wav,4.7904375,4.568928
/mnt/md1/user_wago/data/LJSpeech-1.1/wavs/LJ046-0147.wav,9.8408125,4.556117
/mnt/md1/user_wago/data/LJSpeech-1.1/wavs/LJ016-0037.wav,7.7858125,4.390642
/mnt/md1/user_wago/data/LJSpeech-1.1/wavs/LJ020-0072.wav,2.0969375,4.43882
/mnt/md1/user_wago/data/LJSpeech-1.1/wavs/LJ013-0205.wav,6.891875,4.6961966
/mnt/md1/user_wago/data/LJSpeech-1.1/wavs/LJ010-0247.wav,9.6318125,4.7841806
/mnt/md1/user_wago/data/LJSpeech-1.1/wavs/LJ036-0079.wav,5.626375,4.725753
/mnt/md1/user_wago/data/LJSpeech-1.1/wavs/LJ006-0087.wav,7.35625,4.529404
/mnt/md1/user_wago/data/LJSpeech-1.1/wavs/LJ036-0146.wav,7.0428125,4.783253
/mnt/md1/user_wago/data/LJSpeech-1.1/wavs/LJ047-0141.wav,2.7006875,4.6969852
/mnt/md1/user_wago/data/LJSpeech-1.1/wavs/LJ049-0216.wav,6.4275,4.6133785
/mnt/md1/user_wago/data/LJSpeech-1.1/wavs/LJ043-0184.wav,9.376375,4.64141
/mnt/md1/user_wago/data/LJSpeech-1.1/wavs/LJ007-0076.wav,9.864,4.5515604
/mnt/md1/user_wago/data/LJSpeech-1.1/wavs/LJ026-0138.wav,8.819125,4.457308
/mnt/md1/user_wago/data/LJSpeech-1.1/wavs/LJ022-0004.wav,10.084625,4.8079815
/mnt/md1/user_wago/data/LJSpeech-1.1/wavs/LJ023-0114.wav,6.311375,4.460179
/mnt/md1/user_wago/data/LJSpeech-1.1/wavs/LJ050-0082.wav,8.4011875,4.6208677
/mnt/md1/user_wago/data/LJSpeech-1.1/wavs/LJ032-0119.wav,6.0559375,4.680457
/mnt/md1/user_wago/data/LJSpeech-1.1/wavs/LJ018-0206.wav,4.9181875,4.1439443
/mnt/md1/user_wago/data/LJSpeech-1.1/wavs/LJ017-0154.wav,9.57375,4.5195055
/mnt/md1/user_wago/data/LJSpeech-1.1/wavs/LJ013-0095.wav,3.9313125,4.725884
/mnt/md1/user_wago/data/LJSpeech-1.1/wavs/LJ030-0111.wav,1.7254375,4.522339
/mnt/md1/user_wago/data/LJSpeech-1.1/wavs/LJ018-0095.wav,7.867125,4.6365166
/mnt/md1/user_wago/data/LJSpeech-1.1/wavs/LJ048-0238.wav,3.0838125,4.756256
/mnt/md1/user_wago/data/LJSpeech-1.1/wavs/LJ031-0173.wav,4.477,4.6847596
/mnt/md1/user_wago/data/LJSpeech-1.1/wavs/LJ033-0151.wav,7.066,4.5103297
/mnt/md1/user_wago/data/LJSpeech-1.1/wavs/LJ021-0184.wav,7.263375,4.2257433
/mnt/md1/user_wago/data/LJSpeech-1.1/wavs/LJ046-0073.wav,6.5668125,4.6488705
/mnt/md1/user_wago/data/LJSpeech-1.1/wavs/LJ044-0213.wav,3.81525,4.598576
/mnt/md1/user_wago/data/LJSpeech-1.1/wavs/LJ005-0293.wav,8.923625,4.5501966
/mnt/md1/user_wago/data/LJSpeech-1.1/wavs/LJ043-0148.wav,5.417375,4.633002
/mnt/md1/user_wago/data/LJSpeech-1.1/wavs/LJ029-0116.wav,4.2215625,4.711545
/mnt/md1/user_wago/data/LJSpeech-1.1/wavs/LJ011-0274.wav,8.4011875,4.461309
/mnt/md1/user_wago/data/LJSpeech-1.1/wavs/LJ025-0148.wav,6.1720625,4.6550584
/mnt/md1/user_wago/data/LJSpeech-1.1/wavs/LJ012-0116.wav,10.084625,4.6306934
/mnt/md1/user_wago/data/LJSpeech-1.1/wavs/LJ025-0056.wav,6.3345625,4.755585
/mnt/md1/user_wago/data/LJSpeech-1.1/wavs/LJ042-0189.wav,2.23625,4.53766
/mnt/md1/user_wago/data/LJSpeech-1.1/wavs/LJ005-0260.wav,4.55825,4.413513
/mnt/md1/user_wago/data/LJSpeech-1.1/wavs/LJ047-0186.wav,6.9266875,4.5607333
/mnt/md1/user_wago/data/LJSpeech-1.1/wavs/LJ001-0146.wav,4.778875,4.703102
/mnt/md1/user_wago/data/LJSpeech-1.1/wavs/LJ007-0093.wav,9.004875,4.230098
/mnt/md1/user_wago/data/LJSpeech-1.1/wavs/LJ026-0114.wav,9.4576875,4.706205
/mnt/md1/user_wago/data/LJSpeech-1.1/wavs/LJ016-0162.wav,6.2649375,4.5559316
/mnt/md1/user_wago/data/LJSpeech-1.1/wavs/LJ047-0155.wav,6.311375,4.657012
/mnt/md1/user_wago/data/LJSpeech-1.1/wavs/LJ023-0018.wav,10.084625,4.561864
/mnt/md1/user_wago/data/LJSpeech-1.1/wavs/LJ023-0107.wav,7.8903125,4.5029516
/mnt/md1/user_wago/data/LJSpeech-1.1/wavs/LJ022-0146.wav,3.9545625,4.717015
/mnt/md1/user_wago/data/LJSpeech-1.1/wavs/LJ050-0160.wav,9.99175,4.585339
/mnt/md1/user_wago/data/LJSpeech-1.1/wavs/LJ037-0218.wav,7.8786875,4.62469
/mnt/md1/user_wago/data/LJSpeech-1.1/wavs/LJ002-0061.wav,5.7425,4.606539
/mnt/md1/user_wago/data/LJSpeech-1.1/wavs/LJ044-0078.wav,4.6975625,4.654191
/mnt/md1/user_wago/data/LJSpeech-1.1/wavs/LJ019-0126.wav,3.4205,4.5933785
/mnt/md1/user_wago/data/LJSpeech-1.1/wavs/LJ027-0173.wav,9.689875,4.360866
/mnt/md1/user_wago/data/LJSpeech-1.1/wavs/LJ030-0076.wav,8.6565625,4.6560106
/mnt/md1/user_wago/data/LJSpeech-1.1/wavs/LJ042-0132.wav,7.0428125,4.5900154
/mnt/md1/user_wago/data/LJSpeech-1.1/wavs/LJ049-0222.wav,7.182125,4.724797
/mnt/md1/user_wago/data/LJSpeech-1.1/wavs/LJ049-0182.wav,7.843875,4.5427246
/mnt/md1/user_wago/data/LJSpeech-1.1/wavs/LJ013-0006.wav,7.658125,4.4787216
/mnt/md1/user_wago/data/LJSpeech-1.1/wavs/LJ009-0218.wav,7.100875,4.7138586
/mnt/md1/user_wago/data/LJSpeech-1.1/wavs/LJ008-0111.wav,4.465375,4.6501536
/mnt/md1/user_wago/data/LJSpeech-1.1/wavs/LJ019-0178.wav,7.7974375,4.685812
/mnt/md1/user_wago/data/LJSpeech-1.1/wavs/LJ006-0288.wav,5.127125,4.641958
/mnt/md1/user_wago/data/LJSpeech-1.1/wavs/LJ001-0012.wav,8.238625,4.4510508
/mnt/md1/user_wago/data/LJSpeech-1.1/wavs/LJ017-0236.wav,3.432125,4.557374
/mnt/md1/user_wago/data/LJSpeech-1.1/wavs/LJ004-0208.wav,4.6395625,4.331175
/mnt/md1/user_wago/data/LJSpeech-1.1/wavs/LJ016-0293.wav,5.3013125,4.679697
/mnt/md1/user_wago/data/LJSpeech-1.1/wavs/LJ042-0038.wav,9.2255,4.7144814
/mnt/md1/user_wago/data/LJSpeech-1.1/wavs/LJ018-0348.wav,9.7015,4.672369
/mnt/md1/user_wago/data/LJSpeech-1.1/wavs/LJ014-0095.wav,3.385625,4.805095
/mnt/md1/user_wago/data/LJSpeech-1.1/wavs/LJ022-0197.wav,7.3446875,4.72527
/mnt/md1/user_wago/data/LJSpeech-1.1/wavs/LJ004-0229.wav,4.3725,4.7069707
/mnt/md1/user_wago/data/LJSpeech-1.1/wavs/LJ001-0184.wav,8.2038125,4.609094
/mnt/md1/user_wago/data/LJSpeech-1.1/wavs/LJ016-0236.wav,5.150375,4.719675
/mnt/md1/user_wago/data/LJSpeech-1.1/wavs/LJ036-0072.wav,6.4275,4.726163
/mnt/md1/user_wago/data/LJSpeech-1.1/wavs/LJ006-0294.wav,9.666625,4.5114665
/mnt/md1/user_wago/data/LJSpeech-1.1/wavs/LJ040-0036.wav,8.0993125,4.3318205
/mnt/md1/user_wago/data/LJSpeech-1.1/wavs/LJ011-0034.wav,8.25025,4.3067327
/mnt/md1/user_wago/data/LJSpeech-1.1/wavs/LJ027-0169.wav,8.737875,4.3154554
/mnt/md1/user_wago/data/LJSpeech-1.1/wavs/LJ013-0021.wav,8.99325,4.4983025
/mnt/md1/user_wago/data/LJSpeech-1.1/wavs/LJ046-0009.wav,9.57375,4.549353
/mnt/md1/user_wago/data/LJSpeech-1.1/wavs/LJ017-0102.wav,4.651125,4.7151833
/mnt/md1/user_wago/data/LJSpeech-1.1/wavs/LJ034-0049.wav,8.238625,4.762712
/mnt/md1/user_wago/data/LJSpeech-1.1/wavs/LJ041-0190.wav,4.569875,4.2538166
/mnt/md1/user_wago/data/LJSpeech-1.1/wavs/LJ001-0183.wav,8.5985625,4.43548
/mnt/md1/user_wago/data/LJSpeech-1.1/wavs/LJ019-0231.wav,6.0559375,4.506787
/mnt/md1/user_wago/data/LJSpeech-1.1/wavs/LJ032-0248.wav,2.2246875,4.730403
/mnt/md1/user_wago/data/LJSpeech-1.1/wavs/LJ050-0204.wav,2.747125,4.5597916
/mnt/md1/user_wago/data/LJSpeech-1.1/wavs/LJ017-0179.wav,3.107,4.6960335
/mnt/md1/user_wago/data/LJSpeech-1.1/wavs/LJ011-0261.wav,6.1836875,4.699388
/mnt/md1/user_wago/data/LJSpeech-1.1/wavs/LJ010-0171.wav,3.9196875,4.403921
/mnt/md1/user_wago/data/LJSpeech-1.1/wavs/LJ001-0041.wav,4.953,4.3761363
/mnt/md1/user_wago/data/LJSpeech-1.1/wavs/LJ044-0099.wav,3.966125,4.5077395
/mnt/md1/user_wago/data/LJSpeech-1.1/wavs/LJ044-0028.wav,9.504125,4.446741
/mnt/md1/user_wago/data/LJSpeech-1.1/wavs/LJ023-0029.wav,7.484,4.6567607
/mnt/md1/user_wago/data/LJSpeech-1.1/wavs/LJ008-0196.wav,8.0645,4.558716
/mnt/md1/user_wago/data/LJSpeech-1.1/wavs/LJ047-0004.wav,7.4143125,4.763471
/mnt/md1/user_wago/data/LJSpeech-1.1/wavs/LJ024-0079.wav,9.388,4.297167
/mnt/md1/user_wago/data/LJSpeech-1.1/wavs/LJ045-0188.wav,5.3941875,4.4592123
/mnt/md1/user_wago/data/LJSpeech-1.1/wavs/LJ011-0174.wav,6.0675625,4.6046753
/mnt/md1/user_wago/data/LJSpeech-1.1/wavs/LJ002-0305.wav,9.3531875,4.516519
/mnt/md1/user_wago/data/LJSpeech-1.1/wavs/LJ030-0250.wav,6.381,4.7452126
/mnt/md1/user_wago/data/LJSpeech-1.1/wavs/LJ011-0133.wav,6.7525625,4.6960983
/mnt/md1/user_wago/data/LJSpeech-1.1/wavs/LJ010-0091.wav,5.4058125,4.729395
/mnt/md1/user_wago/data/LJSpeech-1.1/wavs/LJ044-0094.wav,6.9266875,4.38017
/mnt/md1/user_wago/data/LJSpeech-1.1/wavs/LJ015-0234.wav,4.3260625,4.3052936
/mnt/md1/user_wago/data/LJSpeech-1.1/wavs/LJ027-0109.wav,5.626375,4.4077673
/mnt/md1/user_wago/data/LJSpeech-1.1/wavs/LJ044-0138.wav,5.0806875,4.4092526
/mnt/md1/user_wago/data/LJSpeech-1.1/wavs/LJ003-0109.wav,5.92825,4.5215087
/mnt/md1/user_wago/data/LJSpeech-1.1/wavs/LJ047-0124.wav,8.9584375,4.709774
/mnt/md1/user_wago/data/LJSpeech-1.1/wavs/LJ035-0116.wav,3.1766875,4.5776734
/mnt/md1/user_wago/data/LJSpeech-1.1/wavs/LJ006-0173.wav,6.6248125,4.643554
/mnt/md1/user_wago/data/LJSpeech-1.1/wavs/LJ041-0188.wav,3.1883125,4.5447445
/mnt/md1/user_wago/data/LJSpeech-1.1/wavs/LJ011-0132.wav,3.432125,4.625398
/mnt/md1/user_wago/data/LJSpeech-1.1/wavs/LJ011-0102.wav,5.521875,4.5072107
/mnt/md1/user_wago/data/LJSpeech-1.1/wavs/LJ008-0266.wav,6.7293125,4.522317
/mnt/md1/user_wago/data/LJSpeech-1.1/wavs/LJ010-0286.wav,4.569875,4.493602
/mnt/md1/user_wago/data/LJSpeech-1.1/wavs/LJ002-0247.wav,5.0806875,4.476765
/mnt/md1/user_wago/data/LJSpeech-1.1/wavs/LJ029-0085.wav,8.41275,4.624566
/mnt/md1/user_wago/data/LJSpeech-1.1/wavs/LJ007-0112.wav,6.1604375,4.802248
/mnt/md1/user_wago/data/LJSpeech-1.1/wavs/LJ010-0310.wav,8.7494375,4.7009926
/mnt/md1/user_wago/data/LJSpeech-1.1/wavs/LJ025-0160.wav,3.0025,4.6960673
/mnt/md1/user_wago/data/LJSpeech-1.1/wavs/LJ034-0094.wav,9.2603125,4.4052844
/mnt/md1/user_wago/data/LJSpeech-1.1/wavs/LJ022-0153.wav,6.88025,4.7148724
/mnt/md1/user_wago/data/LJSpeech-1.1/wavs/LJ046-0151.wav,4.360875,4.730363
/mnt/md1/user_wago/data/LJSpeech-1.1/wavs/LJ006-0038.wav,7.9948125,4.608514
/mnt/md1/user_wago/data/LJSpeech-1.1/wavs/LJ008-0249.wav,8.0993125,4.38376
/mnt/md1/user_wago/data/LJSpeech-1.1/wavs/LJ029-0082.wav,8.6681875,4.762787
/mnt/md1/user_wago/data/LJSpeech-1.1/wavs/LJ014-0175.wav,9.5389375,4.6055846
/mnt/md1/user_wago/data/LJSpeech-1.1/wavs/LJ017-0045.wav,3.6526875,4.716198
/mnt/md1/user_wago/data/LJSpeech-1.1/wavs/LJ036-0038.wav,5.3013125,4.653899
/mnt/md1/user_wago/data/LJSpeech-1.1/wavs/LJ012-0245.wav,4.7208125,4.761862
/mnt/md1/user_wago/data/LJSpeech-1.1/wavs/LJ009-0015.wav,3.4669375,4.3969555
/mnt/md1/user_wago/data/LJSpeech-1.1/wavs/LJ042-0060.wav,8.5405,4.5953546
/mnt/md1/user_wago/data/LJSpeech-1.1/wavs/LJ007-0057.wav,5.6844375,4.5983505
/mnt/md1/user_wago/data/LJSpeech-1.1/wavs/LJ038-0213.wav,2.7586875,4.699421
/mnt/md1/user_wago/data/LJSpeech-1.1/wavs/LJ011-0216.wav,8.238625,4.3478765
/mnt/md1/user_wago/data/LJSpeech-1.1/wavs/LJ019-0259.wav,8.8771875,4.642542
/mnt/md1/user_wago/data/LJSpeech-1.1/wavs/LJ028-0102.wav,7.77425,4.6775312
/mnt/md1/user_wago/data/LJSpeech-1.1/wavs/LJ039-0113.wav,3.0489375,4.5022745
/mnt/md1/user_wago/data/LJSpeech-1.1/wavs/LJ039-0108.wav,8.819125,4.415739
/mnt/md1/user_wago/data/LJSpeech-1.1/wavs/LJ044-0127.wav,10.09625,4.5564933
/mnt/md1/user_wago/data/LJSpeech-1.1/wavs/LJ041-0075.wav,9.0396875,4.5867167
/mnt/md1/user_wago/data/LJSpeech-1.1/wavs/LJ047-0016.wav,9.086125,4.5421453
/mnt/md1/user_wago/data/LJSpeech-1.1/wavs/LJ037-0047.wav,5.1851875,4.732914
/mnt/md1/user_wago/data/LJSpeech-1.1/wavs/LJ038-0297.wav,2.747125,4.576248
/mnt/md1/user_wago/data/LJSpeech-1.1/wavs/LJ046-0181.wav,8.447625,4.5892544
/mnt/md1/user_wago/data/LJSpeech-1.1/wavs/LJ001-0014.wav,9.9453125,4.4116716
/mnt/md1/user_wago/data/LJSpeech-1.1/wavs/LJ035-0075.wav,9.0513125,4.323573
/mnt/md1/user_wago/data/LJSpeech-1.1/wavs/LJ012-0176.wav,5.7540625,4.5864706
/mnt/md1/user_wago/data/LJSpeech-1.1/wavs/LJ001-0009.wav,7.553625,4.411271
/mnt/md1/user_wago/data/LJSpeech-1.1/wavs/LJ033-0008.wav,5.638,4.6410856
/mnt/md1/user_wago/data/LJSpeech-1.1/wavs/LJ036-0136.wav,2.71225,3.5038028
/mnt/md1/user_wago/data/LJSpeech-1.1/wavs/LJ010-0224.wav,7.08925,4.6909738
/mnt/md1/user_wago/data/LJSpeech-1.1/wavs/LJ017-0079.wav,9.57375,4.7619514
/mnt/md1/user_wago/data/LJSpeech-1.1/wavs/LJ018-0018.wav,3.9313125,4.4229784
/mnt/md1/user_wago/data/LJSpeech-1.1/wavs/LJ006-0286.wav,6.497125,4.610748
/mnt/md1/user_wago/data/LJSpeech-1.1/wavs/LJ041-0125.wav,9.399625,4.5316877
/mnt/md1/user_wago/data/LJSpeech-1.1/wavs/LJ028-0419.wav,7.751,4.5188074
/mnt/md1/user_wago/data/LJSpeech-1.1/wavs/LJ010-0103.wav,8.0064375,4.5610976
/mnt/md1/user_wago/data/LJSpeech-1.1/wavs/LJ037-0042.wav,8.0760625,4.794531
/mnt/md1/user_wago/data/LJSpeech-1.1/wavs/LJ036-0171.wav,4.3028125,4.4729075
/mnt/md1/user_wago/data/LJSpeech-1.1/wavs/LJ009-0108.wav,4.4189375,4.5551343
/mnt/md1/user_wago/data/LJSpeech-1.1/wavs/LJ002-0008.wav,7.925125,4.627245
/mnt/md1/user_wago/data/LJSpeech-1.1/wavs/LJ011-0080.wav,9.5505625,4.5157127
/mnt/md1/user_wago/data/LJSpeech-1.1/wavs/LJ050-0035.wav,4.9181875,4.607867
/mnt/md1/user_wago/data/LJSpeech-1.1/wavs/LJ048-0055.wav,7.8786875,4.587242
/mnt/md1/user_wago/data/LJSpeech-1.1/wavs/LJ046-0088.wav,6.891875,4.591654
/mnt/md1/user_wago/data/LJSpeech-1.1/wavs/LJ012-0149.wav,6.206875,4.7267
/mnt/md1/user_wago/data/LJSpeech-1.1/wavs/LJ034-0192.wav,8.610125,4.509876
/mnt/md1/user_wago/data/LJSpeech-1.1/wavs/LJ048-0078.wav,6.7293125,4.5053463
/mnt/md1/user_wago/data/LJSpeech-1.1/wavs/LJ014-0193.wav,5.997875,4.5464416
/mnt/md1/user_wago/data/LJSpeech-1.1/wavs/LJ013-0024.wav,4.7091875,4.604074
/mnt/md1/user_wago/data/LJSpeech-1.1/wavs/LJ028-0131.wav,6.3345625,4.6625113
/mnt/md1/user_wago/data/LJSpeech-1.1/wavs/LJ048-0236.wav,7.391125,4.5720654
/mnt/md1/user_wago/data/LJSpeech-1.1/wavs/LJ050-0091.wav,7.077625,4.7328873
/mnt/md1/user_wago/data/LJSpeech-1.1/wavs/LJ018-0282.wav,3.6410625,4.6929107
/mnt/md1/user_wago/data/LJSpeech-1.1/wavs/LJ001-0042.wav,6.67125,4.583968
/mnt/md1/user_wago/data/LJSpeech-1.1/wavs/LJ013-0005.wav,6.8338125,4.671117
/mnt/md1/user_wago/data/LJSpeech-1.1/wavs/LJ028-0062.wav,1.6209375,4.782057
/mnt/md1/user_wago/data/LJSpeech-1.1/wavs/LJ025-0036.wav,7.367875,4.6322813
/mnt/md1/user_wago/data/LJSpeech-1.1/wavs/LJ011-0092.wav,9.794375,4.6120305
/mnt/md1/user_wago/data/LJSpeech-1.1/wavs/LJ012-0026.wav,4.256375,4.649503
/mnt/md1/user_wago/data/LJSpeech-1.1/wavs/LJ015-0067.wav,7.751,4.588393
/mnt/md1/user_wago/data/LJSpeech-1.1/wavs/LJ050-0158.wav,7.8903125,4.5729713
/mnt/md1/user_wago/data/LJSpeech-1.1/wavs/LJ026-0028.wav,8.2038125,4.389904
/mnt/md1/user_wago/data/LJSpeech-1.1/wavs/LJ041-0161.wav,7.6465,4.5607758
/mnt/md1/user_wago/data/LJSpeech-1.1/wavs/LJ036-0185.wav,4.45375,4.713708
/mnt/md1/user_wago/data/LJSpeech-1.1/wavs/LJ006-0120.wav,6.497125,4.4781513
/mnt/md1/user_wago/data/LJSpeech-1.1/wavs/LJ047-0018.wav,8.819125,4.5431795
/mnt/md1/user_wago/data/LJSpeech-1.1/wavs/LJ009-0220.wav,8.62175,4.607386
/mnt/md1/user_wago/data/LJSpeech-1.1/wavs/LJ042-0133.wav,6.415875,4.73612
/mnt/md1/user_wago/data/LJSpeech-1.1/wavs/LJ033-0108.wav,6.206875,4.753293
/mnt/md1/user_wago/data/LJSpeech-1.1/wavs/LJ006-0137.wav,9.4925,4.456068
/mnt/md1/user_wago/data/LJSpeech-1.1/wavs/LJ010-0096.wav,6.8221875,4.7435555
/mnt/md1/user_wago/data/LJSpeech-1.1/wavs/LJ018-0123.wav,8.6681875,4.454115
/mnt/md1/user_wago/data/LJSpeech-1.1/wavs/LJ004-0110.wav,8.4708125,4.457361
/mnt/md1/user_wago/data/LJSpeech-1.1/wavs/LJ018-0329.wav,6.6248125,4.724599
/mnt/md1/user_wago/data/LJSpeech-1.1/wavs/LJ017-0126.wav,2.5265,4.737766
/mnt/md1/user_wago/data/LJSpeech-1.1/wavs/LJ015-0164.wav,5.6960625,4.3531256
/mnt/md1/user_wago/data/LJSpeech-1.1/wavs/LJ018-0286.wav,7.5304375,4.7812533
/mnt/md1/user_wago/data/LJSpeech-1.1/wavs/LJ047-0170.wav,9.028125,4.469867
/mnt/md1/user_wago/data/LJSpeech-1.1/wavs/LJ006-0165.wav,8.4591875,4.6459293
/mnt/md1/user_wago/data/LJSpeech-1.1/wavs/LJ015-0279.wav,3.3624375,4.762436
/mnt/md1/user_wago/data/LJSpeech-1.1/wavs/LJ021-0208.wav,2.4916875,4.430939
/mnt/md1/user_wago/data/LJSpeech-1.1/wavs/LJ013-0182.wav,5.939875,4.3528113
/mnt/md1/user_wago/data/LJSpeech-1.1/wavs/LJ036-0045.wav,5.3825625,4.6916323
/mnt/md1/user_wago/data/LJSpeech-1.1/wavs/LJ026-0106.wav,3.966125,4.4363236
/mnt/md1/user_wago/data/LJSpeech-1.1/wavs/LJ023-0082.wav,9.4460625,4.4044304
/mnt/md1/user_wago/data/LJSpeech-1.1/wavs/LJ030-0082.wav,9.9336875,4.696082
/mnt/md1/user_wago/data/LJSpeech-1.1/wavs/LJ003-0169.wav,9.376375,4.607971
/mnt/md1/user_wago/data/LJSpeech-1.1/wavs/LJ028-0415.wav,6.2765625,4.464704
/mnt/md1/user_wago/data/LJSpeech-1.1/wavs/LJ009-0213.wav,6.6480625,4.4823346
/mnt/md1/user_wago/data/LJSpeech-1.1/wavs/LJ048-0170.wav,5.5683125,4.805667
/mnt/md1/user_wago/data/LJSpeech-1.1/wavs/LJ025-0072.wav,4.8136875,4.4924254
/mnt/md1/user_wago/data/LJSpeech-1.1/wavs/LJ043-0006.wav,8.343125,4.477955
/mnt/md1/user_wago/data/LJSpeech-1.1/wavs/LJ010-0150.wav,9.190625,4.4992337
/mnt/md1/user_wago/data/LJSpeech-1.1/wavs/LJ035-0101.wav,9.9685,4.445385
/mnt/md1/user_wago/data/LJSpeech-1.1/wavs/LJ042-0091.wav,4.5815,4.7317023
/mnt/md1/user_wago/data/LJSpeech-1.1/wavs/LJ048-0013.wav,2.364,4.124259
/mnt/md1/user_wago/data/LJSpeech-1.1/wavs/LJ021-0204.wav,6.9035,4.5007744
/mnt/md1/user_wago/data/LJSpeech-1.1/wavs/LJ036-0202.wav,8.0180625,4.5892096
/mnt/md1/user_wago/data/LJSpeech-1.1/wavs/LJ015-0283.wav,6.4739375,4.510401
/mnt/md1/user_wago/data/LJSpeech-1.1/wavs/LJ009-0296.wav,2.34075,4.4026194
/mnt/md1/user_wago/data/LJSpeech-1.1/wavs/LJ006-0060.wav,8.14575,4.6849446
/mnt/md1/user_wago/data/LJSpeech-1.1/wavs/LJ003-0299.wav,6.2416875,4.616527
/mnt/md1/user_wago/data/LJSpeech-1.1/wavs/LJ014-0260.wav,7.83225,4.568533
/mnt/md1/user_wago/data/LJSpeech-1.1/wavs/LJ003-0148.wav,8.900375,4.569216
/mnt/md1/user_wago/data/LJSpeech-1.1/wavs/LJ007-0165.wav,7.5884375,4.485161
/mnt/md1/user_wago/data/LJSpeech-1.1/wavs/LJ015-0098.wav,2.8864375,4.527379
/mnt/md1/user_wago/data/LJSpeech-1.1/wavs/LJ035-0044.wav,5.0806875,4.6513815
/mnt/md1/user_wago/data/LJSpeech-1.1/wavs/LJ044-0020.wav,9.806,4.5765624
/mnt/md1/user_wago/data/LJSpeech-1.1/wavs/LJ040-0136.wav,5.4638125,4.2145805
/mnt/md1/user_wago/data/LJSpeech-1.1/wavs/LJ028-0119.wav,3.50175,4.644541
/mnt/md1/user_wago/data/LJSpeech-1.1/wavs/LJ040-0044.wav,4.97625,4.259378
/mnt/md1/user_wago/data/LJSpeech-1.1/wavs/LJ018-0320.wav,8.83075,4.6885834
/mnt/md1/user_wago/data/LJSpeech-1.1/wavs/LJ021-0096.wav,4.4421875,4.521414
/mnt/md1/user_wago/data/LJSpeech-1.1/wavs/LJ005-0226.wav,5.707625,4.626638
/mnt/md1/user_wago/data/LJSpeech-1.1/wavs/LJ043-0078.wav,9.956875,4.638377
/mnt/md1/user_wago/data/LJSpeech-1.1/wavs/LJ019-0324.wav,8.1921875,4.4990234
/mnt/md1/user_wago/data/LJSpeech-1.1/wavs/LJ045-0031.wav,8.0760625,4.615771
/mnt/md1/user_wago/data/LJSpeech-1.1/wavs/LJ015-0038.wav,3.87325,4.448504
/mnt/md1/user_wago/data/LJSpeech-1.1/wavs/LJ043-0015.wav,7.08925,4.529791
/mnt/md1/user_wago/data/LJSpeech-1.1/wavs/LJ027-0003.wav,6.206875,4.4600954
/mnt/md1/user_wago/data/LJSpeech-1.1/wavs/LJ006-0234.wav,5.812125,4.58473
/mnt/md1/user_wago/data/LJSpeech-1.1/wavs/LJ041-0089.wav,6.2533125,4.5806627
/mnt/md1/user_wago/data/LJSpeech-1.1/wavs/LJ041-0172.wav,5.3129375,4.394775
/mnt/md1/user_wago/data/LJSpeech-1.1/wavs/LJ026-0097.wav,4.8485,4.492833
/mnt/md1/user_wago/data/LJSpeech-1.1/wavs/LJ039-0080.wav,2.8980625,4.4068594
/mnt/md1/user_wago/data/LJSpeech-1.1/wavs/LJ034-0088.wav,9.1325625,4.4035263
/mnt/md1/user_wago/data/LJSpeech-1.1/wavs/LJ041-0056.wav,5.8005,4.613356
/mnt/md1/user_wago/data/LJSpeech-1.1/wavs/LJ003-0014.wav,6.77575,4.5197473
/mnt/md1/user_wago/data/LJSpeech-1.1/wavs/LJ028-0108.wav,9.5389375,4.528662
/mnt/md1/user_wago/data/LJSpeech-1.1/wavs/LJ039-0035.wav,4.686,4.5698195
/mnt/md1/user_wago/data/LJSpeech-1.1/wavs/LJ020-0041.wav,8.0993125,4.6618567
/mnt/md1/user_wago/data/LJSpeech-1.1/wavs/LJ037-0255.wav,6.9035,4.7657776
/mnt/md1/user_wago/data/LJSpeech-1.1/wavs/LJ028-0285.wav,5.22,4.471796
/mnt/md1/user_wago/data/LJSpeech-1.1/wavs/LJ034-0163.wav,3.13025,4.777241
/mnt/md1/user_wago/data/LJSpeech-1.1/wavs/LJ003-0147.wav,5.4870625,4.4557233
/mnt/md1/user_wago/data/LJSpeech-1.1/wavs/LJ020-0075.wav,5.2780625,4.4713655
/mnt/md1/user_wago/data/LJSpeech-1.1/wavs/LJ002-0315.wav,6.4739375,4.579967
/mnt/md1/user_wago/data/LJSpeech-1.1/wavs/LJ013-0236.wav,9.875625,4.6771307
/mnt/md1/user_wago/data/LJSpeech-1.1/wavs/LJ016-0232.wav,4.569875,4.567513
/mnt/md1/user_wago/data/LJSpeech-1.1/wavs/LJ002-0025.wav,7.9948125,4.6794577
/mnt/md1/user_wago/data/LJSpeech-1.1/wavs/LJ037-0035.wav,8.1921875,4.659045
/mnt/md1/user_wago/data/LJSpeech-1.1/wavs/LJ010-0021.wav,5.2896875,4.7105575
/mnt/md1/user_wago/data/LJSpeech-1.1/wavs/LJ047-0227.wav,7.843875,4.6607733
/mnt/md1/user_wago/data/LJSpeech-1.1/wavs/LJ038-0222.wav,8.795875,4.6934314
/mnt/md1/user_wago/data/LJSpeech-1.1/wavs/LJ042-0152.wav,6.3461875,4.4735446
/mnt/md1/user_wago/data/LJSpeech-1.1/wavs/LJ008-0065.wav,5.5335,4.5686984
/mnt/md1/user_wago/data/LJSpeech-1.1/wavs/LJ031-0115.wav,5.4638125,4.702859
/mnt/md1/user_wago/data/LJSpeech-1.1/wavs/LJ004-0061.wav,3.490125,4.541713
/mnt/md1/user_wago/data/LJSpeech-1.1/wavs/LJ041-0074.wav,6.09075,4.6794662
/mnt/md1/user_wago/data/LJSpeech-1.1/wavs/LJ007-0159.wav,4.8833125,4.7564206
/mnt/md1/user_wago/data/LJSpeech-1.1/wavs/LJ008-0192.wav,6.682875,4.0905623
/mnt/md1/user_wago/data/LJSpeech-1.1/wavs/LJ045-0097.wav,7.658125,4.6277275
/mnt/md1/user_wago/data/LJSpeech-1.1/wavs/LJ025-0040.wav,6.6596875,4.6328483
/mnt/md1/user_wago/data/LJSpeech-1.1/wavs/LJ006-0131.wav,8.528875,4.659583
/mnt/md1/user_wago/data/LJSpeech-1.1/wavs/LJ029-0200.wav,8.9584375,4.7200694
/mnt/md1/user_wago/data/LJSpeech-1.1/wavs/LJ036-0024.wav,9.3531875,4.6465545
/mnt/md1/user_wago/data/LJSpeech-1.1/wavs/LJ019-0216.wav,4.8485,4.6181192
/mnt/md1/user_wago/data/LJSpeech-1.1/wavs/LJ022-0050.wav,6.323,4.756379
/mnt/md1/user_wago/data/LJSpeech-1.1/wavs/LJ041-0035.wav,6.996375,4.6474147
/mnt/md1/user_wago/data/LJSpeech-1.1/wavs/LJ010-0300.wav,9.4925,4.4445076
/mnt/md1/user_wago/data/LJSpeech-1.1/wavs/LJ011-0160.wav,4.3725,4.4456835
/mnt/md1/user_wago/data/LJSpeech-1.1/wavs/LJ017-0155.wav,7.553625,4.644712
/mnt/md1/user_wago/data/LJSpeech-1.1/wavs/LJ037-0222.wav,3.1534375,4.72237
/mnt/md1/user_wago/data/LJSpeech-1.1/wavs/LJ032-0100.wav,1.2494375,4.5109835
/mnt/md1/user_wago/data/LJSpeech-1.1/wavs/LJ039-0185.wav,8.4591875,4.585111
/mnt/md1/user_wago/data/LJSpeech-1.1/wavs/LJ036-0120.wav,2.271125,4.534403
/mnt/md1/user_wago/data/LJSpeech-1.1/wavs/LJ012-0129.wav,4.1286875,4.487844
/mnt/md1/user_wago/data/LJSpeech-1.1/wavs/LJ040-0064.wav,6.6945,4.544973
/mnt/md1/user_wago/data/LJSpeech-1.1/wavs/LJ024-0061.wav,8.737875,4.3096
/mnt/md1/user_wago/data/LJSpeech-1.1/wavs/LJ002-0071.wav,7.19375,4.6320143
/mnt/md1/user_wago/data/LJSpeech-1.1/wavs/LJ046-0038.wav,6.88025,4.6206985
/mnt/md1/user_wago/data/LJSpeech-1.1/wavs/LJ028-0259.wav,6.5319375,4.5154266
/mnt/md1/user_wago/data/LJSpeech-1.1/wavs/LJ006-0138.wav,8.7726875,4.4362326
/mnt/md1/user_wago/data/LJSpeech-1.1/wavs/LJ039-0083.wav,9.376375,4.520553
/mnt/md1/user_wago/data/LJSpeech-1.1/wavs/LJ045-0134.wav,5.521875,4.824924
/mnt/md1/user_wago/data/LJSpeech-1.1/wavs/LJ007-0194.wav,8.51725,4.4533076
/mnt/md1/user_wago/data/LJSpeech-1.1/wavs/LJ013-0141.wav,4.6395625,4.7338896
/mnt/md1/user_wago/data/LJSpeech-1.1/wavs/LJ046-0024.wav,3.095375,4.3948393
/mnt/md1/user_wago/data/LJSpeech-1.1/wavs/LJ029-0147.wav,8.8655625,4.4624095
/mnt/md1/user_wago/data/LJSpeech-1.1/wavs/LJ022-0019.wav,1.4235625,4.1134014
/mnt/md1/user_wago/data/LJSpeech-1.1/wavs/LJ046-0195.wav,6.578375,4.627517
/mnt/md1/user_wago/data/LJSpeech-1.1/wavs/LJ034-0201.wav,6.578375,4.5453176
/mnt/md1/user_wago/data/LJSpeech-1.1/wavs/LJ046-0130.wav,6.6248125,4.6452317
/mnt/md1/user_wago/data/LJSpeech-1.1/wavs/LJ048-0123.wav,9.0396875,4.661825
/mnt/md1/user_wago/data/LJSpeech-1.1/wavs/LJ039-0148.wav,5.1851875,4.4967537
/mnt/md1/user_wago/data/LJSpeech-1.1/wavs/LJ005-0028.wav,5.9630625,4.608647
/mnt/md1/user_wago/data/LJSpeech-1.1/wavs/LJ026-0029.wav,1.96925,4.53864
/mnt/md1/user_wago/data/LJSpeech-1.1/wavs/LJ037-0227.wav,1.748625,4.6867056
/mnt/md1/user_wago/data/LJSpeech-1.1/wavs/LJ045-0249.wav,6.2185,4.5835943
/mnt/md1/user_wago/data/LJSpeech-1.1/wavs/LJ041-0007.wav,6.40425,4.6757874
/mnt/md1/user_wago/data/LJSpeech-1.1/wavs/LJ012-0214.wav,5.1735625,4.436047
/mnt/md1/user_wago/data/LJSpeech-1.1/wavs/LJ009-0123.wav,7.1356875,4.6987596
/mnt/md1/user_wago/data/LJSpeech-1.1/wavs/LJ015-0167.wav,6.1488125,4.350278
/mnt/md1/user_wago/data/LJSpeech-1.1/wavs/LJ042-0056.wav,5.6844375,4.639078
/mnt/md1/user_wago/data/LJSpeech-1.1/wavs/LJ018-0252.wav,5.2665,4.6452208
/mnt/md1/user_wago/data/LJSpeech-1.1/wavs/LJ033-0064.wav,4.5118125,4.8174686
/mnt/md1/user_wago/data/LJSpeech-1.1/wavs/LJ028-0270.wav,4.2215625,4.554381
/mnt/md1/user_wago/data/LJSpeech-1.1/wavs/LJ010-0178.wav,7.3330625,4.4349627
/mnt/md1/user_wago/data/LJSpeech-1.1/wavs/LJ016-0078.wav,5.8818125,4.63028
/mnt/md1/user_wago/data/LJSpeech-1.1/wavs/LJ040-0124.wav,8.737875,4.534749
/mnt/md1/user_wago/data/LJSpeech-1.1/wavs/LJ008-0020.wav,9.7595625,4.421241
/mnt/md1/user_wago/data/LJSpeech-1.1/wavs/LJ047-0213.wav,9.6318125,4.342473
/mnt/md1/user_wago/data/LJSpeech-1.1/wavs/LJ009-0299.wav,5.150375,4.6219783
/mnt/md1/user_wago/data/LJSpeech-1.1/wavs/LJ044-0025.wav,9.771125,4.5555434
/mnt/md1/user_wago/data/LJSpeech-1.1/wavs/LJ003-0049.wav,6.29975,4.5709724
/mnt/md1/user_wago/data/LJSpeech-1.1/wavs/LJ048-0227.wav,8.447625,4.688242
/mnt/md1/user_wago/data/LJSpeech-1.1/wavs/LJ035-0143.wav,6.8221875,4.48032
/mnt/md1/user_wago/data/LJSpeech-1.1/wavs/LJ003-0070.wav,6.3694375,4.6248007
/mnt/md1/user_wago/data/LJSpeech-1.1/wavs/LJ018-0001.wav,7.6929375,4.4475007
/mnt/md1/user_wago/data/LJSpeech-1.1/wavs/LJ004-0181.wav,6.2533125,4.441912
/mnt/md1/user_wago/data/LJSpeech-1.1/wavs/LJ022-0176.wav,5.2896875,4.6304164
/mnt/md1/user_wago/data/LJSpeech-1.1/wavs/LJ013-0054.wav,7.7161875,4.6233563
/mnt/md1/user_wago/data/LJSpeech-1.1/wavs/LJ009-0237.wav,8.0645,4.6299324
/mnt/md1/user_wago/data/LJSpeech-1.1/wavs/LJ038-0136.wav,7.4375625,4.6547723
/mnt/md1/user_wago/data/LJSpeech-1.1/wavs/LJ013-0002.wav,3.803625,4.551947
/mnt/md1/user_wago/data/LJSpeech-1.1/wavs/LJ037-0245.wav,9.864,4.6611543
/mnt/md1/user_wago/data/LJSpeech-1.1/wavs/LJ009-0074.wav,1.168125,3.9044363
/mnt/md1/user_wago/data/LJSpeech-1.1/wavs/LJ029-0167.wav,1.853125,4.6522913
/mnt/md1/user_wago/data/LJSpeech-1.1/wavs/LJ012-0289.wav,5.3129375,4.595013
/mnt/md1/user_wago/data/LJSpeech-1.1/wavs/LJ029-0073.wav,9.2603125,4.648692
/mnt/md1/user_wago/data/LJSpeech-1.1/wavs/LJ040-0215.wav,6.13725,4.508567
/mnt/md1/user_wago/data/LJSpeech-1.1/wavs/LJ017-0048.wav,3.6875,4.6872096
/mnt/md1/user_wago/data/LJSpeech-1.1/wavs/LJ028-0479.wav,2.3988125,4.5365014
/mnt/md1/user_wago/data/LJSpeech-1.1/wavs/LJ031-0204.wav,9.8291875,4.6942296
/mnt/md1/user_wago/data/LJSpeech-1.1/wavs/LJ012-0241.wav,6.59,4.4959555
/mnt/md1/user_wago/data/LJSpeech-1.1/wavs/LJ036-0145.wav,3.4553125,4.717805
/mnt/md1/user_wago/data/LJSpeech-1.1/wavs/LJ048-0062.wav,9.20225,4.6831346
/mnt/md1/user_wago/data/LJSpeech-1.1/wavs/LJ014-0123.wav,7.5188125,4.692327
/mnt/md1/user_wago/data/LJSpeech-1.1/wavs/LJ006-0239.wav,7.25175,4.592691
/mnt/md1/user_wago/data/LJSpeech-1.1/wavs/LJ018-0248.wav,7.275,4.4302773
/mnt/md1/user_wago/data/LJSpeech-1.1/wavs/LJ050-0092.wav,2.062125,4.5733657
/mnt/md1/user_wago/data/LJSpeech-1.1/wavs/LJ021-0168.wav,7.83225,4.180862
/mnt/md1/user_wago/data/LJSpeech-1.1/wavs/LJ048-0241.wav,4.175125,4.6932335
/mnt/md1/user_wago/data/LJSpeech-1.1/wavs/LJ042-0075.wav,7.066,4.5228424
/mnt/md1/user_wago/data/LJSpeech-1.1/wavs/LJ019-0365.wav,8.552125,4.728452
/mnt/md1/user_wago/data/LJSpeech-1.1/wavs/LJ018-0340.wav,6.59,4.5954547
/mnt/md1/user_wago/data/LJSpeech-1.1/wavs/LJ002-0038.wav,6.114,4.60219
/mnt/md1/user_wago/data/LJSpeech-1.1/wavs/LJ049-0063.wav,7.6116875,4.5776
/mnt/md1/user_wago/data/LJSpeech-1.1/wavs/LJ015-0042.wav,8.5753125,4.6359897
/mnt/md1/user_wago/data/LJSpeech-1.1/wavs/LJ048-0034.wav,7.182125,4.641239
/mnt/md1/user_wago/data/LJSpeech-1.1/wavs/LJ003-0327.wav,4.6163125,4.6160393
/mnt/md1/user_wago/data/LJSpeech-1.1/wavs/LJ044-0001.wav,4.1286875,4.6399746
/mnt/md1/user_wago/data/LJSpeech-1.1/wavs/LJ029-0088.wav,6.810625,4.7742558
/mnt/md1/user_wago/data/LJSpeech-1.1/wavs/LJ049-0028.wav,5.521875,4.68438
/mnt/md1/user_wago/data/LJSpeech-1.1/wavs/LJ012-0243.wav,3.014125,4.53487
/mnt/md1/user_wago/data/LJSpeech-1.1/wavs/LJ027-0082.wav,7.96,4.451143
/mnt/md1/user_wago/data/LJSpeech-1.1/wavs/LJ049-0125.wav,9.109375,4.5523357
/mnt/md1/user_wago/data/LJSpeech-1.1/wavs/LJ029-0209.wav,9.09775,4.658489
/mnt/md1/user_wago/data/LJSpeech-1.1/wavs/LJ001-0109.wav,9.09775,4.523721
/mnt/md1/user_wago/data/LJSpeech-1.1/wavs/LJ041-0116.wav,4.2215625,4.479531
/mnt/md1/user_wago/data/LJSpeech-1.1/wavs/LJ027-0170.wav,9.9104375,4.3122573
/mnt/md1/user_wago/data/LJSpeech-1.1/wavs/LJ024-0072.wav,4.7904375,4.0274196
/mnt/md1/user_wago/data/LJSpeech-1.1/wavs/LJ011-0128.wav,7.3795,4.5837092
/mnt/md1/user_wago/data/LJSpeech-1.1/wavs/LJ025-0131.wav,6.9615,4.674928
/mnt/md1/user_wago/data/LJSpeech-1.1/wavs/LJ030-0070.wav,6.4855,4.691181
/mnt/md1/user_wago/data/LJSpeech-1.1/wavs/LJ035-0015.wav,9.4576875,4.2827473
/mnt/md1/user_wago/data/LJSpeech-1.1/wavs/LJ046-0101.wav,6.1604375,4.7526455
/mnt/md1/user_wago/data/LJSpeech-1.1/wavs/LJ020-0014.wav,5.2896875,4.605125
/mnt/md1/user_wago/data/LJSpeech-1.1/wavs/LJ038-0001.wav,3.8616875,4.7740655
/mnt/md1/user_wago/data/LJSpeech-1.1/wavs/LJ007-0001.wav,8.052875,4.667704
/mnt/md1/user_wago/data/LJSpeech-1.1/wavs/LJ050-0232.wav,2.3988125,4.451597
/mnt/md1/user_wago/data/LJSpeech-1.1/wavs/LJ004-0214.wav,6.13725,4.2690153
/mnt/md1/user_wago/data/LJSpeech-1.1/wavs/LJ005-0111.wav,9.608625,4.673855
/mnt/md1/user_wago/data/LJSpeech-1.1/wavs/LJ011-0156.wav,7.8555,4.520467
/mnt/md1/user_wago/data/LJSpeech-1.1/wavs/LJ012-0061.wav,7.2981875,4.647784
/mnt/md1/user_wago/data/LJSpeech-1.1/wavs/LJ023-0017.wav,4.001,4.7372417
/mnt/md1/user_wago/data/LJSpeech-1.1/wavs/LJ026-0163.wav,8.8771875,4.4571557
/mnt/md1/user_wago/data/LJSpeech-1.1/wavs/LJ027-0049.wav,6.0675625,4.4011064
/mnt/md1/user_wago/data/LJSpeech-1.1/wavs/LJ014-0250.wav,2.038875,4.6648855
/mnt/md1/user_wago/data/LJSpeech-1.1/wavs/LJ029-0008.wav,6.0559375,4.726579
/mnt/md1/user_wago/data/LJSpeech-1.1/wavs/LJ019-0161.wav,5.359375,4.6349545
/mnt/md1/user_wago/data/LJSpeech-1.1/wavs/LJ002-0009.wav,3.118625,4.687102
/mnt/md1/user_wago/data/LJSpeech-1.1/wavs/LJ002-0048.wav,6.996375,4.6162376
/mnt/md1/user_wago/data/LJSpeech-1.1/wavs/LJ006-0185.wav,7.158875,4.6918106
/mnt/md1/user_wago/data/LJSpeech-1.1/wavs/LJ012-0159.wav,2.1781875,4.765236
/mnt/md1/user_wago/data/LJSpeech-1.1/wavs/LJ034-0111.wav,9.1325625,4.5427256
/mnt/md1/user_wago/data/LJSpeech-1.1/wavs/LJ019-0032.wav,5.7773125,4.853503
/mnt/md1/user_wago/data/LJSpeech-1.1/wavs/LJ041-0012.wav,8.14575,4.5013304
/mnt/md1/user_wago/data/LJSpeech-1.1/wavs/LJ013-0233.wav,7.762625,4.675365
/mnt/md1/user_wago/data/LJSpeech-1.1/wavs/LJ037-0257.wav,1.9228125,4.6957064
/mnt/md1/user_wago/data/LJSpeech-1.1/wavs/LJ016-0366.wav,4.465375,4.4978876
/mnt/md1/user_wago/data/LJSpeech-1.1/wavs/LJ006-0176.wav,2.3755625,4.7335896
/mnt/md1/user_wago/data/LJSpeech-1.1/wavs/LJ046-0106.wav,3.9429375,4.652049
/mnt/md1/user_wago/data/LJSpeech-1.1/wavs/LJ044-0073.wav,6.5551875,4.5749784
/mnt/md1/user_wago/data/LJSpeech-1.1/wavs/LJ044-0080.wav,7.576875,4.4085774
/mnt/md1/user_wago/data/LJSpeech-1.1/wavs/LJ013-0180.wav,5.997875,4.6621065
/mnt/md1/user_wago/data/LJSpeech-1.1/wavs/LJ019-0310.wav,5.649625,4.791032
/mnt/md1/user_wago/data/LJSpeech-1.1/wavs/LJ036-0132.wav,6.125625,4.3575273
/mnt/md1/user_wago/data/LJSpeech-1.1/wavs/LJ028-0091.wav,5.835375,4.803261
/mnt/md1/user_wago/data/LJSpeech-1.1/wavs/LJ003-0316.wav,9.99175,4.4400735
/mnt/md1/user_wago/data/LJSpeech-1.1/wavs/LJ042-0120.wav,6.5319375,4.5718274
/mnt/md1/user_wago/data/LJSpeech-1.1/wavs/LJ021-0111.wav,6.381,4.394823
/mnt/md1/user_wago/data/LJSpeech-1.1/wavs/LJ002-0094.wav,5.5683125,4.6094356
/mnt/md1/user_wago/data/LJSpeech-1.1/wavs/LJ044-0191.wav,9.5505625,4.5122747
/mnt/md1/user_wago/data/LJSpeech-1.1/wavs/LJ024-0051.wav,3.908125,4.1149063
/mnt/md1/user_wago/data/LJSpeech-1.1/wavs/LJ019-0012.wav,6.3345625,4.571566
/mnt/md1/user_wago/data/LJSpeech-1.1/wavs/LJ002-0079.wav,9.190625,4.5280776
/mnt/md1/user_wago/data/LJSpeech-1.1/wavs/LJ015-0054.wav,9.0165,4.4178734
/mnt/md1/user_wago/data/LJSpeech-1.1/wavs/LJ003-0191.wav,5.3941875,4.4688115
/mnt/md1/user_wago/data/LJSpeech-1.1/wavs/LJ009-0193.wav,8.436,4.708608
/mnt/md1/user_wago/data/LJSpeech-1.1/wavs/LJ031-0148.wav,8.9816875,4.5008774
/mnt/md1/user_wago/data/LJSpeech-1.1/wavs/LJ032-0052.wav,8.343125,4.566128
/mnt/md1/user_wago/data/LJSpeech-1.1/wavs/LJ012-0060.wav,7.8555,4.7660007
/mnt/md1/user_wago/data/LJSpeech-1.1/wavs/LJ037-0152.wav,5.3245,4.510776
/mnt/md1/user_wago/data/LJSpeech-1.1/wavs/LJ018-0254.wav,4.256375,4.6711445
/mnt/md1/user_wago/data/LJSpeech-1.1/wavs/LJ044-0005.wav,10.09625,4.639611
/mnt/md1/user_wago/data/LJSpeech-1.1/wavs/LJ008-0107.wav,5.127125,4.266406
/mnt/md1/user_wago/data/LJSpeech-1.1/wavs/LJ002-0191.wav,3.1534375,4.577078
/mnt/md1/user_wago/data/LJSpeech-1.1/wavs/LJ005-0029.wav,6.8570625,4.5809817
/mnt/md1/user_wago/data/LJSpeech-1.1/wavs/LJ011-0081.wav,6.77575,4.5144386
/mnt/md1/user_wago/data/LJSpeech-1.1/wavs/LJ036-0051.wav,7.0311875,4.3780475
/mnt/md1/user_wago/data/LJSpeech-1.1/wavs/LJ039-0007.wav,6.67125,4.7114086
/mnt/md1/user_wago/data/LJSpeech-1.1/wavs/LJ010-0023.wav,5.521875,4.7364187
/mnt/md1/user_wago/data/LJSpeech-1.1/wavs/LJ032-0159.wav,8.41275,4.6166525
/mnt/md1/user_wago/data/LJSpeech-1.1/wavs/LJ033-0178.wav,2.5845625,4.5071926
/mnt/md1/user_wago/data/LJSpeech-1.1/wavs/LJ006-0174.wav,6.311375,4.5177803
/mnt/md1/user_wago/data/LJSpeech-1.1/wavs/LJ011-0240.wav,9.0745625,4.564596
/mnt/md1/user_wago/data/LJSpeech-1.1/wavs/LJ039-0176.wav,2.6078125,4.2745476
/mnt/md1/user_wago/data/LJSpeech-1.1/wavs/LJ017-0208.wav,8.703,4.6722126
/mnt/md1/user_wago/data/LJSpeech-1.1/wavs/LJ011-0200.wav,8.8539375,4.4171267
/mnt/md1/user_wago/data/LJSpeech-1.1/wavs/LJ008-0234.wav,6.415875,4.5600514
/mnt/md1/user_wago/data/LJSpeech-1.1/wavs/LJ040-0168.wav,8.6565625,4.50688
/mnt/md1/user_wago/data/LJSpeech-1.1/wavs/LJ049-0054.wav,6.0791875,4.619736
/mnt/md1/user_wago/data/LJSpeech-1.1/wavs/LJ033-0009.wav,7.66975,4.6925716
/mnt/md1/user_wago/data/LJSpeech-1.1/wavs/LJ005-0262.wav,7.5071875,4.455309
/mnt/md1/user_wago/data/LJSpeech-1.1/wavs/LJ002-0090.wav,4.6395625,4.6920204
/mnt/md1/user_wago/data/LJSpeech-1.1/wavs/LJ035-0131.wav,9.4925,4.2906256
/mnt/md1/user_wago/data/LJSpeech-1.1/wavs/LJ006-0251.wav,4.08225,4.605114
/mnt/md1/user_wago/data/LJSpeech-1.1/wavs/LJ023-0064.wav,8.62175,4.6672497
/mnt/md1/user_wago/data/LJSpeech-1.1/wavs/LJ044-0219.wav,9.376375,4.506606
/mnt/md1/user_wago/data/LJSpeech-1.1/wavs/LJ014-0235.wav,5.92825,4.576478
/mnt/md1/user_wago/data/LJSpeech-1.1/wavs/LJ001-0062.wav,5.2084375,4.658286
/mnt/md1/user_wago/data/LJSpeech-1.1/wavs/LJ019-0267.wav,5.440625,4.5007186
/mnt/md1/user_wago/data/LJSpeech-1.1/wavs/LJ011-0003.wav,7.9019375,4.5627065
/mnt/md1/user_wago/data/LJSpeech-1.1/wavs/LJ040-0049.wav,5.8701875,4.4858017
/mnt/md1/user_wago/data/LJSpeech-1.1/wavs/LJ026-0026.wav,8.2038125,4.674209
/mnt/md1/user_wago/data/LJSpeech-1.1/wavs/LJ033-0133.wav,4.546625,4.5862856
/mnt/md1/user_wago/data/LJSpeech-1.1/wavs/LJ015-0195.wav,8.04125,4.6701136
/mnt/md1/user_wago/data/LJSpeech-1.1/wavs/LJ049-0105.wav,7.263375,4.533034
/mnt/md1/user_wago/data/LJSpeech-1.1/wavs/LJ036-0095.wav,4.360875,4.7889323
/mnt/md1/user_wago/data/LJSpeech-1.1/wavs/LJ036-0140.wav,7.275,3.896228
/mnt/md1/user_wago/data/LJSpeech-1.1/wavs/LJ036-0064.wav,3.23475,4.5525017
/mnt/md1/user_wago/data/LJSpeech-1.1/wavs/LJ020-0001.wav,5.3709375,4.66035
/mnt/md1/user_wago/data/LJSpeech-1.1/wavs/LJ013-0198.wav,6.6596875,4.7009435
/mnt/md1/user_wago/data/LJSpeech-1.1/wavs/LJ001-0115.wav,8.3083125,4.559962
/mnt/md1/user_wago/data/LJSpeech-1.1/wavs/LJ018-0377.wav,5.7425,4.4850774
/mnt/md1/user_wago/data/LJSpeech-1.1/wavs/LJ018-0291.wav,3.0605625,4.838877
/mnt/md1/user_wago/data/LJSpeech-1.1/wavs/LJ027-0095.wav,8.0180625,4.494143
/mnt/md1/user_wago/data/LJSpeech-1.1/wavs/LJ041-0047.wav,7.658125,4.6576777
/mnt/md1/user_wago/data/LJSpeech-1.1/wavs/LJ014-0200.wav,7.6465,4.4897017
/mnt/md1/user_wago/data/LJSpeech-1.1/wavs/LJ019-0037.wav,6.5551875,4.648517
/mnt/md1/user_wago/data/LJSpeech-1.1/wavs/LJ049-0169.wav,5.3013125,4.6682467
/mnt/md1/user_wago/data/LJSpeech-1.1/wavs/LJ007-0144.wav,7.3330625,4.487501
/mnt/md1/user_wago/data/LJSpeech-1.1/wavs/LJ046-0084.wav,3.87325,4.7799835
/mnt/md1/user_wago/data/LJSpeech-1.1/wavs/LJ046-0048.wav,7.0311875,4.6999207
/mnt/md1/user_wago/data/LJSpeech-1.1/wavs/LJ032-0024.wav,3.3508125,4.779105
/mnt/md1/user_wago/data/LJSpeech-1.1/wavs/LJ023-0057.wav,7.8903125,4.5412483
/mnt/md1/user_wago/data/LJSpeech-1.1/wavs/LJ021-0042.wav,4.5234375,4.5646114
/mnt/md1/user_wago/data/LJSpeech-1.1/wavs/LJ006-0300.wav,7.553625,4.6749353
/mnt/md1/user_wago/data/LJSpeech-1.1/wavs/LJ029-0091.wav,1.3190625,4.6555586
/mnt/md1/user_wago/data/LJSpeech-1.1/wavs/LJ032-0201.wav,5.61475,4.5615396
/mnt/md1/user_wago/data/LJSpeech-1.1/wavs/LJ016-0251.wav,6.787375,4.683073
/mnt/md1/user_wago/data/LJSpeech-1.1/wavs/LJ047-0114.wav,9.67825,4.5691485
/mnt/md1/user_wago/data/LJSpeech-1.1/wavs/LJ036-0118.wav,2.723875,4.73501
/mnt/md1/user_wago/data/LJSpeech-1.1/wavs/LJ003-0063.wav,6.2765625,4.7096214
/mnt/md1/user_wago/data/LJSpeech-1.1/wavs/LJ010-0221.wav,5.1155625,4.713973
/mnt/md1/user_wago/data/LJSpeech-1.1/wavs/LJ024-0069.wav,4.0590625,4.195297
/mnt/md1/user_wago/data/LJSpeech-1.1/wavs/LJ034-0156.wav,7.971625,4.5120606
/mnt/md1/user_wago/data/LJSpeech-1.1/wavs/LJ038-0088.wav,4.5930625,4.7698293
/mnt/md1/user_wago/data/LJSpeech-1.1/wavs/LJ048-0150.wav,2.9445,4.7003093
/mnt/md1/user_wago/data/LJSpeech-1.1/wavs/LJ022-0083.wav,9.51575,4.435784
/mnt/md1/user_wago/data/LJSpeech-1.1/wavs/LJ022-0072.wav,3.7455625,4.7363415
/mnt/md1/user_wago/data/LJSpeech-1.1/wavs/LJ050-0227.wav,7.8903125,4.6339808
/mnt/md1/user_wago/data/LJSpeech-1.1/wavs/LJ048-0096.wav,5.9630625,4.6679516
/mnt/md1/user_wago/data/LJSpeech-1.1/wavs/LJ019-0247.wav,2.2246875,4.74301
/mnt/md1/user_wago/data/LJSpeech-1.1/wavs/LJ030-0183.wav,5.82375,4.640811
/mnt/md1/user_wago/data/LJSpeech-1.1/wavs/LJ017-0247.wav,7.77425,4.4894547
/mnt/md1/user_wago/data/LJSpeech-1.1/wavs/LJ035-0166.wav,4.5001875,4.2389336
/mnt/md1/user_wago/data/LJSpeech-1.1/wavs/LJ031-0131.wav,5.1851875,4.780452
/mnt/md1/user_wago/data/LJSpeech-1.1/wavs/LJ005-0055.wav,9.8408125,4.6081824
/mnt/md1/user_wago/data/LJSpeech-1.1/wavs/LJ012-0232.wav,7.391125,4.6655164
/mnt/md1/user_wago/data/LJSpeech-1.1/wavs/LJ039-0044.wav,6.288125,4.7473736
/mnt/md1/user_wago/data/LJSpeech-1.1/wavs/LJ005-0212.wav,3.525,4.63258
/mnt/md1/user_wago/data/LJSpeech-1.1/wavs/LJ013-0181.wav,5.0806875,4.6521807
/mnt/md1/user_wago/data/LJSpeech-1.1/wavs/LJ013-0144.wav,7.5071875,4.628807
/mnt/md1/user_wago/data/LJSpeech-1.1/wavs/LJ003-0076.wav,9.504125,4.3760915
/mnt/md1/user_wago/data/LJSpeech-1.1/wavs/LJ027-0087.wav,5.9863125,4.434746
/mnt/md1/user_wago/data/LJSpeech-1.1/wavs/LJ019-0025.wav,9.67825,4.56781
/mnt/md1/user_wago/data/LJSpeech-1.1/wavs/LJ045-0129.wav,5.997875,4.628548
/mnt/md1/user_wago/data/LJSpeech-1.1/wavs/LJ038-0253.wav,8.505625,4.6682096
/mnt/md1/user_wago/data/LJSpeech-1.1/wavs/LJ050-0024.wav,8.3315,4.721935
/mnt/md1/user_wago/data/LJSpeech-1.1/wavs/LJ048-0248.wav,6.601625,4.5730343
/mnt/md1/user_wago/data/LJSpeech-1.1/wavs/LJ005-0227.wav,7.6349375,4.7021313
/mnt/md1/user_wago/data/LJSpeech-1.1/wavs/LJ013-0113.wav,5.13875,4.486446
/mnt/md1/user_wago/data/LJSpeech-1.1/wavs/LJ048-0047.wav,5.82375,4.6577377
/mnt/md1/user_wago/data/LJSpeech-1.1/wavs/LJ045-0232.wav,6.6480625,4.633177
/mnt/md1/user_wago/data/LJSpeech-1.1/wavs/LJ018-0137.wav,6.973125,4.740386
/mnt/md1/user_wago/data/LJSpeech-1.1/wavs/LJ015-0276.wav,9.3299375,4.3504386
/mnt/md1/user_wago/data/LJSpeech-1.1/wavs/LJ050-0161.wav,9.78275,4.6582813
/mnt/md1/user_wago/data/LJSpeech-1.1/wavs/LJ017-0270.wav,7.2053125,4.6489153
/mnt/md1/user_wago/data/LJSpeech-1.1/wavs/LJ027-0175.wav,8.5405,4.429778
/mnt/md1/user_wago/data/LJSpeech-1.1/wavs/LJ032-0098.wav,6.67125,4.633329
/mnt/md1/user_wago/data/LJSpeech-1.1/wavs/LJ045-0060.wav,6.3578125,4.538479
/mnt/md1/user_wago/data/LJSpeech-1.1/wavs/LJ012-0271.wav,6.206875,4.651224
/mnt/md1/user_wago/data/LJSpeech-1.1/wavs/LJ026-0088.wav,9.980125,4.6014876
/mnt/md1/user_wago/data/LJSpeech-1.1/wavs/LJ026-0054.wav,4.29125,4.4523797
/mnt/md1/user_wago/data/LJSpeech-1.1/wavs/LJ033-0213.wav,5.6728125,4.5815234
/mnt/md1/user_wago/data/LJSpeech-1.1/wavs/LJ032-0161.wav,6.206875,4.559416
/mnt/md1/user_wago/data/LJSpeech-1.1/wavs/LJ004-0066.wav,9.8408125,4.2010303
/mnt/md1/user_wago/data/LJSpeech-1.1/wavs/LJ019-0221.wav,7.7974375,4.671388
/mnt/md1/user_wago/data/LJSpeech-1.1/wavs/LJ001-0166.wav,8.41275,4.580649
/mnt/md1/user_wago/data/LJSpeech-1.1/wavs/LJ034-0143.wav,3.304375,4.6484566
/mnt/md1/user_wago/data/LJSpeech-1.1/wavs/LJ045-0063.wav,8.1805625,4.533235
/mnt/md1/user_wago/data/LJSpeech-1.1/wavs/LJ016-0257.wav,5.92825,4.6688523
/mnt/md1/user_wago/data/LJSpeech-1.1/wavs/LJ044-0009.wav,9.608625,4.4699526
/mnt/md1/user_wago/data/LJSpeech-1.1/wavs/LJ040-0135.wav,4.686,4.180002
/mnt/md1/user_wago/data/LJSpeech-1.1/wavs/LJ014-0227.wav,3.594625,4.621128
/mnt/md1/user_wago/data/LJSpeech-1.1/wavs/LJ030-0124.wav,8.5405,4.736928
/mnt/md1/user_wago/data/LJSpeech-1.1/wavs/LJ015-0151.wav,6.392625,4.786723
/mnt/md1/user_wago/data/LJSpeech-1.1/wavs/LJ031-0216.wav,8.62175,4.7053576
/mnt/md1/user_wago/data/LJSpeech-1.1/wavs/LJ027-0115.wav,7.449125,4.567973
/mnt/md1/user_wago/data/LJSpeech-1.1/wavs/LJ008-0212.wav,10.0498125,3.8100028
/mnt/md1/user_wago/data/LJSpeech-1.1/wavs/LJ031-0191.wav,4.778875,4.7599087
/mnt/md1/user_wago/data/LJSpeech-1.1/wavs/LJ026-0058.wav,6.1604375,4.7357464
/mnt/md1/user_wago/data/LJSpeech-1.1/wavs/LJ013-0018.wav,6.4739375,4.4939623
/mnt/md1/user_wago/data/LJSpeech-1.1/wavs/LJ011-0214.wav,5.7425,4.367438
/mnt/md1/user_wago/data/LJSpeech-1.1/wavs/LJ019-0312.wav,4.2215625,4.4151263
/mnt/md1/user_wago/data/LJSpeech-1.1/wavs/LJ027-0143.wav,10.073,4.475039
/mnt/md1/user_wago/data/LJSpeech-1.1/wavs/LJ023-0134.wav,5.3709375,4.488943
/mnt/md1/user_wago/data/LJSpeech-1.1/wavs/LJ011-0149.wav,10.0265625,4.625143
/mnt/md1/user_wago/data/LJSpeech-1.1/wavs/LJ007-0218.wav,5.2780625,4.5695577
/mnt/md1/user_wago/data/LJSpeech-1.1/wavs/LJ002-0088.wav,4.5001875,4.445947
/mnt/md1/user_wago/data/LJSpeech-1.1/wavs/LJ035-0034.wav,6.2416875,4.4874597
/mnt/md1/user_wago/data/LJSpeech-1.1/wavs/LJ026-0001.wav,8.3663125,4.3699803
/mnt/md1/user_wago/data/LJSpeech-1.1/wavs/LJ045-0076.wav,4.9181875,4.52793
/mnt/md1/user_wago/data/LJSpeech-1.1/wavs/LJ017-0074.wav,3.81525,4.646364
/mnt/md1/user_wago/data/LJSpeech-1.1/wavs/LJ038-0176.wav,9.0513125,4.7063546
/mnt/md1/user_wago/data/LJSpeech-1.1/wavs/LJ019-0187.wav,7.9948125,4.58664
/mnt/md1/user_wago/data/LJSpeech-1.1/wavs/LJ039-0202.wav,5.13875,4.649907
/mnt/md1/user_wago/data/LJSpeech-1.1/wavs/LJ030-0171.wav,4.860125,4.6769886
/mnt/md1/user_wago/data/LJSpeech-1.1/wavs/LJ025-0091.wav,3.014125,4.7463155
/mnt/md1/user_wago/data/LJSpeech-1.1/wavs/LJ044-0087.wav,9.0165,4.516523
/mnt/md1/user_wago/data/LJSpeech-1.1/wavs/LJ021-0131.wav,3.9545625,4.652438
/mnt/md1/user_wago/data/LJSpeech-1.1/wavs/LJ012-0248.wav,5.7656875,4.766764
/mnt/md1/user_wago/data/LJSpeech-1.1/wavs/LJ009-0176.wav,9.1441875,4.467703
/mnt/md1/user_wago/data/LJSpeech-1.1/wavs/LJ005-0233.wav,8.93525,4.469904
/mnt/md1/user_wago/data/LJSpeech-1.1/wavs/LJ003-0158.wav,7.2053125,4.637361
/mnt/md1/user_wago/data/LJSpeech-1.1/wavs/LJ003-0344.wav,7.2169375,4.51013
/mnt/md1/user_wago/data/LJSpeech-1.1/wavs/LJ049-0140.wav,9.30675,4.5864444
/mnt/md1/user_wago/data/LJSpeech-1.1/wavs/LJ013-0220.wav,6.67125,4.431427
/mnt/md1/user_wago/data/LJSpeech-1.1/wavs/LJ014-0001.wav,8.8888125,4.7029657
/mnt/md1/user_wago/data/LJSpeech-1.1/wavs/LJ045-0135.wav,9.875625,4.6013145
/mnt/md1/user_wago/data/LJSpeech-1.1/wavs/LJ004-0067.wav,5.730875,4.5750823
/mnt/md1/user_wago/data/LJSpeech-1.1/wavs/LJ013-0103.wav,9.57375,4.4182186
/mnt/md1/user_wago/data/LJSpeech-1.1/wavs/LJ049-0223.wav,7.6000625,4.445491
/mnt/md1/user_wago/data/LJSpeech-1.1/wavs/LJ014-0288.wav,3.3624375,4.6682463
/mnt/md1/user_wago/data/LJSpeech-1.1/wavs/LJ006-0045.wav,3.884875,4.7558007
/mnt/md1/user_wago/data/LJSpeech-1.1/wavs/LJ029-0086.wav,6.8454375,4.579294
/mnt/md1/user_wago/data/LJSpeech-1.1/wavs/LJ016-0240.wav,8.7610625,4.651221
/mnt/md1/user_wago/data/LJSpeech-1.1/wavs/LJ031-0140.wav,7.077625,4.7220716
/mnt/md1/user_wago/data/LJSpeech-1.1/wavs/LJ039-0130.wav,3.037375,4.4508166
/mnt/md1/user_wago/data/LJSpeech-1.1/wavs/LJ004-0076.wav,9.57375,4.530037
/mnt/md1/user_wago/data/LJSpeech-1.1/wavs/LJ037-0193.wav,8.8888125,4.520268
/mnt/md1/user_wago/data/LJSpeech-1.1/wavs/LJ032-0107.wav,2.166625,4.778611
/mnt/md1/user_wago/data/LJSpeech-1.1/wavs/LJ045-0192.wav,4.5001875,4.5069265
/mnt/md1/user_wago/data/LJSpeech-1.1/wavs/LJ019-0360.wav,3.9196875,4.54214
/mnt/md1/user_wago/data/LJSpeech-1.1/wavs/LJ003-0069.wav,9.9685,4.336385
/mnt/md1/user_wago/data/LJSpeech-1.1/wavs/LJ016-0238.wav,6.7293125,4.5764523
/mnt/md1/user_wago/data/LJSpeech-1.1/wavs/LJ038-0278.wav,7.1124375,4.57352
/mnt/md1/user_wago/data/LJSpeech-1.1/wavs/LJ036-0008.wav,6.19525,4.6421423
/mnt/md1/user_wago/data/LJSpeech-1.1/wavs/LJ008-0189.wav,6.102375,4.4922233
/mnt/md1/user_wago/data/LJSpeech-1.1/wavs/LJ008-0298.wav,2.166625,4.8081512
/mnt/md1/user_wago/data/LJSpeech-1.1/wavs/LJ044-0226.wav,5.82375,4.2794065
/mnt/md1/user_wago/data/LJSpeech-1.1/wavs/LJ040-0185.wav,8.912,4.301811
/mnt/md1/user_wago/data/LJSpeech-1.1/wavs/LJ043-0112.wav,3.4436875,4.760689
/mnt/md1/user_wago/data/LJSpeech-1.1/wavs/LJ008-0314.wav,3.4785625,4.651575
/mnt/md1/user_wago/data/LJSpeech-1.1/wavs/LJ015-0147.wav,7.7278125,4.59473
/mnt/md1/user_wago/data/LJSpeech-1.1/wavs/LJ016-0087.wav,7.1356875,4.693836
/mnt/md1/user_wago/data/LJSpeech-1.1/wavs/LJ032-0269.wav,6.2649375,4.632435
/mnt/md1/user_wago/data/LJSpeech-1.1/wavs/LJ016-0166.wav,5.847,4.5280533
/mnt/md1/user_wago/data/LJSpeech-1.1/wavs/LJ004-0140.wav,6.799,4.630875
/mnt/md1/user_wago/data/LJSpeech-1.1/wavs/LJ043-0061.wav,7.9831875,4.628123
/mnt/md1/user_wago/data/LJSpeech-1.1/wavs/LJ011-0273.wav,4.9065625,4.6827893
/mnt/md1/user_wago/data/LJSpeech-1.1/wavs/LJ009-0031.wav,9.480875,4.5141993
/mnt/md1/user_wago/data/LJSpeech-1.1/wavs/LJ019-0253.wav,1.9228125,4.7526364
/mnt/md1/user_wago/data/LJSpeech-1.1/wavs/LJ003-0174.wav,6.5319375,4.610254
/mnt/md1/user_wago/data/LJSpeech-1.1/wavs/LJ030-0200.wav,7.77425,4.6305404
/mnt/md1/user_wago/data/LJSpeech-1.1/wavs/LJ010-0165.wav,5.5335,4.7527404
/mnt/md1/user_wago/data/LJSpeech-1.1/wavs/LJ039-0057.wav,7.8206875,4.5072565
/mnt/md1/user_wago/data/LJSpeech-1.1/wavs/LJ017-0114.wav,4.3260625,4.6537104
/mnt/md1/user_wago/data/LJSpeech-1.1/wavs/LJ012-0264.wav,6.50875,4.6385756
/mnt/md1/user_wago/data/LJSpeech-1.1/wavs/LJ037-0051.wav,7.3446875,4.615163
/mnt/md1/user_wago/data/LJSpeech-1.1/wavs/LJ022-0041.wav,6.7176875,4.6457553
/mnt/md1/user_wago/data/LJSpeech-1.1/wavs/LJ045-0050.wav,6.868625,4.4328637
/mnt/md1/user_wago/data/LJSpeech-1.1/wavs/LJ042-0197.wav,8.238625,4.4108477
/mnt/md1/user_wago/data/LJSpeech-1.1/wavs/LJ014-0152.wav,7.6233125,4.3140817
/mnt/md1/user_wago/data/LJSpeech-1.1/wavs/LJ050-0124.wav,5.254875,4.5044003
/mnt/md1/user_wago/data/LJSpeech-1.1/wavs/LJ040-0118.wav,2.2826875,4.3672285
/mnt/md1/user_wago/data/LJSpeech-1.1/wavs/LJ038-0266.wav,7.077625,4.2858987
/mnt/md1/user_wago/data/LJSpeech-1.1/wavs/LJ026-0009.wav,6.125625,4.4978104
/mnt/md1/user_wago/data/LJSpeech-1.1/wavs/LJ007-0224.wav,4.9878125,4.4333596
/mnt/md1/user_wago/data/LJSpeech-1.1/wavs/LJ014-0223.wav,5.5335,4.7525024
/mnt/md1/user_wago/data/LJSpeech-1.1/wavs/LJ018-0036.wav,7.484,4.6384892
/mnt/md1/user_wago/data/LJSpeech-1.1/wavs/LJ050-0083.wav,7.2401875,4.669707
/mnt/md1/user_wago/data/LJSpeech-1.1/wavs/LJ001-0059.wav,9.0629375,4.5235457
/mnt/md1/user_wago/data/LJSpeech-1.1/wavs/LJ003-0108.wav,4.7324375,4.5430155
/mnt/md1/user_wago/data/LJSpeech-1.1/wavs/LJ025-0132.wav,5.847,4.5850935
/mnt/md1/user_wago/data/LJSpeech-1.1/wavs/LJ029-0123.wav,8.157375,4.7538347
/mnt/md1/user_wago/data/LJSpeech-1.1/wavs/LJ006-0133.wav,5.3825625,4.6521792
/mnt/md1/user_wago/data/LJSpeech-1.1/wavs/LJ030-0252.wav,4.755625,4.6056504
/mnt/md1/user_wago/data/LJSpeech-1.1/wavs/LJ026-0017.wav,8.8075,4.501745
/mnt/md1/user_wago/data/LJSpeech-1.1/wavs/LJ040-0142.wav,6.0443125,4.475048
/mnt/md1/user_wago/data/LJSpeech-1.1/wavs/LJ045-0170.wav,2.5729375,4.706932
/mnt/md1/user_wago/data/LJSpeech-1.1/wavs/LJ029-0005.wav,5.1968125,4.760023
/mnt/md1/user_wago/data/LJSpeech-1.1/wavs/LJ044-0220.wav,8.5985625,4.5658493
/mnt/md1/user_wago/data/LJSpeech-1.1/wavs/LJ043-0179.wav,8.0645,4.6054463
/mnt/md1/user_wago/data/LJSpeech-1.1/wavs/LJ045-0154.wav,6.9499375,4.4460263
/mnt/md1/user_wago/data/LJSpeech-1.1/wavs/LJ048-0263.wav,2.7355,4.6038847
/mnt/md1/user_wago/data/LJSpeech-1.1/wavs/LJ013-0255.wav,2.1898125,4.1213026
/mnt/md1/user_wago/data/LJSpeech-1.1/wavs/LJ050-0118.wav,6.2185,4.5885553
/mnt/md1/user_wago/data/LJSpeech-1.1/wavs/LJ027-0036.wav,6.682875,4.451847
/mnt/md1/user_wago/data/LJSpeech-1.1/wavs/LJ002-0204.wav,4.3376875,4.634638
/mnt/md1/user_wago/data/LJSpeech-1.1/wavs/LJ005-0187.wav,7.25175,4.5102205
/mnt/md1/user_wago/data/LJSpeech-1.1/wavs/LJ020-0003.wav,8.9468125,4.3984604
/mnt/md1/user_wago/data/LJSpeech-1.1/wavs/LJ037-0179.wav,3.583,4.750004
/mnt/md1/user_wago/data/LJSpeech-1.1/wavs/LJ006-0217.wav,7.5188125,4.398134
/mnt/md1/user_wago/data/LJSpeech-1.1/wavs/LJ030-0246.wav,6.4275,4.642889
/mnt/md1/user_wago/data/LJSpeech-1.1/wavs/LJ006-0218.wav,7.6116875,4.622551
/mnt/md1/user_wago/data/LJSpeech-1.1/wavs/LJ018-0344.wav,4.4421875,4.6515255
/mnt/md1/user_wago/data/LJSpeech-1.1/wavs/LJ038-0284.wav,4.3260625,4.7219353
/mnt/md1/user_wago/data/LJSpeech-1.1/wavs/LJ024-0016.wav,9.99175,4.4030247
/mnt/md1/user_wago/data/LJSpeech-1.1/wavs/LJ028-0123.wav,2.2246875,4.4579725
/mnt/md1/user_wago/data/LJSpeech-1.1/wavs/LJ037-0252.wav,8.0180625,4.804378
/mnt/md1/user_wago/data/LJSpeech-1.1/wavs/LJ044-0072.wav,6.2765625,4.637073
/mnt/md1/user_wago/data/LJSpeech-1.1/wavs/LJ003-0028.wav,3.23475,4.746671
/mnt/md1/user_wago/data/LJSpeech-1.1/wavs/LJ034-0175.wav,7.739375,4.5353737
/mnt/md1/user_wago/data/LJSpeech-1.1/wavs/LJ031-0225.wav,7.391125,4.7121863
/mnt/md1/user_wago/data/LJSpeech-1.1/wavs/LJ045-0169.wav,9.7015,4.506668
/mnt/md1/user_wago/data/LJSpeech-1.1/wavs/LJ046-0183.wav,6.323,4.7339725
/mnt/md1/user_wago/data/LJSpeech-1.1/wavs/LJ007-0079.wav,8.7610625,4.5579214
/mnt/md1/user_wago/data/LJSpeech-1.1/wavs/LJ002-0202.wav,3.9313125,4.7077117
/mnt/md1/user_wago/data/LJSpeech-1.1/wavs/LJ042-0211.wav,9.5389375,4.3964987
/mnt/md1/user_wago/data/LJSpeech-1.1/wavs/LJ041-0076.wav,8.7843125,4.5552635
/mnt/md1/user_wago/data/LJSpeech-1.1/wavs/LJ045-0248.wav,9.9453125,4.657336
/mnt/md1/user_wago/data/LJSpeech-1.1/wavs/LJ010-0270.wav,6.520375,4.650091
/mnt/md1/user_wago/data/LJSpeech-1.1/wavs/LJ006-0097.wav,3.316,4.5651298
/mnt/md1/user_wago/data/LJSpeech-1.1/wavs/LJ011-0082.wav,5.069125,4.639662
/mnt/md1/user_wago/data/LJSpeech-1.1/wavs/LJ038-0051.wav,3.0721875,4.7611485
/mnt/md1/user_wago/data/LJSpeech-1.1/wavs/LJ038-0191.wav,9.2603125,4.6623197
/mnt/md1/user_wago/data/LJSpeech-1.1/wavs/LJ038-0192.wav,6.8338125,4.6609874
/mnt/md1/user_wago/data/LJSpeech-1.1/wavs/LJ048-0053.wav,5.6960625,4.805279
/mnt/md1/user_wago/data/LJSpeech-1.1/wavs/LJ021-0070.wav,6.3694375,4.5232387
/mnt/md1/user_wago/data/LJSpeech-1.1/wavs/LJ037-0007.wav,3.884875,4.7105947
/mnt/md1/user_wago/data/LJSpeech-1.1/wavs/LJ002-0296.wav,9.0165,4.3998566
/mnt/md1/user_wago/data/LJSpeech-1.1/wavs/LJ005-0033.wav,8.819125,4.1885448
/mnt/md1/user_wago/data/LJSpeech-1.1/wavs/LJ048-0278.wav,7.9135625,4.73373
/mnt/md1/user_wago/data/LJSpeech-1.1/wavs/LJ040-0166.wav,8.3315,4.265136
/mnt/md1/user_wago/data/LJSpeech-1.1/wavs/LJ042-0006.wav,6.19525,4.5428224
/mnt/md1/user_wago/data/LJSpeech-1.1/wavs/LJ021-0194.wav,8.7843125,4.4879823
/mnt/md1/user_wago/data/LJSpeech-1.1/wavs/LJ004-0052.wav,3.223125,4.3575788
/mnt/md1/user_wago/data/LJSpeech-1.1/wavs/LJ016-0205.wav,6.4623125,4.40173
/mnt/md1/user_wago/data/LJSpeech-1.1/wavs/LJ019-0043.wav,9.480875,4.4529934
/mnt/md1/user_wago/data/LJSpeech-1.1/wavs/LJ014-0203.wav,6.9266875,4.511092
/mnt/md1/user_wago/data/LJSpeech-1.1/wavs/LJ028-0389.wav,1.38875,4.1105924
/mnt/md1/user_wago/data/LJSpeech-1.1/wavs/LJ012-0267.wav,6.3461875,4.4914584
/mnt/md1/user_wago/data/LJSpeech-1.1/wavs/LJ015-0248.wav,9.7015,4.6663013
/mnt/md1/user_wago/data/LJSpeech-1.1/wavs/LJ012-0144.wav,4.778875,4.626122
/mnt/md1/user_wago/data/LJSpeech-1.1/wavs/LJ031-0012.wav,3.8384375,4.661849
/mnt/md1/user_wago/data/LJSpeech-1.1/wavs/LJ046-0212.wav,2.7819375,4.3314404
/mnt/md1/user_wago/data/LJSpeech-1.1/wavs/LJ046-0134.wav,5.5683125,4.6805134
/mnt/md1/user_wago/data/LJSpeech-1.1/wavs/LJ028-0469.wav,5.5335,4.51579
/mnt/md1/user_wago/data/LJSpeech-1.1/wavs/LJ045-0039.wav,7.1705,4.7277
/mnt/md1/user_wago/data/LJSpeech-1.1/wavs/LJ008-0164.wav,7.56525,4.556959
/mnt/md1/user_wago/data/LJSpeech-1.1/wavs/LJ035-0163.wav,8.505625,4.422531
/mnt/md1/user_wago/data/LJSpeech-1.1/wavs/LJ004-0102.wav,8.819125,4.355537
/mnt/md1/user_wago/data/LJSpeech-1.1/wavs/LJ044-0228.wav,6.1720625,4.490315
/mnt/md1/user_wago/data/LJSpeech-1.1/wavs/LJ034-0030.wav,4.651125,4.7377644
/mnt/md1/user_wago/data/LJSpeech-1.1/wavs/LJ012-0296.wav,8.227,4.6380615
/mnt/md1/user_wago/data/LJSpeech-1.1/wavs/LJ009-0111.wav,9.597,4.414976
/mnt/md1/user_wago/data/LJSpeech-1.1/wavs/LJ019-0237.wav,9.9685,4.684701
/mnt/md1/user_wago/data/LJSpeech-1.1/wavs/LJ023-0100.wav,8.7610625,4.4428635
/mnt/md1/user_wago/data/LJSpeech-1.1/wavs/LJ032-0262.wav,8.343125,4.598809
/mnt/md1/user_wago/data/LJSpeech-1.1/wavs/LJ046-0135.wav,4.9994375,4.6970806
/mnt/md1/user_wago/data/LJSpeech-1.1/wavs/LJ001-0023.wav,8.447625,4.4588337
/mnt/md1/user_wago/data/LJSpeech-1.1/wavs/LJ022-0130.wav,8.8655625,4.6927285
/mnt/md1/user_wago/data/LJSpeech-1.1/wavs/LJ041-0156.wav,3.1883125,3.9752834
/mnt/md1/user_wago/data/LJSpeech-1.1/wavs/LJ048-0181.wav,6.61325,4.712155
/mnt/md1/user_wago/data/LJSpeech-1.1/wavs/LJ016-0282.wav,7.0079375,4.4948497
/mnt/md1/user_wago/data/LJSpeech-1.1/wavs/LJ045-0053.wav,6.787375,4.456187
/mnt/md1/user_wago/data/LJSpeech-1.1/wavs/LJ002-0012.wav,2.0156875,4.6026654
/mnt/md1/user_wago/data/LJSpeech-1.1/wavs/LJ008-0277.wav,9.8524375,4.4418178
/mnt/md1/user_wago/data/LJSpeech-1.1/wavs/LJ046-0068.wav,6.1488125,4.5755177
/mnt/md1/user_wago/data/LJSpeech-1.1/wavs/LJ038-0014.wav,10.09625,4.471137
/mnt/md1/user_wago/data/LJSpeech-1.1/wavs/LJ028-0256.wav,6.1488125,4.4895124
/mnt/md1/user_wago/data/LJSpeech-1.1/wavs/LJ015-0233.wav,7.4259375,4.6232743
/mnt/md1/user_wago/data/LJSpeech-1.1/wavs/LJ025-0015.wav,8.029625,4.7044353
/mnt/md1/user_wago/data/LJSpeech-1.1/wavs/LJ041-0189.wav,9.51575,4.3765926
/mnt/md1/user_wago/data/LJSpeech-1.1/wavs/LJ030-0092.wav,8.0993125,4.5652437
/mnt/md1/user_wago/data/LJSpeech-1.1/wavs/LJ017-0099.wav,9.2603125,4.741146
/mnt/md1/user_wago/data/LJSpeech-1.1/wavs/LJ029-0009.wav,9.57375,4.6955624
/mnt/md1/user_wago/data/LJSpeech-1.1/wavs/LJ045-0005.wav,7.5188125,4.62213
/mnt/md1/user_wago/data/LJSpeech-1.1/wavs/LJ009-0102.wav,4.9298125,4.050563
/mnt/md1/user_wago/data/LJSpeech-1.1/wavs/LJ037-0253.wav,6.13725,4.582824
/mnt/md1/user_wago/data/LJSpeech-1.1/wavs/LJ037-0233.wav,9.5505625,4.609119
/mnt/md1/user_wago/data/LJSpeech-1.1/wavs/LJ018-0361.wav,2.5033125,4.694749
/mnt/md1/user_wago/data/LJSpeech-1.1/wavs/LJ030-0194.wav,4.953,4.5834923
/mnt/md1/user_wago/data/LJSpeech-1.1/wavs/LJ001-0050.wav,7.275,4.46941
/mnt/md1/user_wago/data/LJSpeech-1.1/wavs/LJ013-0231.wav,1.76025,4.718176
/mnt/md1/user_wago/data/LJSpeech-1.1/wavs/LJ007-0230.wav,4.175125,4.5373373
/mnt/md1/user_wago/data/LJSpeech-1.1/wavs/LJ043-0036.wav,9.0745625,4.7707205
/mnt/md1/user_wago/data/LJSpeech-1.1/wavs/LJ011-0227.wav,5.5915625,4.7694564
/mnt/md1/user_wago/data/LJSpeech-1.1/wavs/LJ026-0031.wav,5.0806875,4.581252
/mnt/md1/user_wago/data/LJSpeech-1.1/wavs/LJ035-0105.wav,7.391125,4.4169445
/mnt/md1/user_wago/data/LJSpeech-1.1/wavs/LJ032-0226.wav,5.24325,4.687184
/mnt/md1/user_wago/data/LJSpeech-1.1/wavs/LJ024-0018.wav,7.9135625,4.376182
/mnt/md1/user_wago/data/LJSpeech-1.1/wavs/LJ006-0175.wav,3.13025,4.5136056
/mnt/md1/user_wago/data/LJSpeech-1.1/wavs/LJ047-0039.wav,4.1055,4.4577765
/mnt/md1/user_wago/data/LJSpeech-1.1/wavs/LJ002-0184.wav,5.730875,4.5047216
/mnt/md1/user_wago/data/LJSpeech-1.1/wavs/LJ005-0018.wav,7.4375625,4.6404276
/mnt/md1/user_wago/data/LJSpeech-1.1/wavs/LJ050-0277.wav,8.714625,4.684543
/mnt/md1/user_wago/data/LJSpeech-1.1/wavs/LJ017-0026.wav,7.263375,4.733674
/mnt/md1/user_wago/data/LJSpeech-1.1/wavs/LJ025-0162.wav,5.429,4.6901464
/mnt/md1/user_wago/data/LJSpeech-1.1/wavs/LJ014-0090.wav,6.601625,4.673298
/mnt/md1/user_wago/data/LJSpeech-1.1/wavs/LJ026-0128.wav,7.948375,4.459981
/mnt/md1/user_wago/data/LJSpeech-1.1/wavs/LJ030-0204.wav,8.72625,4.660123
/mnt/md1/user_wago/data/LJSpeech-1.1/wavs/LJ002-0196.wav,9.9104375,4.5458975
/mnt/md1/user_wago/data/LJSpeech-1.1/wavs/LJ021-0167.wav,8.029625,4.3394403
/mnt/md1/user_wago/data/LJSpeech-1.1/wavs/LJ025-0108.wav,5.71925,4.7584405
/mnt/md1/user_wago/data/LJSpeech-1.1/wavs/LJ048-0270.wav,8.424375,4.627437
/mnt/md1/user_wago/data/LJSpeech-1.1/wavs/LJ030-0077.wav,7.3446875,4.5878124
/mnt/md1/user_wago/data/LJSpeech-1.1/wavs/LJ045-0200.wav,9.7130625,4.633686
/mnt/md1/user_wago/data/LJSpeech-1.1/wavs/LJ023-0066.wav,5.22,4.5816526
/mnt/md1/user_wago/data/LJSpeech-1.1/wavs/LJ038-0281.wav,8.343125,4.406803
/mnt/md1/user_wago/data/LJSpeech-1.1/wavs/LJ046-0120.wav,7.66975,4.4937596
/mnt/md1/user_wago/data/LJSpeech-1.1/wavs/LJ038-0205.wav,4.070625,4.8278356
/mnt/md1/user_wago/data/LJSpeech-1.1/wavs/LJ028-0322.wav,1.7021875,4.309252
/mnt/md1/user_wago/data/LJSpeech-1.1/wavs/LJ044-0117.wav,3.3508125,4.6238976
/mnt/md1/user_wago/data/LJSpeech-1.1/wavs/LJ011-0286.wav,3.39725,4.5549536
/mnt/md1/user_wago/data/LJSpeech-1.1/wavs/LJ024-0127.wav,9.689875,4.127111
/mnt/md1/user_wago/data/LJSpeech-1.1/wavs/LJ047-0070.wav,5.730875,4.5623884
/mnt/md1/user_wago/data/LJSpeech-1.1/wavs/LJ039-0223.wav,9.0745625,4.4045944
/mnt/md1/user_wago/data/LJSpeech-1.1/wavs/LJ015-0221.wav,7.56525,4.5558066
/mnt/md1/user_wago/data/LJSpeech-1.1/wavs/LJ005-0168.wav,7.263375,4.6728606
/mnt/md1/user_wago/data/LJSpeech-1.1/wavs/LJ004-0156.wav,3.5714375,4.469112
/mnt/md1/user_wago/data/LJSpeech-1.1/wavs/LJ049-0129.wav,9.585375,4.606852
/mnt/md1/user_wago/data/LJSpeech-1.1/wavs/LJ018-0035.wav,6.7293125,4.720616
/mnt/md1/user_wago/data/LJSpeech-1.1/wavs/LJ013-0161.wav,5.0806875,4.6889477
/mnt/md1/user_wago/data/LJSpeech-1.1/wavs/LJ010-0076.wav,8.99325,4.760424
/mnt/md1/user_wago/data/LJSpeech-1.1/wavs/LJ014-0318.wav,7.83225,4.7353344
/mnt/md1/user_wago/data/LJSpeech-1.1/wavs/LJ022-0099.wav,6.392625,4.6963444
/mnt/md1/user_wago/data/LJSpeech-1.1/wavs/LJ009-0017.wav,5.521875,4.6661572
/mnt/md1/user_wago/data/LJSpeech-1.1/wavs/LJ028-0375.wav,5.359375,4.5082283
/mnt/md1/user_wago/data/LJSpeech-1.1/wavs/LJ047-0021.wav,8.842375,4.676828
/mnt/md1/user_wago/data/LJSpeech-1.1/wavs/LJ012-0157.wav,8.157375,4.7027755
/mnt/md1/user_wago/data/LJSpeech-1.1/wavs/LJ002-0166.wav,4.279625,4.6696954
/mnt/md1/user_wago/data/LJSpeech-1.1/wavs/LJ003-0002.wav,6.6364375,4.554982
/mnt/md1/user_wago/data/LJSpeech-1.1/wavs/LJ034-0155.wav,2.561375,4.8156996
/mnt/md1/user_wago/data/LJSpeech-1.1/wavs/LJ028-0151.wav,4.360875,4.300127
/mnt/md1/user_wago/data/LJSpeech-1.1/wavs/LJ028-0202.wav,6.3345625,4.3880396
/mnt/md1/user_wago/data/LJSpeech-1.1/wavs/LJ017-0160.wav,4.1170625,4.6809225
/mnt/md1/user_wago/data/LJSpeech-1.1/wavs/LJ022-0182.wav,3.525,4.795144
/mnt/md1/user_wago/data/LJSpeech-1.1/wavs/LJ028-0506.wav,4.1055,4.7391787
/mnt/md1/user_wago/data/LJSpeech-1.1/wavs/LJ003-0062.wav,8.0876875,4.519709
/mnt/md1/user_wago/data/LJSpeech-1.1/wavs/LJ009-0135.wav,3.8268125,4.7242975
/mnt/md1/user_wago/data/LJSpeech-1.1/wavs/LJ029-0205.wav,9.6201875,4.553448
/mnt/md1/user_wago/data/LJSpeech-1.1/wavs/LJ014-0322.wav,5.61475,4.63486
/mnt/md1/user_wago/data/LJSpeech-1.1/wavs/LJ012-0019.wav,4.860125,4.7064524
/mnt/md1/user_wago/data/LJSpeech-1.1/wavs/LJ014-0055.wav,9.7246875,4.6058874
/mnt/md1/user_wago/data/LJSpeech-1.1/wavs/LJ044-0093.wav,8.7494375,4.393052
/mnt/md1/user_wago/data/LJSpeech-1.1/wavs/LJ006-0152.wav,5.1039375,4.2893085
/mnt/md1/user_wago/data/LJSpeech-1.1/wavs/LJ028-0276.wav,8.0876875,4.5016026
/mnt/md1/user_wago/data/LJSpeech-1.1/wavs/LJ046-0047.wav,8.51725,4.5722933
/mnt/md1/user_wago/data/LJSpeech-1.1/wavs/LJ002-0136.wav,2.8631875,4.533142
/mnt/md1/user_wago/data/LJSpeech-1.1/wavs/LJ010-0152.wav,6.7641875,4.3056803
/mnt/md1/user_wago/data/LJSpeech-1.1/wavs/LJ031-0018.wav,8.1805625,4.6920643
/mnt/md1/user_wago/data/LJSpeech-1.1/wavs/LJ005-0092.wav,8.7494375,4.431784
/mnt/md1/user_wago/data/LJSpeech-1.1/wavs/LJ038-0063.wav,3.5481875,4.788709
/mnt/md1/user_wago/data/LJSpeech-1.1/wavs/LJ030-0173.wav,5.7425,4.7227554
/mnt/md1/user_wago/data/LJSpeech-1.1/wavs/LJ028-0272.wav,5.5335,4.566593
/mnt/md1/user_wago/data/LJSpeech-1.1/wavs/LJ036-0035.wav,3.2115,4.644986
/mnt/md1/user_wago/data/LJSpeech-1.1/wavs/LJ049-0003.wav,3.8384375,4.641193
/mnt/md1/user_wago/data/LJSpeech-1.1/wavs/LJ034-0065.wav,7.8090625,4.6939635
/mnt/md1/user_wago/data/LJSpeech-1.1/wavs/LJ040-0208.wav,5.231625,4.388526
/mnt/md1/user_wago/data/LJSpeech-1.1/wavs/LJ039-0218.wav,7.971625,4.358335
/mnt/md1/user_wago/data/LJSpeech-1.1/wavs/LJ047-0065.wav,8.261875,4.4767637
/mnt/md1/user_wago/data/LJSpeech-1.1/wavs/LJ019-0069.wav,9.771125,4.488265
/mnt/md1/user_wago/data/LJSpeech-1.1/wavs/LJ004-0029.wav,6.50875,4.29712
/mnt/md1/user_wago/data/LJSpeech-1.1/wavs/LJ040-0074.wav,5.417375,4.4395247
/mnt/md1/user_wago/data/LJSpeech-1.1/wavs/LJ050-0033.wav,5.5335,4.718316
/mnt/md1/user_wago/data/LJSpeech-1.1/wavs/LJ016-0119.wav,9.6550625,4.690579
/mnt/md1/user_wago/data/LJSpeech-1.1/wavs/LJ011-0007.wav,10.0033125,4.4308434
/mnt/md1/user_wago/data/LJSpeech-1.1/wavs/LJ046-0008.wav,7.83225,4.6115417
/mnt/md1/user_wago/data/LJSpeech-1.1/wavs/LJ032-0167.wav,5.9746875,4.7309465
/mnt/md1/user_wago/data/LJSpeech-1.1/wavs/LJ009-0226.wav,8.8771875,4.606132
/mnt/md1/user_wago/data/LJSpeech-1.1/wavs/LJ030-0021.wav,9.8524375,4.6492596
/mnt/md1/user_wago/data/LJSpeech-1.1/wavs/LJ003-0159.wav,9.121,4.482476
/mnt/md1/user_wago/data/LJSpeech-1.1/wavs/LJ034-0054.wav,5.3825625,4.6370316
/mnt/md1/user_wago/data/LJSpeech-1.1/wavs/LJ003-0242.wav,6.29975,4.452298
/mnt/md1/user_wago/data/LJSpeech-1.1/wavs/LJ046-0241.wav,9.9453125,4.429458
/mnt/md1/user_wago/data/LJSpeech-1.1/wavs/LJ025-0172.wav,8.215375,4.4437237
/mnt/md1/user_wago/data/LJSpeech-1.1/wavs/LJ015-0291.wav,4.8253125,4.6847973
/mnt/md1/user_wago/data/LJSpeech-1.1/wavs/LJ014-0272.wav,7.391125,4.616283
/mnt/md1/user_wago/data/LJSpeech-1.1/wavs/LJ009-0300.wav,7.6000625,4.704934
/mnt/md1/user_wago/data/LJSpeech-1.1/wavs/LJ018-0359.wav,6.50875,4.618554
/mnt/md1/user_wago/data/LJSpeech-1.1/wavs/LJ044-0126.wav,6.1604375,4.5044427
/mnt/md1/user_wago/data/LJSpeech-1.1/wavs/LJ027-0096.wav,3.432125,4.4564013
/mnt/md1/user_wago/data/LJSpeech-1.1/wavs/LJ032-0109.wav,2.3871875,4.8188143
/mnt/md1/user_wago/data/LJSpeech-1.1/wavs/LJ003-0189.wav,9.9685,4.5713243
/mnt/md1/user_wago/data/LJSpeech-1.1/wavs/LJ007-0100.wav,5.1968125,4.6477075
/mnt/md1/user_wago/data/LJSpeech-1.1/wavs/LJ050-0029.wav,4.7324375,4.6987286
/mnt/md1/user_wago/data/LJSpeech-1.1/wavs/LJ035-0206.wav,8.343125,4.4722404
/mnt/md1/user_wago/data/LJSpeech-1.1/wavs/LJ036-0016.wav,5.8934375,4.697842
/mnt/md1/user_wago/data/LJSpeech-1.1/wavs/LJ021-0094.wav,9.109375,4.4334536
/mnt/md1/user_wago/data/LJSpeech-1.1/wavs/LJ016-0144.wav,1.2145625,4.093404
/mnt/md1/user_wago/data/LJSpeech-1.1/wavs/LJ006-0201.wav,5.0226875,4.663101
/mnt/md1/user_wago/data/LJSpeech-1.1/wavs/LJ013-0136.wav,9.7363125,4.5988975
/mnt/md1/user_wago/data/LJSpeech-1.1/wavs/LJ022-0036.wav,5.61475,4.6834245
/mnt/md1/user_wago/data/LJSpeech-1.1/wavs/LJ041-0019.wav,8.0645,4.380829
/mnt/md1/user_wago/data/LJSpeech-1.1/wavs/LJ048-0163.wav,7.83225,4.5781646
/mnt/md1/user_wago/data/LJSpeech-1.1/wavs/LJ015-0222.wav,3.8384375,4.6832075
/mnt/md1/user_wago/data/LJSpeech-1.1/wavs/LJ022-0166.wav,7.96,4.4399204
/mnt/md1/user_wago/data/LJSpeech-1.1/wavs/LJ047-0234.wav,6.4506875,4.5352583
/mnt/md1/user_wago/data/LJSpeech-1.1/wavs/LJ049-0027.wav,9.318375,4.5662255
/mnt/md1/user_wago/data/LJSpeech-1.1/wavs/LJ019-0377.wav,7.96,4.5380697
/mnt/md1/user_wago/data/LJSpeech-1.1/wavs/LJ042-0093.wav,5.2896875,4.5055485
/mnt/md1/user_wago/data/LJSpeech-1.1/wavs/LJ034-0081.wav,3.0838125,4.6630416
/mnt/md1/user_wago/data/LJSpeech-1.1/wavs/LJ043-0042.wav,9.4693125,4.485946
/mnt/md1/user_wago/data/LJSpeech-1.1/wavs/LJ028-0474.wav,2.433625,4.465183
/mnt/md1/user_wago/data/LJSpeech-1.1/wavs/LJ039-0178.wav,6.288125,4.5384245
/mnt/md1/user_wago/data/LJSpeech-1.1/wavs/LJ043-0072.wav,9.875625,4.5360193
/mnt/md1/user_wago/data/LJSpeech-1.1/wavs/LJ028-0370.wav,9.0745625,4.412165
/mnt/md1/user_wago/data/LJSpeech-1.1/wavs/LJ039-0184.wav,6.4390625,4.4776487
/mnt/md1/user_wago/data/LJSpeech-1.1/wavs/LJ040-0015.wav,4.384125,4.3069277
/mnt/md1/user_wago/data/LJSpeech-1.1/wavs/LJ011-0057.wav,7.8206875,4.3954225
/mnt/md1/user_wago/data/LJSpeech-1.1/wavs/LJ031-0218.wav,6.9383125,4.7455816
/mnt/md1/user_wago/data/LJSpeech-1.1/wavs/LJ007-0136.wav,4.0474375,4.6439457
/mnt/md1/user_wago/data/LJSpeech-1.1/wavs/LJ010-0094.wav,3.39725,4.648117
/mnt/md1/user_wago/data/LJSpeech-1.1/wavs/LJ007-0153.wav,9.3415625,4.5404406
/mnt/md1/user_wago/data/LJSpeech-1.1/wavs/LJ050-0084.wav,8.8655625,4.6357813
/mnt/md1/user_wago/data/LJSpeech-1.1/wavs/LJ030-0085.wav,10.0033125,4.646482
/mnt/md1/user_wago/data/LJSpeech-1.1/wavs/LJ008-0275.wav,6.9615,4.1497808
/mnt/md1/user_wago/data/LJSpeech-1.1/wavs/LJ018-0156.wav,4.6279375,4.757783
/mnt/md1/user_wago/data/LJSpeech-1.1/wavs/LJ038-0209.wav,4.2448125,4.6491227
/mnt/md1/user_wago/data/LJSpeech-1.1/wavs/LJ022-0067.wav,6.7176875,4.609226
/mnt/md1/user_wago/data/LJSpeech-1.1/wavs/LJ021-0129.wav,4.29125,4.464449
/mnt/md1/user_wago/data/LJSpeech-1.1/wavs/LJ042-0241.wav,4.477,4.346743
/mnt/md1/user_wago/data/LJSpeech-1.1/wavs/LJ001-0080.wav,5.3941875,4.515683
/mnt/md1/user_wago/data/LJSpeech-1.1/wavs/LJ005-0250.wav,5.939875,4.563387
/mnt/md1/user_wago/data/LJSpeech-1.1/wavs/LJ032-0249.wav,9.9336875,4.613722
/mnt/md1/user_wago/data/LJSpeech-1.1/wavs/LJ029-0195.wav,8.1109375,4.699037
/mnt/md1/user_wago/data/LJSpeech-1.1/wavs/LJ011-0086.wav,4.4305625,4.433365
/mnt/md1/user_wago/data/LJSpeech-1.1/wavs/LJ003-0336.wav,8.3779375,4.52815
/mnt/md1/user_wago/data/LJSpeech-1.1/wavs/LJ012-0057.wav,5.905,4.711959
/mnt/md1/user_wago/data/LJSpeech-1.1/wavs/LJ047-0096.wav,7.08925,4.588405
/mnt/md1/user_wago/data/LJSpeech-1.1/wavs/LJ036-0109.wav,6.787375,4.2865686
/mnt/md1/user_wago/data/LJSpeech-1.1/wavs/LJ015-0127.wav,7.66975,4.6521187
/mnt/md1/user_wago/data/LJSpeech-1.1/wavs/LJ036-0053.wav,5.4986875,4.7502146
/mnt/md1/user_wago/data/LJSpeech-1.1/wavs/LJ033-0024.wav,7.7858125,4.633621
/mnt/md1/user_wago/data/LJSpeech-1.1/wavs/LJ026-0134.wav,5.7656875,4.4925437
/mnt/md1/user_wago/data/LJSpeech-1.1/wavs/LJ013-0196.wav,8.447625,4.6061573
/mnt/md1/user_wago/data/LJSpeech-1.1/wavs/LJ045-0100.wav,5.6844375,4.6504006
/mnt/md1/user_wago/data/LJSpeech-1.1/wavs/LJ005-0263.wav,8.0064375,4.6202493
/mnt/md1/user_wago/data/LJSpeech-1.1/wavs/LJ002-0180.wav,4.360875,4.691658
/mnt/md1/user_wago/data/LJSpeech-1.1/wavs/LJ007-0213.wav,3.675875,4.3729334
/mnt/md1/user_wago/data/LJSpeech-1.1/wavs/LJ011-0088.wav,8.5985625,4.5424824
/mnt/md1/user_wago/data/LJSpeech-1.1/wavs/LJ037-0019.wav,8.72625,4.6487265
/mnt/md1/user_wago/data/LJSpeech-1.1/wavs/LJ046-0115.wav,4.198375,4.6665955
/mnt/md1/user_wago/data/LJSpeech-1.1/wavs/LJ003-0097.wav,8.5985625,4.5414143
/mnt/md1/user_wago/data/LJSpeech-1.1/wavs/LJ016-0015.wav,9.956875,4.479102
/mnt/md1/user_wago/data/LJSpeech-1.1/wavs/LJ021-0191.wav,7.8903125,4.357256
/mnt/md1/user_wago/data/LJSpeech-1.1/wavs/LJ027-0002.wav,4.860125,4.292508
/mnt/md1/user_wago/data/LJSpeech-1.1/wavs/LJ017-0091.wav,8.703,4.721685
/mnt/md1/user_wago/data/LJSpeech-1.1/wavs/LJ017-0064.wav,7.56525,4.473871
/mnt/md1/user_wago/data/LJSpeech-1.1/wavs/LJ039-0029.wav,9.4576875,4.633997
/mnt/md1/user_wago/data/LJSpeech-1.1/wavs/LJ028-0513.wav,6.3461875,4.6268716
/mnt/md1/user_wago/data/LJSpeech-1.1/wavs/LJ028-0104.wav,5.22,4.680986
/mnt/md1/user_wago/data/LJSpeech-1.1/wavs/LJ048-0056.wav,3.1534375,4.693827
/mnt/md1/user_wago/data/LJSpeech-1.1/wavs/LJ040-0053.wav,9.0629375,4.1286902
/mnt/md1/user_wago/data/LJSpeech-1.1/wavs/LJ049-0020.wav,8.41275,4.5052023
/mnt/md1/user_wago/data/LJSpeech-1.1/wavs/LJ032-0021.wav,9.5621875,4.5366225
/mnt/md1/user_wago/data/LJSpeech-1.1/wavs/LJ050-0009.wav,9.30675,4.7112846
/mnt/md1/user_wago/data/LJSpeech-1.1/wavs/LJ026-0093.wav,7.2981875,4.551666
/mnt/md1/user_wago/data/LJSpeech-1.1/wavs/LJ016-0153.wav,5.5683125,4.6840034
/mnt/md1/user_wago/data/LJSpeech-1.1/wavs/LJ031-0049.wav,7.4026875,4.5721292
/mnt/md1/user_wago/data/LJSpeech-1.1/wavs/LJ029-0134.wav,2.6774375,4.805979
/mnt/md1/user_wago/data/LJSpeech-1.1/wavs/LJ046-0170.wav,3.4553125,4.7314315
/mnt/md1/user_wago/data/LJSpeech-1.1/wavs/LJ014-0199.wav,7.8903125,4.6881104
/mnt/md1/user_wago/data/LJSpeech-1.1/wavs/LJ037-0258.wav,8.029625,4.7336807
/mnt/md1/user_wago/data/LJSpeech-1.1/wavs/LJ007-0096.wav,7.5304375,4.561782
/mnt/md1/user_wago/data/LJSpeech-1.1/wavs/LJ006-0258.wav,8.0064375,4.4615993
/mnt/md1/user_wago/data/LJSpeech-1.1/wavs/LJ028-0068.wav,6.5551875,4.52918
/mnt/md1/user_wago/data/LJSpeech-1.1/wavs/LJ042-0182.wav,5.231625,4.451453
/mnt/md1/user_wago/data/LJSpeech-1.1/wavs/LJ048-0004.wav,8.8655625,4.629171
/mnt/md1/user_wago/data/LJSpeech-1.1/wavs/LJ018-0075.wav,5.231625,4.638504
/mnt/md1/user_wago/data/LJSpeech-1.1/wavs/LJ045-0168.wav,7.4143125,4.4916086
/mnt/md1/user_wago/data/LJSpeech-1.1/wavs/LJ037-0023.wav,5.916625,4.6888714
/mnt/md1/user_wago/data/LJSpeech-1.1/wavs/LJ015-0022.wav,7.158875,4.4418116
/mnt/md1/user_wago/data/LJSpeech-1.1/wavs/LJ032-0082.wav,2.805125,4.405545
/mnt/md1/user_wago/data/LJSpeech-1.1/wavs/LJ009-0186.wav,8.5405,4.4208226
/mnt/md1/user_wago/data/LJSpeech-1.1/wavs/LJ050-0231.wav,7.9831875,4.5902834
/mnt/md1/user_wago/data/LJSpeech-1.1/wavs/LJ008-0286.wav,9.5505625,4.509034
/mnt/md1/user_wago/data/LJSpeech-1.1/wavs/LJ035-0209.wav,1.5164375,4.6838255
/mnt/md1/user_wago/data/LJSpeech-1.1/wavs/LJ024-0141.wav,7.25175,4.235526
/mnt/md1/user_wago/data/LJSpeech-1.1/wavs/LJ012-0242.wav,8.436,4.557939
/mnt/md1/user_wago/data/LJSpeech-1.1/wavs/LJ027-0084.wav,5.7540625,4.5886583
/mnt/md1/user_wago/data/LJSpeech-1.1/wavs/LJ044-0008.wav,3.6294375,4.6884375
/mnt/md1/user_wago/data/LJSpeech-1.1/wavs/LJ013-0129.wav,5.8818125,4.6302385
/mnt/md1/user_wago/data/LJSpeech-1.1/wavs/LJ007-0101.wav,9.388,4.5794735
/mnt/md1/user_wago/data/LJSpeech-1.1/wavs/LJ016-0217.wav,6.973125,4.603695
/mnt/md1/user_wago/data/LJSpeech-1.1/wavs/LJ019-0283.wav,3.7571875,4.4236555
/mnt/md1/user_wago/data/LJSpeech-1.1/wavs/LJ018-0096.wav,6.9383125,4.6581845
/mnt/md1/user_wago/data/LJSpeech-1.1/wavs/LJ016-0133.wav,5.82375,4.6766624
/mnt/md1/user_wago/data/LJSpeech-1.1/wavs/LJ028-0168.wav,3.7688125,4.5209427
/mnt/md1/user_wago/data/LJSpeech-1.1/wavs/LJ009-0283.wav,5.5683125,4.582327
/mnt/md1/user_wago/data/LJSpeech-1.1/wavs/LJ037-0036.wav,8.227,4.6900735
/mnt/md1/user_wago/data/LJSpeech-1.1/wavs/LJ042-0013.wav,9.5505625,4.6994114
/mnt/md1/user_wago/data/LJSpeech-1.1/wavs/LJ022-0125.wav,6.5319375,4.6234436
/mnt/md1/user_wago/data/LJSpeech-1.1/wavs/LJ012-0090.wav,5.6031875,4.6114864
/mnt/md1/user_wago/data/LJSpeech-1.1/wavs/LJ034-0104.wav,7.8206875,4.5125017
/mnt/md1/user_wago/data/LJSpeech-1.1/wavs/LJ044-0181.wav,8.1921875,4.551406
/mnt/md1/user_wago/data/LJSpeech-1.1/wavs/LJ034-0214.wav,7.83225,4.57338
/mnt/md1/user_wago/data/LJSpeech-1.1/wavs/LJ046-0122.wav,6.0095,4.6933136
/mnt/md1/user_wago/data/LJSpeech-1.1/wavs/LJ021-0054.wav,2.9909375,4.477153
/mnt/md1/user_wago/data/LJSpeech-1.1/wavs/LJ009-0056.wav,9.4228125,4.627926
/mnt/md1/user_wago/data/LJSpeech-1.1/wavs/LJ016-0336.wav,5.8818125,4.619315
/mnt/md1/user_wago/data/LJSpeech-1.1/wavs/LJ026-0051.wav,7.7278125,4.600755
/mnt/md1/user_wago/data/LJSpeech-1.1/wavs/LJ043-0014.wav,5.730875,4.5504036
/mnt/md1/user_wago/data/LJSpeech-1.1/wavs/LJ016-0039.wav,6.1488125,4.6951723
/mnt/md1/user_wago/data/LJSpeech-1.1/wavs/LJ006-0291.wav,2.5729375,4.737242
/mnt/md1/user_wago/data/LJSpeech-1.1/wavs/LJ004-0098.wav,6.7641875,4.0327144
/mnt/md1/user_wago/data/LJSpeech-1.1/wavs/LJ020-0015.wav,3.1766875,4.470729
/mnt/md1/user_wago/data/LJSpeech-1.1/wavs/LJ005-0202.wav,6.2765625,4.520669
/mnt/md1/user_wago/data/LJSpeech-1.1/wavs/LJ019-0196.wav,5.0806875,4.7047915
/mnt/md1/user_wago/data/LJSpeech-1.1/wavs/LJ008-0282.wav,9.7363125,4.4742203
/mnt/md1/user_wago/data/LJSpeech-1.1/wavs/LJ049-0162.wav,5.127125,4.639931
/mnt/md1/user_wago/data/LJSpeech-1.1/wavs/LJ002-0301.wav,9.388,4.387582
/mnt/md1/user_wago/data/LJSpeech-1.1/wavs/LJ013-0050.wav,2.6890625,4.6904826
/mnt/md1/user_wago/data/LJSpeech-1.1/wavs/LJ043-0157.wav,7.7045625,4.520623
/mnt/md1/user_wago/data/LJSpeech-1.1/wavs/LJ028-0118.wav,6.381,4.488511
/mnt/md1/user_wago/data/LJSpeech-1.1/wavs/LJ003-0110.wav,4.674375,4.6411285
/mnt/md1/user_wago/data/LJSpeech-1.1/wavs/LJ025-0077.wav,1.957625,4.743139
/mnt/md1/user_wago/data/LJSpeech-1.1/wavs/LJ042-0174.wav,6.1488125,4.725774
/mnt/md1/user_wago/data/LJSpeech-1.1/wavs/LJ019-0018.wav,7.751,4.649072
/mnt/md1/user_wago/data/LJSpeech-1.1/wavs/LJ039-0245.wav,7.3098125,4.1774697
/mnt/md1/user_wago/data/LJSpeech-1.1/wavs/LJ014-0115.wav,2.54975,4.6996074
/mnt/md1/user_wago/data/LJSpeech-1.1/wavs/LJ047-0173.wav,9.8408125,4.4893994
/mnt/md1/user_wago/data/LJSpeech-1.1/wavs/LJ042-0111.wav,3.385625,4.7068515
/mnt/md1/user_wago/data/LJSpeech-1.1/wavs/LJ015-0113.wav,4.8020625,4.3498545
/mnt/md1/user_wago/data/LJSpeech-1.1/wavs/LJ016-0092.wav,5.638,4.5953813
/mnt/md1/user_wago/data/LJSpeech-1.1/wavs/LJ039-0114.wav,7.4026875,4.7164364
/mnt/md1/user_wago/data/LJSpeech-1.1/wavs/LJ018-0203.wav,6.1604375,4.7233925
/mnt/md1/user_wago/data/LJSpeech-1.1/wavs/LJ010-0006.wav,9.0396875,4.585993
/mnt/md1/user_wago/data/LJSpeech-1.1/wavs/LJ040-0146.wav,7.4375625,4.4453945
/mnt/md1/user_wago/data/LJSpeech-1.1/wavs/LJ028-0425.wav,8.1921875,4.144955
/mnt/md1/user_wago/data/LJSpeech-1.1/wavs/LJ022-0073.wav,7.5188125,4.619531
/mnt/md1/user_wago/data/LJSpeech-1.1/wavs/LJ039-0049.wav,9.956875,4.550483
/mnt/md1/user_wago/data/LJSpeech-1.1/wavs/LJ017-0092.wav,5.7425,4.56282
/mnt/md1/user_wago/data/LJSpeech-1.1/wavs/LJ040-0024.wav,8.436,4.131234
/mnt/md1/user_wago/data/LJSpeech-1.1/wavs/LJ005-0280.wav,3.4669375,4.7175665
/mnt/md1/user_wago/data/LJSpeech-1.1/wavs/LJ045-0233.wav,7.158875,4.5956087
/mnt/md1/user_wago/data/LJSpeech-1.1/wavs/LJ027-0058.wav,5.045875,4.5634336
/mnt/md1/user_wago/data/LJSpeech-1.1/wavs/LJ013-0227.wav,6.799,4.615013
/mnt/md1/user_wago/data/LJSpeech-1.1/wavs/LJ014-0188.wav,5.2665,4.64937
/mnt/md1/user_wago/data/LJSpeech-1.1/wavs/LJ018-0374.wav,7.275,4.580038
/mnt/md1/user_wago/data/LJSpeech-1.1/wavs/LJ042-0207.wav,7.484,4.4464116
/mnt/md1/user_wago/data/LJSpeech-1.1/wavs/LJ014-0128.wav,8.2966875,4.580774
/mnt/md1/user_wago/data/LJSpeech-1.1/wavs/LJ003-0213.wav,4.76725,4.700964
/mnt/md1/user_wago/data/LJSpeech-1.1/wavs/LJ046-0133.wav,5.7889375,4.760579
/mnt/md1/user_wago/data/LJSpeech-1.1/wavs/LJ029-0111.wav,7.5071875,4.574094
/mnt/md1/user_wago/data/LJSpeech-1.1/wavs/LJ005-0266.wav,7.542,4.659639
/mnt/md1/user_wago/data/LJSpeech-1.1/wavs/LJ019-0397.wav,7.925125,4.629307
/mnt/md1/user_wago/data/LJSpeech-1.1/wavs/LJ018-0177.wav,7.1124375,4.721369
/mnt/md1/user_wago/data/LJSpeech-1.1/wavs/LJ040-0199.wav,9.7130625,4.5228357
/mnt/md1/user_wago/data/LJSpeech-1.1/wavs/LJ018-0097.wav,5.6960625,4.5831723
/mnt/md1/user_wago/data/LJSpeech-1.1/wavs/LJ015-0120.wav,8.9584375,4.5288258
/mnt/md1/user_wago/data/LJSpeech-1.1/wavs/LJ011-0256.wav,5.429,4.7072473
/mnt/md1/user_wago/data/LJSpeech-1.1/wavs/LJ039-0133.wav,3.1650625,4.6827474
/mnt/md1/user_wago/data/LJSpeech-1.1/wavs/LJ048-0157.wav,7.925125,4.5736485
/mnt/md1/user_wago/data/LJSpeech-1.1/wavs/LJ018-0364.wav,10.0498125,4.6844435
/mnt/md1/user_wago/data/LJSpeech-1.1/wavs/LJ020-0006.wav,4.0241875,4.461098
/mnt/md1/user_wago/data/LJSpeech-1.1/wavs/LJ005-0152.wav,6.8338125,4.267144
/mnt/md1/user_wago/data/LJSpeech-1.1/wavs/LJ038-0056.wav,5.3941875,4.7454963
/mnt/md1/user_wago/data/LJSpeech-1.1/wavs/LJ041-0029.wav,5.3825625,4.677909
/mnt/md1/user_wago/data/LJSpeech-1.1/wavs/LJ011-0241.wav,8.029625,4.6070614
/mnt/md1/user_wago/data/LJSpeech-1.1/wavs/LJ047-0232.wav,9.30675,4.4752984
/mnt/md1/user_wago/data/LJSpeech-1.1/wavs/LJ008-0077.wav,3.490125,4.4399366
/mnt/md1/user_wago/data/LJSpeech-1.1/wavs/LJ016-0054.wav,6.09075,4.755517
/mnt/md1/user_wago/data/LJSpeech-1.1/wavs/LJ016-0146.wav,5.847,4.650734
/mnt/md1/user_wago/data/LJSpeech-1.1/wavs/LJ036-0175.wav,2.538125,4.645158
/mnt/md1/user_wago/data/LJSpeech-1.1/wavs/LJ030-0205.wav,6.0443125,4.744614
/mnt/md1/user_wago/data/LJSpeech-1.1/wavs/LJ049-0039.wav,5.812125,4.6030197
/mnt/md1/user_wago/data/LJSpeech-1.1/wavs/LJ011-0225.wav,4.3376875,4.7692018
/mnt/md1/user_wago/data/LJSpeech-1.1/wavs/LJ009-0131.wav,8.9584375,4.6441364
/mnt/md1/user_wago/data/LJSpeech-1.1/wavs/LJ034-0031.wav,3.095375,4.5625896
/mnt/md1/user_wago/data/LJSpeech-1.1/wavs/LJ034-0170.wav,7.867125,4.746774
/mnt/md1/user_wago/data/LJSpeech-1.1/wavs/LJ036-0077.wav,4.29125,4.658381
/mnt/md1/user_wago/data/LJSpeech-1.1/wavs/LJ032-0104.wav,1.9924375,4.800263
/mnt/md1/user_wago/data/LJSpeech-1.1/wavs/LJ023-0024.wav,4.3028125,4.6064496
/mnt/md1/user_wago/data/LJSpeech-1.1/wavs/LJ028-0447.wav,5.812125,4.258373
/mnt/md1/user_wago/data/LJSpeech-1.1/wavs/LJ032-0174.wav,7.8090625,4.6985006
/mnt/md1/user_wago/data/LJSpeech-1.1/wavs/LJ045-0016.wav,8.41275,4.4280615
/mnt/md1/user_wago/data/LJSpeech-1.1/wavs/LJ016-0172.wav,8.1689375,4.6018033
/mnt/md1/user_wago/data/LJSpeech-1.1/wavs/LJ018-0039.wav,8.83075,4.5754347
/mnt/md1/user_wago/data/LJSpeech-1.1/wavs/LJ004-0211.wav,4.2099375,4.263782
/mnt/md1/user_wago/data/LJSpeech-1.1/wavs/LJ030-0247.wav,8.261875,4.623987
/mnt/md1/user_wago/data/LJSpeech-1.1/wavs/LJ001-0053.wav,4.5815,4.5614915
/mnt/md1/user_wago/data/LJSpeech-1.1/wavs/LJ025-0038.wav,2.8631875,4.7708297
/mnt/md1/user_wago/data/LJSpeech-1.1/wavs/LJ002-0028.wav,8.8075,4.445337
/mnt/md1/user_wago/data/LJSpeech-1.1/wavs/LJ014-0242.wav,2.8631875,4.6031327
/mnt/md1/user_wago/data/LJSpeech-1.1/wavs/LJ032-0051.wav,7.472375,4.6620708
/mnt/md1/user_wago/data/LJSpeech-1.1/wavs/LJ011-0290.wav,8.4940625,4.4906826
/mnt/md1/user_wago/data/LJSpeech-1.1/wavs/LJ045-0162.wav,8.1225,4.4876547
/mnt/md1/user_wago/data/LJSpeech-1.1/wavs/LJ024-0138.wav,7.158875,4.2737975
/mnt/md1/user_wago/data/LJSpeech-1.1/wavs/LJ032-0097.wav,6.1604375,4.692893
/mnt/md1/user_wago/data/LJSpeech-1.1/wavs/LJ033-0118.wav,7.158875,4.5879507
/mnt/md1/user_wago/data/LJSpeech-1.1/wavs/LJ033-0208.wav,9.318375,4.74324
/mnt/md1/user_wago/data/LJSpeech-1.1/wavs/LJ043-0135.wav,5.1851875,4.7155094
/mnt/md1/user_wago/data/LJSpeech-1.1/wavs/LJ026-0155.wav,4.5234375,4.4283495
/mnt/md1/user_wago/data/LJSpeech-1.1/wavs/LJ044-0172.wav,6.996375,4.55968
/mnt/md1/user_wago/data/LJSpeech-1.1/wavs/LJ018-0362.wav,7.681375,4.6468534
/mnt/md1/user_wago/data/LJSpeech-1.1/wavs/LJ047-0150.wav,10.09625,4.52116
/mnt/md1/user_wago/data/LJSpeech-1.1/wavs/LJ014-0332.wav,5.71925,4.564746
/mnt/md1/user_wago/data/LJSpeech-1.1/wavs/LJ029-0041.wav,4.3028125,4.724536
/mnt/md1/user_wago/data/LJSpeech-1.1/wavs/LJ010-0071.wav,5.3013125,4.482591
/mnt/md1/user_wago/data/LJSpeech-1.1/wavs/LJ039-0095.wav,2.2014375,4.432076
/mnt/md1/user_wago/data/LJSpeech-1.1/wavs/LJ011-0280.wav,2.723875,4.334822
/mnt/md1/user_wago/data/LJSpeech-1.1/wavs/LJ016-0355.wav,2.561375,4.7931967
/mnt/md1/user_wago/data/LJSpeech-1.1/wavs/LJ028-0489.wav,9.585375,4.59795
/mnt/md1/user_wago/data/LJSpeech-1.1/wavs/LJ010-0299.wav,6.9383125,4.7220626
/mnt/md1/user_wago/data/LJSpeech-1.1/wavs/LJ023-0003.wav,8.645,4.5963507
/mnt/md1/user_wago/data/LJSpeech-1.1/wavs/LJ048-0226.wav,5.3941875,4.5562305
/mnt/md1/user_wago/data/LJSpeech-1.1/wavs/LJ028-0065.wav,5.440625,4.5929127
/mnt/md1/user_wago/data/LJSpeech-1.1/wavs/LJ015-0252.wav,2.84,4.7103863
/mnt/md1/user_wago/data/LJSpeech-1.1/wavs/LJ016-0367.wav,6.1836875,4.6397758
/mnt/md1/user_wago/data/LJSpeech-1.1/wavs/LJ015-0296.wav,4.2215625,4.6993337
/mnt/md1/user_wago/data/LJSpeech-1.1/wavs/LJ028-0438.wav,6.206875,4.391068
/mnt/md1/user_wago/data/LJSpeech-1.1/wavs/LJ002-0129.wav,6.09075,4.716733
/mnt/md1/user_wago/data/LJSpeech-1.1/wavs/LJ012-0068.wav,6.4275,4.6543794
/mnt/md1/user_wago/data/LJSpeech-1.1/wavs/LJ001-0164.wav,7.681375,4.6539073
/mnt/md1/user_wago/data/LJSpeech-1.1/wavs/LJ005-0247.wav,2.9676875,4.6149464
/mnt/md1/user_wago/data/LJSpeech-1.1/wavs/LJ023-0079.wav,6.9383125,4.647283
/mnt/md1/user_wago/data/LJSpeech-1.1/wavs/LJ026-0122.wav,7.3098125,4.303435
/mnt/md1/user_wago/data/LJSpeech-1.1/wavs/LJ040-0133.wav,9.20225,3.9948413
/mnt/md1/user_wago/data/LJSpeech-1.1/wavs/LJ011-0044.wav,3.0721875,4.6679974
/mnt/md1/user_wago/data/LJSpeech-1.1/wavs/LJ003-0190.wav,5.2896875,4.4209113
/mnt/md1/user_wago/data/LJSpeech-1.1/wavs/LJ015-0069.wav,6.230125,4.543588
/mnt/md1/user_wago/data/LJSpeech-1.1/wavs/LJ012-0023.wav,9.0396875,4.679947
/mnt/md1/user_wago/data/LJSpeech-1.1/wavs/LJ017-0066.wav,6.0675625,4.657842
/mnt/md1/user_wago/data/LJSpeech-1.1/wavs/LJ015-0312.wav,5.03425,4.5350823
/mnt/md1/user_wago/data/LJSpeech-1.1/wavs/LJ032-0089.wav,7.4026875,4.6540318
/mnt/md1/user_wago/data/LJSpeech-1.1/wavs/LJ041-0167.wav,5.127125,4.49912
/mnt/md1/user_wago/data/LJSpeech-1.1/wavs/LJ030-0215.wav,9.2255,4.690741
/mnt/md1/user_wago/data/LJSpeech-1.1/wavs/LJ050-0174.wav,3.675875,4.7149224
/mnt/md1/user_wago/data/LJSpeech-1.1/wavs/LJ033-0122.wav,3.3740625,4.696746
/mnt/md1/user_wago/data/LJSpeech-1.1/wavs/LJ019-0093.wav,6.1720625,4.635258
/mnt/md1/user_wago/data/LJSpeech-1.1/wavs/LJ046-0178.wav,9.190625,4.626086
/mnt/md1/user_wago/data/LJSpeech-1.1/wavs/LJ004-0089.wav,4.5001875,4.4551277
/mnt/md1/user_wago/data/LJSpeech-1.1/wavs/LJ047-0160.wav,4.1055,4.5771465
/mnt/md1/user_wago/data/LJSpeech-1.1/wavs/LJ011-0089.wav,9.376375,4.6291585
/mnt/md1/user_wago/data/LJSpeech-1.1/wavs/LJ036-0215.wav,6.102375,4.6367393
/mnt/md1/user_wago/data/LJSpeech-1.1/wavs/LJ028-0020.wav,6.810625,4.6001973
/mnt/md1/user_wago/data/LJSpeech-1.1/wavs/LJ046-0053.wav,4.778875,4.7640266
/mnt/md1/user_wago/data/LJSpeech-1.1/wavs/LJ014-0023.wav,7.0195625,4.6388035
/mnt/md1/user_wago/data/LJSpeech-1.1/wavs/LJ015-0211.wav,6.3694375,4.623227
/mnt/md1/user_wago/data/LJSpeech-1.1/wavs/LJ029-0084.wav,5.3941875,4.8204947
/mnt/md1/user_wago/data/LJSpeech-1.1/wavs/LJ028-0245.wav,7.0544375,4.5523634
/mnt/md1/user_wago/data/LJSpeech-1.1/wavs/LJ004-0183.wav,7.5304375,4.548139
/mnt/md1/user_wago/data/LJSpeech-1.1/wavs/LJ045-0078.wav,7.8786875,4.311079
/mnt/md1/user_wago/data/LJSpeech-1.1/wavs/LJ023-0138.wav,8.215375,4.4277277
/mnt/md1/user_wago/data/LJSpeech-1.1/wavs/LJ004-0212.wav,5.440625,4.3798504
/mnt/md1/user_wago/data/LJSpeech-1.1/wavs/LJ050-0175.wav,9.30675,4.625637
/mnt/md1/user_wago/data/LJSpeech-1.1/wavs/LJ028-0122.wav,9.4925,4.568704
/mnt/md1/user_wago/data/LJSpeech-1.1/wavs/LJ039-0193.wav,8.3779375,4.398494
/mnt/md1/user_wago/data/LJSpeech-1.1/wavs/LJ005-0026.wav,9.3415625,4.608066
/mnt/md1/user_wago/data/LJSpeech-1.1/wavs/LJ022-0154.wav,4.175125,4.5815954
/mnt/md1/user_wago/data/LJSpeech-1.1/wavs/LJ049-0011.wav,9.6318125,4.618584
/mnt/md1/user_wago/data/LJSpeech-1.1/wavs/LJ033-0028.wav,3.81525,4.6298084
/mnt/md1/user_wago/data/LJSpeech-1.1/wavs/LJ033-0211.wav,4.836875,4.7304735
/mnt/md1/user_wago/data/LJSpeech-1.1/wavs/LJ022-0116.wav,1.980875,4.4366307
/mnt/md1/user_wago/data/LJSpeech-1.1/wavs/LJ027-0128.wav,9.109375,3.7936
/mnt/md1/user_wago/data/LJSpeech-1.1/wavs/LJ042-0082.wav,6.0791875,4.579874
/mnt/md1/user_wago/data/LJSpeech-1.1/wavs/LJ019-0386.wav,7.6929375,4.606623
/mnt/md1/user_wago/data/LJSpeech-1.1/wavs/LJ013-0112.wav,6.8338125,4.688275
/mnt/md1/user_wago/data/LJSpeech-1.1/wavs/LJ018-0302.wav,9.504125,4.7346563
/mnt/md1/user_wago/data/LJSpeech-1.1/wavs/LJ028-0495.wav,6.9615,4.680421
/mnt/md1/user_wago/data/LJSpeech-1.1/wavs/LJ048-0107.wav,2.3059375,4.6999693
/mnt/md1/user_wago/data/LJSpeech-1.1/wavs/LJ022-0087.wav,4.686,4.6208205
/mnt/md1/user_wago/data/LJSpeech-1.1/wavs/LJ011-0181.wav,7.56525,4.4608264
/mnt/md1/user_wago/data/LJSpeech-1.1/wavs/LJ049-0174.wav,7.8090625,4.5963345
/mnt/md1/user_wago/data/LJSpeech-1.1/wavs/LJ016-0196.wav,10.084625,4.5456758
/mnt/md1/user_wago/data/LJSpeech-1.1/wavs/LJ048-0210.wav,7.7278125,4.6085925
/mnt/md1/user_wago/data/LJSpeech-1.1/wavs/LJ014-0225.wav,5.1968125,4.738811
/mnt/md1/user_wago/data/LJSpeech-1.1/wavs/LJ035-0190.wav,8.343125,4.4663124
/mnt/md1/user_wago/data/LJSpeech-1.1/wavs/LJ024-0065.wav,6.1488125,4.241775
/mnt/md1/user_wago/data/LJSpeech-1.1/wavs/LJ043-0182.wav,9.2255,4.7257037
/mnt/md1/user_wago/data/LJSpeech-1.1/wavs/LJ003-0235.wav,8.2734375,4.659544
/mnt/md1/user_wago/data/LJSpeech-1.1/wavs/LJ007-0177.wav,6.40425,4.670304
/mnt/md1/user_wago/data/LJSpeech-1.1/wavs/LJ031-0088.wav,7.4259375,4.529139
/mnt/md1/user_wago/data/LJSpeech-1.1/wavs/LJ014-0007.wav,6.9035,4.6111298
/mnt/md1/user_wago/data/LJSpeech-1.1/wavs/LJ044-0155.wav,10.0498125,4.5139256
/mnt/md1/user_wago/data/LJSpeech-1.1/wavs/LJ030-0137.wav,1.1449375,4.462899
/mnt/md1/user_wago/data/LJSpeech-1.1/wavs/LJ012-0187.wav,10.084625,4.6022744
/mnt/md1/user_wago/data/LJSpeech-1.1/wavs/LJ046-0080.wav,7.9831875,4.5987153
/mnt/md1/user_wago/data/LJSpeech-1.1/wavs/LJ011-0054.wav,7.843875,4.60655
/mnt/md1/user_wago/data/LJSpeech-1.1/wavs/LJ045-0114.wav,7.9831875,4.5993834
/mnt/md1/user_wago/data/LJSpeech-1.1/wavs/LJ028-0317.wav,5.545125,4.581214
/mnt/md1/user_wago/data/LJSpeech-1.1/wavs/LJ011-0179.wav,4.8253125,4.6220255
/mnt/md1/user_wago/data/LJSpeech-1.1/wavs/LJ016-0120.wav,3.4553125,4.527373
/mnt/md1/user_wago/data/LJSpeech-1.1/wavs/LJ008-0017.wav,6.4739375,4.4844036
/mnt/md1/user_wago/data/LJSpeech-1.1/wavs/LJ016-0306.wav,9.0396875,4.6366053
/mnt/md1/user_wago/data/LJSpeech-1.1/wavs/LJ009-0018.wav,8.7610625,4.578604
/mnt/md1/user_wago/data/LJSpeech-1.1/wavs/LJ017-0145.wav,5.82375,4.7425437
/mnt/md1/user_wago/data/LJSpeech-1.1/wavs/LJ029-0178.wav,4.5001875,4.586842
/mnt/md1/user_wago/data/LJSpeech-1.1/wavs/LJ020-0039.wav,4.66275,4.574129
/mnt/md1/user_wago/data/LJSpeech-1.1/wavs/LJ031-0121.wav,7.449125,4.642602
/mnt/md1/user_wago/data/LJSpeech-1.1/wavs/LJ019-0116.wav,8.0645,4.594302
/mnt/md1/user_wago/data/LJSpeech-1.1/wavs/LJ047-0187.wav,8.1805625,4.687179
/mnt/md1/user_wago/data/LJSpeech-1.1/wavs/LJ049-0040.wav,4.1286875,4.5194325
/mnt/md1/user_wago/data/LJSpeech-1.1/wavs/LJ029-0179.wav,9.99175,4.4013886
/mnt/md1/user_wago/data/LJSpeech-1.1/wavs/LJ050-0114.wav,5.2780625,4.604064
/mnt/md1/user_wago/data/LJSpeech-1.1/wavs/LJ045-0055.wav,8.2966875,4.4926
/mnt/md1/user_wago/data/LJSpeech-1.1/wavs/LJ015-0036.wav,2.143375,4.6077843
/mnt/md1/user_wago/data/LJSpeech-1.1/wavs/LJ029-0153.wav,8.424375,4.6917534
/mnt/md1/user_wago/data/LJSpeech-1.1/wavs/LJ023-0051.wav,4.488625,4.4449778
/mnt/md1/user_wago/data/LJSpeech-1.1/wavs/LJ019-0169.wav,9.9685,4.5642405
/mnt/md1/user_wago/data/LJSpeech-1.1/wavs/LJ046-0055.wav,6.323,4.75226
/mnt/md1/user_wago/data/LJSpeech-1.1/wavs/LJ037-0076.wav,1.110125,4.712318
/mnt/md1/user_wago/data/LJSpeech-1.1/wavs/LJ004-0091.wav,6.206875,4.467434
/mnt/md1/user_wago/data/LJSpeech-1.1/wavs/LJ014-0304.wav,3.7339375,4.6381516
/mnt/md1/user_wago/data/LJSpeech-1.1/wavs/LJ031-0017.wav,9.399625,4.6088924
/mnt/md1/user_wago/data/LJSpeech-1.1/wavs/LJ031-0179.wav,9.794375,4.591753
/mnt/md1/user_wago/data/LJSpeech-1.1/wavs/LJ038-0134.wav,7.286625,4.452709
/mnt/md1/user_wago/data/LJSpeech-1.1/wavs/LJ006-0308.wav,6.6596875,4.5984354
/mnt/md1/user_wago/data/LJSpeech-1.1/wavs/LJ011-0042.wav,9.9104375,4.297181
/mnt/md1/user_wago/data/LJSpeech-1.1/wavs/LJ019-0030.wav,3.0721875,4.7212744
/mnt/md1/user_wago/data/LJSpeech-1.1/wavs/LJ006-0092.wav,4.6395625,4.6367607
/mnt/md1/user_wago/data/LJSpeech-1.1/wavs/LJ038-0090.wav,7.739375,4.573813
/mnt/md1/user_wago/data/LJSpeech-1.1/wavs/LJ015-0040.wav,5.905,4.508346
/mnt/md1/user_wago/data/LJSpeech-1.1/wavs/LJ042-0145.wav,5.162,4.34995
/mnt/md1/user_wago/data/LJSpeech-1.1/wavs/LJ049-0207.wav,8.5869375,4.61262
/mnt/md1/user_wago/data/LJSpeech-1.1/wavs/LJ011-0093.wav,7.0428125,4.4912796
/mnt/md1/user_wago/data/LJSpeech-1.1/wavs/LJ006-0088.wav,6.50875,4.697057
/mnt/md1/user_wago/data/LJSpeech-1.1/wavs/LJ044-0237.wav,6.2765625,4.614237
/mnt/md1/user_wago/data/LJSpeech-1.1/wavs/LJ010-0139.wav,7.5884375,4.73224
/mnt/md1/user_wago/data/LJSpeech-1.1/wavs/LJ016-0118.wav,7.5071875,4.674612
/mnt/md1/user_wago/data/LJSpeech-1.1/wavs/LJ043-0059.wav,8.447625,4.740033
/mnt/md1/user_wago/data/LJSpeech-1.1/wavs/LJ028-0457.wav,7.7278125,4.627829
/mnt/md1/user_wago/data/LJSpeech-1.1/wavs/LJ024-0131.wav,8.6914375,4.2389164
/mnt/md1/user_wago/data/LJSpeech-1.1/wavs/LJ023-0139.wav,6.1488125,4.5962863
/mnt/md1/user_wago/data/LJSpeech-1.1/wavs/LJ044-0095.wav,7.56525,4.2460957
/mnt/md1/user_wago/data/LJSpeech-1.1/wavs/LJ032-0168.wav,6.868625,4.6942015
/mnt/md1/user_wago/data/LJSpeech-1.1/wavs/LJ019-0391.wav,9.3531875,4.5684967
/mnt/md1/user_wago/data/LJSpeech-1.1/wavs/LJ025-0065.wav,8.2038125,4.526955
/mnt/md1/user_wago/data/LJSpeech-1.1/wavs/LJ006-0199.wav,9.666625,4.557933
/mnt/md1/user_wago/data/LJSpeech-1.1/wavs/LJ018-0227.wav,2.7586875,4.6479993
/mnt/md1/user_wago/data/LJSpeech-1.1/wavs/LJ015-0043.wav,7.263375,4.713233
/mnt/md1/user_wago/data/LJSpeech-1.1/wavs/LJ010-0123.wav,4.268,4.794713
/mnt/md1/user_wago/data/LJSpeech-1.1/wavs/LJ006-0292.wav,7.8786875,4.700635
/mnt/md1/user_wago/data/LJSpeech-1.1/wavs/LJ005-0122.wav,9.608625,4.567542
/mnt/md1/user_wago/data/LJSpeech-1.1/wavs/LJ031-0220.wav,9.8408125,4.6168733
/mnt/md1/user_wago/data/LJSpeech-1.1/wavs/LJ001-0131.wav,6.497125,4.4947324
/mnt/md1/user_wago/data/LJSpeech-1.1/wavs/LJ047-0164.wav,6.810625,4.636492
/mnt/md1/user_wago/data/LJSpeech-1.1/wavs/LJ016-0200.wav,4.2099375,4.554849
/mnt/md1/user_wago/data/LJSpeech-1.1/wavs/LJ012-0261.wav,3.7688125,4.4337673
/mnt/md1/user_wago/data/LJSpeech-1.1/wavs/LJ048-0204.wav,9.4693125,4.556835
/mnt/md1/user_wago/data/LJSpeech-1.1/wavs/LJ008-0010.wav,8.737875,4.5219097
/mnt/md1/user_wago/data/LJSpeech-1.1/wavs/LJ004-0151.wav,1.690625,4.041975
/mnt/md1/user_wago/data/LJSpeech-1.1/wavs/LJ045-0148.wav,9.4576875,4.444258
/mnt/md1/user_wago/data/LJSpeech-1.1/wavs/LJ019-0367.wav,6.706125,4.6506224
/mnt/md1/user_wago/data/LJSpeech-1.1/wavs/LJ009-0139.wav,4.9181875,4.4602776
/mnt/md1/user_wago/data/LJSpeech-1.1/wavs/LJ012-0033.wav,1.65575,4.406088
/mnt/md1/user_wago/data/LJSpeech-1.1/wavs/LJ034-0032.wav,8.134125,4.6043415
/mnt/md1/user_wago/data/LJSpeech-1.1/wavs/LJ043-0034.wav,8.795875,4.6590843
/mnt/md1/user_wago/data/LJSpeech-1.1/wavs/LJ016-0215.wav,8.737875,4.602086
/mnt/md1/user_wago/data/LJSpeech-1.1/wavs/LJ044-0026.wav,6.6945,4.5776434
/mnt/md1/user_wago/data/LJSpeech-1.1/wavs/LJ049-0112.wav,5.2780625,4.742538
/mnt/md1/user_wago/data/LJSpeech-1.1/wavs/LJ015-0189.wav,4.3144375,4.465816
/mnt/md1/user_wago/data/LJSpeech-1.1/wavs/LJ028-0345.wav,9.388,4.391851
/mnt/md1/user_wago/data/LJSpeech-1.1/wavs/LJ026-0085.wav,5.4638125,4.6243515
/mnt/md1/user_wago/data/LJSpeech-1.1/wavs/LJ009-0293.wav,5.707625,4.597955
/mnt/md1/user_wago/data/LJSpeech-1.1/wavs/LJ024-0137.wav,8.1805625,4.2779074
/mnt/md1/user_wago/data/LJSpeech-1.1/wavs/LJ010-0044.wav,3.13025,4.7791634
/mnt/md1/user_wago/data/LJSpeech-1.1/wavs/LJ016-0031.wav,8.41275,4.3889756
/mnt/md1/user_wago/data/LJSpeech-1.1/wavs/LJ036-0043.wav,6.7525625,4.5677643
/mnt/md1/user_wago/data/LJSpeech-1.1/wavs/LJ014-0247.wav,5.1851875,4.6030874
/mnt/md1/user_wago/data/LJSpeech-1.1/wavs/LJ010-0263.wav,5.0110625,4.6983953
/mnt/md1/user_wago/data/LJSpeech-1.1/wavs/LJ015-0074.wav,10.073,4.4303718
/mnt/md1/user_wago/data/LJSpeech-1.1/wavs/LJ032-0236.wav,7.3214375,4.5299597
/mnt/md1/user_wago/data/LJSpeech-1.1/wavs/LJ011-0204.wav,7.7858125,4.419729
/mnt/md1/user_wago/data/LJSpeech-1.1/wavs/LJ042-0234.wav,3.966125,4.4187512
/mnt/md1/user_wago/data/LJSpeech-1.1/wavs/LJ004-0188.wav,4.0590625,4.5076323
/mnt/md1/user_wago/data/LJSpeech-1.1/wavs/LJ010-0278.wav,6.61325,4.676364
/mnt/md1/user_wago/data/LJSpeech-1.1/wavs/LJ001-0170.wav,2.65425,4.47964
/mnt/md1/user_wago/data/LJSpeech-1.1/wavs/LJ005-0259.wav,7.158875,4.3266945
/mnt/md1/user_wago/data/LJSpeech-1.1/wavs/LJ037-0247.wav,9.2719375,4.69876
/mnt/md1/user_wago/data/LJSpeech-1.1/wavs/LJ040-0062.wav,1.261,3.477547
/mnt/md1/user_wago/data/LJSpeech-1.1/wavs/LJ034-0016.wav,5.3245,4.6502285
/mnt/md1/user_wago/data/LJSpeech-1.1/wavs/LJ033-0099.wav,6.323,4.644601
/mnt/md1/user_wago/data/LJSpeech-1.1/wavs/LJ028-0320.wav,7.6116875,4.4052963
/mnt/md1/user_wago/data/LJSpeech-1.1/wavs/LJ009-0089.wav,9.4693125,4.292741
/mnt/md1/user_wago/data/LJSpeech-1.1/wavs/LJ004-0111.wav,7.6116875,4.468627
/mnt/md1/user_wago/data/LJSpeech-1.1/wavs/LJ039-0064.wav,5.9630625,4.4933586
/mnt/md1/user_wago/data/LJSpeech-1.1/wavs/LJ011-0002.wav,9.504125,4.6371193
/mnt/md1/user_wago/data/LJSpeech-1.1/wavs/LJ031-0039.wav,7.6465,4.715713
/mnt/md1/user_wago/data/LJSpeech-1.1/wavs/LJ012-0254.wav,4.546625,4.638615
/mnt/md1/user_wago/data/LJSpeech-1.1/wavs/LJ004-0072.wav,6.891875,4.4170346
/mnt/md1/user_wago/data/LJSpeech-1.1/wavs/LJ021-0012.wav,8.4708125,4.4982777
/mnt/md1/user_wago/data/LJSpeech-1.1/wavs/LJ005-0192.wav,9.4576875,4.496732
/mnt/md1/user_wago/data/LJSpeech-1.1/wavs/LJ002-0234.wav,1.8066875,4.6242375
/mnt/md1/user_wago/data/LJSpeech-1.1/wavs/LJ048-0259.wav,9.0513125,4.500896
/mnt/md1/user_wago/data/LJSpeech-1.1/wavs/LJ012-0141.wav,1.96925,4.8414764
/mnt/md1/user_wago/data/LJSpeech-1.1/wavs/LJ029-0191.wav,8.633375,4.4514494
/mnt/md1/user_wago/data/LJSpeech-1.1/wavs/LJ049-0202.wav,2.0969375,4.6386466
/mnt/md1/user_wago/data/LJSpeech-1.1/wavs/LJ031-0159.wav,6.9499375,4.4666405
/mnt/md1/user_wago/data/LJSpeech-1.1/wavs/LJ014-0110.wav,6.114,4.574063
/mnt/md1/user_wago/data/LJSpeech-1.1/wavs/LJ029-0006.wav,4.175125,4.8301663
/mnt/md1/user_wago/data/LJSpeech-1.1/wavs/LJ005-0048.wav,8.795875,4.6157045
/mnt/md1/user_wago/data/LJSpeech-1.1/wavs/LJ019-0298.wav,2.932875,4.486854
/mnt/md1/user_wago/data/LJSpeech-1.1/wavs/LJ009-0217.wav,7.2285625,4.710029
/mnt/md1/user_wago/data/LJSpeech-1.1/wavs/LJ028-0005.wav,4.5234375,4.76511
/mnt/md1/user_wago/data/LJSpeech-1.1/wavs/LJ010-0243.wav,9.4693125,4.678713
/mnt/md1/user_wago/data/LJSpeech-1.1/wavs/LJ032-0102.wav,9.9104375,4.7015495
/mnt/md1/user_wago/data/LJSpeech-1.1/wavs/LJ030-0241.wav,5.5799375,4.7373314
/mnt/md1/user_wago/data/LJSpeech-1.1/wavs/LJ014-0080.wav,9.09775,4.618794
/mnt/md1/user_wago/data/LJSpeech-1.1/wavs/LJ015-0155.wav,4.8949375,4.6383843
/mnt/md1/user_wago/data/LJSpeech-1.1/wavs/LJ034-0177.wav,7.46075,4.606697
/mnt/md1/user_wago/data/LJSpeech-1.1/wavs/LJ019-0047.wav,9.608625,4.601528
/mnt/md1/user_wago/data/LJSpeech-1.1/wavs/LJ035-0160.wav,7.6233125,4.585842
/mnt/md1/user_wago/data/LJSpeech-1.1/wavs/LJ041-0037.wav,9.3648125,4.4592075
/mnt/md1/user_wago/data/LJSpeech-1.1/wavs/LJ015-0131.wav,7.5884375,4.5211296
/mnt/md1/user_wago/data/LJSpeech-1.1/wavs/LJ033-0043.wav,6.9615,4.6246066
/mnt/md1/user_wago/data/LJSpeech-1.1/wavs/LJ049-0201.wav,9.3415625,4.5066695
/mnt/md1/user_wago/data/LJSpeech-1.1/wavs/LJ011-0046.wav,8.714625,4.6245313
/mnt/md1/user_wago/data/LJSpeech-1.1/wavs/LJ024-0004.wav,5.71925,4.3894734
/mnt/md1/user_wago/data/LJSpeech-1.1/wavs/LJ031-0136.wav,5.997875,4.701796
/mnt/md1/user_wago/data/LJSpeech-1.1/wavs/LJ039-0054.wav,2.1085625,4.7355843
/mnt/md1/user_wago/data/LJSpeech-1.1/wavs/LJ011-0155.wav,2.71225,4.6526623
/mnt/md1/user_wago/data/LJSpeech-1.1/wavs/LJ039-0046.wav,4.87175,4.7977276
/mnt/md1/user_wago/data/LJSpeech-1.1/wavs/LJ028-0304.wav,8.83075,4.4820013
/mnt/md1/user_wago/data/LJSpeech-1.1/wavs/LJ042-0229.wav,5.4754375,4.4665384
/mnt/md1/user_wago/data/LJSpeech-1.1/wavs/LJ047-0120.wav,9.0165,4.5633674
/mnt/md1/user_wago/data/LJSpeech-1.1/wavs/LJ007-0111.wav,4.6163125,4.6925883
/mnt/md1/user_wago/data/LJSpeech-1.1/wavs/LJ020-0096.wav,6.114,4.6053343
/mnt/md1/user_wago/data/LJSpeech-1.1/wavs/LJ038-0059.wav,8.3083125,4.700296
/mnt/md1/user_wago/data/LJSpeech-1.1/wavs/LJ044-0104.wav,8.900375,4.5870695
/mnt/md1/user_wago/data/LJSpeech-1.1/wavs/LJ028-0189.wav,6.102375,4.2390585
/mnt/md1/user_wago/data/LJSpeech-1.1/wavs/LJ035-0084.wav,8.3083125,4.5216403
/mnt/md1/user_wago/data/LJSpeech-1.1/wavs/LJ005-0016.wav,5.82375,4.6837893
/mnt/md1/user_wago/data/LJSpeech-1.1/wavs/LJ033-0117.wav,3.594625,4.770152
/mnt/md1/user_wago/data/LJSpeech-1.1/wavs/LJ003-0295.wav,5.847,4.4369307
/mnt/md1/user_wago/data/LJSpeech-1.1/wavs/LJ048-0026.wav,2.0156875,4.261254
/mnt/md1/user_wago/data/LJSpeech-1.1/wavs/LJ018-0072.wav,4.4073125,4.7320004
/mnt/md1/user_wago/data/LJSpeech-1.1/wavs/LJ003-0283.wav,8.8539375,4.5941896
/mnt/md1/user_wago/data/LJSpeech-1.1/wavs/LJ048-0232.wav,3.5481875,4.7818155
/mnt/md1/user_wago/data/LJSpeech-1.1/wavs/LJ003-0093.wav,6.7525625,4.386921
/mnt/md1/user_wago/data/LJSpeech-1.1/wavs/LJ028-0439.wav,4.546625,4.5804358
/mnt/md1/user_wago/data/LJSpeech-1.1/wavs/LJ014-0323.wav,8.5869375,4.516911
/mnt/md1/user_wago/data/LJSpeech-1.1/wavs/LJ039-0175.wav,6.2649375,4.2260666
/mnt/md1/user_wago/data/LJSpeech-1.1/wavs/LJ042-0088.wav,8.9700625,4.531627
/mnt/md1/user_wago/data/LJSpeech-1.1/wavs/LJ028-0114.wav,9.20225,4.5153036
/mnt/md1/user_wago/data/LJSpeech-1.1/wavs/LJ037-0196.wav,8.2850625,4.549861
/mnt/md1/user_wago/data/LJSpeech-1.1/wavs/LJ011-0276.wav,8.3315,4.476799
/mnt/md1/user_wago/data/LJSpeech-1.1/wavs/LJ019-0038.wav,7.9019375,4.7947206
/mnt/md1/user_wago/data/LJSpeech-1.1/wavs/LJ016-0158.wav,4.3144375,4.536083
/mnt/md1/user_wago/data/LJSpeech-1.1/wavs/LJ015-0258.wav,6.230125,4.7206
/mnt/md1/user_wago/data/LJSpeech-1.1/wavs/LJ009-0246.wav,4.755625,4.4686337
/mnt/md1/user_wago/data/LJSpeech-1.1/wavs/LJ021-0189.wav,3.6410625,4.5548377
/mnt/md1/user_wago/data/LJSpeech-1.1/wavs/LJ043-0181.wav,6.8570625,4.5944276
/mnt/md1/user_wago/data/LJSpeech-1.1/wavs/LJ022-0035.wav,6.102375,4.6616116
/mnt/md1/user_wago/data/LJSpeech-1.1/wavs/LJ022-0057.wav,8.8888125,4.78481
/mnt/md1/user_wago/data/LJSpeech-1.1/wavs/LJ016-0427.wav,7.8786875,4.5009713
/mnt/md1/user_wago/data/LJSpeech-1.1/wavs/LJ024-0006.wav,4.3493125,4.6589575
/mnt/md1/user_wago/data/LJSpeech-1.1/wavs/LJ038-0236.wav,3.8965,4.673566
/mnt/md1/user_wago/data/LJSpeech-1.1/wavs/LJ005-0012.wav,8.912,4.4294095
/mnt/md1/user_wago/data/LJSpeech-1.1/wavs/LJ024-0112.wav,7.751,4.3403997
/mnt/md1/user_wago/data/LJSpeech-1.1/wavs/LJ015-0219.wav,9.2835,4.6099443
/mnt/md1/user_wago/data/LJSpeech-1.1/wavs/LJ050-0206.wav,8.1109375,4.496967
/mnt/md1/user_wago/data/LJSpeech-1.1/wavs/LJ031-0031.wav,7.19375,4.561233
/mnt/md1/user_wago/data/LJSpeech-1.1/wavs/LJ023-0014.wav,6.520375,4.4280844
/mnt/md1/user_wago/data/LJSpeech-1.1/wavs/LJ010-0007.wav,2.642625,4.6160398
/mnt/md1/user_wago/data/LJSpeech-1.1/wavs/LJ024-0135.wav,7.066,3.9585423
/mnt/md1/user_wago/data/LJSpeech-1.1/wavs/LJ023-0124.wav,6.7176875,4.3970113
/mnt/md1/user_wago/data/LJSpeech-1.1/wavs/LJ007-0176.wav,6.2533125,4.6070933
/mnt/md1/user_wago/data/LJSpeech-1.1/wavs/LJ005-0249.wav,5.6960625,4.6287165
/mnt/md1/user_wago/data/LJSpeech-1.1/wavs/LJ028-0010.wav,5.231625,4.5910864
/mnt/md1/user_wago/data/LJSpeech-1.1/wavs/LJ033-0056.wav,8.93525,4.6638393
/mnt/md1/user_wago/data/LJSpeech-1.1/wavs/LJ022-0179.wav,1.980875,4.646017
/mnt/md1/user_wago/data/LJSpeech-1.1/wavs/LJ014-0135.wav,5.1851875,4.7027965
/mnt/md1/user_wago/data/LJSpeech-1.1/wavs/LJ015-0314.wav,8.1805625,4.4391766
/mnt/md1/user_wago/data/LJSpeech-1.1/wavs/LJ015-0156.wav,7.2053125,4.5729437
/mnt/md1/user_wago/data/LJSpeech-1.1/wavs/LJ046-0103.wav,5.7425,4.70724
/mnt/md1/user_wago/data/LJSpeech-1.1/wavs/LJ039-0118.wav,6.799,4.348361
/mnt/md1/user_wago/data/LJSpeech-1.1/wavs/LJ042-0012.wav,6.67125,4.594014
/mnt/md1/user_wago/data/LJSpeech-1.1/wavs/LJ045-0004.wav,8.3663125,4.594929
/mnt/md1/user_wago/data/LJSpeech-1.1/wavs/LJ038-0043.wav,5.5335,4.6953273
/mnt/md1/user_wago/data/LJSpeech-1.1/wavs/LJ018-0300.wav,4.8949375,4.8845572
/mnt/md1/user_wago/data/LJSpeech-1.1/wavs/LJ014-0011.wav,3.7571875,4.562441
/mnt/md1/user_wago/data/LJSpeech-1.1/wavs/LJ038-0232.wav,9.7595625,4.6542606
/mnt/md1/user_wago/data/LJSpeech-1.1/wavs/LJ049-0198.wav,5.1968125,4.592129
/mnt/md1/user_wago/data/LJSpeech-1.1/wavs/LJ016-0389.wav,4.9298125,4.4281425
/mnt/md1/user_wago/data/LJSpeech-1.1/wavs/LJ024-0001.wav,5.7425,4.4153986
/mnt/md1/user_wago/data/LJSpeech-1.1/wavs/LJ002-0290.wav,5.51025,4.477844
/mnt/md1/user_wago/data/LJSpeech-1.1/wavs/LJ041-0025.wav,8.5405,4.556963
/mnt/md1/user_wago/data/LJSpeech-1.1/wavs/LJ044-0184.wav,4.55825,4.669073
/mnt/md1/user_wago/data/LJSpeech-1.1/wavs/LJ050-0031.wav,9.8524375,4.612163
/mnt/md1/user_wago/data/LJSpeech-1.1/wavs/LJ035-0073.wav,2.07375,4.6833606
/mnt/md1/user_wago/data/LJSpeech-1.1/wavs/LJ003-0138.wav,4.546625,4.639603
/mnt/md1/user_wago/data/LJSpeech-1.1/wavs/LJ028-0288.wav,6.50875,4.155082
/mnt/md1/user_wago/data/LJSpeech-1.1/wavs/LJ028-0405.wav,8.0876875,4.2774253
/mnt/md1/user_wago/data/LJSpeech-1.1/wavs/LJ010-0237.wav,5.0923125,4.725218
/mnt/md1/user_wago/data/LJSpeech-1.1/wavs/LJ007-0205.wav,5.707625,4.641095
/mnt/md1/user_wago/data/LJSpeech-1.1/wavs/LJ025-0064.wav,6.8454375,4.5892997
/mnt/md1/user_wago/data/LJSpeech-1.1/wavs/LJ029-0046.wav,7.3214375,4.599909
/mnt/md1/user_wago/data/LJSpeech-1.1/wavs/LJ022-0007.wav,6.799,4.7436957
/mnt/md1/user_wago/data/LJSpeech-1.1/wavs/LJ046-0017.wav,6.868625,4.6306996
/mnt/md1/user_wago/data/LJSpeech-1.1/wavs/LJ015-0238.wav,8.1921875,4.6868787
/mnt/md1/user_wago/data/LJSpeech-1.1/wavs/LJ047-0211.wav,7.2169375,4.3327813
/mnt/md1/user_wago/data/LJSpeech-1.1/wavs/LJ019-0331.wav,7.2401875,4.4838076
/mnt/md1/user_wago/data/LJSpeech-1.1/wavs/LJ048-0057.wav,8.35475,4.588725
/mnt/md1/user_wago/data/LJSpeech-1.1/wavs/LJ008-0115.wav,6.125625,4.6066675
/mnt/md1/user_wago/data/LJSpeech-1.1/wavs/LJ009-0115.wav,5.4754375,4.628679
/mnt/md1/user_wago/data/LJSpeech-1.1/wavs/LJ048-0103.wav,7.4259375,4.721089
/mnt/md1/user_wago/data/LJSpeech-1.1/wavs/LJ030-0203.wav,3.4436875,4.5963774
/mnt/md1/user_wago/data/LJSpeech-1.1/wavs/LJ006-0027.wav,9.898875,4.480741
/mnt/md1/user_wago/data/LJSpeech-1.1/wavs/LJ043-0060.wav,8.5869375,4.6393123
/mnt/md1/user_wago/data/LJSpeech-1.1/wavs/LJ021-0110.wav,8.261875,4.292744
/mnt/md1/user_wago/data/LJSpeech-1.1/wavs/LJ003-0317.wav,9.9336875,4.605983
/mnt/md1/user_wago/data/LJSpeech-1.1/wavs/LJ012-0183.wav,8.3315,4.731427
/mnt/md1/user_wago/data/LJSpeech-1.1/wavs/LJ045-0029.wav,8.5636875,4.76672
/mnt/md1/user_wago/data/LJSpeech-1.1/wavs/LJ015-0002.wav,9.1441875,4.61943
/mnt/md1/user_wago/data/LJSpeech-1.1/wavs/LJ007-0027.wav,3.408875,4.589203
/mnt/md1/user_wago/data/LJSpeech-1.1/wavs/LJ018-0115.wav,7.8090625,4.720621
/mnt/md1/user_wago/data/LJSpeech-1.1/wavs/LJ019-0208.wav,7.77425,4.6148624
/mnt/md1/user_wago/data/LJSpeech-1.1/wavs/LJ016-0342.wav,6.114,4.6362343
/mnt/md1/user_wago/data/LJSpeech-1.1/wavs/LJ029-0152.wav,7.3098125,4.7736983
/mnt/md1/user_wago/data/LJSpeech-1.1/wavs/LJ015-0304.wav,9.7015,4.611328
/mnt/md1/user_wago/data/LJSpeech-1.1/wavs/LJ007-0017.wav,8.319875,4.5996056
/mnt/md1/user_wago/data/LJSpeech-1.1/wavs/LJ039-0195.wav,7.077625,4.5638294
/mnt/md1/user_wago/data/LJSpeech-1.1/wavs/LJ037-0230.wav,8.2850625,4.658862
/mnt/md1/user_wago/data/LJSpeech-1.1/wavs/LJ003-0244.wav,8.51725,4.398962
/mnt/md1/user_wago/data/LJSpeech-1.1/wavs/LJ013-0047.wav,8.93525,4.559325
/mnt/md1/user_wago/data/LJSpeech-1.1/wavs/LJ048-0161.wav,6.7409375,4.5998135
/mnt/md1/user_wago/data/LJSpeech-1.1/wavs/LJ028-0349.wav,7.5304375,4.325961
/mnt/md1/user_wago/data/LJSpeech-1.1/wavs/LJ050-0047.wav,6.9035,4.6018114
/mnt/md1/user_wago/data/LJSpeech-1.1/wavs/LJ028-0301.wav,5.45225,4.121881
/mnt/md1/user_wago/data/LJSpeech-1.1/wavs/LJ030-0018.wav,9.2603125,4.633581
/mnt/md1/user_wago/data/LJSpeech-1.1/wavs/LJ037-0133.wav,5.2665,4.633363
/mnt/md1/user_wago/data/LJSpeech-1.1/wavs/LJ047-0243.wav,6.9150625,4.475985
/mnt/md1/user_wago/data/LJSpeech-1.1/wavs/LJ024-0082.wav,4.0125625,4.4584355
/mnt/md1/user_wago/data/LJSpeech-1.1/wavs/LJ011-0221.wav,5.162,4.794057
/mnt/md1/user_wago/data/LJSpeech-1.1/wavs/LJ014-0286.wav,5.5799375,4.673704
/mnt/md1/user_wago/data/LJSpeech-1.1/wavs/LJ019-0282.wav,4.0358125,4.70395
/mnt/md1/user_wago/data/LJSpeech-1.1/wavs/LJ003-0102.wav,8.83075,4.565999
/mnt/md1/user_wago/data/LJSpeech-1.1/wavs/LJ016-0075.wav,6.9035,4.692341
/mnt/md1/user_wago/data/LJSpeech-1.1/wavs/LJ018-0121.wav,5.71925,4.7033043
/mnt/md1/user_wago/data/LJSpeech-1.1/wavs/LJ043-0098.wav,9.1441875,4.633758
/mnt/md1/user_wago/data/LJSpeech-1.1/wavs/LJ017-0235.wav,7.542,4.5794244
/mnt/md1/user_wago/data/LJSpeech-1.1/wavs/LJ019-0272.wav,6.7641875,4.67128
/mnt/md1/user_wago/data/LJSpeech-1.1/wavs/LJ008-0145.wav,8.5405,4.503718
/mnt/md1/user_wago/data/LJSpeech-1.1/wavs/LJ019-0355.wav,3.118625,4.7201395
/mnt/md1/user_wago/data/LJSpeech-1.1/wavs/LJ029-0133.wav,7.6116875,4.6760354
/mnt/md1/user_wago/data/LJSpeech-1.1/wavs/LJ019-0042.wav,9.99175,4.745708
/mnt/md1/user_wago/data/LJSpeech-1.1/wavs/LJ019-0057.wav,3.304375,4.668677
/mnt/md1/user_wago/data/LJSpeech-1.1/wavs/LJ005-0217.wav,7.1473125,4.5470486
/mnt/md1/user_wago/data/LJSpeech-1.1/wavs/LJ017-0241.wav,8.25025,4.6361976
/mnt/md1/user_wago/data/LJSpeech-1.1/wavs/LJ003-0089.wav,5.8818125,4.570344
/mnt/md1/user_wago/data/LJSpeech-1.1/wavs/LJ044-0217.wav,7.66975,4.587018
/mnt/md1/user_wago/data/LJSpeech-1.1/wavs/LJ022-0101.wav,5.2780625,4.6245704
/mnt/md1/user_wago/data/LJSpeech-1.1/wavs/LJ013-0015.wav,6.77575,4.611658
/mnt/md1/user_wago/data/LJSpeech-1.1/wavs/LJ019-0027.wav,10.09625,4.5993266
/mnt/md1/user_wago/data/LJSpeech-1.1/wavs/LJ039-0012.wav,9.7130625,4.545445
/mnt/md1/user_wago/data/LJSpeech-1.1/wavs/LJ007-0195.wav,9.9104375,4.50072
/mnt/md1/user_wago/data/LJSpeech-1.1/wavs/LJ050-0027.wav,4.5815,4.7544518
/mnt/md1/user_wago/data/LJSpeech-1.1/wavs/LJ008-0062.wav,2.1085625,4.458063
/mnt/md1/user_wago/data/LJSpeech-1.1/wavs/LJ002-0338.wav,7.751,4.49576
/mnt/md1/user_wago/data/LJSpeech-1.1/wavs/LJ038-0244.wav,9.7130625,4.736613
/mnt/md1/user_wago/data/LJSpeech-1.1/wavs/LJ032-0153.wav,8.319875,4.72046
/mnt/md1/user_wago/data/LJSpeech-1.1/wavs/LJ032-0140.wav,9.1790625,4.6838098
/mnt/md1/user_wago/data/LJSpeech-1.1/wavs/LJ010-0160.wav,9.0165,4.6847997
/mnt/md1/user_wago/data/LJSpeech-1.1/wavs/LJ023-0008.wav,3.4553125,4.6606264
/mnt/md1/user_wago/data/LJSpeech-1.1/wavs/LJ046-0209.wav,7.681375,4.4687023
/mnt/md1/user_wago/data/LJSpeech-1.1/wavs/LJ003-0007.wav,10.09625,4.418078
/mnt/md1/user_wago/data/LJSpeech-1.1/wavs/LJ020-0056.wav,4.9994375,4.464994
/mnt/md1/user_wago/data/LJSpeech-1.1/wavs/LJ007-0242.wav,4.953,4.6248703
/mnt/md1/user_wago/data/LJSpeech-1.1/wavs/LJ048-0267.wav,2.6774375,4.668453
/mnt/md1/user_wago/data/LJSpeech-1.1/wavs/LJ006-0248.wav,7.7045625,4.534584
/mnt/md1/user_wago/data/LJSpeech-1.1/wavs/LJ046-0161.wav,3.803625,4.7355957
/mnt/md1/user_wago/data/LJSpeech-1.1/wavs/LJ018-0330.wav,6.392625,4.5960813
/mnt/md1/user_wago/data/LJSpeech-1.1/wavs/LJ043-0040.wav,4.279625,4.608815
/mnt/md1/user_wago/data/LJSpeech-1.1/wavs/LJ013-0202.wav,5.34775,4.6757655
/mnt/md1/user_wago/data/LJSpeech-1.1/wavs/LJ022-0103.wav,5.1735625,4.6221237
/mnt/md1/user_wago/data/LJSpeech-1.1/wavs/LJ018-0005.wav,9.318375,4.592109
/mnt/md1/user_wago/data/LJSpeech-1.1/wavs/LJ025-0020.wav,8.900375,4.7554383
/mnt/md1/user_wago/data/LJSpeech-1.1/wavs/LJ012-0246.wav,6.13725,4.6835737
/mnt/md1/user_wago/data/LJSpeech-1.1/wavs/LJ039-0126.wav,8.819125,4.3139815
/mnt/md1/user_wago/data/LJSpeech-1.1/wavs/LJ019-0285.wav,9.0513125,4.5935645
/mnt/md1/user_wago/data/LJSpeech-1.1/wavs/LJ018-0069.wav,1.5976875,4.7376466
/mnt/md1/user_wago/data/LJSpeech-1.1/wavs/LJ003-0255.wav,7.484,4.5656
/mnt/md1/user_wago/data/LJSpeech-1.1/wavs/LJ010-0086.wav,6.392625,4.4820642
/mnt/md1/user_wago/data/LJSpeech-1.1/wavs/LJ050-0267.wav,9.7246875,4.532056
/mnt/md1/user_wago/data/LJSpeech-1.1/wavs/LJ017-0014.wav,8.0876875,4.6769886
/mnt/md1/user_wago/data/LJSpeech-1.1/wavs/LJ012-0034.wav,8.795875,4.628091
/mnt/md1/user_wago/data/LJSpeech-1.1/wavs/LJ007-0143.wav,5.45225,4.5126095
/mnt/md1/user_wago/data/LJSpeech-1.1/wavs/LJ022-0076.wav,5.0110625,4.800095
/mnt/md1/user_wago/data/LJSpeech-1.1/wavs/LJ019-0223.wav,9.0396875,4.5427723
/mnt/md1/user_wago/data/LJSpeech-1.1/wavs/LJ001-0116.wav,8.99325,4.53202
/mnt/md1/user_wago/data/LJSpeech-1.1/wavs/LJ027-0138.wav,9.7130625,4.3600125
/mnt/md1/user_wago/data/LJSpeech-1.1/wavs/LJ005-0269.wav,4.198375,4.5580854
/mnt/md1/user_wago/data/LJSpeech-1.1/wavs/LJ002-0173.wav,4.9298125,4.742365
/mnt/md1/user_wago/data/LJSpeech-1.1/wavs/LJ008-0152.wav,4.29125,4.499894
/mnt/md1/user_wago/data/LJSpeech-1.1/wavs/LJ018-0016.wav,4.87175,4.546692
/mnt/md1/user_wago/data/LJSpeech-1.1/wavs/LJ007-0087.wav,8.0760625,4.555089
/mnt/md1/user_wago/data/LJSpeech-1.1/wavs/LJ015-0268.wav,9.7015,4.5157685
/mnt/md1/user_wago/data/LJSpeech-1.1/wavs/LJ012-0195.wav,9.8408125,4.5677876
/mnt/md1/user_wago/data/LJSpeech-1.1/wavs/LJ031-0223.wav,6.0791875,4.719537
/mnt/md1/user_wago/data/LJSpeech-1.1/wavs/LJ025-0120.wav,3.8965,4.6722584
/mnt/md1/user_wago/data/LJSpeech-1.1/wavs/LJ010-0079.wav,6.1720625,4.630177
/mnt/md1/user_wago/data/LJSpeech-1.1/wavs/LJ038-0162.wav,2.3988125,4.2260203
/mnt/md1/user_wago/data/LJSpeech-1.1/wavs/LJ044-0042.wav,2.1781875,4.2081
/mnt/md1/user_wago/data/LJSpeech-1.1/wavs/LJ015-0302.wav,10.0381875,4.6088133
/mnt/md1/user_wago/data/LJSpeech-1.1/wavs/LJ014-0243.wav,8.9584375,4.566724
/mnt/md1/user_wago/data/LJSpeech-1.1/wavs/LJ032-0261.wav,3.4436875,4.69661
/mnt/md1/user_wago/data/LJSpeech-1.1/wavs/LJ041-0079.wav,9.8408125,4.5574493
/mnt/md1/user_wago/data/LJSpeech-1.1/wavs/LJ038-0073.wav,7.4026875,4.542696
/mnt/md1/user_wago/data/LJSpeech-1.1/wavs/LJ022-0039.wav,6.114,4.669723
/mnt/md1/user_wago/data/LJSpeech-1.1/wavs/LJ033-0137.wav,7.066,4.662171
/mnt/md1/user_wago/data/LJSpeech-1.1/wavs/LJ049-0168.wav,7.472375,4.583397
/mnt/md1/user_wago/data/LJSpeech-1.1/wavs/LJ014-0255.wav,9.2835,4.5481415
/mnt/md1/user_wago/data/LJSpeech-1.1/wavs/LJ007-0010.wav,8.645,4.699746
/mnt/md1/user_wago/data/LJSpeech-1.1/wavs/LJ030-0176.wav,9.121,4.565339
/mnt/md1/user_wago/data/LJSpeech-1.1/wavs/LJ037-0251.wav,6.40425,4.746007
/mnt/md1/user_wago/data/LJSpeech-1.1/wavs/LJ028-0456.wav,5.5335,4.6704535
/mnt/md1/user_wago/data/LJSpeech-1.1/wavs/LJ030-0158.wav,5.51025,4.6835427
/mnt/md1/user_wago/data/LJSpeech-1.1/wavs/LJ007-0054.wav,8.610125,4.6422987
/mnt/md1/user_wago/data/LJSpeech-1.1/wavs/LJ010-0116.wav,6.4275,4.565768
/mnt/md1/user_wago/data/LJSpeech-1.1/wavs/LJ038-0013.wav,4.384125,4.5091405
/mnt/md1/user_wago/data/LJSpeech-1.1/wavs/LJ040-0026.wav,9.318375,4.3259983
/mnt/md1/user_wago/data/LJSpeech-1.1/wavs/LJ026-0002.wav,2.0853125,4.527733
/mnt/md1/user_wago/data/LJSpeech-1.1/wavs/LJ044-0041.wav,9.2486875,4.684487
/mnt/md1/user_wago/data/LJSpeech-1.1/wavs/LJ049-0006.wav,5.3709375,4.604032
/mnt/md1/user_wago/data/LJSpeech-1.1/wavs/LJ011-0237.wav,3.675875,4.546709
/mnt/md1/user_wago/data/LJSpeech-1.1/wavs/LJ044-0036.wav,8.5405,4.515538
/mnt/md1/user_wago/data/LJSpeech-1.1/wavs/LJ008-0016.wav,9.7015,4.4495373
/mnt/md1/user_wago/data/LJSpeech-1.1/wavs/LJ031-0066.wav,8.83075,4.6962357
/mnt/md1/user_wago/data/LJSpeech-1.1/wavs/LJ013-0218.wav,7.8555,4.5609274
/mnt/md1/user_wago/data/LJSpeech-1.1/wavs/LJ050-0180.wav,7.2981875,4.6505957
/mnt/md1/user_wago/data/LJSpeech-1.1/wavs/LJ006-0287.wav,8.0993125,4.6240544
/mnt/md1/user_wago/data/LJSpeech-1.1/wavs/LJ047-0165.wav,8.51725,4.5475197
/mnt/md1/user_wago/data/LJSpeech-1.1/wavs/LJ011-0024.wav,4.0241875,4.543036
/mnt/md1/user_wago/data/LJSpeech-1.1/wavs/LJ002-0333.wav,7.7974375,4.4700484
/mnt/md1/user_wago/data/LJSpeech-1.1/wavs/LJ036-0204.wav,5.359375,4.5429506
/mnt/md1/user_wago/data/LJSpeech-1.1/wavs/LJ006-0100.wav,3.408875,4.5252566
/mnt/md1/user_wago/data/LJSpeech-1.1/wavs/LJ036-0073.wav,6.4855,4.6309214
/mnt/md1/user_wago/data/LJSpeech-1.1/wavs/LJ006-0282.wav,9.4576875,4.386178
/mnt/md1/user_wago/data/LJSpeech-1.1/wavs/LJ006-0115.wav,8.62175,4.431999
/mnt/md1/user_wago/data/LJSpeech-1.1/wavs/LJ040-0122.wav,8.900375,4.4620986
/mnt/md1/user_wago/data/LJSpeech-1.1/wavs/LJ003-0253.wav,7.66975,4.686398
/mnt/md1/user_wago/data/LJSpeech-1.1/wavs/LJ049-0013.wav,6.8570625,4.49738
/mnt/md1/user_wago/data/LJSpeech-1.1/wavs/LJ013-0264.wav,7.25175,4.5727425
/mnt/md1/user_wago/data/LJSpeech-1.1/wavs/LJ014-0030.wav,4.256375,4.8279634
/mnt/md1/user_wago/data/LJSpeech-1.1/wavs/LJ019-0357.wav,7.2285625,4.414805
/mnt/md1/user_wago/data/LJSpeech-1.1/wavs/LJ042-0043.wav,3.4205,4.406334
/mnt/md1/user_wago/data/LJSpeech-1.1/wavs/LJ013-0062.wav,2.6890625,4.5772653
/mnt/md1/user_wago/data/LJSpeech-1.1/wavs/LJ031-0054.wav,9.4925,4.721887
/mnt/md1/user_wago/data/LJSpeech-1.1/wavs/LJ018-0059.wav,8.343125,4.5276184
/mnt/md1/user_wago/data/LJSpeech-1.1/wavs/LJ043-0163.wav,8.052875,4.582559
/mnt/md1/user_wago/data/LJSpeech-1.1/wavs/LJ014-0164.wav,7.484,4.6665044
/mnt/md1/user_wago/data/LJSpeech-1.1/wavs/LJ011-0047.wav,1.377125,4.7675743
/mnt/md1/user_wago/data/LJSpeech-1.1/wavs/LJ037-0234.wav,7.8555,4.72126
/mnt/md1/user_wago/data/LJSpeech-1.1/wavs/LJ016-0330.wav,7.576875,4.670292
/mnt/md1/user_wago/data/LJSpeech-1.1/wavs/LJ032-0256.wav,7.1473125,4.7114735
/mnt/md1/user_wago/data/LJSpeech-1.1/wavs/LJ031-0045.wav,4.7904375,4.3660603
/mnt/md1/user_wago/data/LJSpeech-1.1/wavs/LJ035-0057.wav,6.601625,4.5889306
/mnt/md1/user_wago/data/LJSpeech-1.1/wavs/LJ031-0109.wav,7.867125,4.5606937
/mnt/md1/user_wago/data/LJSpeech-1.1/wavs/LJ025-0041.wav,3.675875,4.60294
/mnt/md1/user_wago/data/LJSpeech-1.1/wavs/LJ006-0205.wav,10.0149375,4.349609
/mnt/md1/user_wago/data/LJSpeech-1.1/wavs/LJ005-0002.wav,5.905,4.782394
/mnt/md1/user_wago/data/LJSpeech-1.1/wavs/LJ009-0091.wav,7.1705,4.5144506
/mnt/md1/user_wago/data/LJSpeech-1.1/wavs/LJ039-0047.wav,6.4739375,4.7079744
/mnt/md1/user_wago/data/LJSpeech-1.1/wavs/LJ050-0148.wav,4.1519375,4.711163
/mnt/md1/user_wago/data/LJSpeech-1.1/wavs/LJ007-0172.wav,9.597,4.5488763
/mnt/md1/user_wago/data/LJSpeech-1.1/wavs/LJ021-0083.wav,5.417375,4.4036703
/mnt/md1/user_wago/data/LJSpeech-1.1/wavs/LJ015-0046.wav,5.162,4.6387854
/mnt/md1/user_wago/data/LJSpeech-1.1/wavs/LJ050-0243.wav,7.0195625,4.787442
/mnt/md1/user_wago/data/LJSpeech-1.1/wavs/LJ024-0095.wav,5.51025,4.115319
/mnt/md1/user_wago/data/LJSpeech-1.1/wavs/LJ037-0195.wav,2.2943125,4.537948
/mnt/md1/user_wago/data/LJSpeech-1.1/wavs/LJ050-0053.wav,2.5729375,4.6586146
/mnt/md1/user_wago/data/LJSpeech-1.1/wavs/LJ015-0288.wav,3.908125,4.5236692
/mnt/md1/user_wago/data/LJSpeech-1.1/wavs/LJ003-0170.wav,7.8090625,4.5096254
/mnt/md1/user_wago/data/LJSpeech-1.1/wavs/LJ011-0116.wav,4.3144375,4.709717
/mnt/md1/user_wago/data/LJSpeech-1.1/wavs/LJ002-0292.wav,10.073,4.5078135
/mnt/md1/user_wago/data/LJSpeech-1.1/wavs/LJ035-0079.wav,5.812125,4.5564723
/mnt/md1/user_wago/data/LJSpeech-1.1/wavs/LJ006-0306.wav,8.0180625,4.5780897
/mnt/md1/user_wago/data/LJSpeech-1.1/wavs/LJ042-0009.wav,5.45225,4.665138
/mnt/md1/user_wago/data/LJSpeech-1.1/wavs/LJ016-0152.wav,4.3493125,4.654895
/mnt/md1/user_wago/data/LJSpeech-1.1/wavs/LJ038-0010.wav,6.6480625,4.694329
/mnt/md1/user_wago/data/LJSpeech-1.1/wavs/LJ028-0110.wav,9.2603125,4.52703
/mnt/md1/user_wago/data/LJSpeech-1.1/wavs/LJ032-0084.wav,8.238625,4.671487
/mnt/md1/user_wago/data/LJSpeech-1.1/wavs/LJ035-0068.wav,2.747125,4.580636
/mnt/md1/user_wago/data/LJSpeech-1.1/wavs/LJ017-0096.wav,8.6914375,4.7659144
/mnt/md1/user_wago/data/LJSpeech-1.1/wavs/LJ038-0254.wav,7.867125,4.6588964
/mnt/md1/user_wago/data/LJSpeech-1.1/wavs/LJ004-0152.wav,9.88725,4.4801855
/mnt/md1/user_wago/data/LJSpeech-1.1/wavs/LJ009-0027.wav,1.5164375,4.5871897
/mnt/md1/user_wago/data/LJSpeech-1.1/wavs/LJ020-0031.wav,8.1805625,4.6101227
/mnt/md1/user_wago/data/LJSpeech-1.1/wavs/LJ030-0094.wav,3.1534375,4.3984995
/mnt/md1/user_wago/data/LJSpeech-1.1/wavs/LJ013-0075.wav,6.381,4.528286
/mnt/md1/user_wago/data/LJSpeech-1.1/wavs/LJ045-0056.wav,2.0505,4.708189
/mnt/md1/user_wago/data/LJSpeech-1.1/wavs/LJ042-0058.wav,9.666625,4.5546274
/mnt/md1/user_wago/data/LJSpeech-1.1/wavs/LJ047-0100.wav,6.67125,4.6347923
/mnt/md1/user_wago/data/LJSpeech-1.1/wavs/LJ021-0172.wav,1.55125,4.8305993
/mnt/md1/user_wago/data/LJSpeech-1.1/wavs/LJ032-0220.wav,3.803625,4.696369
/mnt/md1/user_wago/data/LJSpeech-1.1/wavs/LJ003-0227.wav,8.052875,4.5624065
/mnt/md1/user_wago/data/LJSpeech-1.1/wavs/LJ002-0329.wav,8.912,4.379411
/mnt/md1/user_wago/data/LJSpeech-1.1/wavs/LJ012-0137.wav,7.449125,4.64547
/mnt/md1/user_wago/data/LJSpeech-1.1/wavs/LJ036-0018.wav,8.4940625,4.678886
/mnt/md1/user_wago/data/LJSpeech-1.1/wavs/LJ030-0222.wav,4.279625,4.788508
/mnt/md1/user_wago/data/LJSpeech-1.1/wavs/LJ033-0163.wav,8.7494375,4.553756
/mnt/md1/user_wago/data/LJSpeech-1.1/wavs/LJ050-0135.wav,1.876375,4.651765
/mnt/md1/user_wago/data/LJSpeech-1.1/wavs/LJ049-0001.wav,4.256375,4.6305795
/mnt/md1/user_wago/data/LJSpeech-1.1/wavs/LJ046-0067.wav,5.4058125,4.5250063
/mnt/md1/user_wago/data/LJSpeech-1.1/wavs/LJ014-0314.wav,1.853125,4.726242
/mnt/md1/user_wago/data/LJSpeech-1.1/wavs/LJ009-0294.wav,1.3190625,4.3566875
/mnt/md1/user_wago/data/LJSpeech-1.1/wavs/LJ002-0134.wav,6.2533125,4.662433
/mnt/md1/user_wago/data/LJSpeech-1.1/wavs/LJ016-0074.wav,7.93675,4.7345057
/mnt/md1/user_wago/data/LJSpeech-1.1/wavs/LJ020-0094.wav,7.7974375,4.59081
/mnt/md1/user_wago/data/LJSpeech-1.1/wavs/LJ008-0305.wav,8.9700625,4.297726
/mnt/md1/user_wago/data/LJSpeech-1.1/wavs/LJ049-0205.wav,9.806,4.4116974
/mnt/md1/user_wago/data/LJSpeech-1.1/wavs/LJ002-0311.wav,3.385625,4.359146
/mnt/md1/user_wago/data/LJSpeech-1.1/wavs/LJ035-0070.wav,1.9344375,4.3193483
/mnt/md1/user_wago/data/LJSpeech-1.1/wavs/LJ022-0196.wav,6.5319375,4.3959455
/mnt/md1/user_wago/data/LJSpeech-1.1/wavs/LJ006-0148.wav,7.391125,4.432946
/mnt/md1/user_wago/data/LJSpeech-1.1/wavs/LJ002-0206.wav,7.1240625,4.6044517
/mnt/md1/user_wago/data/LJSpeech-1.1/wavs/LJ003-0054.wav,8.93525,4.6375637
/mnt/md1/user_wago/data/LJSpeech-1.1/wavs/LJ038-0122.wav,6.0443125,4.6541586
/mnt/md1/user_wago/data/LJSpeech-1.1/wavs/LJ029-0027.wav,6.7409375,4.5491867
/mnt/md1/user_wago/data/LJSpeech-1.1/wavs/LJ007-0148.wav,9.8291875,4.274639
/mnt/md1/user_wago/data/LJSpeech-1.1/wavs/LJ043-0079.wav,9.898875,4.693358
/mnt/md1/user_wago/data/LJSpeech-1.1/wavs/LJ015-0110.wav,3.3740625,4.7047358
/mnt/md1/user_wago/data/LJSpeech-1.1/wavs/LJ013-0068.wav,7.2285625,4.681632
/mnt/md1/user_wago/data/LJSpeech-1.1/wavs/LJ049-0015.wav,6.520375,4.7138605
/mnt/md1/user_wago/data/LJSpeech-1.1/wavs/LJ042-0023.wav,6.9499375,4.595291
/mnt/md1/user_wago/data/LJSpeech-1.1/wavs/LJ010-0217.wav,5.4058125,4.673048
/mnt/md1/user_wago/data/LJSpeech-1.1/wavs/LJ005-0232.wav,5.3709375,4.4610267
/mnt/md1/user_wago/data/LJSpeech-1.1/wavs/LJ016-0415.wav,6.381,4.6607304
/mnt/md1/user_wago/data/LJSpeech-1.1/wavs/LJ045-0014.wav,6.4739375,4.586145
/mnt/md1/user_wago/data/LJSpeech-1.1/wavs/LJ034-0145.wav,9.6434375,4.5817037
/mnt/md1/user_wago/data/LJSpeech-1.1/wavs/LJ048-0281.wav,5.2665,4.6797304
/mnt/md1/user_wago/data/LJSpeech-1.1/wavs/LJ004-0028.wav,5.162,4.343048
/mnt/md1/user_wago/data/LJSpeech-1.1/wavs/LJ037-0217.wav,6.88025,4.626054
/mnt/md1/user_wago/data/LJSpeech-1.1/wavs/LJ050-0173.wav,10.084625,4.5299454
/mnt/md1/user_wago/data/LJSpeech-1.1/wavs/LJ011-0108.wav,10.0033125,4.678132
/mnt/md1/user_wago/data/LJSpeech-1.1/wavs/LJ023-0097.wav,7.1473125,4.3977394
/mnt/md1/user_wago/data/LJSpeech-1.1/wavs/LJ022-0080.wav,7.484,4.5522637
/mnt/md1/user_wago/data/LJSpeech-1.1/wavs/LJ001-0101.wav,7.4259375,4.6567388
/mnt/md1/user_wago/data/LJSpeech-1.1/wavs/LJ042-0048.wav,7.681375,4.442129
/mnt/md1/user_wago/data/LJSpeech-1.1/wavs/LJ046-0069.wav,8.714625,4.449068
/mnt/md1/user_wago/data/LJSpeech-1.1/wavs/LJ040-0078.wav,5.847,4.572315
/mnt/md1/user_wago/data/LJSpeech-1.1/wavs/LJ010-0211.wav,7.948375,4.644326
/mnt/md1/user_wago/data/LJSpeech-1.1/wavs/LJ022-0114.wav,4.1635,4.748887
/mnt/md1/user_wago/data/LJSpeech-1.1/wavs/LJ026-0006.wav,3.3391875,4.5675387
/mnt/md1/user_wago/data/LJSpeech-1.1/wavs/LJ020-0034.wav,2.6774375,4.5396886
/mnt/md1/user_wago/data/LJSpeech-1.1/wavs/LJ050-0169.wav,8.319875,4.556013
/mnt/md1/user_wago/data/LJSpeech-1.1/wavs/LJ037-0142.wav,3.722375,4.5108695
/mnt/md1/user_wago/data/LJSpeech-1.1/wavs/LJ002-0118.wav,4.860125,4.6900234
/mnt/md1/user_wago/data/LJSpeech-1.1/wavs/LJ050-0077.wav,2.247875,4.6892686
/mnt/md1/user_wago/data/LJSpeech-1.1/wavs/LJ010-0268.wav,6.415875,4.6765194
/mnt/md1/user_wago/data/LJSpeech-1.1/wavs/LJ040-0091.wav,9.086125,4.297982
/mnt/md1/user_wago/data/LJSpeech-1.1/wavs/LJ050-0212.wav,7.948375,4.6258116
/mnt/md1/user_wago/data/LJSpeech-1.1/wavs/LJ015-0079.wav,6.13725,4.565855
/mnt/md1/user_wago/data/LJSpeech-1.1/wavs/LJ009-0168.wav,2.5961875,4.168004
/mnt/md1/user_wago/data/LJSpeech-1.1/wavs/LJ023-0074.wav,3.7571875,4.463116
/mnt/md1/user_wago/data/LJSpeech-1.1/wavs/LJ005-0047.wav,10.073,4.479636
/mnt/md1/user_wago/data/LJSpeech-1.1/wavs/LJ005-0062.wav,9.7246875,4.5621653
/mnt/md1/user_wago/data/LJSpeech-1.1/wavs/LJ036-0138.wav,10.0149375,4.4058924
/mnt/md1/user_wago/data/LJSpeech-1.1/wavs/LJ022-0059.wav,7.0079375,4.611345
/mnt/md1/user_wago/data/LJSpeech-1.1/wavs/LJ030-0078.wav,7.5304375,4.624024
/mnt/md1/user_wago/data/LJSpeech-1.1/wavs/LJ010-0047.wav,6.6596875,4.7083964
/mnt/md1/user_wago/data/LJSpeech-1.1/wavs/LJ038-0142.wav,9.190625,4.7072325
/mnt/md1/user_wago/data/LJSpeech-1.1/wavs/LJ002-0249.wav,5.638,4.466429
/mnt/md1/user_wago/data/LJSpeech-1.1/wavs/LJ040-0116.wav,6.497125,4.5599704
/mnt/md1/user_wago/data/LJSpeech-1.1/wavs/LJ011-0232.wav,7.9831875,4.70456
/mnt/md1/user_wago/data/LJSpeech-1.1/wavs/LJ049-0148.wav,7.9948125,4.5174828
/mnt/md1/user_wago/data/LJSpeech-1.1/wavs/LJ028-0066.wav,4.7904375,4.6927996
/mnt/md1/user_wago/data/LJSpeech-1.1/wavs/LJ036-0097.wav,1.5164375,4.6543403
/mnt/md1/user_wago/data/LJSpeech-1.1/wavs/LJ022-0123.wav,5.707625,4.598348
/mnt/md1/user_wago/data/LJSpeech-1.1/wavs/LJ022-0201.wav,3.7455625,4.7261553
/mnt/md1/user_wago/data/LJSpeech-1.1/wavs/LJ024-0140.wav,3.095375,4.2352953
/mnt/md1/user_wago/data/LJSpeech-1.1/wavs/LJ002-0086.wav,9.6318125,4.5177245
/mnt/md1/user_wago/data/LJSpeech-1.1/wavs/LJ024-0012.wav,5.8818125,4.457592
/mnt/md1/user_wago/data/LJSpeech-1.1/wavs/LJ045-0091.wav,7.7161875,4.638911
/mnt/md1/user_wago/data/LJSpeech-1.1/wavs/LJ009-0154.wav,3.3508125,4.44453
/mnt/md1/user_wago/data/LJSpeech-1.1/wavs/LJ034-0127.wav,5.5799375,4.6873403
/mnt/md1/user_wago/data/LJSpeech-1.1/wavs/LJ016-0273.wav,4.360875,4.6164875
/mnt/md1/user_wago/data/LJSpeech-1.1/wavs/LJ016-0014.wav,7.7858125,4.7385855
/mnt/md1/user_wago/data/LJSpeech-1.1/wavs/LJ050-0067.wav,6.7409375,4.6477203
/mnt/md1/user_wago/data/LJSpeech-1.1/wavs/LJ007-0073.wav,3.0025,4.727521
/mnt/md1/user_wago/data/LJSpeech-1.1/wavs/LJ009-0052.wav,6.799,4.538663
/mnt/md1/user_wago/data/LJSpeech-1.1/wavs/LJ032-0134.wav,8.3663125,4.6192203
/mnt/md1/user_wago/data/LJSpeech-1.1/wavs/LJ001-0106.wav,8.505625,4.4550896
/mnt/md1/user_wago/data/LJSpeech-1.1/wavs/LJ028-0177.wav,6.29975,4.68333
/mnt/md1/user_wago/data/LJSpeech-1.1/wavs/LJ037-0198.wav,9.99175,4.5060234
/mnt/md1/user_wago/data/LJSpeech-1.1/wavs/LJ039-0011.wav,2.7819375,4.47159
/mnt/md1/user_wago/data/LJSpeech-1.1/wavs/LJ004-0090.wav,9.109375,4.38426
/mnt/md1/user_wago/data/LJSpeech-1.1/wavs/LJ038-0004.wav,8.842375,4.507426
/mnt/md1/user_wago/data/LJSpeech-1.1/wavs/LJ033-0116.wav,8.1805625,4.6262207
/mnt/md1/user_wago/data/LJSpeech-1.1/wavs/LJ007-0117.wav,9.4344375,4.6078143
/mnt/md1/user_wago/data/LJSpeech-1.1/wavs/LJ041-0121.wav,7.100875,4.606924
/mnt/md1/user_wago/data/LJSpeech-1.1/wavs/LJ018-0208.wav,8.052875,4.636861
/mnt/md1/user_wago/data/LJSpeech-1.1/wavs/LJ044-0063.wav,3.02575,4.7557554
/mnt/md1/user_wago/data/LJSpeech-1.1/wavs/LJ006-0145.wav,2.619375,4.3702893
/mnt/md1/user_wago/data/LJSpeech-1.1/wavs/LJ030-0108.wav,7.843875,4.523079
/mnt/md1/user_wago/data/LJSpeech-1.1/wavs/LJ038-0066.wav,9.78275,4.751161
/mnt/md1/user_wago/data/LJSpeech-1.1/wavs/LJ019-0148.wav,4.0241875,4.3606577
/mnt/md1/user_wago/data/LJSpeech-1.1/wavs/LJ006-0169.wav,2.3755625,4.607049
/mnt/md1/user_wago/data/LJSpeech-1.1/wavs/LJ035-0108.wav,4.9181875,4.6832504
/mnt/md1/user_wago/data/LJSpeech-1.1/wavs/LJ005-0020.wav,4.6975625,4.6522517
/mnt/md1/user_wago/data/LJSpeech-1.1/wavs/LJ025-0116.wav,4.8253125,4.549639
/mnt/md1/user_wago/data/LJSpeech-1.1/wavs/LJ013-0201.wav,3.50175,4.542897
/mnt/md1/user_wago/data/LJSpeech-1.1/wavs/LJ009-0118.wav,7.553625,4.465909
/mnt/md1/user_wago/data/LJSpeech-1.1/wavs/LJ002-0174.wav,5.1155625,4.748931
/mnt/md1/user_wago/data/LJSpeech-1.1/wavs/LJ032-0087.wav,7.4026875,4.4670105
/mnt/md1/user_wago/data/LJSpeech-1.1/wavs/LJ011-0087.wav,9.8408125,4.316642
/mnt/md1/user_wago/data/LJSpeech-1.1/wavs/LJ016-0349.wav,8.3779375,4.4150586
/mnt/md1/user_wago/data/LJSpeech-1.1/wavs/LJ049-0009.wav,9.9220625,4.599566
/mnt/md1/user_wago/data/LJSpeech-1.1/wavs/LJ015-0208.wav,9.1674375,4.6122
/mnt/md1/user_wago/data/LJSpeech-1.1/wavs/LJ016-0204.wav,3.8384375,4.551313
/mnt/md1/user_wago/data/LJSpeech-1.1/wavs/LJ025-0096.wav,6.206875,4.628796
/mnt/md1/user_wago/data/LJSpeech-1.1/wavs/LJ037-0248.wav,3.60625,4.58416
/mnt/md1/user_wago/data/LJSpeech-1.1/wavs/LJ045-0171.wav,1.4235625,4.6526246
/mnt/md1/user_wago/data/LJSpeech-1.1/wavs/LJ039-0150.wav,4.3028125,4.6663203
/mnt/md1/user_wago/data/LJSpeech-1.1/wavs/LJ011-0071.wav,7.576875,4.6799827
/mnt/md1/user_wago/data/LJSpeech-1.1/wavs/LJ018-0373.wav,5.1968125,4.6426764
/mnt/md1/user_wago/data/LJSpeech-1.1/wavs/LJ038-0306.wav,8.0876875,4.526056
/mnt/md1/user_wago/data/LJSpeech-1.1/wavs/LJ016-0406.wav,8.6681875,4.6209345
/mnt/md1/user_wago/data/LJSpeech-1.1/wavs/LJ022-0093.wav,4.0474375,4.6386504
/mnt/md1/user_wago/data/LJSpeech-1.1/wavs/LJ034-0002.wav,8.9816875,4.6626883
/mnt/md1/user_wago/data/LJSpeech-1.1/wavs/LJ014-0301.wav,7.7858125,4.6303754
/mnt/md1/user_wago/data/LJSpeech-1.1/wavs/LJ006-0074.wav,5.939875,4.551991
/mnt/md1/user_wago/data/LJSpeech-1.1/wavs/LJ041-0014.wav,7.83225,4.6201763
/mnt/md1/user_wago/data/LJSpeech-1.1/wavs/LJ019-0318.wav,5.3013125,4.491975
/mnt/md1/user_wago/data/LJSpeech-1.1/wavs/LJ046-0201.wav,6.4390625,4.626317
/mnt/md1/user_wago/data/LJSpeech-1.1/wavs/LJ050-0141.wav,9.028125,4.6573057
/mnt/md1/user_wago/data/LJSpeech-1.1/wavs/LJ006-0167.wav,7.4955625,4.5247016
/mnt/md1/user_wago/data/LJSpeech-1.1/wavs/LJ041-0072.wav,9.3531875,4.6189623
/mnt/md1/user_wago/data/LJSpeech-1.1/wavs/LJ038-0138.wav,4.4421875,4.7242293
/mnt/md1/user_wago/data/LJSpeech-1.1/wavs/LJ005-0234.wav,7.77425,4.4700027
/mnt/md1/user_wago/data/LJSpeech-1.1/wavs/LJ031-0118.wav,8.9816875,4.6737385
/mnt/md1/user_wago/data/LJSpeech-1.1/wavs/LJ050-0110.wav,5.916625,4.5685496
/mnt/md1/user_wago/data/LJSpeech-1.1/wavs/LJ049-0073.wav,6.5668125,4.675607
/mnt/md1/user_wago/data/LJSpeech-1.1/wavs/LJ048-0269.wav,10.0149375,4.3916435
/mnt/md1/user_wago/data/LJSpeech-1.1/wavs/LJ041-0067.wav,5.4638125,4.502721
/mnt/md1/user_wago/data/LJSpeech-1.1/wavs/LJ041-0032.wav,8.0876875,4.4495335
/mnt/md1/user_wago/data/LJSpeech-1.1/wavs/LJ028-0319.wav,4.55825,4.5009284
/mnt/md1/user_wago/data/LJSpeech-1.1/wavs/LJ011-0105.wav,8.343125,4.667347
/mnt/md1/user_wago/data/LJSpeech-1.1/wavs/LJ021-0061.wav,9.608625,4.4729314
/mnt/md1/user_wago/data/LJSpeech-1.1/wavs/LJ018-0029.wav,8.2734375,4.5021453
/mnt/md1/user_wago/data/LJSpeech-1.1/wavs/LJ008-0175.wav,6.2649375,4.5682793
/mnt/md1/user_wago/data/LJSpeech-1.1/wavs/LJ013-0254.wav,8.04125,4.656942
/mnt/md1/user_wago/data/LJSpeech-1.1/wavs/LJ030-0163.wav,8.4011875,4.6423674
/mnt/md1/user_wago/data/LJSpeech-1.1/wavs/LJ017-0024.wav,7.9019375,4.6925774
/mnt/md1/user_wago/data/LJSpeech-1.1/wavs/LJ015-0256.wav,5.7773125,4.7000756
/mnt/md1/user_wago/data/LJSpeech-1.1/wavs/LJ005-0017.wav,4.45375,4.560961
/mnt/md1/user_wago/data/LJSpeech-1.1/wavs/LJ047-0030.wav,7.4143125,4.5077906
/mnt/md1/user_wago/data/LJSpeech-1.1/wavs/LJ002-0153.wav,2.7355,4.673024
/mnt/md1/user_wago/data/LJSpeech-1.1/wavs/LJ018-0003.wav,4.4189375,4.7035108
/mnt/md1/user_wago/data/LJSpeech-1.1/wavs/LJ009-0104.wav,8.3083125,4.447673
/mnt/md1/user_wago/data/LJSpeech-1.1/wavs/LJ018-0155.wav,8.7843125,4.4416475
/mnt/md1/user_wago/data/LJSpeech-1.1/wavs/LJ006-0123.wav,3.513375,4.680962
/mnt/md1/user_wago/data/LJSpeech-1.1/wavs/LJ035-0076.wav,9.67825,4.4666386
/mnt/md1/user_wago/data/LJSpeech-1.1/wavs/LJ004-0225.wav,6.67125,4.2426753
/mnt/md1/user_wago/data/LJSpeech-1.1/wavs/LJ035-0204.wav,7.8903125,4.358865
/mnt/md1/user_wago/data/LJSpeech-1.1/wavs/LJ014-0077.wav,10.0265625,4.700215
/mnt/md1/user_wago/data/LJSpeech-1.1/wavs/LJ045-0147.wav,1.86475,4.5549912
/mnt/md1/user_wago/data/LJSpeech-1.1/wavs/LJ021-0060.wav,6.9035,4.48232
/mnt/md1/user_wago/data/LJSpeech-1.1/wavs/LJ001-0048.wav,6.323,4.424423
/mnt/md1/user_wago/data/LJSpeech-1.1/wavs/LJ018-0146.wav,7.7161875,4.628256
/mnt/md1/user_wago/data/LJSpeech-1.1/wavs/LJ008-0052.wav,5.1735625,4.7004976
/mnt/md1/user_wago/data/LJSpeech-1.1/wavs/LJ010-0183.wav,9.980125,4.5603333
/mnt/md1/user_wago/data/LJSpeech-1.1/wavs/LJ005-0205.wav,10.0265625,4.2807984
/mnt/md1/user_wago/data/LJSpeech-1.1/wavs/LJ001-0120.wav,6.973125,4.473531
/mnt/md1/user_wago/data/LJSpeech-1.1/wavs/LJ040-0109.wav,5.440625,4.3204055
/mnt/md1/user_wago/data/LJSpeech-1.1/wavs/LJ019-0233.wav,5.7425,4.6481414
/mnt/md1/user_wago/data/LJSpeech-1.1/wavs/LJ003-0175.wav,6.9499375,4.586541
/mnt/md1/user_wago/data/LJSpeech-1.1/wavs/LJ018-0294.wav,7.182125,4.6012235
/mnt/md1/user_wago/data/LJSpeech-1.1/wavs/LJ021-0073.wav,8.04125,4.411058
/mnt/md1/user_wago/data/LJSpeech-1.1/wavs/LJ048-0211.wav,9.8291875,4.57665
/mnt/md1/user_wago/data/LJSpeech-1.1/wavs/LJ016-0267.wav,6.1604375,4.412583
/mnt/md1/user_wago/data/LJSpeech-1.1/wavs/LJ048-0095.wav,4.4305625,4.7280607
/mnt/md1/user_wago/data/LJSpeech-1.1/wavs/LJ023-0068.wav,8.9584375,4.457138
/mnt/md1/user_wago/data/LJSpeech-1.1/wavs/LJ031-0189.wav,9.8175625,4.757637
/mnt/md1/user_wago/data/LJSpeech-1.1/wavs/LJ009-0207.wav,3.617875,4.5258017
/mnt/md1/user_wago/data/LJSpeech-1.1/wavs/LJ020-0095.wav,3.4669375,4.443902
/mnt/md1/user_wago/data/LJSpeech-1.1/wavs/LJ041-0194.wav,9.9336875,4.458046
/mnt/md1/user_wago/data/LJSpeech-1.1/wavs/LJ035-0119.wav,5.847,4.5809646
/mnt/md1/user_wago/data/LJSpeech-1.1/wavs/LJ047-0035.wav,6.682875,4.548092
/mnt/md1/user_wago/data/LJSpeech-1.1/wavs/LJ032-0176.wav,6.7176875,4.6691504
/mnt/md1/user_wago/data/LJSpeech-1.1/wavs/LJ010-0060.wav,7.6116875,4.624731
/mnt/md1/user_wago/data/LJSpeech-1.1/wavs/LJ028-0340.wav,6.0443125,4.397691
/mnt/md1/user_wago/data/LJSpeech-1.1/wavs/LJ010-0201.wav,4.674375,4.7621746
/mnt/md1/user_wago/data/LJSpeech-1.1/wavs/LJ011-0231.wav,4.29125,4.5700574
/mnt/md1/user_wago/data/LJSpeech-1.1/wavs/LJ038-0182.wav,9.9220625,4.47038
/mnt/md1/user_wago/data/LJSpeech-1.1/wavs/LJ047-0246.wav,5.7889375,4.5920243
/mnt/md1/user_wago/data/LJSpeech-1.1/wavs/LJ001-0016.wav,5.2665,4.349651
/mnt/md1/user_wago/data/LJSpeech-1.1/wavs/LJ020-0106.wav,6.19525,4.505055
/mnt/md1/user_wago/data/LJSpeech-1.1/wavs/LJ048-0135.wav,3.1650625,4.7699566
/mnt/md1/user_wago/data/LJSpeech-1.1/wavs/LJ019-0112.wav,7.6116875,4.582463
/mnt/md1/user_wago/data/LJSpeech-1.1/wavs/LJ032-0165.wav,6.1604375,4.6382027
/mnt/md1/user_wago/data/LJSpeech-1.1/wavs/LJ008-0116.wav,8.436,4.497322
/mnt/md1/user_wago/data/LJSpeech-1.1/wavs/LJ018-0006.wav,5.7773125,4.6302533
/mnt/md1/user_wago/data/LJSpeech-1.1/wavs/LJ036-0021.wav,4.97625,4.691118
/mnt/md1/user_wago/data/LJSpeech-1.1/wavs/LJ003-0107.wav,6.59,4.5927825
/mnt/md1/user_wago/data/LJSpeech-1.1/wavs/LJ012-0123.wav,8.610125,4.505754
/mnt/md1/user_wago/data/LJSpeech-1.1/wavs/LJ028-0406.wav,4.953,4.4652886
/mnt/md1/user_wago/data/LJSpeech-1.1/wavs/LJ015-0247.wav,9.0629375,4.6064625
/mnt/md1/user_wago/data/LJSpeech-1.1/wavs/LJ049-0135.wav,4.2215625,4.681006
/mnt/md1/user_wago/data/LJSpeech-1.1/wavs/LJ003-0151.wav,7.5188125,4.533117
/mnt/md1/user_wago/data/LJSpeech-1.1/wavs/LJ010-0185.wav,8.3315,4.308166
/mnt/md1/user_wago/data/LJSpeech-1.1/wavs/LJ016-0291.wav,6.114,4.5772524
/mnt/md1/user_wago/data/LJSpeech-1.1/wavs/LJ033-0165.wav,8.505625,4.578788
/mnt/md1/user_wago/data/LJSpeech-1.1/wavs/LJ035-0171.wav,5.0923125,4.5745707
/mnt/md1/user_wago/data/LJSpeech-1.1/wavs/LJ004-0167.wav,3.0721875,4.2692237
/mnt/md1/user_wago/data/LJSpeech-1.1/wavs/LJ006-0304.wav,4.7324375,4.7313213
/mnt/md1/user_wago/data/LJSpeech-1.1/wavs/LJ010-0028.wav,9.806,4.599207
/mnt/md1/user_wago/data/LJSpeech-1.1/wavs/LJ043-0145.wav,8.703,4.6628737
/mnt/md1/user_wago/data/LJSpeech-1.1/wavs/LJ001-0067.wav,6.973125,4.571354
/mnt/md1/user_wago/data/LJSpeech-1.1/wavs/LJ006-0155.wav,6.6364375,4.4231806
/mnt/md1/user_wago/data/LJSpeech-1.1/wavs/LJ017-0123.wav,2.4800625,4.7660217
/mnt/md1/user_wago/data/LJSpeech-1.1/wavs/LJ015-0254.wav,6.601625,4.6659756
/mnt/md1/user_wago/data/LJSpeech-1.1/wavs/LJ011-0158.wav,5.997875,4.5548587
/mnt/md1/user_wago/data/LJSpeech-1.1/wavs/LJ007-0018.wav,8.4011875,4.6571665
/mnt/md1/user_wago/data/LJSpeech-1.1/wavs/LJ024-0092.wav,8.4708125,4.4292684
/mnt/md1/user_wago/data/LJSpeech-1.1/wavs/LJ010-0284.wav,9.09775,4.6014166
/mnt/md1/user_wago/data/LJSpeech-1.1/wavs/LJ004-0077.wav,4.0474375,4.69928
/mnt/md1/user_wago/data/LJSpeech-1.1/wavs/LJ003-0032.wav,6.415875,4.4133277
/mnt/md1/user_wago/data/LJSpeech-1.1/wavs/LJ005-0014.wav,3.9429375,4.8068905
/mnt/md1/user_wago/data/LJSpeech-1.1/wavs/LJ039-0168.wav,3.1883125,4.4054956
/mnt/md1/user_wago/data/LJSpeech-1.1/wavs/LJ008-0092.wav,4.6163125,4.6304064
/mnt/md1/user_wago/data/LJSpeech-1.1/wavs/LJ008-0050.wav,9.5621875,4.519881
/mnt/md1/user_wago/data/LJSpeech-1.1/wavs/LJ031-0043.wav,6.288125,4.7101965
/mnt/md1/user_wago/data/LJSpeech-1.1/wavs/LJ014-0130.wav,4.070625,4.7747865
/mnt/md1/user_wago/data/LJSpeech-1.1/wavs/LJ038-0071.wav,7.7974375,4.483572
/mnt/md1/user_wago/data/LJSpeech-1.1/wavs/LJ023-0128.wav,6.5319375,4.491709
/mnt/md1/user_wago/data/LJSpeech-1.1/wavs/LJ011-0168.wav,5.3129375,4.4770713
/mnt/md1/user_wago/data/LJSpeech-1.1/wavs/LJ009-0136.wav,6.50875,4.5848055
/mnt/md1/user_wago/data/LJSpeech-1.1/wavs/LJ022-0126.wav,8.4940625,4.609641
/mnt/md1/user_wago/data/LJSpeech-1.1/wavs/LJ018-0308.wav,8.2966875,4.7192802
/mnt/md1/user_wago/data/LJSpeech-1.1/wavs/LJ011-0049.wav,6.381,4.6472716
/mnt/md1/user_wago/data/LJSpeech-1.1/wavs/LJ037-0249.wav,9.2370625,4.73052
/mnt/md1/user_wago/data/LJSpeech-1.1/wavs/LJ036-0037.wav,9.4344375,4.5989175
/mnt/md1/user_wago/data/LJSpeech-1.1/wavs/LJ015-0041.wav,6.311375,4.454872
/mnt/md1/user_wago/data/LJSpeech-1.1/wavs/LJ016-0102.wav,3.0025,4.425399
/mnt/md1/user_wago/data/LJSpeech-1.1/wavs/LJ045-0228.wav,8.0180625,4.652672
/mnt/md1/user_wago/data/LJSpeech-1.1/wavs/LJ019-0035.wav,5.127125,4.7780075
/mnt/md1/user_wago/data/LJSpeech-1.1/wavs/LJ015-0091.wav,2.8631875,4.5692472
/mnt/md1/user_wago/data/LJSpeech-1.1/wavs/LJ014-0013.wav,7.100875,4.7160826
/mnt/md1/user_wago/data/LJSpeech-1.1/wavs/LJ045-0010.wav,5.55675,4.758539
/mnt/md1/user_wago/data/LJSpeech-1.1/wavs/LJ018-0127.wav,9.41125,4.689274
/mnt/md1/user_wago/data/LJSpeech-1.1/wavs/LJ050-0123.wav,6.2416875,4.7669044
/mnt/md1/user_wago/data/LJSpeech-1.1/wavs/LJ028-0098.wav,4.7091875,4.6820903
/mnt/md1/user_wago/data/LJSpeech-1.1/wavs/LJ013-0108.wav,4.9994375,4.637475
/mnt/md1/user_wago/data/LJSpeech-1.1/wavs/LJ028-0309.wav,8.900375,4.4735365
/mnt/md1/user_wago/data/LJSpeech-1.1/wavs/LJ017-0232.wav,7.9019375,4.622369
/mnt/md1/user_wago/data/LJSpeech-1.1/wavs/LJ030-0129.wav,3.513375,4.690463
/mnt/md1/user_wago/data/LJSpeech-1.1/wavs/LJ009-0257.wav,8.4824375,4.338019
/mnt/md1/user_wago/data/LJSpeech-1.1/wavs/LJ029-0197.wav,8.424375,4.659225
/mnt/md1/user_wago/data/LJSpeech-1.1/wavs/LJ004-0213.wav,5.22,4.2499967
/mnt/md1/user_wago/data/LJSpeech-1.1/wavs/LJ046-0003.wav,3.6526875,4.5883703
/mnt/md1/user_wago/data/LJSpeech-1.1/wavs/LJ032-0072.wav,7.08925,4.6029778
/mnt/md1/user_wago/data/LJSpeech-1.1/wavs/LJ044-0239.wav,5.649625,4.628086
/mnt/md1/user_wago/data/LJSpeech-1.1/wavs/LJ038-0168.wav,8.2038125,4.6286964
/mnt/md1/user_wago/data/LJSpeech-1.1/wavs/LJ005-0100.wav,8.62175,4.7266684
/mnt/md1/user_wago/data/LJSpeech-1.1/wavs/LJ047-0082.wav,6.88025,4.6735377
/mnt/md1/user_wago/data/LJSpeech-1.1/wavs/LJ005-0126.wav,9.399625,4.5070796
/mnt/md1/user_wago/data/LJSpeech-1.1/wavs/LJ014-0082.wav,6.206875,4.730754
/mnt/md1/user_wago/data/LJSpeech-1.1/wavs/LJ035-0170.wav,7.6116875,4.4331865
/mnt/md1/user_wago/data/LJSpeech-1.1/wavs/LJ021-0086.wav,6.392625,4.5245886
/mnt/md1/user_wago/data/LJSpeech-1.1/wavs/LJ048-0235.wav,5.3825625,4.6811366
/mnt/md1/user_wago/data/LJSpeech-1.1/wavs/LJ014-0093.wav,5.5683125,4.624008
/mnt/md1/user_wago/data/LJSpeech-1.1/wavs/LJ028-0475.wav,2.23625,4.7985353
/mnt/md1/user_wago/data/LJSpeech-1.1/wavs/LJ047-0167.wav,7.3098125,4.566346
/mnt/md1/user_wago/data/LJSpeech-1.1/wavs/LJ047-0040.wav,9.399625,4.5473332
/mnt/md1/user_wago/data/LJSpeech-1.1/wavs/LJ033-0088.wav,4.755625,4.680459
/mnt/md1/user_wago/data/LJSpeech-1.1/wavs/LJ011-0284.wav,5.92825,4.7221975
/mnt/md1/user_wago/data/LJSpeech-1.1/wavs/LJ028-0352.wav,8.1689375,4.571211
/mnt/md1/user_wago/data/LJSpeech-1.1/wavs/LJ039-0149.wav,5.626375,4.612413
/mnt/md1/user_wago/data/LJSpeech-1.1/wavs/LJ008-0073.wav,2.4800625,4.6701584
/mnt/md1/user_wago/data/LJSpeech-1.1/wavs/LJ033-0198.wav,9.0513125,4.63849
/mnt/md1/user_wago/data/LJSpeech-1.1/wavs/LJ020-0101.wav,7.6000625,4.4726834
/mnt/md1/user_wago/data/LJSpeech-1.1/wavs/LJ013-0071.wav,9.0745625,4.6333847
/mnt/md1/user_wago/data/LJSpeech-1.1/wavs/LJ037-0037.wav,10.061375,4.708999
/mnt/md1/user_wago/data/LJSpeech-1.1/wavs/LJ014-0032.wav,6.0675625,4.668516
/mnt/md1/user_wago/data/LJSpeech-1.1/wavs/LJ028-0152.wav,7.2285625,4.5217643
/mnt/md1/user_wago/data/LJSpeech-1.1/wavs/LJ015-0313.wav,6.4739375,4.5704336
/mnt/md1/user_wago/data/LJSpeech-1.1/wavs/LJ039-0101.wav,9.5621875,4.476526
/mnt/md1/user_wago/data/LJSpeech-1.1/wavs/LJ050-0040.wav,7.449125,4.563275
/mnt/md1/user_wago/data/LJSpeech-1.1/wavs/LJ043-0162.wav,9.864,4.578474
/mnt/md1/user_wago/data/LJSpeech-1.1/wavs/LJ047-0121.wav,3.1883125,4.7279267
/mnt/md1/user_wago/data/LJSpeech-1.1/wavs/LJ024-0008.wav,2.805125,4.6097913
/mnt/md1/user_wago/data/LJSpeech-1.1/wavs/LJ003-0023.wav,7.739375,4.5382624
/mnt/md1/user_wago/data/LJSpeech-1.1/wavs/LJ002-0060.wav,8.9816875,4.4953074
/mnt/md1/user_wago/data/LJSpeech-1.1/wavs/LJ011-0060.wav,7.2285625,4.653114
/mnt/md1/user_wago/data/LJSpeech-1.1/wavs/LJ019-0007.wav,7.739375,4.507101
/mnt/md1/user_wago/data/LJSpeech-1.1/wavs/LJ002-0057.wav,5.127125,4.749607
/mnt/md1/user_wago/data/LJSpeech-1.1/wavs/LJ029-0055.wav,7.9135625,4.6932945
/mnt/md1/user_wago/data/LJSpeech-1.1/wavs/LJ037-0093.wav,4.8949375,4.7695265
/mnt/md1/user_wago/data/LJSpeech-1.1/wavs/LJ020-0108.wav,5.1155625,4.611986
/mnt/md1/user_wago/data/LJSpeech-1.1/wavs/LJ030-0081.wav,9.4925,4.68594
/mnt/md1/user_wago/data/LJSpeech-1.1/wavs/LJ008-0102.wav,6.4623125,4.500474
/mnt/md1/user_wago/data/LJSpeech-1.1/wavs/LJ016-0425.wav,8.9584375,4.339705
/mnt/md1/user_wago/data/LJSpeech-1.1/wavs/LJ014-0170.wav,8.2966875,4.3635664
/mnt/md1/user_wago/data/LJSpeech-1.1/wavs/LJ042-0103.wav,8.3895625,4.4787874
/mnt/md1/user_wago/data/LJSpeech-1.1/wavs/LJ009-0182.wav,5.6960625,4.58253
/mnt/md1/user_wago/data/LJSpeech-1.1/wavs/LJ021-0199.wav,2.0505,3.9433455
/mnt/md1/user_wago/data/LJSpeech-1.1/wavs/LJ010-0128.wav,4.941375,4.655749
/mnt/md1/user_wago/data/LJSpeech-1.1/wavs/LJ030-0237.wav,4.6395625,4.6631665
/mnt/md1/user_wago/data/LJSpeech-1.1/wavs/LJ011-0051.wav,7.6233125,4.3964896
/mnt/md1/user_wago/data/LJSpeech-1.1/wavs/LJ038-0144.wav,3.1650625,4.682815
/mnt/md1/user_wago/data/LJSpeech-1.1/wavs/LJ047-0184.wav,9.3531875,4.5068655
/mnt/md1/user_wago/data/LJSpeech-1.1/wavs/LJ019-0304.wav,3.7455625,4.7648582
/mnt/md1/user_wago/data/LJSpeech-1.1/wavs/LJ008-0064.wav,8.83075,4.445819
/mnt/md1/user_wago/data/LJSpeech-1.1/wavs/LJ037-0027.wav,4.76725,4.661957
/mnt/md1/user_wago/data/LJSpeech-1.1/wavs/LJ041-0124.wav,8.319875,4.4087563
/mnt/md1/user_wago/data/LJSpeech-1.1/wavs/LJ013-0234.wav,6.09075,4.591896
/mnt/md1/user_wago/data/LJSpeech-1.1/wavs/LJ032-0057.wav,9.1441875,4.470897
/mnt/md1/user_wago/data/LJSpeech-1.1/wavs/LJ035-0152.wav,6.996375,4.528594
/mnt/md1/user_wago/data/LJSpeech-1.1/wavs/LJ036-0151.wav,2.9560625,4.7767735
/mnt/md1/user_wago/data/LJSpeech-1.1/wavs/LJ010-0222.wav,5.521875,4.6967177
/mnt/md1/user_wago/data/LJSpeech-1.1/wavs/LJ005-0036.wav,4.2099375,4.405825
/mnt/md1/user_wago/data/LJSpeech-1.1/wavs/LJ012-0249.wav,4.45375,4.461154
/mnt/md1/user_wago/data/LJSpeech-1.1/wavs/LJ044-0113.wav,3.8500625,4.6272545
/mnt/md1/user_wago/data/LJSpeech-1.1/wavs/LJ022-0162.wav,9.0513125,4.7416897
/mnt/md1/user_wago/data/LJSpeech-1.1/wavs/LJ035-0122.wav,9.1674375,4.5037603
/mnt/md1/user_wago/data/LJSpeech-1.1/wavs/LJ017-0075.wav,5.9863125,4.6824646
/mnt/md1/user_wago/data/LJSpeech-1.1/wavs/LJ032-0121.wav,6.7293125,4.684676
/mnt/md1/user_wago/data/LJSpeech-1.1/wavs/LJ047-0041.wav,5.521875,4.732296
/mnt/md1/user_wago/data/LJSpeech-1.1/wavs/LJ011-0141.wav,5.7889375,4.579724
/mnt/md1/user_wago/data/LJSpeech-1.1/wavs/LJ035-0142.wav,4.3144375,4.383118
/mnt/md1/user_wago/data/LJSpeech-1.1/wavs/LJ050-0137.wav,2.851625,4.6663566
/mnt/md1/user_wago/data/LJSpeech-1.1/wavs/LJ038-0219.wav,8.7494375,4.711072
/mnt/md1/user_wago/data/LJSpeech-1.1/wavs/LJ026-0129.wav,9.028125,4.259594
/mnt/md1/user_wago/data/LJSpeech-1.1/wavs/LJ019-0154.wav,9.4693125,4.584963
/mnt/md1/user_wago/data/LJSpeech-1.1/wavs/LJ040-0071.wav,10.0265625,4.5065484
/mnt/md1/user_wago/data/LJSpeech-1.1/wavs/LJ007-0182.wav,5.82375,4.615298
/mnt/md1/user_wago/data/LJSpeech-1.1/wavs/LJ013-0011.wav,5.9630625,4.6304326
/mnt/md1/user_wago/data/LJSpeech-1.1/wavs/LJ033-0195.wav,9.121,4.458895
/mnt/md1/user_wago/data/LJSpeech-1.1/wavs/LJ029-0208.wav,5.835375,4.508403
/mnt/md1/user_wago/data/LJSpeech-1.1/wavs/LJ030-0144.wav,8.8539375,4.5931396
/mnt/md1/user_wago/data/LJSpeech-1.1/wavs/LJ017-0023.wav,7.0544375,4.6280265
/mnt/md1/user_wago/data/LJSpeech-1.1/wavs/LJ018-0100.wav,9.597,4.65621
/mnt/md1/user_wago/data/LJSpeech-1.1/wavs/LJ013-0089.wav,5.9514375,4.644345
/mnt/md1/user_wago/data/LJSpeech-1.1/wavs/LJ006-0054.wav,7.158875,4.535508
/mnt/md1/user_wago/data/LJSpeech-1.1/wavs/LJ028-0183.wav,6.0559375,4.6117897
/mnt/md1/user_wago/data/LJSpeech-1.1/wavs/LJ028-0334.wav,6.9499375,4.4670234
/mnt/md1/user_wago/data/LJSpeech-1.1/wavs/LJ042-0116.wav,3.29275,4.739634
/mnt/md1/user_wago/data/LJSpeech-1.1/wavs/LJ016-0058.wav,2.7819375,4.4466105
/mnt/md1/user_wago/data/LJSpeech-1.1/wavs/LJ033-0190.wav,8.9468125,4.483466
/mnt/md1/user_wago/data/LJSpeech-1.1/wavs/LJ012-0051.wav,9.5621875,4.619735
/mnt/md1/user_wago/data/LJSpeech-1.1/wavs/LJ042-0010.wav,5.2780625,4.6899257
/mnt/md1/user_wago/data/LJSpeech-1.1/wavs/LJ011-0209.wav,8.157375,4.505778
/mnt/md1/user_wago/data/LJSpeech-1.1/wavs/LJ004-0197.wav,7.843875,4.3549876
/mnt/md1/user_wago/data/LJSpeech-1.1/wavs/LJ035-0158.wav,9.3415625,4.3991017
/mnt/md1/user_wago/data/LJSpeech-1.1/wavs/LJ025-0098.wav,9.2603125,4.58741
/mnt/md1/user_wago/data/LJSpeech-1.1/wavs/LJ016-0076.wav,9.028125,4.6492534
/mnt/md1/user_wago/data/LJSpeech-1.1/wavs/LJ015-0073.wav,8.842375,4.4528675
/mnt/md1/user_wago/data/LJSpeech-1.1/wavs/LJ014-0073.wav,8.83075,4.572844
/mnt/md1/user_wago/data/LJSpeech-1.1/wavs/LJ002-0181.wav,8.633375,4.4786243
/mnt/md1/user_wago/data/LJSpeech-1.1/wavs/LJ015-0249.wav,9.0745625,4.542077
/mnt/md1/user_wago/data/LJSpeech-1.1/wavs/LJ022-0088.wav,7.286625,4.678915
/mnt/md1/user_wago/data/LJSpeech-1.1/wavs/LJ002-0324.wav,6.0559375,4.644686
/mnt/md1/user_wago/data/LJSpeech-1.1/wavs/LJ049-0151.wav,2.6078125,4.494927
/mnt/md1/user_wago/data/LJSpeech-1.1/wavs/LJ010-0078.wav,7.4375625,4.5767093
/mnt/md1/user_wago/data/LJSpeech-1.1/wavs/LJ019-0168.wav,6.601625,4.7228312
/mnt/md1/user_wago/data/LJSpeech-1.1/wavs/LJ003-0346.wav,6.6248125,4.5729713
/mnt/md1/user_wago/data/LJSpeech-1.1/wavs/LJ036-0081.wav,3.97775,4.7614684
/mnt/md1/user_wago/data/LJSpeech-1.1/wavs/LJ034-0141.wav,3.699125,4.6746697
/mnt/md1/user_wago/data/LJSpeech-1.1/wavs/LJ019-0392.wav,1.946,4.7458982
/mnt/md1/user_wago/data/LJSpeech-1.1/wavs/LJ002-0226.wav,6.0675625,4.3625135
/mnt/md1/user_wago/data/LJSpeech-1.1/wavs/LJ015-0035.wav,4.0590625,4.7365117
/mnt/md1/user_wago/data/LJSpeech-1.1/wavs/LJ037-0058.wav,6.7525625,4.8123083
/mnt/md1/user_wago/data/LJSpeech-1.1/wavs/LJ015-0070.wav,4.070625,4.7222314
/mnt/md1/user_wago/data/LJSpeech-1.1/wavs/LJ028-0455.wav,4.3493125,4.6837387
/mnt/md1/user_wago/data/LJSpeech-1.1/wavs/LJ045-0034.wav,6.7641875,4.673353
/mnt/md1/user_wago/data/LJSpeech-1.1/wavs/LJ007-0056.wav,8.0876875,4.6844525
/mnt/md1/user_wago/data/LJSpeech-1.1/wavs/LJ028-0024.wav,4.3144375,4.6113586
/mnt/md1/user_wago/data/LJSpeech-1.1/wavs/LJ017-0063.wav,7.542,4.6807384
/mnt/md1/user_wago/data/LJSpeech-1.1/wavs/LJ002-0293.wav,4.569875,4.6540966
/mnt/md1/user_wago/data/LJSpeech-1.1/wavs/LJ040-0237.wav,5.429,4.3142977
/mnt/md1/user_wago/data/LJSpeech-1.1/wavs/LJ028-0181.wav,3.223125,4.5348215
/mnt/md1/user_wago/data/LJSpeech-1.1/wavs/LJ038-0217.wav,9.9336875,4.6823545
/mnt/md1/user_wago/data/LJSpeech-1.1/wavs/LJ017-0040.wav,3.4553125,4.713346
/mnt/md1/user_wago/data/LJSpeech-1.1/wavs/LJ013-0122.wav,5.127125,4.535056
/mnt/md1/user_wago/data/LJSpeech-1.1/wavs/LJ015-0004.wav,4.198375,4.8182254
/mnt/md1/user_wago/data/LJSpeech-1.1/wavs/LJ040-0154.wav,9.9336875,4.307103
/mnt/md1/user_wago/data/LJSpeech-1.1/wavs/LJ016-0256.wav,5.9514375,4.5348406
/mnt/md1/user_wago/data/LJSpeech-1.1/wavs/LJ009-0092.wav,4.744,4.3605
/mnt/md1/user_wago/data/LJSpeech-1.1/wavs/LJ030-0181.wav,5.150375,4.7911267
/mnt/md1/user_wago/data/LJSpeech-1.1/wavs/LJ037-0268.wav,9.2255,4.662943
/mnt/md1/user_wago/data/LJSpeech-1.1/wavs/LJ037-0084.wav,8.99325,4.6626835
/mnt/md1/user_wago/data/LJSpeech-1.1/wavs/LJ026-0008.wav,7.1356875,4.351573
/mnt/md1/user_wago/data/LJSpeech-1.1/wavs/LJ012-0118.wav,6.9266875,4.572506
/mnt/md1/user_wago/data/LJSpeech-1.1/wavs/LJ040-0081.wav,9.771125,4.420783
/mnt/md1/user_wago/data/LJSpeech-1.1/wavs/LJ026-0020.wav,5.82375,4.577045
/mnt/md1/user_wago/data/LJSpeech-1.1/wavs/LJ037-0135.wav,4.256375,4.610175
/mnt/md1/user_wago/data/LJSpeech-1.1/wavs/LJ002-0264.wav,7.0428125,4.406171
/mnt/md1/user_wago/data/LJSpeech-1.1/wavs/LJ046-0118.wav,4.7091875,4.6643376
/mnt/md1/user_wago/data/LJSpeech-1.1/wavs/LJ048-0176.wav,7.7858125,4.581152
/mnt/md1/user_wago/data/LJSpeech-1.1/wavs/LJ007-0191.wav,2.6890625,4.3846273
/mnt/md1/user_wago/data/LJSpeech-1.1/wavs/LJ041-0096.wav,7.8786875,4.51864
/mnt/md1/user_wago/data/LJSpeech-1.1/wavs/LJ042-0190.wav,9.6434375,4.5919886
/mnt/md1/user_wago/data/LJSpeech-1.1/wavs/LJ049-0079.wav,9.190625,4.7269144
/mnt/md1/user_wago/data/LJSpeech-1.1/wavs/LJ039-0134.wav,5.0806875,4.5180907
/mnt/md1/user_wago/data/LJSpeech-1.1/wavs/LJ018-0270.wav,7.35625,4.6580205
/mnt/md1/user_wago/data/LJSpeech-1.1/wavs/LJ004-0018.wav,8.35475,4.502769
/mnt/md1/user_wago/data/LJSpeech-1.1/wavs/LJ025-0147.wav,8.6565625,4.632805
/mnt/md1/user_wago/data/LJSpeech-1.1/wavs/LJ021-0068.wav,6.3345625,4.617297
/mnt/md1/user_wago/data/LJSpeech-1.1/wavs/LJ028-0191.wav,2.54975,4.3381996
/mnt/md1/user_wago/data/LJSpeech-1.1/wavs/LJ030-0116.wav,5.905,4.7271104
/mnt/md1/user_wago/data/LJSpeech-1.1/wavs/LJ019-0317.wav,6.2765625,4.5784903
/mnt/md1/user_wago/data/LJSpeech-1.1/wavs/LJ045-0085.wav,9.585375,4.433255
/mnt/md1/user_wago/data/LJSpeech-1.1/wavs/LJ037-0111.wav,6.40425,4.7612724
/mnt/md1/user_wago/data/LJSpeech-1.1/wavs/LJ003-0246.wav,7.286625,4.654811
/mnt/md1/user_wago/data/LJSpeech-1.1/wavs/LJ047-0085.wav,5.905,4.815913
/mnt/md1/user_wago/data/LJSpeech-1.1/wavs/LJ042-0059.wav,2.851625,4.6534295
/mnt/md1/user_wago/data/LJSpeech-1.1/wavs/LJ016-0009.wav,7.867125,4.536631
/mnt/md1/user_wago/data/LJSpeech-1.1/wavs/LJ035-0029.wav,1.667375,4.4858823
/mnt/md1/user_wago/data/LJSpeech-1.1/wavs/LJ014-0017.wav,2.5845625,4.6541123
/mnt/md1/user_wago/data/LJSpeech-1.1/wavs/LJ004-0218.wav,6.7176875,4.325078
/mnt/md1/user_wago/data/LJSpeech-1.1/wavs/LJ029-0125.wav,3.525,4.800073
/mnt/md1/user_wago/data/LJSpeech-1.1/wavs/LJ016-0296.wav,2.6890625,4.586805
/mnt/md1/user_wago/data/LJSpeech-1.1/wavs/LJ008-0071.wav,4.66275,4.7212405
/mnt/md1/user_wago/data/LJSpeech-1.1/wavs/LJ028-0517.wav,4.4421875,4.565963
/mnt/md1/user_wago/data/LJSpeech-1.1/wavs/LJ010-0253.wav,9.2719375,4.577499
/mnt/md1/user_wago/data/LJSpeech-1.1/wavs/LJ032-0033.wav,7.1356875,4.741502
/mnt/md1/user_wago/data/LJSpeech-1.1/wavs/LJ026-0030.wav,4.8253125,4.4972253
/mnt/md1/user_wago/data/LJSpeech-1.1/wavs/LJ034-0035.wav,8.5985625,4.4578156
/mnt/md1/user_wago/data/LJSpeech-1.1/wavs/LJ043-0124.wav,9.004875,4.729211
/mnt/md1/user_wago/data/LJSpeech-1.1/wavs/LJ043-0090.wav,7.9019375,4.6460376
/mnt/md1/user_wago/data/LJSpeech-1.1/wavs/LJ026-0072.wav,5.649625,4.5304594
/mnt/md1/user_wago/data/LJSpeech-1.1/wavs/LJ049-0072.wav,8.9816875,4.6794763
/mnt/md1/user_wago/data/LJSpeech-1.1/wavs/LJ038-0085.wav,6.88025,4.737538
/mnt/md1/user_wago/data/LJSpeech-1.1/wavs/LJ019-0374.wav,6.288125,4.6508617
/mnt/md1/user_wago/data/LJSpeech-1.1/wavs/LJ049-0102.wav,10.061375,4.427892
/mnt/md1/user_wago/data/LJSpeech-1.1/wavs/LJ028-0033.wav,9.5389375,4.6220045
/mnt/md1/user_wago/data/LJSpeech-1.1/wavs/LJ014-0296.wav,8.1689375,4.4271054
/mnt/md1/user_wago/data/LJSpeech-1.1/wavs/LJ029-0021.wav,5.3013125,4.787227
/mnt/md1/user_wago/data/LJSpeech-1.1/wavs/LJ005-0119.wav,2.433625,4.8284135
/mnt/md1/user_wago/data/LJSpeech-1.1/wavs/LJ008-0224.wav,2.062125,3.758162
/mnt/md1/user_wago/data/LJSpeech-1.1/wavs/LJ013-0244.wav,8.2038125,4.706978
/mnt/md1/user_wago/data/LJSpeech-1.1/wavs/LJ018-0099.wav,9.504125,4.66295
/mnt/md1/user_wago/data/LJSpeech-1.1/wavs/LJ040-0233.wav,3.6526875,4.443204
/mnt/md1/user_wago/data/LJSpeech-1.1/wavs/LJ028-0315.wav,4.9065625,4.5553246
/mnt/md1/user_wago/data/LJSpeech-1.1/wavs/LJ009-0271.wav,3.9196875,4.4032683
/mnt/md1/user_wago/data/LJSpeech-1.1/wavs/LJ032-0105.wav,9.0745625,4.5229225
/mnt/md1/user_wago/data/LJSpeech-1.1/wavs/LJ047-0062.wav,4.3028125,4.7160134
/mnt/md1/user_wago/data/LJSpeech-1.1/wavs/LJ034-0023.wav,8.610125,4.6136413
/mnt/md1/user_wago/data/LJSpeech-1.1/wavs/LJ007-0108.wav,4.175125,4.689041
/mnt/md1/user_wago/data/LJSpeech-1.1/wavs/LJ015-0309.wav,9.0513125,4.5760193
/mnt/md1/user_wago/data/LJSpeech-1.1/wavs/LJ019-0127.wav,7.96,4.630604
/mnt/md1/user_wago/data/LJSpeech-1.1/wavs/LJ018-0012.wav,5.2084375,4.5057235
/mnt/md1/user_wago/data/LJSpeech-1.1/wavs/LJ007-0164.wav,5.5335,4.5965505
/mnt/md1/user_wago/data/LJSpeech-1.1/wavs/LJ036-0197.wav,6.810625,4.6419163
/mnt/md1/user_wago/data/LJSpeech-1.1/wavs/LJ024-0123.wav,3.2695625,4.6067486
/mnt/md1/user_wago/data/LJSpeech-1.1/wavs/LJ050-0188.wav,8.319875,4.364714
/mnt/md1/user_wago/data/LJSpeech-1.1/wavs/LJ050-0086.wav,8.7610625,4.740803
/mnt/md1/user_wago/data/LJSpeech-1.1/wavs/LJ016-0426.wav,1.4351875,4.3357463
/mnt/md1/user_wago/data/LJSpeech-1.1/wavs/LJ016-0323.wav,5.3245,4.6443877
/mnt/md1/user_wago/data/LJSpeech-1.1/wavs/LJ006-0068.wav,9.8175625,4.5549912
/mnt/md1/user_wago/data/LJSpeech-1.1/wavs/LJ046-0059.wav,4.9994375,4.652528
/mnt/md1/user_wago/data/LJSpeech-1.1/wavs/LJ010-0167.wav,7.275,4.4694395
/mnt/md1/user_wago/data/LJSpeech-1.1/wavs/LJ015-0265.wav,1.5976875,4.6559663
/mnt/md1/user_wago/data/LJSpeech-1.1/wavs/LJ041-0060.wav,2.631,4.3243513
/mnt/md1/user_wago/data/LJSpeech-1.1/wavs/LJ001-0088.wav,8.7494375,4.482929
/mnt/md1/user_wago/data/LJSpeech-1.1/wavs/LJ032-0154.wav,4.256375,4.7469616
/mnt/md1/user_wago/data/LJSpeech-1.1/wavs/LJ016-0358.wav,6.88025,4.5706973
/mnt/md1/user_wago/data/LJSpeech-1.1/wavs/LJ033-0184.wav,6.09075,4.604364
/mnt/md1/user_wago/data/LJSpeech-1.1/wavs/LJ019-0207.wav,9.5389375,4.678505
/mnt/md1/user_wago/data/LJSpeech-1.1/wavs/LJ031-0089.wav,3.50175,4.7395988
/mnt/md1/user_wago/data/LJSpeech-1.1/wavs/LJ026-0095.wav,6.4275,4.631384
/mnt/md1/user_wago/data/LJSpeech-1.1/wavs/LJ027-0004.wav,9.30675,4.2177367
/mnt/md1/user_wago/data/LJSpeech-1.1/wavs/LJ026-0098.wav,9.8175625,4.6151805
/mnt/md1/user_wago/data/LJSpeech-1.1/wavs/LJ037-0188.wav,8.6681875,4.4729624
/mnt/md1/user_wago/data/LJSpeech-1.1/wavs/LJ037-0169.wav,8.1921875,4.714953
/mnt/md1/user_wago/data/LJSpeech-1.1/wavs/LJ007-0091.wav,5.6031875,4.610285
/mnt/md1/user_wago/data/LJSpeech-1.1/wavs/LJ048-0077.wav,8.7494375,4.4885087
/mnt/md1/user_wago/data/LJSpeech-1.1/wavs/LJ019-0186.wav,7.4143125,4.551978
/mnt/md1/user_wago/data/LJSpeech-1.1/wavs/LJ038-0086.wav,8.819125,4.562088
/mnt/md1/user_wago/data/LJSpeech-1.1/wavs/LJ043-0067.wav,7.35625,4.734653
/mnt/md1/user_wago/data/LJSpeech-1.1/wavs/LJ034-0096.wav,7.6116875,4.6003847
/mnt/md1/user_wago/data/LJSpeech-1.1/wavs/LJ016-0089.wav,8.319875,4.5898867
/mnt/md1/user_wago/data/LJSpeech-1.1/wavs/LJ035-0086.wav,9.6201875,4.3644805
/mnt/md1/user_wago/data/LJSpeech-1.1/wavs/LJ024-0041.wav,7.56525,4.3440785
/mnt/md1/user_wago/data/LJSpeech-1.1/wavs/LJ030-0037.wav,5.7773125,4.706829
/mnt/md1/user_wago/data/LJSpeech-1.1/wavs/LJ020-0021.wav,7.7161875,4.4947352
/mnt/md1/user_wago/data/LJSpeech-1.1/wavs/LJ034-0147.wav,4.7904375,4.673878
/mnt/md1/user_wago/data/LJSpeech-1.1/wavs/LJ028-0200.wav,5.1735625,4.6864634
/mnt/md1/user_wago/data/LJSpeech-1.1/wavs/LJ033-0170.wav,7.286625,4.627026
/mnt/md1/user_wago/data/LJSpeech-1.1/wavs/LJ013-0046.wav,6.125625,4.6594505
/mnt/md1/user_wago/data/LJSpeech-1.1/wavs/LJ044-0137.wav,9.666625,4.556822
/mnt/md1/user_wago/data/LJSpeech-1.1/wavs/LJ047-0092.wav,2.34075,4.7379956
/mnt/md1/user_wago/data/LJSpeech-1.1/wavs/LJ042-0101.wav,7.77425,4.5344477
/mnt/md1/user_wago/data/LJSpeech-1.1/wavs/LJ047-0042.wav,5.0923125,4.695401
/mnt/md1/user_wago/data/LJSpeech-1.1/wavs/LJ014-0140.wav,3.9545625,4.63004
/mnt/md1/user_wago/data/LJSpeech-1.1/wavs/LJ019-0164.wav,5.9630625,4.742215
/mnt/md1/user_wago/data/LJSpeech-1.1/wavs/LJ020-0100.wav,7.0428125,4.676197
/mnt/md1/user_wago/data/LJSpeech-1.1/wavs/LJ050-0122.wav,5.92825,4.7405534
/mnt/md1/user_wago/data/LJSpeech-1.1/wavs/LJ019-0075.wav,8.2966875,4.5851746
/mnt/md1/user_wago/data/LJSpeech-1.1/wavs/LJ016-0373.wav,9.4576875,4.5774283
/mnt/md1/user_wago/data/LJSpeech-1.1/wavs/LJ025-0117.wav,5.13875,4.648525
/mnt/md1/user_wago/data/LJSpeech-1.1/wavs/LJ008-0233.wav,3.97775,4.579094
/mnt/md1/user_wago/data/LJSpeech-1.1/wavs/LJ043-0096.wav,5.939875,4.588401
/mnt/md1/user_wago/data/LJSpeech-1.1/wavs/LJ023-0042.wav,7.5304375,4.4457645
/mnt/md1/user_wago/data/LJSpeech-1.1/wavs/LJ050-0183.wav,8.1921875,4.5754504
/mnt/md1/user_wago/data/LJSpeech-1.1/wavs/LJ028-0142.wav,5.6031875,4.5988126
/mnt/md1/user_wago/data/LJSpeech-1.1/wavs/LJ009-0047.wav,3.8500625,4.776601
/mnt/md1/user_wago/data/LJSpeech-1.1/wavs/LJ014-0330.wav,2.1085625,4.0306907
/mnt/md1/user_wago/data/LJSpeech-1.1/wavs/LJ020-0083.wav,6.0791875,4.676536
/mnt/md1/user_wago/data/LJSpeech-1.1/wavs/LJ017-0141.wav,5.3941875,4.753412
/mnt/md1/user_wago/data/LJSpeech-1.1/wavs/LJ009-0005.wav,4.477,4.706719
/mnt/md1/user_wago/data/LJSpeech-1.1/wavs/LJ040-0191.wav,8.505625,4.4622707
/mnt/md1/user_wago/data/LJSpeech-1.1/wavs/LJ032-0146.wav,5.231625,4.7246366
/mnt/md1/user_wago/data/LJSpeech-1.1/wavs/LJ021-0057.wav,5.7540625,4.4724584
/mnt/md1/user_wago/data/LJSpeech-1.1/wavs/LJ002-0214.wav,7.9831875,4.503958
/mnt/md1/user_wago/data/LJSpeech-1.1/wavs/LJ019-0100.wav,4.9065625,4.4647026
/mnt/md1/user_wago/data/LJSpeech-1.1/wavs/LJ010-0110.wav,4.18675,4.760312
/mnt/md1/user_wago/data/LJSpeech-1.1/wavs/LJ017-0030.wav,5.5335,4.8709917
/mnt/md1/user_wago/data/LJSpeech-1.1/wavs/LJ024-0029.wav,4.5930625,4.210262
/mnt/md1/user_wago/data/LJSpeech-1.1/wavs/LJ046-0141.wav,8.6681875,4.596341
/mnt/md1/user_wago/data/LJSpeech-1.1/wavs/LJ020-0081.wav,8.41275,4.411632
/mnt/md1/user_wago/data/LJSpeech-1.1/wavs/LJ033-0072.wav,5.1735625,4.6094522
/mnt/md1/user_wago/data/LJSpeech-1.1/wavs/LJ021-0053.wav,8.552125,4.527748
/mnt/md1/user_wago/data/LJSpeech-1.1/wavs/LJ043-0062.wav,8.0064375,4.6770744
/mnt/md1/user_wago/data/LJSpeech-1.1/wavs/LJ039-0053.wav,7.658125,4.522902
/mnt/md1/user_wago/data/LJSpeech-1.1/wavs/LJ007-0212.wav,6.7641875,4.419125
/mnt/md1/user_wago/data/LJSpeech-1.1/wavs/LJ023-0120.wav,9.086125,4.469831
/mnt/md1/user_wago/data/LJSpeech-1.1/wavs/LJ001-0028.wav,5.92825,4.561125
/mnt/md1/user_wago/data/LJSpeech-1.1/wavs/LJ017-0256.wav,5.4058125,4.489521
/mnt/md1/user_wago/data/LJSpeech-1.1/wavs/LJ019-0343.wav,7.4375625,4.515813
/mnt/md1/user_wago/data/LJSpeech-1.1/wavs/LJ002-0193.wav,4.0241875,4.625875
/mnt/md1/user_wago/data/LJSpeech-1.1/wavs/LJ025-0115.wav,7.971625,4.6307063
/mnt/md1/user_wago/data/LJSpeech-1.1/wavs/LJ045-0216.wav,6.09075,4.675972
/mnt/md1/user_wago/data/LJSpeech-1.1/wavs/LJ030-0132.wav,9.88725,4.613018
/mnt/md1/user_wago/data/LJSpeech-1.1/wavs/LJ016-0041.wav,7.3098125,4.6322746
/mnt/md1/user_wago/data/LJSpeech-1.1/wavs/LJ002-0299.wav,8.319875,4.601785
/mnt/md1/user_wago/data/LJSpeech-1.1/wavs/LJ016-0439.wav,9.8175625,4.6618357
/mnt/md1/user_wago/data/LJSpeech-1.1/wavs/LJ049-0144.wav,7.7858125,4.4639935
/mnt/md1/user_wago/data/LJSpeech-1.1/wavs/LJ012-0163.wav,6.6480625,4.6026134
/mnt/md1/user_wago/data/LJSpeech-1.1/wavs/LJ008-0051.wav,9.7595625,4.5216637
/mnt/md1/user_wago/data/LJSpeech-1.1/wavs/LJ050-0203.wav,3.037375,4.6600356
/mnt/md1/user_wago/data/LJSpeech-1.1/wavs/LJ022-0046.wav,8.343125,4.7229924
/mnt/md1/user_wago/data/LJSpeech-1.1/wavs/LJ020-0046.wav,9.608625,4.554045
/mnt/md1/user_wago/data/LJSpeech-1.1/wavs/LJ008-0202.wav,6.114,4.428446
/mnt/md1/user_wago/data/LJSpeech-1.1/wavs/LJ028-0130.wav,9.3415625,4.474157
/mnt/md1/user_wago/data/LJSpeech-1.1/wavs/LJ012-0224.wav,9.7595625,4.558485
/mnt/md1/user_wago/data/LJSpeech-1.1/wavs/LJ044-0076.wav,6.102375,4.4846587
/mnt/md1/user_wago/data/LJSpeech-1.1/wavs/LJ004-0026.wav,8.14575,4.475235
/mnt/md1/user_wago/data/LJSpeech-1.1/wavs/LJ025-0014.wav,6.77575,4.539089
/mnt/md1/user_wago/data/LJSpeech-1.1/wavs/LJ017-0131.wav,7.25175,4.7351007
/mnt/md1/user_wago/data/LJSpeech-1.1/wavs/LJ029-0090.wav,2.538125,4.6158156
/mnt/md1/user_wago/data/LJSpeech-1.1/wavs/LJ036-0206.wav,5.1039375,4.6675935
/mnt/md1/user_wago/data/LJSpeech-1.1/wavs/LJ021-0160.wav,8.6798125,4.452314
/mnt/md1/user_wago/data/LJSpeech-1.1/wavs/LJ032-0149.wav,6.2649375,4.5966253
/mnt/md1/user_wago/data/LJSpeech-1.1/wavs/LJ007-0032.wav,7.4375625,4.356609
/mnt/md1/user_wago/data/LJSpeech-1.1/wavs/LJ010-0212.wav,9.5389375,4.588509
/mnt/md1/user_wago/data/LJSpeech-1.1/wavs/LJ014-0050.wav,2.5265,4.8095684
/mnt/md1/user_wago/data/LJSpeech-1.1/wavs/LJ019-0197.wav,3.525,4.7381983
/mnt/md1/user_wago/data/LJSpeech-1.1/wavs/LJ018-0013.wav,7.971625,4.467566
/mnt/md1/user_wago/data/LJSpeech-1.1/wavs/LJ003-0162.wav,6.799,4.6389256
/mnt/md1/user_wago/data/LJSpeech-1.1/wavs/LJ034-0209.wav,6.891875,4.650668
/mnt/md1/user_wago/data/LJSpeech-1.1/wavs/LJ011-0264.wav,6.59,4.350886
/mnt/md1/user_wago/data/LJSpeech-1.1/wavs/LJ018-0233.wav,7.182125,4.4819922
/mnt/md1/user_wago/data/LJSpeech-1.1/wavs/LJ028-0244.wav,7.0428125,4.467172
/mnt/md1/user_wago/data/LJSpeech-1.1/wavs/LJ014-0198.wav,8.9584375,4.435938
/mnt/md1/user_wago/data/LJSpeech-1.1/wavs/LJ011-0015.wav,4.6046875,4.518697
/mnt/md1/user_wago/data/LJSpeech-1.1/wavs/LJ036-0127.wav,3.699125,4.296753
/mnt/md1/user_wago/data/LJSpeech-1.1/wavs/LJ037-0130.wav,2.6774375,4.76816
/mnt/md1/user_wago/data/LJSpeech-1.1/wavs/LJ042-0099.wav,6.392625,4.5451326
/mnt/md1/user_wago/data/LJSpeech-1.1/wavs/LJ012-0287.wav,7.263375,4.689722
/mnt/md1/user_wago/data/LJSpeech-1.1/wavs/LJ016-0123.wav,8.4824375,4.692021
/mnt/md1/user_wago/data/LJSpeech-1.1/wavs/LJ033-0053.wav,7.553625,4.759736
/mnt/md1/user_wago/data/LJSpeech-1.1/wavs/LJ040-0073.wav,8.0760625,4.3704534
/mnt/md1/user_wago/data/LJSpeech-1.1/wavs/LJ038-0141.wav,3.29275,4.7116556
/mnt/md1/user_wago/data/LJSpeech-1.1/wavs/LJ044-0203.wav,5.150375,4.6652536
/mnt/md1/user_wago/data/LJSpeech-1.1/wavs/LJ042-0070.wav,4.1286875,4.6972218
/mnt/md1/user_wago/data/LJSpeech-1.1/wavs/LJ039-0031.wav,6.0095,4.615861
/mnt/md1/user_wago/data/LJSpeech-1.1/wavs/LJ010-0104.wav,7.7858125,4.5155573
/mnt/md1/user_wago/data/LJSpeech-1.1/wavs/LJ049-0091.wav,7.4955625,4.447492
/mnt/md1/user_wago/data/LJSpeech-1.1/wavs/LJ012-0284.wav,8.5405,4.483074
/mnt/md1/user_wago/data/LJSpeech-1.1/wavs/LJ050-0260.wav,6.0791875,4.456693
/mnt/md1/user_wago/data/LJSpeech-1.1/wavs/LJ049-0018.wav,3.141875,4.7035365
/mnt/md1/user_wago/data/LJSpeech-1.1/wavs/LJ043-0008.wav,8.912,4.6660895
/mnt/md1/user_wago/data/LJSpeech-1.1/wavs/LJ031-0152.wav,8.4824375,4.4961133
/mnt/md1/user_wago/data/LJSpeech-1.1/wavs/LJ032-0015.wav,9.7130625,4.6244283
/mnt/md1/user_wago/data/LJSpeech-1.1/wavs/LJ021-0154.wav,8.1921875,4.27756
/mnt/md1/user_wago/data/LJSpeech-1.1/wavs/LJ028-0242.wav,8.2966875,4.534803
/mnt/md1/user_wago/data/LJSpeech-1.1/wavs/LJ038-0230.wav,9.3648125,4.646363
/mnt/md1/user_wago/data/LJSpeech-1.1/wavs/LJ044-0118.wav,9.585375,4.460577
/mnt/md1/user_wago/data/LJSpeech-1.1/wavs/LJ014-0190.wav,8.4011875,4.5727797
/mnt/md1/user_wago/data/LJSpeech-1.1/wavs/LJ011-0010.wav,6.50875,4.3995557
/mnt/md1/user_wago/data/LJSpeech-1.1/wavs/LJ001-0112.wav,4.0358125,4.827828
/mnt/md1/user_wago/data/LJSpeech-1.1/wavs/LJ044-0002.wav,7.6233125,4.63371
/mnt/md1/user_wago/data/LJSpeech-1.1/wavs/LJ029-0122.wav,4.1403125,4.730051
/mnt/md1/user_wago/data/LJSpeech-1.1/wavs/LJ037-0048.wav,2.9560625,4.801708
/mnt/md1/user_wago/data/LJSpeech-1.1/wavs/LJ037-0072.wav,6.59,4.736724
/mnt/md1/user_wago/data/LJSpeech-1.1/wavs/LJ016-0398.wav,1.5745,4.726226
/mnt/md1/user_wago/data/LJSpeech-1.1/wavs/LJ024-0142.wav,3.5481875,4.312727
/mnt/md1/user_wago/data/LJSpeech-1.1/wavs/LJ034-0182.wav,8.8539375,4.611783
/mnt/md1/user_wago/data/LJSpeech-1.1/wavs/LJ011-0153.wav,8.9468125,4.5366535
/mnt/md1/user_wago/data/LJSpeech-1.1/wavs/LJ002-0251.wav,9.3648125,4.4738965
/mnt/md1/user_wago/data/LJSpeech-1.1/wavs/LJ027-0033.wav,7.3098125,4.552856
/mnt/md1/user_wago/data/LJSpeech-1.1/wavs/LJ042-0039.wav,4.384125,4.726499
/mnt/md1/user_wago/data/LJSpeech-1.1/wavs/LJ004-0022.wav,9.5505625,4.298181
/mnt/md1/user_wago/data/LJSpeech-1.1/wavs/LJ018-0326.wav,8.8771875,4.716308
/mnt/md1/user_wago/data/LJSpeech-1.1/wavs/LJ012-0244.wav,9.666625,4.62338
/mnt/md1/user_wago/data/LJSpeech-1.1/wavs/LJ043-0133.wav,1.771875,4.829973
/mnt/md1/user_wago/data/LJSpeech-1.1/wavs/LJ013-0176.wav,9.794375,4.580976
/mnt/md1/user_wago/data/LJSpeech-1.1/wavs/LJ048-0132.wav,6.7641875,4.6471977
/mnt/md1/user_wago/data/LJSpeech-1.1/wavs/LJ034-0212.wav,10.0265625,4.5258846
/mnt/md1/user_wago/data/LJSpeech-1.1/wavs/LJ047-0127.wav,7.066,4.5962234
/mnt/md1/user_wago/data/LJSpeech-1.1/wavs/LJ006-0059.wav,6.5668125,4.371256
/mnt/md1/user_wago/data/LJSpeech-1.1/wavs/LJ020-0038.wav,4.465375,4.6261687
/mnt/md1/user_wago/data/LJSpeech-1.1/wavs/LJ006-0106.wav,4.8833125,4.6600447
/mnt/md1/user_wago/data/LJSpeech-1.1/wavs/LJ014-0169.wav,8.157375,4.4553347
/mnt/md1/user_wago/data/LJSpeech-1.1/wavs/LJ021-0091.wav,5.8818125,4.415181
/mnt/md1/user_wago/data/LJSpeech-1.1/wavs/LJ009-0151.wav,4.3493125,4.3681216
/mnt/md1/user_wago/data/LJSpeech-1.1/wavs/LJ004-0209.wav,9.0396875,4.4446707
/mnt/md1/user_wago/data/LJSpeech-1.1/wavs/LJ028-0302.wav,8.8771875,4.371748
/mnt/md1/user_wago/data/LJSpeech-1.1/wavs/LJ048-0258.wav,5.34775,4.693783
/mnt/md1/user_wago/data/LJSpeech-1.1/wavs/LJ001-0137.wav,4.7091875,4.649951
/mnt/md1/user_wago/data/LJSpeech-1.1/wavs/LJ003-0217.wav,10.084625,4.5481505
/mnt/md1/user_wago/data/LJSpeech-1.1/wavs/LJ014-0280.wav,5.1039375,4.689508
/mnt/md1/user_wago/data/LJSpeech-1.1/wavs/LJ040-0006.wav,9.980125,4.5254855
/mnt/md1/user_wago/data/LJSpeech-1.1/wavs/LJ022-0129.wav,7.4955625,4.576938
/mnt/md1/user_wago/data/LJSpeech-1.1/wavs/LJ024-0054.wav,7.83225,4.2739725
/mnt/md1/user_wago/data/LJSpeech-1.1/wavs/LJ029-0162.wav,3.304375,4.6955557
/mnt/md1/user_wago/data/LJSpeech-1.1/wavs/LJ005-0143.wav,9.771125,4.7311797
/mnt/md1/user_wago/data/LJSpeech-1.1/wavs/LJ045-0084.wav,3.5365625,4.615787
/mnt/md1/user_wago/data/LJSpeech-1.1/wavs/LJ029-0045.wav,6.8338125,4.725029
/mnt/md1/user_wago/data/LJSpeech-1.1/wavs/LJ012-0097.wav,5.5915625,4.5631995
/mnt/md1/user_wago/data/LJSpeech-1.1/wavs/LJ042-0032.wav,6.114,4.744732
/mnt/md1/user_wago/data/LJSpeech-1.1/wavs/LJ008-0294.wav,2.13175,4.6155415
/mnt/md1/user_wago/data/LJSpeech-1.1/wavs/LJ026-0083.wav,5.82375,4.7178254
/mnt/md1/user_wago/data/LJSpeech-1.1/wavs/LJ040-0206.wav,6.6248125,4.364167
/mnt/md1/user_wago/data/LJSpeech-1.1/wavs/LJ038-0021.wav,7.7045625,4.6599946
/mnt/md1/user_wago/data/LJSpeech-1.1/wavs/LJ032-0151.wav,8.436,4.6610394
/mnt/md1/user_wago/data/LJSpeech-1.1/wavs/LJ027-0114.wav,7.7858125,4.4914055
/mnt/md1/user_wago/data/LJSpeech-1.1/wavs/LJ016-0368.wav,5.3941875,4.6966705
/mnt/md1/user_wago/data/LJSpeech-1.1/wavs/LJ047-0077.wav,3.8965,4.5963306
/mnt/md1/user_wago/data/LJSpeech-1.1/wavs/LJ036-0129.wav,5.4754375,4.482807
/mnt/md1/user_wago/data/LJSpeech-1.1/wavs/LJ032-0077.wav,8.261875,4.6002946
/mnt/md1/user_wago/data/LJSpeech-1.1/wavs/LJ018-0356.wav,7.4955625,4.711143
/mnt/md1/user_wago/data/LJSpeech-1.1/wavs/LJ002-0263.wav,6.102375,4.228449
/mnt/md1/user_wago/data/LJSpeech-1.1/wavs/LJ044-0121.wav,8.6681875,4.6765466
/mnt/md1/user_wago/data/LJSpeech-1.1/wavs/LJ014-0218.wav,9.213875,4.532732
/mnt/md1/user_wago/data/LJSpeech-1.1/wavs/LJ040-0095.wav,8.645,4.486923
/mnt/md1/user_wago/data/LJSpeech-1.1/wavs/LJ016-0281.wav,3.8268125,4.7219934
/mnt/md1/user_wago/data/LJSpeech-1.1/wavs/LJ044-0010.wav,8.3315,4.6218524
/mnt/md1/user_wago/data/LJSpeech-1.1/wavs/LJ038-0130.wav,2.5033125,4.6966267
/mnt/md1/user_wago/data/LJSpeech-1.1/wavs/LJ033-0059.wav,8.714625,4.6895
/mnt/md1/user_wago/data/LJSpeech-1.1/wavs/LJ005-0243.wav,8.7843125,4.551949
/mnt/md1/user_wago/data/LJSpeech-1.1/wavs/LJ043-0003.wav,3.223125,4.6273613
/mnt/md1/user_wago/data/LJSpeech-1.1/wavs/LJ028-0341.wav,7.739375,4.4513116
/mnt/md1/user_wago/data/LJSpeech-1.1/wavs/LJ034-0105.wav,3.0838125,4.566772
/mnt/md1/user_wago/data/LJSpeech-1.1/wavs/LJ022-0095.wav,5.6031875,4.5401
/mnt/md1/user_wago/data/LJSpeech-1.1/wavs/LJ038-0032.wav,6.125625,4.6427155
/mnt/md1/user_wago/data/LJSpeech-1.1/wavs/LJ012-0272.wav,9.213875,4.665103
/mnt/md1/user_wago/data/LJSpeech-1.1/wavs/LJ038-0016.wav,8.912,4.522311
/mnt/md1/user_wago/data/LJSpeech-1.1/wavs/LJ001-0010.wav,8.819125,4.5993214
/mnt/md1/user_wago/data/LJSpeech-1.1/wavs/LJ041-0004.wav,7.6116875,4.6923633
/mnt/md1/user_wago/data/LJSpeech-1.1/wavs/LJ041-0038.wav,9.5621875,4.3974915
/mnt/md1/user_wago/data/LJSpeech-1.1/wavs/LJ004-0143.wav,3.1534375,4.609021
/mnt/md1/user_wago/data/LJSpeech-1.1/wavs/LJ008-0106.wav,7.5304375,4.4017015
/mnt/md1/user_wago/data/LJSpeech-1.1/wavs/LJ025-0081.wav,8.737875,4.5683775
/mnt/md1/user_wago/data/LJSpeech-1.1/wavs/LJ004-0195.wav,5.812125,4.45613
/mnt/md1/user_wago/data/LJSpeech-1.1/wavs/LJ002-0124.wav,5.359375,4.5264874
/mnt/md1/user_wago/data/LJSpeech-1.1/wavs/LJ044-0092.wav,7.391125,4.485083
/mnt/md1/user_wago/data/LJSpeech-1.1/wavs/LJ003-0349.wav,6.706125,4.536813
/mnt/md1/user_wago/data/LJSpeech-1.1/wavs/LJ010-0130.wav,7.553625,4.5740185
/mnt/md1/user_wago/data/LJSpeech-1.1/wavs/LJ019-0249.wav,2.9445,4.605809
/mnt/md1/user_wago/data/LJSpeech-1.1/wavs/LJ031-0169.wav,8.134125,4.6862955
/mnt/md1/user_wago/data/LJSpeech-1.1/wavs/LJ012-0265.wav,9.5621875,4.5285797
/mnt/md1/user_wago/data/LJSpeech-1.1/wavs/LJ024-0009.wav,8.7726875,4.403816
/mnt/md1/user_wago/data/LJSpeech-1.1/wavs/LJ041-0105.wav,6.7176875,4.5305943
/mnt/md1/user_wago/data/LJSpeech-1.1/wavs/LJ030-0089.wav,9.956875,4.6997986
/mnt/md1/user_wago/data/LJSpeech-1.1/wavs/LJ005-0219.wav,8.3315,4.6566267
/mnt/md1/user_wago/data/LJSpeech-1.1/wavs/LJ024-0136.wav,7.7858125,4.2016926
/mnt/md1/user_wago/data/LJSpeech-1.1/wavs/LJ007-0133.wav,9.20225,4.594405
/mnt/md1/user_wago/data/LJSpeech-1.1/wavs/LJ004-0070.wav,8.3083125,4.293139
/mnt/md1/user_wago/data/LJSpeech-1.1/wavs/LJ033-0131.wav,9.3415625,4.6317234
/mnt/md1/user_wago/data/LJSpeech-1.1/wavs/LJ019-0084.wav,3.223125,4.7672706
/mnt/md1/user_wago/data/LJSpeech-1.1/wavs/LJ039-0106.wav,8.703,4.357789
/mnt/md1/user_wago/data/LJSpeech-1.1/wavs/LJ015-0243.wav,6.311375,4.699894
/mnt/md1/user_wago/data/LJSpeech-1.1/wavs/LJ007-0162.wav,7.7858125,4.6167884
/mnt/md1/user_wago/data/LJSpeech-1.1/wavs/LJ013-0224.wav,5.359375,4.7110453
/mnt/md1/user_wago/data/LJSpeech-1.1/wavs/LJ014-0078.wav,5.545125,4.6761446
/mnt/md1/user_wago/data/LJSpeech-1.1/wavs/LJ045-0156.wav,8.343125,4.234209
/mnt/md1/user_wago/data/LJSpeech-1.1/wavs/LJ019-0235.wav,8.51725,4.4622345
/mnt/md1/user_wago/data/LJSpeech-1.1/wavs/LJ044-0018.wav,9.6550625,4.500411
/mnt/md1/user_wago/data/LJSpeech-1.1/wavs/LJ010-0052.wav,7.2169375,4.4942503
/mnt/md1/user_wago/data/LJSpeech-1.1/wavs/LJ028-0161.wav,9.51575,4.589321
/mnt/md1/user_wago/data/LJSpeech-1.1/wavs/LJ009-0096.wav,2.433625,4.4280243
/mnt/md1/user_wago/data/LJSpeech-1.1/wavs/LJ043-0159.wav,1.400375,4.246608
/mnt/md1/user_wago/data/LJSpeech-1.1/wavs/LJ029-0066.wav,5.8818125,4.820397
/mnt/md1/user_wago/data/LJSpeech-1.1/wavs/LJ021-0147.wav,4.39575,4.419101
/mnt/md1/user_wago/data/LJSpeech-1.1/wavs/LJ043-0110.wav,2.9793125,4.8568745
/mnt/md1/user_wago/data/LJSpeech-1.1/wavs/LJ010-0168.wav,7.2981875,4.405786
/mnt/md1/user_wago/data/LJSpeech-1.1/wavs/LJ046-0191.wav,5.6960625,4.470017
/mnt/md1/user_wago/data/LJSpeech-1.1/wavs/LJ017-0274.wav,6.9150625,4.5580387
/mnt/md1/user_wago/data/LJSpeech-1.1/wavs/LJ049-0075.wav,1.1333125,4.6906977
/mnt/md1/user_wago/data/LJSpeech-1.1/wavs/LJ036-0059.wav,5.0923125,4.572543
/mnt/md1/user_wago/data/LJSpeech-1.1/wavs/LJ047-0029.wav,7.739375,4.566444
/mnt/md1/user_wago/data/LJSpeech-1.1/wavs/LJ001-0078.wav,1.957625,4.556241
/mnt/md1/user_wago/data/LJSpeech-1.1/wavs/LJ011-0173.wav,4.686,4.869919
/mnt/md1/user_wago/data/LJSpeech-1.1/wavs/LJ043-0168.wav,9.20225,4.575449
/mnt/md1/user_wago/data/LJSpeech-1.1/wavs/LJ016-0182.wav,5.997875,4.7086067
/mnt/md1/user_wago/data/LJSpeech-1.1/wavs/LJ019-0203.wav,9.9220625,4.50094
/mnt/md1/user_wago/data/LJSpeech-1.1/wavs/LJ049-0142.wav,4.6279375,4.7255197
/mnt/md1/user_wago/data/LJSpeech-1.1/wavs/LJ028-0211.wav,2.84,4.6764145
/mnt/md1/user_wago/data/LJSpeech-1.1/wavs/LJ044-0178.wav,5.2780625,4.511423
/mnt/md1/user_wago/data/LJSpeech-1.1/wavs/LJ050-0163.wav,8.633375,4.6144595
/mnt/md1/user_wago/data/LJSpeech-1.1/wavs/LJ003-0059.wav,7.2981875,4.6670694
/mnt/md1/user_wago/data/LJSpeech-1.1/wavs/LJ031-0128.wav,3.9545625,4.703214
/mnt/md1/user_wago/data/LJSpeech-1.1/wavs/LJ013-0070.wav,7.3446875,4.743972
/mnt/md1/user_wago/data/LJSpeech-1.1/wavs/LJ013-0105.wav,8.737875,4.470358
/mnt/md1/user_wago/data/LJSpeech-1.1/wavs/LJ007-0225.wav,6.799,4.472205
/mnt/md1/user_wago/data/LJSpeech-1.1/wavs/LJ028-0274.wav,4.953,4.648774
/mnt/md1/user_wago/data/LJSpeech-1.1/wavs/LJ005-0059.wav,5.3013125,4.5905094
/mnt/md1/user_wago/data/LJSpeech-1.1/wavs/LJ047-0081.wav,7.681375,4.632851
/mnt/md1/user_wago/data/LJSpeech-1.1/wavs/LJ037-0061.wav,3.803625,4.66084
/mnt/md1/user_wago/data/LJSpeech-1.1/wavs/LJ006-0016.wav,2.747125,4.7073674
/mnt/md1/user_wago/data/LJSpeech-1.1/wavs/LJ031-0101.wav,8.447625,4.740907
/mnt/md1/user_wago/data/LJSpeech-1.1/wavs/LJ038-0115.wav,7.182125,4.709206
/mnt/md1/user_wago/data/LJSpeech-1.1/wavs/LJ006-0050.wav,8.2966875,4.571397
/mnt/md1/user_wago/data/LJSpeech-1.1/wavs/LJ005-0270.wav,6.2416875,4.5952063
/mnt/md1/user_wago/data/LJSpeech-1.1/wavs/LJ034-0144.wav,1.203,4.106707
/mnt/md1/user_wago/data/LJSpeech-1.1/wavs/LJ037-0049.wav,3.617875,4.8731737
/mnt/md1/user_wago/data/LJSpeech-1.1/wavs/LJ019-0022.wav,2.3871875,4.6302385
/mnt/md1/user_wago/data/LJSpeech-1.1/wavs/LJ016-0122.wav,4.9994375,4.7324367
/mnt/md1/user_wago/data/LJSpeech-1.1/wavs/LJ025-0029.wav,7.6349375,4.6380987
/mnt/md1/user_wago/data/LJSpeech-1.1/wavs/LJ032-0079.wav,1.9924375,4.784879
/mnt/md1/user_wago/data/LJSpeech-1.1/wavs/LJ009-0235.wav,5.9630625,4.601169
/mnt/md1/user_wago/data/LJSpeech-1.1/wavs/LJ016-0242.wav,7.066,4.6348486
/mnt/md1/user_wago/data/LJSpeech-1.1/wavs/LJ017-0115.wav,5.5799375,4.6641855
/mnt/md1/user_wago/data/LJSpeech-1.1/wavs/LJ004-0171.wav,8.447625,4.6389384
/mnt/md1/user_wago/data/LJSpeech-1.1/wavs/LJ032-0170.wav,7.9831875,4.7169275
/mnt/md1/user_wago/data/LJSpeech-1.1/wavs/LJ017-0172.wav,5.7656875,4.6428375
/mnt/md1/user_wago/data/LJSpeech-1.1/wavs/LJ007-0216.wav,8.9816875,4.37079
/mnt/md1/user_wago/data/LJSpeech-1.1/wavs/LJ017-0250.wav,4.6046875,4.5621576
/mnt/md1/user_wago/data/LJSpeech-1.1/wavs/LJ028-0092.wav,7.100875,4.667103
/mnt/md1/user_wago/data/LJSpeech-1.1/wavs/LJ017-0238.wav,6.868625,4.5787616
/mnt/md1/user_wago/data/LJSpeech-1.1/wavs/LJ015-0096.wav,9.1325625,4.511652
/mnt/md1/user_wago/data/LJSpeech-1.1/wavs/LJ003-0293.wav,8.6681875,4.4769926
/mnt/md1/user_wago/data/LJSpeech-1.1/wavs/LJ011-0176.wav,6.2649375,4.5306463
/mnt/md1/user_wago/data/LJSpeech-1.1/wavs/LJ032-0185.wav,7.9135625,4.688428
/mnt/md1/user_wago/data/LJSpeech-1.1/wavs/LJ001-0168.wav,7.4375625,4.6652102
/mnt/md1/user_wago/data/LJSpeech-1.1/wavs/LJ007-0059.wav,6.787375,4.4209604
/mnt/md1/user_wago/data/LJSpeech-1.1/wavs/LJ028-0329.wav,9.5273125,4.3443093
/mnt/md1/user_wago/data/LJSpeech-1.1/wavs/LJ031-0214.wav,4.08225,4.7243376
/mnt/md1/user_wago/data/LJSpeech-1.1/wavs/LJ050-0063.wav,9.3415625,4.397492
/mnt/md1/user_wago/data/LJSpeech-1.1/wavs/LJ017-0284.wav,6.2185,4.713679
/mnt/md1/user_wago/data/LJSpeech-1.1/wavs/LJ024-0117.wav,8.51725,4.404798
/mnt/md1/user_wago/data/LJSpeech-1.1/wavs/LJ029-0022.wav,9.57375,4.745618
/mnt/md1/user_wago/data/LJSpeech-1.1/wavs/LJ016-0444.wav,3.6294375,4.5909314
/mnt/md1/user_wago/data/LJSpeech-1.1/wavs/LJ026-0003.wav,7.762625,4.623268
/mnt/md1/user_wago/data/LJSpeech-1.1/wavs/LJ033-0006.wav,3.5481875,4.8358207
/mnt/md1/user_wago/data/LJSpeech-1.1/wavs/LJ015-0020.wav,8.842375,4.5040927
/mnt/md1/user_wago/data/LJSpeech-1.1/wavs/LJ013-0004.wav,6.3345625,4.6411233
/mnt/md1/user_wago/data/LJSpeech-1.1/wavs/LJ009-0087.wav,8.6565625,4.578974
/mnt/md1/user_wago/data/LJSpeech-1.1/wavs/LJ012-0008.wav,9.30675,4.582827
/mnt/md1/user_wago/data/LJSpeech-1.1/wavs/LJ012-0173.wav,7.5071875,4.6254168
/mnt/md1/user_wago/data/LJSpeech-1.1/wavs/LJ043-0082.wav,5.9630625,4.586379
/mnt/md1/user_wago/data/LJSpeech-1.1/wavs/LJ006-0114.wav,5.3245,4.6583934
/mnt/md1/user_wago/data/LJSpeech-1.1/wavs/LJ007-0150.wav,7.2981875,4.7621613
/mnt/md1/user_wago/data/LJSpeech-1.1/wavs/LJ015-0011.wav,8.900375,4.56631
/mnt/md1/user_wago/data/LJSpeech-1.1/wavs/LJ006-0073.wav,9.004875,4.624199
/mnt/md1/user_wago/data/LJSpeech-1.1/wavs/LJ046-0046.wav,3.4205,4.695242
/mnt/md1/user_wago/data/LJSpeech-1.1/wavs/LJ049-0068.wav,1.96925,4.600802
/mnt/md1/user_wago/data/LJSpeech-1.1/wavs/LJ025-0121.wav,6.2416875,4.6700997
/mnt/md1/user_wago/data/LJSpeech-1.1/wavs/LJ049-0050.wav,6.13725,4.525692
/mnt/md1/user_wago/data/LJSpeech-1.1/wavs/LJ034-0114.wav,7.9831875,4.632086
/mnt/md1/user_wago/data/LJSpeech-1.1/wavs/LJ048-0180.wav,4.87175,4.610442
/mnt/md1/user_wago/data/LJSpeech-1.1/wavs/LJ047-0084.wav,3.095375,4.6925306
/mnt/md1/user_wago/data/LJSpeech-1.1/wavs/LJ040-0007.wav,2.456875,4.207404
/mnt/md1/user_wago/data/LJSpeech-1.1/wavs/LJ050-0042.wav,9.0396875,4.600712
/mnt/md1/user_wago/data/LJSpeech-1.1/wavs/LJ015-0031.wav,8.610125,4.5308547
/mnt/md1/user_wago/data/LJSpeech-1.1/wavs/LJ024-0055.wav,5.127125,4.418047
/mnt/md1/user_wago/data/LJSpeech-1.1/wavs/LJ028-0145.wav,8.99325,4.582348
/mnt/md1/user_wago/data/LJSpeech-1.1/wavs/LJ018-0161.wav,6.7293125,4.729974
/mnt/md1/user_wago/data/LJSpeech-1.1/wavs/LJ034-0015.wav,4.9065625,4.6474433
/mnt/md1/user_wago/data/LJSpeech-1.1/wavs/LJ040-0232.wav,7.0544375,4.2332406
/mnt/md1/user_wago/data/LJSpeech-1.1/wavs/LJ030-0073.wav,1.6441875,4.6731787
/mnt/md1/user_wago/data/LJSpeech-1.1/wavs/LJ026-0107.wav,7.6465,4.308221
/mnt/md1/user_wago/data/LJSpeech-1.1/wavs/LJ025-0145.wav,6.2533125,4.619739
/mnt/md1/user_wago/data/LJSpeech-1.1/wavs/LJ030-0198.wav,9.980125,4.5638747
/mnt/md1/user_wago/data/LJSpeech-1.1/wavs/LJ017-0087.wav,3.617875,4.625882
/mnt/md1/user_wago/data/LJSpeech-1.1/wavs/LJ030-0227.wav,6.0559375,4.4744625
/mnt/md1/user_wago/data/LJSpeech-1.1/wavs/LJ044-0082.wav,4.9065625,4.558789
/mnt/md1/user_wago/data/LJSpeech-1.1/wavs/LJ021-0018.wav,8.424375,4.5150423
/mnt/md1/user_wago/data/LJSpeech-1.1/wavs/LJ008-0005.wav,6.13725,4.3776526
/mnt/md1/user_wago/data/LJSpeech-1.1/wavs/LJ015-0093.wav,7.8786875,4.3730683
/mnt/md1/user_wago/data/LJSpeech-1.1/wavs/LJ007-0119.wav,7.6465,4.5405474
/mnt/md1/user_wago/data/LJSpeech-1.1/wavs/LJ049-0214.wav,8.227,4.525727
/mnt/md1/user_wago/data/LJSpeech-1.1/wavs/LJ003-0114.wav,7.0428125,4.6500654
/mnt/md1/user_wago/data/LJSpeech-1.1/wavs/LJ030-0159.wav,4.8136875,4.7509894
/mnt/md1/user_wago/data/LJSpeech-1.1/wavs/LJ038-0234.wav,8.1225,4.694476
/mnt/md1/user_wago/data/LJSpeech-1.1/wavs/LJ027-0179.wav,6.9266875,4.4970694
/mnt/md1/user_wago/data/LJSpeech-1.1/wavs/LJ026-0023.wav,6.6945,4.6614723
/mnt/md1/user_wago/data/LJSpeech-1.1/wavs/LJ007-0021.wav,5.13875,4.388365
/mnt/md1/user_wago/data/LJSpeech-1.1/wavs/LJ029-0079.wav,7.7858125,4.6598916
/mnt/md1/user_wago/data/LJSpeech-1.1/wavs/LJ028-0081.wav,5.03425,4.707776
/mnt/md1/user_wago/data/LJSpeech-1.1/wavs/LJ022-0185.wav,3.583,4.6191564
/mnt/md1/user_wago/data/LJSpeech-1.1/wavs/LJ048-0156.wav,3.3391875,4.657876
/mnt/md1/user_wago/data/LJSpeech-1.1/wavs/LJ028-0411.wav,7.08925,4.035698
/mnt/md1/user_wago/data/LJSpeech-1.1/wavs/LJ032-0081.wav,6.77575,4.4596615
/mnt/md1/user_wago/data/LJSpeech-1.1/wavs/LJ021-0004.wav,9.1441875,4.5785956
/mnt/md1/user_wago/data/LJSpeech-1.1/wavs/LJ040-0239.wav,6.8221875,4.4520354
/mnt/md1/user_wago/data/LJSpeech-1.1/wavs/LJ027-0160.wav,9.7595625,4.3575525
/mnt/md1/user_wago/data/LJSpeech-1.1/wavs/LJ027-0172.wav,5.34775,4.358477
/mnt/md1/user_wago/data/LJSpeech-1.1/wavs/LJ019-0359.wav,9.806,4.593314
/mnt/md1/user_wago/data/LJSpeech-1.1/wavs/LJ042-0081.wav,10.0498125,4.582481
/mnt/md1/user_wago/data/LJSpeech-1.1/wavs/LJ030-0220.wav,3.97775,4.827181
/mnt/md1/user_wago/data/LJSpeech-1.1/wavs/LJ008-0220.wav,4.0474375,4.436494
/mnt/md1/user_wago/data/LJSpeech-1.1/wavs/LJ003-0320.wav,3.803625,4.715185
/mnt/md1/user_wago/data/LJSpeech-1.1/wavs/LJ038-0180.wav,8.04125,4.716945
/mnt/md1/user_wago/data/LJSpeech-1.1/wavs/LJ024-0120.wav,2.5265,4.497987
/mnt/md1/user_wago/data/LJSpeech-1.1/wavs/LJ005-0137.wav,2.9560625,4.4381523
/mnt/md1/user_wago/data/LJSpeech-1.1/wavs/LJ028-0347.wav,7.3446875,4.6522694
/mnt/md1/user_wago/data/LJSpeech-1.1/wavs/LJ048-0154.wav,1.8879375,4.3236814
/mnt/md1/user_wago/data/LJSpeech-1.1/wavs/LJ009-0274.wav,8.923625,4.449259
/mnt/md1/user_wago/data/LJSpeech-1.1/wavs/LJ005-0035.wav,6.4739375,4.6888437
/mnt/md1/user_wago/data/LJSpeech-1.1/wavs/LJ016-0370.wav,9.399625,4.5015316
/mnt/md1/user_wago/data/LJSpeech-1.1/wavs/LJ026-0033.wav,3.617875,4.566946
/mnt/md1/user_wago/data/LJSpeech-1.1/wavs/LJ010-0176.wav,8.447625,4.4077435
/mnt/md1/user_wago/data/LJSpeech-1.1/wavs/LJ028-0185.wav,6.5668125,4.489333
/mnt/md1/user_wago/data/LJSpeech-1.1/wavs/LJ012-0077.wav,4.9878125,4.666867
/mnt/md1/user_wago/data/LJSpeech-1.1/wavs/LJ004-0133.wav,6.8570625,4.5413413
/mnt/md1/user_wago/data/LJSpeech-1.1/wavs/LJ027-0158.wav,6.3694375,4.6125026
/mnt/md1/user_wago/data/LJSpeech-1.1/wavs/LJ012-0179.wav,9.388,4.5406594
/mnt/md1/user_wago/data/LJSpeech-1.1/wavs/LJ018-0260.wav,8.842375,4.7511067
/mnt/md1/user_wago/data/LJSpeech-1.1/wavs/LJ022-0085.wav,3.432125,4.683185
/mnt/md1/user_wago/data/LJSpeech-1.1/wavs/LJ027-0023.wav,6.0443125,4.47795
/mnt/md1/user_wago/data/LJSpeech-1.1/wavs/LJ031-0065.wav,6.114,4.7584224
/mnt/md1/user_wago/data/LJSpeech-1.1/wavs/LJ041-0127.wav,9.41125,4.5519414
/mnt/md1/user_wago/data/LJSpeech-1.1/wavs/LJ019-0096.wav,8.424375,4.621006
/mnt/md1/user_wago/data/LJSpeech-1.1/wavs/LJ041-0122.wav,4.256375,4.643222
/mnt/md1/user_wago/data/LJSpeech-1.1/wavs/LJ008-0253.wav,5.6960625,4.07423
/mnt/md1/user_wago/data/LJSpeech-1.1/wavs/LJ006-0055.wav,5.359375,4.5144897
/mnt/md1/user_wago/data/LJSpeech-1.1/wavs/LJ008-0279.wav,7.8090625,4.589081
/mnt/md1/user_wago/data/LJSpeech-1.1/wavs/LJ003-0192.wav,4.9181875,4.5953794
/mnt/md1/user_wago/data/LJSpeech-1.1/wavs/LJ030-0097.wav,1.5396875,4.5620446
/mnt/md1/user_wago/data/LJSpeech-1.1/wavs/LJ014-0202.wav,2.8748125,4.146177
/mnt/md1/user_wago/data/LJSpeech-1.1/wavs/LJ046-0062.wav,6.021125,4.6361527
/mnt/md1/user_wago/data/LJSpeech-1.1/wavs/LJ040-0017.wav,1.5976875,4.033638
/mnt/md1/user_wago/data/LJSpeech-1.1/wavs/LJ009-0078.wav,7.2169375,4.58284
/mnt/md1/user_wago/data/LJSpeech-1.1/wavs/LJ007-0083.wav,7.5188125,4.6202865
/mnt/md1/user_wago/data/LJSpeech-1.1/wavs/LJ019-0115.wav,6.6248125,4.530469
/mnt/md1/user_wago/data/LJSpeech-1.1/wavs/LJ028-0088.wav,7.3330625,4.692224
/mnt/md1/user_wago/data/LJSpeech-1.1/wavs/LJ013-0245.wav,5.939875,4.5891504
/mnt/md1/user_wago/data/LJSpeech-1.1/wavs/LJ015-0119.wav,5.997875,4.5576344
/mnt/md1/user_wago/data/LJSpeech-1.1/wavs/LJ048-0090.wav,8.703,4.697963
/mnt/md1/user_wago/data/LJSpeech-1.1/wavs/LJ018-0153.wav,5.835375,4.6822033
/mnt/md1/user_wago/data/LJSpeech-1.1/wavs/LJ015-0124.wav,4.6395625,4.5077415
/mnt/md1/user_wago/data/LJSpeech-1.1/wavs/LJ014-0299.wav,5.626375,4.378555
/mnt/md1/user_wago/data/LJSpeech-1.1/wavs/LJ031-0165.wav,7.7278125,4.562239
/mnt/md1/user_wago/data/LJSpeech-1.1/wavs/LJ031-0024.wav,2.0969375,3.8131824
/mnt/md1/user_wago/data/LJSpeech-1.1/wavs/LJ030-0207.wav,5.069125,4.503887
/mnt/md1/user_wago/data/LJSpeech-1.1/wavs/LJ032-0020.wav,5.9514375,4.6464252
/mnt/md1/user_wago/data/LJSpeech-1.1/wavs/LJ009-0160.wav,1.5745,4.1503143
/mnt/md1/user_wago/data/LJSpeech-1.1/wavs/LJ017-0173.wav,4.360875,4.740117
/mnt/md1/user_wago/data/LJSpeech-1.1/wavs/LJ014-0216.wav,4.9994375,4.446485
/mnt/md1/user_wago/data/LJSpeech-1.1/wavs/LJ001-0152.wav,9.376375,4.512586
/mnt/md1/user_wago/data/LJSpeech-1.1/wavs/LJ005-0125.wav,8.703,4.6506267
/mnt/md1/user_wago/data/LJSpeech-1.1/wavs/LJ048-0036.wav,7.0428125,4.648718
/mnt/md1/user_wago/data/LJSpeech-1.1/wavs/LJ028-0471.wav,7.7045625,4.659565
/mnt/md1/user_wago/data/LJSpeech-1.1/wavs/LJ012-0132.wav,8.645,4.466929
/mnt/md1/user_wago/data/LJSpeech-1.1/wavs/LJ008-0082.wav,7.35625,4.4906206
/mnt/md1/user_wago/data/LJSpeech-1.1/wavs/LJ019-0181.wav,7.83225,4.5851197
/mnt/md1/user_wago/data/LJSpeech-1.1/wavs/LJ032-0257.wav,4.198375,4.5808215
/mnt/md1/user_wago/data/LJSpeech-1.1/wavs/LJ033-0128.wav,9.028125,4.6903644
/mnt/md1/user_wago/data/LJSpeech-1.1/wavs/LJ016-0211.wav,5.359375,4.5001564
/mnt/md1/user_wago/data/LJSpeech-1.1/wavs/LJ007-0207.wav,9.2603125,4.5174236
/mnt/md1/user_wago/data/LJSpeech-1.1/wavs/LJ012-0039.wav,4.5118125,4.6123476
/mnt/md1/user_wago/data/LJSpeech-1.1/wavs/LJ008-0229.wav,9.0629375,4.3450937
/mnt/md1/user_wago/data/LJSpeech-1.1/wavs/LJ024-0020.wav,3.2695625,4.3454795
/mnt/md1/user_wago/data/LJSpeech-1.1/wavs/LJ012-0217.wav,6.682875,4.815419
/mnt/md1/user_wago/data/LJSpeech-1.1/wavs/LJ012-0258.wav,9.20225,4.575551
/mnt/md1/user_wago/data/LJSpeech-1.1/wavs/LJ029-0157.wav,9.213875,4.7292733
/mnt/md1/user_wago/data/LJSpeech-1.1/wavs/LJ047-0067.wav,9.4693125,4.5408735
/mnt/md1/user_wago/data/LJSpeech-1.1/wavs/LJ023-0045.wav,9.980125,4.54868
/mnt/md1/user_wago/data/LJSpeech-1.1/wavs/LJ025-0045.wav,4.8136875,4.7047615
/mnt/md1/user_wago/data/LJSpeech-1.1/wavs/LJ016-0446.wav,3.722375,4.7116547
/mnt/md1/user_wago/data/LJSpeech-1.1/wavs/LJ018-0154.wav,6.6596875,4.4969444
/mnt/md1/user_wago/data/LJSpeech-1.1/wavs/LJ049-0044.wav,6.2416875,4.655328
/mnt/md1/user_wago/data/LJSpeech-1.1/wavs/LJ002-0110.wav,9.4576875,4.5957975
/mnt/md1/user_wago/data/LJSpeech-1.1/wavs/LJ034-0162.wav,9.30675,4.697411
/mnt/md1/user_wago/data/LJSpeech-1.1/wavs/LJ005-0141.wav,8.795875,4.409192
/mnt/md1/user_wago/data/LJSpeech-1.1/wavs/LJ005-0094.wav,3.803625,4.6188264
/mnt/md1/user_wago/data/LJSpeech-1.1/wavs/LJ048-0126.wav,8.5636875,4.532541
/mnt/md1/user_wago/data/LJSpeech-1.1/wavs/LJ018-0398.wav,9.7130625,4.6037927
/mnt/md1/user_wago/data/LJSpeech-1.1/wavs/LJ042-0151.wav,5.649625,4.372198
/mnt/md1/user_wago/data/LJSpeech-1.1/wavs/LJ006-0136.wav,6.520375,4.620254
/mnt/md1/user_wago/data/LJSpeech-1.1/wavs/LJ047-0185.wav,4.6395625,4.6360865
/mnt/md1/user_wago/data/LJSpeech-1.1/wavs/LJ025-0061.wav,8.5753125,4.647298
/mnt/md1/user_wago/data/LJSpeech-1.1/wavs/LJ028-0384.wav,2.422,4.308048
/mnt/md1/user_wago/data/LJSpeech-1.1/wavs/LJ019-0005.wav,7.948375,4.5550947
/mnt/md1/user_wago/data/LJSpeech-1.1/wavs/LJ047-0214.wav,9.504125,4.56855
/mnt/md1/user_wago/data/LJSpeech-1.1/wavs/LJ045-0165.wav,8.5753125,4.386755
/mnt/md1/user_wago/data/LJSpeech-1.1/wavs/LJ035-0118.wav,4.7324375,4.565849
/mnt/md1/user_wago/data/LJSpeech-1.1/wavs/LJ022-0081.wav,8.2734375,4.587746
/mnt/md1/user_wago/data/LJSpeech-1.1/wavs/LJ002-0228.wav,6.206875,4.273385
/mnt/md1/user_wago/data/LJSpeech-1.1/wavs/LJ017-0174.wav,8.41275,4.532297
/mnt/md1/user_wago/data/LJSpeech-1.1/wavs/LJ045-0043.wav,9.028125,4.374762
/mnt/md1/user_wago/data/LJSpeech-1.1/wavs/LJ015-0066.wav,5.1735625,4.5303116
/mnt/md1/user_wago/data/LJSpeech-1.1/wavs/LJ016-0016.wav,6.5435625,4.780679
/mnt/md1/user_wago/data/LJSpeech-1.1/wavs/LJ047-0182.wav,7.1356875,4.5118513
/mnt/md1/user_wago/data/LJSpeech-1.1/wavs/LJ028-0316.wav,5.45225,4.5221357
/mnt/md1/user_wago/data/LJSpeech-1.1/wavs/LJ008-0146.wav,4.5001875,4.5740733
/mnt/md1/user_wago/data/LJSpeech-1.1/wavs/LJ025-0078.wav,8.819125,4.606298
/mnt/md1/user_wago/data/LJSpeech-1.1/wavs/LJ024-0017.wav,2.5265,4.443861
/mnt/md1/user_wago/data/LJSpeech-1.1/wavs/LJ018-0392.wav,5.3941875,4.6514673
/mnt/md1/user_wago/data/LJSpeech-1.1/wavs/LJ007-0174.wav,6.61325,4.6066093
/mnt/md1/user_wago/data/LJSpeech-1.1/wavs/LJ010-0202.wav,5.336125,4.786561
/mnt/md1/user_wago/data/LJSpeech-1.1/wavs/LJ018-0026.wav,7.3446875,4.6309752
/mnt/md1/user_wago/data/LJSpeech-1.1/wavs/LJ019-0131.wav,5.939875,4.5863414
/mnt/md1/user_wago/data/LJSpeech-1.1/wavs/LJ037-0208.wav,8.3895625,4.6659026
/mnt/md1/user_wago/data/LJSpeech-1.1/wavs/LJ019-0140.wav,8.4940625,4.663045
/mnt/md1/user_wago/data/LJSpeech-1.1/wavs/LJ026-0022.wav,5.71925,4.4683466
/mnt/md1/user_wago/data/LJSpeech-1.1/wavs/LJ033-0065.wav,6.67125,4.7849836
/mnt/md1/user_wago/data/LJSpeech-1.1/wavs/LJ040-0221.wav,9.2255,4.411978
/mnt/md1/user_wago/data/LJSpeech-1.1/wavs/LJ037-0074.wav,7.5188125,4.721783
/mnt/md1/user_wago/data/LJSpeech-1.1/wavs/LJ008-0207.wav,5.9514375,4.4308934
/mnt/md1/user_wago/data/LJSpeech-1.1/wavs/LJ016-0230.wav,2.155,4.5560293
/mnt/md1/user_wago/data/LJSpeech-1.1/wavs/LJ028-0434.wav,6.5668125,4.5949516
/mnt/md1/user_wago/data/LJSpeech-1.1/wavs/LJ046-0177.wav,3.71075,4.6272087
/mnt/md1/user_wago/data/LJSpeech-1.1/wavs/LJ043-0152.wav,7.9019375,4.595503
/mnt/md1/user_wago/data/LJSpeech-1.1/wavs/LJ028-0504.wav,3.9545625,4.1540966
/mnt/md1/user_wago/data/LJSpeech-1.1/wavs/LJ034-0208.wav,6.973125,4.562757
/mnt/md1/user_wago/data/LJSpeech-1.1/wavs/LJ023-0092.wav,6.288125,4.531963
/mnt/md1/user_wago/data/LJSpeech-1.1/wavs/LJ032-0008.wav,6.6945,4.788898
/mnt/md1/user_wago/data/LJSpeech-1.1/wavs/LJ042-0062.wav,6.67125,4.547801
/mnt/md1/user_wago/data/LJSpeech-1.1/wavs/LJ042-0149.wav,7.925125,4.3692427
/mnt/md1/user_wago/data/LJSpeech-1.1/wavs/LJ001-0063.wav,4.569875,4.5285783
/mnt/md1/user_wago/data/LJSpeech-1.1/wavs/LJ004-0142.wav,8.6914375,4.4993014
/mnt/md1/user_wago/data/LJSpeech-1.1/wavs/LJ039-0076.wav,8.1921875,4.1949816
/mnt/md1/user_wago/data/LJSpeech-1.1/wavs/LJ029-0060.wav,6.19525,4.721816
/mnt/md1/user_wago/data/LJSpeech-1.1/wavs/LJ017-0056.wav,7.0079375,4.718027
/mnt/md1/user_wago/data/LJSpeech-1.1/wavs/LJ030-0136.wav,5.069125,4.501692
/mnt/md1/user_wago/data/LJSpeech-1.1/wavs/LJ040-0222.wav,8.052875,4.3486767
/mnt/md1/user_wago/data/LJSpeech-1.1/wavs/LJ005-0261.wav,2.3755625,4.684541
/mnt/md1/user_wago/data/LJSpeech-1.1/wavs/LJ008-0240.wav,8.5985625,4.2860994
/mnt/md1/user_wago/data/LJSpeech-1.1/wavs/LJ001-0005.wav,8.1109375,4.3488255
/mnt/md1/user_wago/data/LJSpeech-1.1/wavs/LJ023-0036.wav,8.4591875,4.4994497
/mnt/md1/user_wago/data/LJSpeech-1.1/wavs/LJ019-0104.wav,7.9831875,4.586686
/mnt/md1/user_wago/data/LJSpeech-1.1/wavs/LJ015-0068.wav,5.8585625,4.3826714
/mnt/md1/user_wago/data/LJSpeech-1.1/wavs/LJ001-0145.wav,7.1705,4.4822884
/mnt/md1/user_wago/data/LJSpeech-1.1/wavs/LJ043-0185.wav,9.8408125,4.6256337
/mnt/md1/user_wago/data/LJSpeech-1.1/wavs/LJ031-0107.wav,7.263375,4.674127
/mnt/md1/user_wago/data/LJSpeech-1.1/wavs/LJ027-0174.wav,9.9104375,4.206556
/mnt/md1/user_wago/data/LJSpeech-1.1/wavs/LJ031-0147.wav,3.1766875,4.342963
/mnt/md1/user_wago/data/LJSpeech-1.1/wavs/LJ009-0155.wav,8.795875,4.474846
/mnt/md1/user_wago/data/LJSpeech-1.1/wavs/LJ040-0159.wav,5.2665,4.271996
/mnt/md1/user_wago/data/LJSpeech-1.1/wavs/LJ019-0024.wav,9.898875,4.6113086
/mnt/md1/user_wago/data/LJSpeech-1.1/wavs/LJ038-0075.wav,9.2255,4.5740786
/mnt/md1/user_wago/data/LJSpeech-1.1/wavs/LJ037-0079.wav,8.7726875,4.7373004
/mnt/md1/user_wago/data/LJSpeech-1.1/wavs/LJ049-0136.wav,9.1674375,4.6465044
/mnt/md1/user_wago/data/LJSpeech-1.1/wavs/LJ050-0251.wav,3.4205,4.572288
/mnt/md1/user_wago/data/LJSpeech-1.1/wavs/LJ017-0022.wav,5.5915625,4.7165823
/mnt/md1/user_wago/data/LJSpeech-1.1/wavs/LJ024-0103.wav,8.8539375,3.9044352
/mnt/md1/user_wago/data/LJSpeech-1.1/wavs/LJ048-0174.wav,7.5188125,4.7326536
/mnt/md1/user_wago/data/LJSpeech-1.1/wavs/LJ037-0100.wav,5.649625,4.736418
/mnt/md1/user_wago/data/LJSpeech-1.1/wavs/LJ049-0104.wav,8.714625,4.503951
/mnt/md1/user_wago/data/LJSpeech-1.1/wavs/LJ005-0070.wav,7.6116875,4.697602
/mnt/md1/user_wago/data/LJSpeech-1.1/wavs/LJ015-0271.wav,4.860125,4.7311554
/mnt/md1/user_wago/data/LJSpeech-1.1/wavs/LJ026-0144.wav,7.100875,4.5179744
/mnt/md1/user_wago/data/LJSpeech-1.1/wavs/LJ038-0109.wav,9.028125,4.6479464
/mnt/md1/user_wago/data/LJSpeech-1.1/wavs/LJ035-0032.wav,9.6201875,4.2951746
/mnt/md1/user_wago/data/LJSpeech-1.1/wavs/LJ008-0094.wav,9.8524375,4.416124
/mnt/md1/user_wago/data/LJSpeech-1.1/wavs/LJ036-0099.wav,8.4824375,4.713684
/mnt/md1/user_wago/data/LJSpeech-1.1/wavs/LJ016-0374.wav,9.318375,4.4735866
/mnt/md1/user_wago/data/LJSpeech-1.1/wavs/LJ016-0401.wav,7.576875,4.142998
/mnt/md1/user_wago/data/LJSpeech-1.1/wavs/LJ012-0010.wav,7.739375,4.7806773
/mnt/md1/user_wago/data/LJSpeech-1.1/wavs/LJ016-0338.wav,8.1689375,4.659337
/mnt/md1/user_wago/data/LJSpeech-1.1/wavs/LJ010-0113.wav,4.39575,4.5374312
/mnt/md1/user_wago/data/LJSpeech-1.1/wavs/LJ018-0319.wav,2.8631875,4.498759
/mnt/md1/user_wago/data/LJSpeech-1.1/wavs/LJ032-0126.wav,8.0876875,4.6802087
/mnt/md1/user_wago/data/LJSpeech-1.1/wavs/LJ009-0032.wav,6.2765625,4.395467
/mnt/md1/user_wago/data/LJSpeech-1.1/wavs/LJ037-0090.wav,4.279625,4.7398334
/mnt/md1/user_wago/data/LJSpeech-1.1/wavs/LJ044-0069.wav,1.957625,4.663313
/mnt/md1/user_wago/data/LJSpeech-1.1/wavs/LJ004-0224.wav,8.4940625,4.5526433
/mnt/md1/user_wago/data/LJSpeech-1.1/wavs/LJ033-0172.wav,6.868625,4.360816
/mnt/md1/user_wago/data/LJSpeech-1.1/wavs/LJ001-0094.wav,4.3028125,4.2466397
/mnt/md1/user_wago/data/LJSpeech-1.1/wavs/LJ028-0019.wav,5.8934375,4.688221
/mnt/md1/user_wago/data/LJSpeech-1.1/wavs/LJ028-0229.wav,4.2215625,4.67188
/mnt/md1/user_wago/data/LJSpeech-1.1/wavs/LJ028-0166.wav,4.175125,4.685857
/mnt/md1/user_wago/data/LJSpeech-1.1/wavs/LJ017-0073.wav,8.14575,4.552408
/mnt/md1/user_wago/data/LJSpeech-1.1/wavs/LJ004-0146.wav,5.336125,4.4199486
/mnt/md1/user_wago/data/LJSpeech-1.1/wavs/LJ047-0123.wav,8.2966875,4.482721
/mnt/md1/user_wago/data/LJSpeech-1.1/wavs/LJ024-0036.wav,7.96,4.229643
/mnt/md1/user_wago/data/LJSpeech-1.1/wavs/LJ011-0243.wav,6.5319375,4.547299
/mnt/md1/user_wago/data/LJSpeech-1.1/wavs/LJ028-0355.wav,8.227,4.527865
/mnt/md1/user_wago/data/LJSpeech-1.1/wavs/LJ039-0231.wav,1.690625,4.361542
/mnt/md1/user_wago/data/LJSpeech-1.1/wavs/LJ022-0175.wav,9.7130625,4.6687083
/mnt/md1/user_wago/data/LJSpeech-1.1/wavs/LJ050-0219.wav,6.7525625,4.735485
/mnt/md1/user_wago/data/LJSpeech-1.1/wavs/LJ018-0371.wav,8.0180625,4.722185
/mnt/md1/user_wago/data/LJSpeech-1.1/wavs/LJ004-0159.wav,8.0645,4.6790752
/mnt/md1/user_wago/data/LJSpeech-1.1/wavs/LJ045-0018.wav,4.9994375,4.6418543
/mnt/md1/user_wago/data/LJSpeech-1.1/wavs/LJ046-0220.wav,7.948375,4.3147798
/mnt/md1/user_wago/data/LJSpeech-1.1/wavs/LJ014-0083.wav,6.288125,4.7536545
/mnt/md1/user_wago/data/LJSpeech-1.1/wavs/LJ017-0222.wav,4.6163125,4.4115767
/mnt/md1/user_wago/data/LJSpeech-1.1/wavs/LJ037-0199.wav,9.399625,4.642143
/mnt/md1/user_wago/data/LJSpeech-1.1/wavs/LJ028-0205.wav,7.8206875,4.463465
/mnt/md1/user_wago/data/LJSpeech-1.1/wavs/LJ030-0182.wav,6.1604375,4.481247
/mnt/md1/user_wago/data/LJSpeech-1.1/wavs/LJ042-0024.wav,6.9266875,4.546957
/mnt/md1/user_wago/data/LJSpeech-1.1/wavs/LJ042-0155.wav,3.803625,4.6836557
/mnt/md1/user_wago/data/LJSpeech-1.1/wavs/LJ036-0135.wav,9.1441875,4.482581
/mnt/md1/user_wago/data/LJSpeech-1.1/wavs/LJ034-0146.wav,5.0110625,4.706679
/mnt/md1/user_wago/data/LJSpeech-1.1/wavs/LJ008-0067.wav,5.7656875,4.370077
/mnt/md1/user_wago/data/LJSpeech-1.1/wavs/LJ018-0257.wav,7.5884375,4.5047092
/mnt/md1/user_wago/data/LJSpeech-1.1/wavs/LJ037-0102.wav,6.9499375,4.7104063
/mnt/md1/user_wago/data/LJSpeech-1.1/wavs/LJ046-0200.wav,4.6163125,4.4669495
/mnt/md1/user_wago/data/LJSpeech-1.1/wavs/LJ049-0176.wav,8.2966875,4.487158
/mnt/md1/user_wago/data/LJSpeech-1.1/wavs/LJ049-0181.wav,9.7363125,4.4461403
/mnt/md1/user_wago/data/LJSpeech-1.1/wavs/LJ028-0052.wav,6.520375,4.652477
/mnt/md1/user_wago/data/LJSpeech-1.1/wavs/LJ032-0213.wav,6.29975,4.6024084
/mnt/md1/user_wago/data/LJSpeech-1.1/wavs/LJ003-0291.wav,10.084625,4.6258945
/mnt/md1/user_wago/data/LJSpeech-1.1/wavs/LJ048-0052.wav,3.39725,4.7665963
/mnt/md1/user_wago/data/LJSpeech-1.1/wavs/LJ030-0061.wav,2.7355,4.7821913
/mnt/md1/user_wago/data/LJSpeech-1.1/wavs/LJ037-0043.wav,4.9878125,4.746721
/mnt/md1/user_wago/data/LJSpeech-1.1/wavs/LJ013-0010.wav,8.4708125,4.7029324
/mnt/md1/user_wago/data/LJSpeech-1.1/wavs/LJ009-0113.wav,4.070625,4.686385
/mnt/md1/user_wago/data/LJSpeech-1.1/wavs/LJ004-0131.wav,6.4506875,4.552891
/mnt/md1/user_wago/data/LJSpeech-1.1/wavs/LJ012-0036.wav,6.0095,4.624083
/mnt/md1/user_wago/data/LJSpeech-1.1/wavs/LJ003-0251.wav,7.6233125,4.550638
/mnt/md1/user_wago/data/LJSpeech-1.1/wavs/LJ016-0044.wav,5.7773125,4.6749525
/mnt/md1/user_wago/data/LJSpeech-1.1/wavs/LJ030-0189.wav,9.028125,4.554278
/mnt/md1/user_wago/data/LJSpeech-1.1/wavs/LJ048-0224.wav,9.41125,4.6352253
/mnt/md1/user_wago/data/LJSpeech-1.1/wavs/LJ006-0067.wav,9.689875,4.56485
/mnt/md1/user_wago/data/LJSpeech-1.1/wavs/LJ013-0222.wav,5.6031875,4.4107356
/mnt/md1/user_wago/data/LJSpeech-1.1/wavs/LJ006-0192.wav,9.121,4.5604935
/mnt/md1/user_wago/data/LJSpeech-1.1/wavs/LJ009-0249.wav,5.730875,4.6181517
/mnt/md1/user_wago/data/LJSpeech-1.1/wavs/LJ040-0196.wav,2.329125,4.4317236
/mnt/md1/user_wago/data/LJSpeech-1.1/wavs/LJ032-0267.wav,6.5668125,4.6196523
/mnt/md1/user_wago/data/LJSpeech-1.1/wavs/LJ020-0062.wav,9.7246875,4.522666
/mnt/md1/user_wago/data/LJSpeech-1.1/wavs/LJ050-0244.wav,3.5714375,4.572459
/mnt/md1/user_wago/data/LJSpeech-1.1/wavs/LJ033-0014.wav,8.343125,4.7106056
/mnt/md1/user_wago/data/LJSpeech-1.1/wavs/LJ031-0003.wav,3.675875,4.64149
/mnt/md1/user_wago/data/LJSpeech-1.1/wavs/LJ046-0034.wav,5.6844375,4.639692
/mnt/md1/user_wago/data/LJSpeech-1.1/wavs/LJ038-0179.wav,6.206875,4.6121473
/mnt/md1/user_wago/data/LJSpeech-1.1/wavs/LJ035-0149.wav,6.67125,4.2293983
/mnt/md1/user_wago/data/LJSpeech-1.1/wavs/LJ022-0124.wav,8.14575,4.572244
/mnt/md1/user_wago/data/LJSpeech-1.1/wavs/LJ018-0064.wav,4.66275,4.7282696
/mnt/md1/user_wago/data/LJSpeech-1.1/wavs/LJ028-0508.wav,2.723875,4.5497193
/mnt/md1/user_wago/data/LJSpeech-1.1/wavs/LJ019-0396.wav,4.8485,4.477245
/mnt/md1/user_wago/data/LJSpeech-1.1/wavs/LJ017-0085.wav,9.980125,4.517194
/mnt/md1/user_wago/data/LJSpeech-1.1/wavs/LJ048-0152.wav,3.4553125,4.6935773
/mnt/md1/user_wago/data/LJSpeech-1.1/wavs/LJ019-0220.wav,5.2896875,4.6774116
/mnt/md1/user_wago/data/LJSpeech-1.1/wavs/LJ026-0041.wav,5.545125,4.6311045
/mnt/md1/user_wago/data/LJSpeech-1.1/wavs/LJ015-0237.wav,8.424375,4.649137
/mnt/md1/user_wago/data/LJSpeech-1.1/wavs/LJ019-0152.wav,7.2981875,4.553031
/mnt/md1/user_wago/data/LJSpeech-1.1/wavs/LJ036-0115.wav,4.0358125,4.531975
/mnt/md1/user_wago/data/LJSpeech-1.1/wavs/LJ018-0318.wav,7.1705,4.576604
/mnt/md1/user_wago/data/LJSpeech-1.1/wavs/LJ020-0004.wav,2.5265,4.5940084
/mnt/md1/user_wago/data/LJSpeech-1.1/wavs/LJ005-0044.wav,4.7904375,4.6174855
/mnt/md1/user_wago/data/LJSpeech-1.1/wavs/LJ008-0123.wav,3.71075,4.4911156
/mnt/md1/user_wago/data/LJSpeech-1.1/wavs/LJ037-0118.wav,4.2099375,4.5736623
/mnt/md1/user_wago/data/LJSpeech-1.1/wavs/LJ003-0262.wav,9.8524375,4.5014415
/mnt/md1/user_wago/data/LJSpeech-1.1/wavs/LJ019-0095.wav,5.9863125,4.661609
/mnt/md1/user_wago/data/LJSpeech-1.1/wavs/LJ044-0180.wav,7.5188125,4.517019
/mnt/md1/user_wago/data/LJSpeech-1.1/wavs/LJ021-0092.wav,3.803625,4.7102904
/mnt/md1/user_wago/data/LJSpeech-1.1/wavs/LJ013-0148.wav,1.5280625,4.4966173
/mnt/md1/user_wago/data/LJSpeech-1.1/wavs/LJ016-0234.wav,8.41275,4.2961836
/mnt/md1/user_wago/data/LJSpeech-1.1/wavs/LJ035-0096.wav,6.381,4.6730776
/mnt/md1/user_wago/data/LJSpeech-1.1/wavs/LJ002-0144.wav,9.3299375,4.55754
/mnt/md1/user_wago/data/LJSpeech-1.1/wavs/LJ022-0200.wav,7.46075,4.5105352
/mnt/md1/user_wago/data/LJSpeech-1.1/wavs/LJ039-0212.wav,8.41275,4.483535
/mnt/md1/user_wago/data/LJSpeech-1.1/wavs/LJ005-0032.wav,8.3315,4.4996777
/mnt/md1/user_wago/data/LJSpeech-1.1/wavs/LJ025-0171.wav,4.66275,4.760419
/mnt/md1/user_wago/data/LJSpeech-1.1/wavs/LJ039-0051.wav,5.6844375,4.529186
/mnt/md1/user_wago/data/LJSpeech-1.1/wavs/LJ015-0241.wav,8.029625,4.69359
/mnt/md1/user_wago/data/LJSpeech-1.1/wavs/LJ045-0218.wav,9.67825,4.6561484
/mnt/md1/user_wago/data/LJSpeech-1.1/wavs/LJ006-0159.wav,3.81525,4.7151003
/mnt/md1/user_wago/data/LJSpeech-1.1/wavs/LJ017-0257.wav,7.0079375,4.66875
/mnt/md1/user_wago/data/LJSpeech-1.1/wavs/LJ001-0087.wav,8.25025,4.522242
/mnt/md1/user_wago/data/LJSpeech-1.1/wavs/LJ028-0158.wav,4.070625,4.5942464
/mnt/md1/user_wago/data/LJSpeech-1.1/wavs/LJ008-0261.wav,4.9878125,4.5246162
/mnt/md1/user_wago/data/LJSpeech-1.1/wavs/LJ035-0053.wav,2.3988125,4.564947
/mnt/md1/user_wago/data/LJSpeech-1.1/wavs/LJ042-0153.wav,8.737875,4.44226
/mnt/md1/user_wago/data/LJSpeech-1.1/wavs/LJ018-0267.wav,9.9685,4.627008
/mnt/md1/user_wago/data/LJSpeech-1.1/wavs/LJ048-0045.wav,5.6031875,4.7152715
/mnt/md1/user_wago/data/LJSpeech-1.1/wavs/LJ016-0156.wav,9.5621875,4.634584
/mnt/md1/user_wago/data/LJSpeech-1.1/wavs/LJ005-0288.wav,3.095375,4.541299
/mnt/md1/user_wago/data/LJSpeech-1.1/wavs/LJ007-0063.wav,8.633375,4.4306817
/mnt/md1/user_wago/data/LJSpeech-1.1/wavs/LJ008-0250.wav,6.3694375,4.6598206
/mnt/md1/user_wago/data/LJSpeech-1.1/wavs/LJ008-0188.wav,5.545125,4.522898
/mnt/md1/user_wago/data/LJSpeech-1.1/wavs/LJ006-0290.wav,9.875625,4.543995
/mnt/md1/user_wago/data/LJSpeech-1.1/wavs/LJ028-0023.wav,5.71925,4.632045
/mnt/md1/user_wago/data/LJSpeech-1.1/wavs/LJ014-0317.wav,5.7889375,4.662933
/mnt/md1/user_wago/data/LJSpeech-1.1/wavs/LJ030-0157.wav,9.8175625,4.5842624
/mnt/md1/user_wago/data/LJSpeech-1.1/wavs/LJ019-0379.wav,9.6550625,4.615332
/mnt/md1/user_wago/data/LJSpeech-1.1/wavs/LJ002-0135.wav,8.8075,4.6131754
/mnt/md1/user_wago/data/LJSpeech-1.1/wavs/LJ045-0207.wav,8.157375,4.6436634
/mnt/md1/user_wago/data/LJSpeech-1.1/wavs/LJ033-0214.wav,5.359375,4.5981903
/mnt/md1/user_wago/data/LJSpeech-1.1/wavs/LJ045-0164.wav,6.682875,4.398694
/mnt/md1/user_wago/data/LJSpeech-1.1/wavs/LJ045-0088.wav,9.78275,4.4943857
/mnt/md1/user_wago/data/LJSpeech-1.1/wavs/LJ011-0262.wav,9.2835,4.5289397
/mnt/md1/user_wago/data/LJSpeech-1.1/wavs/LJ040-0113.wav,8.227,4.418922
/mnt/md1/user_wago/data/LJSpeech-1.1/wavs/LJ035-0041.wav,6.9615,4.6013656
/mnt/md1/user_wago/data/LJSpeech-1.1/wavs/LJ025-0136.wav,8.029625,4.648914
/mnt/md1/user_wago/data/LJSpeech-1.1/wavs/LJ035-0010.wav,6.6596875,4.5813174
/mnt/md1/user_wago/data/LJSpeech-1.1/wavs/LJ003-0257.wav,7.553625,4.427392
/mnt/md1/user_wago/data/LJSpeech-1.1/wavs/LJ002-0137.wav,10.0033125,4.587928
/mnt/md1/user_wago/data/LJSpeech-1.1/wavs/LJ050-0066.wav,6.6480625,4.561645
/mnt/md1/user_wago/data/LJSpeech-1.1/wavs/LJ048-0229.wav,7.96,4.649538
/mnt/md1/user_wago/data/LJSpeech-1.1/wavs/LJ018-0114.wav,2.561375,4.700735
/mnt/md1/user_wago/data/LJSpeech-1.1/wavs/LJ004-0126.wav,2.5033125,4.4975276
/mnt/md1/user_wago/data/LJSpeech-1.1/wavs/LJ044-0019.wav,8.0180625,4.332899
/mnt/md1/user_wago/data/LJSpeech-1.1/wavs/LJ047-0161.wav,2.23625,4.6675415
/mnt/md1/user_wago/data/LJSpeech-1.1/wavs/LJ043-0046.wav,2.1781875,4.6535344
/mnt/md1/user_wago/data/LJSpeech-1.1/wavs/LJ028-0357.wav,7.5884375,4.4574947
/mnt/md1/user_wago/data/LJSpeech-1.1/wavs/LJ014-0069.wav,3.432125,4.7865124
/mnt/md1/user_wago/data/LJSpeech-1.1/wavs/LJ049-0200.wav,7.4143125,4.521034
/mnt/md1/user_wago/data/LJSpeech-1.1/wavs/LJ015-0032.wav,2.1201875,4.249769
/mnt/md1/user_wago/data/LJSpeech-1.1/wavs/LJ006-0058.wav,10.084625,4.5842714
/mnt/md1/user_wago/data/LJSpeech-1.1/wavs/LJ036-0198.wav,7.8903125,4.724026
/mnt/md1/user_wago/data/LJSpeech-1.1/wavs/LJ032-0188.wav,3.5598125,4.766564
/mnt/md1/user_wago/data/LJSpeech-1.1/wavs/LJ015-0071.wav,5.626375,4.3478518
/mnt/md1/user_wago/data/LJSpeech-1.1/wavs/LJ019-0129.wav,6.2185,4.7029314
/mnt/md1/user_wago/data/LJSpeech-1.1/wavs/LJ020-0028.wav,2.747125,4.3094187
/mnt/md1/user_wago/data/LJSpeech-1.1/wavs/LJ034-0012.wav,8.819125,4.5749645
/mnt/md1/user_wago/data/LJSpeech-1.1/wavs/LJ018-0164.wav,8.2966875,4.588571
/mnt/md1/user_wago/data/LJSpeech-1.1/wavs/LJ033-0045.wav,8.505625,4.6341662
/mnt/md1/user_wago/data/LJSpeech-1.1/wavs/LJ026-0075.wav,6.5435625,4.4864216
/mnt/md1/user_wago/data/LJSpeech-1.1/wavs/LJ025-0168.wav,8.6681875,4.5616755
/mnt/md1/user_wago/data/LJSpeech-1.1/wavs/LJ011-0098.wav,4.4073125,4.523142
/mnt/md1/user_wago/data/LJSpeech-1.1/wavs/LJ009-0019.wav,7.182125,4.706629
/mnt/md1/user_wago/data/LJSpeech-1.1/wavs/LJ020-0012.wav,5.150375,4.644305
/mnt/md1/user_wago/data/LJSpeech-1.1/wavs/LJ035-0125.wav,4.1635,4.5655007
/mnt/md1/user_wago/data/LJSpeech-1.1/wavs/LJ003-0306.wav,6.40425,4.5979867
/mnt/md1/user_wago/data/LJSpeech-1.1/wavs/LJ032-0228.wav,8.3315,4.7156844
/mnt/md1/user_wago/data/LJSpeech-1.1/wavs/LJ002-0227.wav,7.8090625,4.335627
/mnt/md1/user_wago/data/LJSpeech-1.1/wavs/LJ048-0129.wav,9.7479375,4.697175
/mnt/md1/user_wago/data/LJSpeech-1.1/wavs/LJ026-0094.wav,7.077625,4.5563397
/mnt/md1/user_wago/data/LJSpeech-1.1/wavs/LJ030-0170.wav,4.9065625,4.658701
/mnt/md1/user_wago/data/LJSpeech-1.1/wavs/LJ034-0099.wav,8.912,4.5310087
/mnt/md1/user_wago/data/LJSpeech-1.1/wavs/LJ028-0432.wav,2.5961875,4.646009
/mnt/md1/user_wago/data/LJSpeech-1.1/wavs/LJ036-0080.wav,6.973125,4.707978
/mnt/md1/user_wago/data/LJSpeech-1.1/wavs/LJ008-0267.wav,6.3578125,4.427932
/mnt/md1/user_wago/data/LJSpeech-1.1/wavs/LJ003-0129.wav,2.5265,4.5076475
/mnt/md1/user_wago/data/LJSpeech-1.1/wavs/LJ002-0050.wav,6.6596875,4.5473876
/mnt/md1/user_wago/data/LJSpeech-1.1/wavs/LJ007-0061.wav,10.084625,4.594624
/mnt/md1/user_wago/data/LJSpeech-1.1/wavs/LJ024-0116.wav,2.0969375,4.2061553
/mnt/md1/user_wago/data/LJSpeech-1.1/wavs/LJ015-0306.wav,3.71075,4.5583806
/mnt/md1/user_wago/data/LJSpeech-1.1/wavs/LJ006-0046.wav,7.542,4.73815
/mnt/md1/user_wago/data/LJSpeech-1.1/wavs/LJ037-0116.wav,9.2719375,4.5960116
/mnt/md1/user_wago/data/LJSpeech-1.1/wavs/LJ036-0046.wav,9.2719375,4.4851313
/mnt/md1/user_wago/data/LJSpeech-1.1/wavs/LJ034-0149.wav,5.6031875,4.5069027
/mnt/md1/user_wago/data/LJSpeech-1.1/wavs/LJ031-0219.wav,7.553625,4.719713
/mnt/md1/user_wago/data/LJSpeech-1.1/wavs/LJ042-0131.wav,7.6349375,4.5294094
/mnt/md1/user_wago/data/LJSpeech-1.1/wavs/LJ018-0264.wav,7.8555,4.630942
/mnt/md1/user_wago/data/LJSpeech-1.1/wavs/LJ040-0226.wav,3.6643125,4.205346
/mnt/md1/user_wago/data/LJSpeech-1.1/wavs/LJ034-0055.wav,6.03275,4.6397963
/mnt/md1/user_wago/data/LJSpeech-1.1/wavs/LJ036-0076.wav,7.77425,4.630813
/mnt/md1/user_wago/data/LJSpeech-1.1/wavs/LJ003-0150.wav,7.56525,4.5775666
/mnt/md1/user_wago/data/LJSpeech-1.1/wavs/LJ002-0151.wav,3.583,4.5198812
/mnt/md1/user_wago/data/LJSpeech-1.1/wavs/LJ034-0070.wav,8.0180625,4.5583897
/mnt/md1/user_wago/data/LJSpeech-1.1/wavs/LJ016-0365.wav,9.1558125,4.6140604
/mnt/md1/user_wago/data/LJSpeech-1.1/wavs/LJ036-0014.wav,3.675875,4.8497596
/mnt/md1/user_wago/data/LJSpeech-1.1/wavs/LJ016-0225.wav,8.714625,4.692768
/mnt/md1/user_wago/data/LJSpeech-1.1/wavs/LJ037-0004.wav,8.3083125,4.5901394
/mnt/md1/user_wago/data/LJSpeech-1.1/wavs/LJ008-0083.wav,7.553625,4.434899
/mnt/md1/user_wago/data/LJSpeech-1.1/wavs/LJ027-0123.wav,7.5884375,4.465846
/mnt/md1/user_wago/data/LJSpeech-1.1/wavs/LJ021-0205.wav,7.925125,4.4469647
/mnt/md1/user_wago/data/LJSpeech-1.1/wavs/LJ029-0072.wav,2.851625,4.736848
/mnt/md1/user_wago/data/LJSpeech-1.1/wavs/LJ039-0190.wav,8.3663125,4.430529
/mnt/md1/user_wago/data/LJSpeech-1.1/wavs/LJ008-0276.wav,4.6046875,4.5998
/mnt/md1/user_wago/data/LJSpeech-1.1/wavs/LJ035-0027.wav,4.836875,4.3753715
/mnt/md1/user_wago/data/LJSpeech-1.1/wavs/LJ004-0174.wav,7.0195625,4.63893
/mnt/md1/user_wago/data/LJSpeech-1.1/wavs/LJ009-0076.wav,1.3655,4.8250275
/mnt/md1/user_wago/data/LJSpeech-1.1/wavs/LJ018-0245.wav,4.5350625,4.668584
/mnt/md1/user_wago/data/LJSpeech-1.1/wavs/LJ039-0104.wav,3.594625,4.590051
/mnt/md1/user_wago/data/LJSpeech-1.1/wavs/LJ022-0009.wav,7.0195625,4.729917
/mnt/md1/user_wago/data/LJSpeech-1.1/wavs/LJ002-0165.wav,6.2649375,4.6938796
/mnt/md1/user_wago/data/LJSpeech-1.1/wavs/LJ002-0068.wav,9.9336875,4.4573565
/mnt/md1/user_wago/data/LJSpeech-1.1/wavs/LJ035-0085.wav,4.6046875,4.509989
/mnt/md1/user_wago/data/LJSpeech-1.1/wavs/LJ011-0012.wav,4.08225,4.6844125
/mnt/md1/user_wago/data/LJSpeech-1.1/wavs/LJ023-0135.wav,9.1325625,4.4016085
/mnt/md1/user_wago/data/LJSpeech-1.1/wavs/LJ002-0255.wav,8.3083125,4.2878923
/mnt/md1/user_wago/data/LJSpeech-1.1/wavs/LJ009-0304.wav,9.980125,4.5349436
/mnt/md1/user_wago/data/LJSpeech-1.1/wavs/LJ008-0187.wav,8.9700625,4.2830205
/mnt/md1/user_wago/data/LJSpeech-1.1/wavs/LJ013-0142.wav,5.638,4.5327964
/mnt/md1/user_wago/data/LJSpeech-1.1/wavs/LJ047-0162.wav,8.912,4.500715
/mnt/md1/user_wago/data/LJSpeech-1.1/wavs/LJ029-0119.wav,8.5985625,4.6129446
/mnt/md1/user_wago/data/LJSpeech-1.1/wavs/LJ016-0194.wav,6.8570625,4.6114807
/mnt/md1/user_wago/data/LJSpeech-1.1/wavs/LJ008-0263.wav,9.956875,4.377596
/mnt/md1/user_wago/data/LJSpeech-1.1/wavs/LJ040-0151.wav,4.4421875,4.4044065
/mnt/md1/user_wago/data/LJSpeech-1.1/wavs/LJ032-0239.wav,2.352375,4.567048
/mnt/md1/user_wago/data/LJSpeech-1.1/wavs/LJ013-0183.wav,4.2099375,4.6427283
/mnt/md1/user_wago/data/LJSpeech-1.1/wavs/LJ019-0348.wav,8.645,4.5584183
/mnt/md1/user_wago/data/LJSpeech-1.1/wavs/LJ028-0069.wav,5.254875,4.6113935
/mnt/md1/user_wago/data/LJSpeech-1.1/wavs/LJ032-0131.wav,9.4460625,4.6675797
/mnt/md1/user_wago/data/LJSpeech-1.1/wavs/LJ044-0048.wav,5.150375,4.5439525
/mnt/md1/user_wago/data/LJSpeech-1.1/wavs/LJ046-0214.wav,8.795875,4.409407
/mnt/md1/user_wago/data/LJSpeech-1.1/wavs/LJ025-0073.wav,7.08925,4.698517
/mnt/md1/user_wago/data/LJSpeech-1.1/wavs/LJ042-0158.wav,4.256375,4.4990396
/mnt/md1/user_wago/data/LJSpeech-1.1/wavs/LJ042-0057.wav,8.552125,4.487842
/mnt/md1/user_wago/data/LJSpeech-1.1/wavs/LJ028-0449.wav,5.162,4.6652217
/mnt/md1/user_wago/data/LJSpeech-1.1/wavs/LJ040-0157.wav,9.388,4.3554726
/mnt/md1/user_wago/data/LJSpeech-1.1/wavs/LJ028-0326.wav,9.3648125,4.211281
/mnt/md1/user_wago/data/LJSpeech-1.1/wavs/LJ040-0229.wav,4.477,4.4133644
/mnt/md1/user_wago/data/LJSpeech-1.1/wavs/LJ004-0046.wav,8.7494375,4.6266837
/mnt/md1/user_wago/data/LJSpeech-1.1/wavs/LJ009-0265.wav,2.6890625,4.264646
/mnt/md1/user_wago/data/LJSpeech-1.1/wavs/LJ019-0023.wav,9.480875,4.5312347
/mnt/md1/user_wago/data/LJSpeech-1.1/wavs/LJ002-0017.wav,7.66975,4.647704
/mnt/md1/user_wago/data/LJSpeech-1.1/wavs/LJ013-0268.wav,7.1473125,4.7628603
/mnt/md1/user_wago/data/LJSpeech-1.1/wavs/LJ050-0015.wav,8.9468125,4.627062
/mnt/md1/user_wago/data/LJSpeech-1.1/wavs/LJ031-0102.wav,4.8020625,4.622773
/mnt/md1/user_wago/data/LJSpeech-1.1/wavs/LJ028-0096.wav,8.4708125,4.6501646
/mnt/md1/user_wago/data/LJSpeech-1.1/wavs/LJ040-0010.wav,8.645,4.4730687
/mnt/md1/user_wago/data/LJSpeech-1.1/wavs/LJ002-0320.wav,6.5319375,4.607544
/mnt/md1/user_wago/data/LJSpeech-1.1/wavs/LJ049-0153.wav,7.9019375,4.6604095
/mnt/md1/user_wago/data/LJSpeech-1.1/wavs/LJ027-0012.wav,2.3755625,4.561808
/mnt/md1/user_wago/data/LJSpeech-1.1/wavs/LJ008-0309.wav,6.2185,4.4996166
/mnt/md1/user_wago/data/LJSpeech-1.1/wavs/LJ023-0101.wav,6.868625,4.4387965
/mnt/md1/user_wago/data/LJSpeech-1.1/wavs/LJ043-0099.wav,6.799,4.6236105
/mnt/md1/user_wago/data/LJSpeech-1.1/wavs/LJ030-0172.wav,4.3260625,4.6313753
/mnt/md1/user_wago/data/LJSpeech-1.1/wavs/LJ019-0079.wav,4.5234375,4.6565065
/mnt/md1/user_wago/data/LJSpeech-1.1/wavs/LJ004-0220.wav,8.7610625,4.355919
/mnt/md1/user_wago/data/LJSpeech-1.1/wavs/LJ021-0135.wav,3.4436875,4.7090597
/mnt/md1/user_wago/data/LJSpeech-1.1/wavs/LJ027-0120.wav,4.0474375,4.6064644
/mnt/md1/user_wago/data/LJSpeech-1.1/wavs/LJ031-0111.wav,9.6434375,4.626875
/mnt/md1/user_wago/data/LJSpeech-1.1/wavs/LJ022-0025.wav,6.8570625,4.6024613
/mnt/md1/user_wago/data/LJSpeech-1.1/wavs/LJ025-0055.wav,7.4026875,4.7423797
/mnt/md1/user_wago/data/LJSpeech-1.1/wavs/LJ029-0089.wav,7.77425,4.6870866
/mnt/md1/user_wago/data/LJSpeech-1.1/wavs/LJ028-0053.wav,7.9948125,4.5665846
/mnt/md1/user_wago/data/LJSpeech-1.1/wavs/LJ048-0234.wav,9.3531875,4.6110144
/mnt/md1/user_wago/data/LJSpeech-1.1/wavs/LJ034-0158.wav,10.073,4.5733404
/mnt/md1/user_wago/data/LJSpeech-1.1/wavs/LJ024-0032.wav,8.8771875,3.9180503
/mnt/md1/user_wago/data/LJSpeech-1.1/wavs/LJ042-0019.wav,7.867125,4.5816064
/mnt/md1/user_wago/data/LJSpeech-1.1/wavs/LJ032-0083.wav,9.4344375,4.68611
/mnt/md1/user_wago/data/LJSpeech-1.1/wavs/LJ032-0136.wav,4.2331875,4.733077
/mnt/md1/user_wago/data/LJSpeech-1.1/wavs/LJ031-0176.wav,4.3144375,4.7989492
/mnt/md1/user_wago/data/LJSpeech-1.1/wavs/LJ014-0268.wav,6.2185,4.521989
/mnt/md1/user_wago/data/LJSpeech-1.1/wavs/LJ028-0298.wav,5.45225,3.9108436
/mnt/md1/user_wago/data/LJSpeech-1.1/wavs/LJ013-0083.wav,9.6318125,4.6377044
/mnt/md1/user_wago/data/LJSpeech-1.1/wavs/LJ036-0114.wav,8.14575,4.6534886
/mnt/md1/user_wago/data/LJSpeech-1.1/wavs/LJ042-0233.wav,8.714625,4.491949
/mnt/md1/user_wago/data/LJSpeech-1.1/wavs/LJ002-0286.wav,5.3709375,4.581866
/mnt/md1/user_wago/data/LJSpeech-1.1/wavs/LJ014-0108.wav,5.429,4.692649
/mnt/md1/user_wago/data/LJSpeech-1.1/wavs/LJ017-0004.wav,9.0513125,4.7921896
/mnt/md1/user_wago/data/LJSpeech-1.1/wavs/LJ006-0272.wav,6.0675625,4.5636663
/mnt/md1/user_wago/data/LJSpeech-1.1/wavs/LJ039-0203.wav,8.227,4.1557975
/mnt/md1/user_wago/data/LJSpeech-1.1/wavs/LJ003-0033.wav,8.610125,4.567223
/mnt/md1/user_wago/data/LJSpeech-1.1/wavs/LJ012-0030.wav,9.88725,4.5243416
/mnt/md1/user_wago/data/LJSpeech-1.1/wavs/LJ035-0126.wav,7.0428125,4.430133
/mnt/md1/user_wago/data/LJSpeech-1.1/wavs/LJ012-0126.wav,5.6728125,4.6879835
/mnt/md1/user_wago/data/LJSpeech-1.1/wavs/LJ028-0156.wav,4.7904375,4.628337
/mnt/md1/user_wago/data/LJSpeech-1.1/wavs/LJ016-0155.wav,7.925125,4.363257
/mnt/md1/user_wago/data/LJSpeech-1.1/wavs/LJ018-0339.wav,4.1519375,4.6722293
/mnt/md1/user_wago/data/LJSpeech-1.1/wavs/LJ031-0232.wav,6.601625,4.659977
/mnt/md1/user_wago/data/LJSpeech-1.1/wavs/LJ038-0139.wav,6.6480625,4.6805544
/mnt/md1/user_wago/data/LJSpeech-1.1/wavs/LJ008-0147.wav,5.3825625,4.5315814
/mnt/md1/user_wago/data/LJSpeech-1.1/wavs/LJ003-0343.wav,5.3941875,4.7794743
/mnt/md1/user_wago/data/LJSpeech-1.1/wavs/LJ018-0370.wav,9.6318125,4.5443335
/mnt/md1/user_wago/data/LJSpeech-1.1/wavs/LJ002-0067.wav,7.762625,4.6200104
/mnt/md1/user_wago/data/LJSpeech-1.1/wavs/LJ004-0060.wav,6.3694375,4.5260687
/mnt/md1/user_wago/data/LJSpeech-1.1/wavs/LJ014-0184.wav,3.1766875,4.7522106
/mnt/md1/user_wago/data/LJSpeech-1.1/wavs/LJ028-0324.wav,9.1790625,4.34875
/mnt/md1/user_wago/data/LJSpeech-1.1/wavs/LJ047-0156.wav,10.084625,4.6090593
/mnt/md1/user_wago/data/LJSpeech-1.1/wavs/LJ008-0085.wav,5.4754375,4.3771057
/mnt/md1/user_wago/data/LJSpeech-1.1/wavs/LJ028-0310.wav,7.484,4.393896
/mnt/md1/user_wago/data/LJSpeech-1.1/wavs/LJ017-0057.wav,9.6434375,4.5874476
/mnt/md1/user_wago/data/LJSpeech-1.1/wavs/LJ044-0062.wav,6.9499375,4.528832
/mnt/md1/user_wago/data/LJSpeech-1.1/wavs/LJ044-0061.wav,5.5799375,4.6460743
/mnt/md1/user_wago/data/LJSpeech-1.1/wavs/LJ036-0089.wav,7.2169375,4.729785
/mnt/md1/user_wago/data/LJSpeech-1.1/wavs/LJ005-0077.wav,6.2185,4.4426436
/mnt/md1/user_wago/data/LJSpeech-1.1/wavs/LJ009-0014.wav,7.0311875,4.4727535
/mnt/md1/user_wago/data/LJSpeech-1.1/wavs/LJ032-0037.wav,3.780375,4.7205243
/mnt/md1/user_wago/data/LJSpeech-1.1/wavs/LJ016-0028.wav,8.8075,4.5353756
/mnt/md1/user_wago/data/LJSpeech-1.1/wavs/LJ039-0183.wav,10.073,4.413682
/mnt/md1/user_wago/data/LJSpeech-1.1/wavs/LJ048-0213.wav,7.542,4.4933114
/mnt/md1/user_wago/data/LJSpeech-1.1/wavs/LJ018-0132.wav,5.8701875,4.6151223
/mnt/md1/user_wago/data/LJSpeech-1.1/wavs/LJ023-0099.wav,7.35625,4.5171776
/mnt/md1/user_wago/data/LJSpeech-1.1/wavs/LJ006-0168.wav,3.0721875,4.6635237
/mnt/md1/user_wago/data/LJSpeech-1.1/wavs/LJ016-0321.wav,3.4553125,4.5778766
/mnt/md1/user_wago/data/LJSpeech-1.1/wavs/LJ025-0051.wav,3.1534375,4.672498
/mnt/md1/user_wago/data/LJSpeech-1.1/wavs/LJ009-0141.wav,6.125625,4.579725
/mnt/md1/user_wago/data/LJSpeech-1.1/wavs/LJ021-0178.wav,3.39725,3.4617267
/mnt/md1/user_wago/data/LJSpeech-1.1/wavs/LJ003-0112.wav,7.6465,4.361927
/mnt/md1/user_wago/data/LJSpeech-1.1/wavs/LJ004-0148.wav,6.323,4.57683
/mnt/md1/user_wago/data/LJSpeech-1.1/wavs/LJ008-0018.wav,6.2765625,4.5867386
/mnt/md1/user_wago/data/LJSpeech-1.1/wavs/LJ017-0178.wav,5.2780625,4.663689
/mnt/md1/user_wago/data/LJSpeech-1.1/wavs/LJ041-0069.wav,4.3260625,4.778402
/mnt/md1/user_wago/data/LJSpeech-1.1/wavs/LJ013-0226.wav,4.8136875,4.4074593
/mnt/md1/user_wago/data/LJSpeech-1.1/wavs/LJ004-0094.wav,6.4506875,4.3920555
/mnt/md1/user_wago/data/LJSpeech-1.1/wavs/LJ040-0013.wav,6.3694375,4.6371055
/mnt/md1/user_wago/data/LJSpeech-1.1/wavs/LJ016-0221.wav,8.6798125,4.5888786
/mnt/md1/user_wago/data/LJSpeech-1.1/wavs/LJ017-0039.wav,8.35475,4.6562653
/mnt/md1/user_wago/data/LJSpeech-1.1/wavs/LJ008-0114.wav,3.432125,4.525755
/mnt/md1/user_wago/data/LJSpeech-1.1/wavs/LJ008-0304.wav,6.6364375,4.2496643
/mnt/md1/user_wago/data/LJSpeech-1.1/wavs/LJ002-0059.wav,8.2850625,4.538364
/mnt/md1/user_wago/data/LJSpeech-1.1/wavs/LJ026-0042.wav,5.2084375,4.609621
/mnt/md1/user_wago/data/LJSpeech-1.1/wavs/LJ037-0176.wav,8.2850625,4.729281
/mnt/md1/user_wago/data/LJSpeech-1.1/wavs/LJ002-0243.wav,9.980125,4.4921756
/mnt/md1/user_wago/data/LJSpeech-1.1/wavs/LJ048-0131.wav,8.703,4.767467
/mnt/md1/user_wago/data/LJSpeech-1.1/wavs/LJ026-0057.wav,6.2185,4.609767
/mnt/md1/user_wago/data/LJSpeech-1.1/wavs/LJ010-0173.wav,7.739375,4.616545
/mnt/md1/user_wago/data/LJSpeech-1.1/wavs/LJ044-0111.wav,4.3725,4.5871916
/mnt/md1/user_wago/data/LJSpeech-1.1/wavs/LJ003-0300.wav,6.3345625,4.7179527
/mnt/md1/user_wago/data/LJSpeech-1.1/wavs/LJ024-0125.wav,8.215375,3.8790596
/mnt/md1/user_wago/data/LJSpeech-1.1/wavs/LJ039-0227.wav,5.0226875,4.5603657
/mnt/md1/user_wago/data/LJSpeech-1.1/wavs/LJ009-0137.wav,8.3779375,4.516786
/mnt/md1/user_wago/data/LJSpeech-1.1/wavs/LJ045-0099.wav,9.5505625,4.5591125
/mnt/md1/user_wago/data/LJSpeech-1.1/wavs/LJ050-0266.wav,4.279625,4.7543797
/mnt/md1/user_wago/data/LJSpeech-1.1/wavs/LJ010-0308.wav,7.5188125,4.6733837
/mnt/md1/user_wago/data/LJSpeech-1.1/wavs/LJ017-0254.wav,6.2185,4.8290415
/mnt/md1/user_wago/data/LJSpeech-1.1/wavs/LJ036-0061.wav,3.7571875,4.496879
/mnt/md1/user_wago/data/LJSpeech-1.1/wavs/LJ006-0111.wav,5.3245,4.577719
/mnt/md1/user_wago/data/LJSpeech-1.1/wavs/LJ035-0172.wav,7.3446875,4.3782344
/mnt/md1/user_wago/data/LJSpeech-1.1/wavs/LJ016-0304.wav,4.2448125,4.618985
/mnt/md1/user_wago/data/LJSpeech-1.1/wavs/LJ022-0031.wav,4.4073125,4.3527684
/mnt/md1/user_wago/data/LJSpeech-1.1/wavs/LJ045-0187.wav,5.3825625,4.5664167
/mnt/md1/user_wago/data/LJSpeech-1.1/wavs/LJ036-0007.wav,5.6844375,4.559472
/mnt/md1/user_wago/data/LJSpeech-1.1/wavs/LJ005-0147.wav,6.2649375,4.6957827
/mnt/md1/user_wago/data/LJSpeech-1.1/wavs/LJ008-0280.wav,8.528875,4.386723
/mnt/md1/user_wago/data/LJSpeech-1.1/wavs/LJ021-0108.wav,6.520375,4.442915
/mnt/md1/user_wago/data/LJSpeech-1.1/wavs/LJ022-0017.wav,2.7006875,4.6507154
/mnt/md1/user_wago/data/LJSpeech-1.1/wavs/LJ012-0190.wav,5.626375,4.277898
/mnt/md1/user_wago/data/LJSpeech-1.1/wavs/LJ002-0285.wav,8.62175,4.417315
/mnt/md1/user_wago/data/LJSpeech-1.1/wavs/LJ029-0164.wav,9.5505625,4.7251782
/mnt/md1/user_wago/data/LJSpeech-1.1/wavs/LJ024-0025.wav,8.04125,4.3297744
/mnt/md1/user_wago/data/LJSpeech-1.1/wavs/LJ034-0117.wav,3.408875,4.540475
/mnt/md1/user_wago/data/LJSpeech-1.1/wavs/LJ019-0224.wav,8.436,4.619215
/mnt/md1/user_wago/data/LJSpeech-1.1/wavs/LJ047-0249.wav,7.066,4.5799284
/mnt/md1/user_wago/data/LJSpeech-1.1/wavs/LJ001-0153.wav,6.4739375,4.5428195
/mnt/md1/user_wago/data/LJSpeech-1.1/wavs/LJ048-0175.wav,8.447625,4.618697
/mnt/md1/user_wago/data/LJSpeech-1.1/wavs/LJ014-0234.wav,7.08925,4.6543603
/mnt/md1/user_wago/data/LJSpeech-1.1/wavs/LJ002-0330.wav,6.50875,4.50314
/mnt/md1/user_wago/data/LJSpeech-1.1/wavs/LJ014-0124.wav,9.1790625,4.5703297
/mnt/md1/user_wago/data/LJSpeech-1.1/wavs/LJ012-0113.wav,7.5304375,4.6370673
/mnt/md1/user_wago/data/LJSpeech-1.1/wavs/LJ015-0130.wav,8.737875,4.401825
/mnt/md1/user_wago/data/LJSpeech-1.1/wavs/LJ012-0292.wav,5.8934375,4.670891
/mnt/md1/user_wago/data/LJSpeech-1.1/wavs/LJ010-0256.wav,4.8253125,4.807711
/mnt/md1/user_wago/data/LJSpeech-1.1/wavs/LJ023-0040.wav,4.836875,4.181591
/mnt/md1/user_wago/data/LJSpeech-1.1/wavs/LJ036-0006.wav,9.388,4.60911
/mnt/md1/user_wago/data/LJSpeech-1.1/wavs/LJ034-0194.wav,8.8655625,4.691704
/mnt/md1/user_wago/data/LJSpeech-1.1/wavs/LJ011-0257.wav,4.279625,4.655851
/mnt/md1/user_wago/data/LJSpeech-1.1/wavs/LJ036-0048.wav,7.3795,4.5781574
/mnt/md1/user_wago/data/LJSpeech-1.1/wavs/LJ014-0061.wav,5.55675,4.6174035
/mnt/md1/user_wago/data/LJSpeech-1.1/wavs/LJ005-0046.wav,9.806,4.4573064
/mnt/md1/user_wago/data/LJSpeech-1.1/wavs/LJ020-0086.wav,2.7586875,4.798687
/mnt/md1/user_wago/data/LJSpeech-1.1/wavs/LJ050-0220.wav,5.626375,4.769882
/mnt/md1/user_wago/data/LJSpeech-1.1/wavs/LJ014-0194.wav,1.957625,4.850996
/mnt/md1/user_wago/data/LJSpeech-1.1/wavs/LJ003-0326.wav,5.45225,4.628466
/mnt/md1/user_wago/data/LJSpeech-1.1/wavs/LJ019-0041.wav,8.8771875,4.6687126
/mnt/md1/user_wago/data/LJSpeech-1.1/wavs/LJ016-0423.wav,9.213875,4.2832456
/mnt/md1/user_wago/data/LJSpeech-1.1/wavs/LJ024-0056.wav,6.9383125,4.3394413
/mnt/md1/user_wago/data/LJSpeech-1.1/wavs/LJ022-0173.wav,7.2981875,4.636652
/mnt/md1/user_wago/data/LJSpeech-1.1/wavs/LJ018-0224.wav,7.948375,4.6002026
/mnt/md1/user_wago/data/LJSpeech-1.1/wavs/LJ037-0223.wav,8.714625,4.522092
/mnt/md1/user_wago/data/LJSpeech-1.1/wavs/LJ035-0051.wav,2.723875,4.5298414
/mnt/md1/user_wago/data/LJSpeech-1.1/wavs/LJ048-0240.wav,4.1055,4.6496534
/mnt/md1/user_wago/data/LJSpeech-1.1/wavs/LJ007-0198.wav,4.4189375,4.7084484
/mnt/md1/user_wago/data/LJSpeech-1.1/wavs/LJ048-0089.wav,4.2099375,4.675308
/mnt/md1/user_wago/data/LJSpeech-1.1/wavs/LJ014-0205.wav,6.2649375,4.357765
/mnt/md1/user_wago/data/LJSpeech-1.1/wavs/LJ015-0102.wav,3.02575,4.55203
/mnt/md1/user_wago/data/LJSpeech-1.1/wavs/LJ012-0286.wav,9.2719375,4.7098036
/mnt/md1/user_wago/data/LJSpeech-1.1/wavs/LJ037-0033.wav,9.086125,4.7853866
/mnt/md1/user_wago/data/LJSpeech-1.1/wavs/LJ015-0235.wav,9.5273125,4.5598407
/mnt/md1/user_wago/data/LJSpeech-1.1/wavs/LJ031-0126.wav,5.13875,4.7165947
/mnt/md1/user_wago/data/LJSpeech-1.1/wavs/LJ028-0220.wav,4.4189375,4.651617
/mnt/md1/user_wago/data/LJSpeech-1.1/wavs/LJ022-0161.wav,9.4344375,4.5145116
/mnt/md1/user_wago/data/LJSpeech-1.1/wavs/LJ037-0262.wav,8.238625,4.6956406
/mnt/md1/user_wago/data/LJSpeech-1.1/wavs/LJ013-0212.wav,4.0358125,4.575677
/mnt/md1/user_wago/data/LJSpeech-1.1/wavs/LJ014-0076.wav,7.100875,4.683458
/mnt/md1/user_wago/data/LJSpeech-1.1/wavs/LJ011-0210.wav,8.447625,4.5921726
/mnt/md1/user_wago/data/LJSpeech-1.1/wavs/LJ007-0147.wav,9.2370625,4.599896
/mnt/md1/user_wago/data/LJSpeech-1.1/wavs/LJ014-0053.wav,2.44525,4.729192
/mnt/md1/user_wago/data/LJSpeech-1.1/wavs/LJ014-0210.wav,6.9266875,4.6424084
/mnt/md1/user_wago/data/LJSpeech-1.1/wavs/LJ016-0411.wav,6.706125,4.46472
/mnt/md1/user_wago/data/LJSpeech-1.1/wavs/LJ004-0200.wav,8.8075,4.194335
/mnt/md1/user_wago/data/LJSpeech-1.1/wavs/LJ001-0081.wav,4.546625,4.34726
/mnt/md1/user_wago/data/LJSpeech-1.1/wavs/LJ049-0132.wav,5.2665,4.634307
/mnt/md1/user_wago/data/LJSpeech-1.1/wavs/LJ014-0275.wav,7.739375,4.585204
/mnt/md1/user_wago/data/LJSpeech-1.1/wavs/LJ015-0293.wav,1.853125,4.589171
/mnt/md1/user_wago/data/LJSpeech-1.1/wavs/LJ019-0107.wav,7.6465,4.5586724
/mnt/md1/user_wago/data/LJSpeech-1.1/wavs/LJ007-0125.wav,9.213875,4.581602
/mnt/md1/user_wago/data/LJSpeech-1.1/wavs/LJ003-0036.wav,6.520375,4.5422735
/mnt/md1/user_wago/data/LJSpeech-1.1/wavs/LJ050-0225.wav,4.29125,4.599089
/mnt/md1/user_wago/data/LJSpeech-1.1/wavs/LJ002-0272.wav,4.4305625,4.489875
/mnt/md1/user_wago/data/LJSpeech-1.1/wavs/LJ050-0103.wav,7.6233125,4.65317
/mnt/md1/user_wago/data/LJSpeech-1.1/wavs/LJ023-0033.wav,9.898875,4.539477
/mnt/md1/user_wago/data/LJSpeech-1.1/wavs/LJ020-0050.wav,4.39575,4.6206703
/mnt/md1/user_wago/data/LJSpeech-1.1/wavs/LJ014-0261.wav,6.2649375,4.53743
/mnt/md1/user_wago/data/LJSpeech-1.1/wavs/LJ028-0512.wav,6.415875,4.735736
/mnt/md1/user_wago/data/LJSpeech-1.1/wavs/LJ028-0269.wav,9.8408125,4.259359
/mnt/md1/user_wago/data/LJSpeech-1.1/wavs/LJ041-0082.wav,6.682875,4.5862694
/mnt/md1/user_wago/data/LJSpeech-1.1/wavs/LJ042-0251.wav,3.7688125,4.5021286
/mnt/md1/user_wago/data/LJSpeech-1.1/wavs/LJ017-0224.wav,4.198375,4.7472224
/mnt/md1/user_wago/data/LJSpeech-1.1/wavs/LJ039-0030.wav,3.8384375,4.6712933
/mnt/md1/user_wago/data/LJSpeech-1.1/wavs/LJ009-0259.wav,8.4708125,4.448829
/mnt/md1/user_wago/data/LJSpeech-1.1/wavs/LJ002-0284.wav,8.35475,4.4418364
/mnt/md1/user_wago/data/LJSpeech-1.1/wavs/LJ016-0284.wav,4.3725,4.7464237
/mnt/md1/user_wago/data/LJSpeech-1.1/wavs/LJ046-0157.wav,6.19525,4.646382
/mnt/md1/user_wago/data/LJSpeech-1.1/wavs/LJ029-0144.wav,6.59,4.6617804
/mnt/md1/user_wago/data/LJSpeech-1.1/wavs/LJ022-0199.wav,4.8136875,4.671969
/mnt/md1/user_wago/data/LJSpeech-1.1/wavs/LJ038-0120.wav,9.4228125,4.6336684
/mnt/md1/user_wago/data/LJSpeech-1.1/wavs/LJ040-0217.wav,4.6046875,4.0172944
/mnt/md1/user_wago/data/LJSpeech-1.1/wavs/LJ028-0004.wav,5.03425,4.643081
/mnt/md1/user_wago/data/LJSpeech-1.1/wavs/LJ015-0129.wav,4.6395625,4.545366
/mnt/md1/user_wago/data/LJSpeech-1.1/wavs/LJ004-0189.wav,5.3709375,4.351863
/mnt/md1/user_wago/data/LJSpeech-1.1/wavs/LJ003-0226.wav,8.029625,4.671611
/mnt/md1/user_wago/data/LJSpeech-1.1/wavs/LJ028-0237.wav,6.6945,4.5361814
/mnt/md1/user_wago/data/LJSpeech-1.1/wavs/LJ007-0102.wav,10.0381875,4.4863424
/mnt/md1/user_wago/data/LJSpeech-1.1/wavs/LJ024-0090.wav,2.8980625,4.131393
/mnt/md1/user_wago/data/LJSpeech-1.1/wavs/LJ041-0115.wav,9.7246875,4.5767627
/mnt/md1/user_wago/data/LJSpeech-1.1/wavs/LJ001-0179.wav,2.7586875,4.6384616
/mnt/md1/user_wago/data/LJSpeech-1.1/wavs/LJ027-0112.wav,2.13175,4.3883314
/mnt/md1/user_wago/data/LJSpeech-1.1/wavs/LJ010-0249.wav,8.227,4.6357393
/mnt/md1/user_wago/data/LJSpeech-1.1/wavs/LJ004-0003.wav,7.391125,4.3834534
/mnt/md1/user_wago/data/LJSpeech-1.1/wavs/LJ005-0071.wav,5.6844375,4.6739597
/mnt/md1/user_wago/data/LJSpeech-1.1/wavs/LJ010-0121.wav,6.4739375,4.4936433
/mnt/md1/user_wago/data/LJSpeech-1.1/wavs/LJ009-0281.wav,5.0110625,4.525345
/mnt/md1/user_wago/data/LJSpeech-1.1/wavs/LJ032-0193.wav,6.8570625,4.703808
/mnt/md1/user_wago/data/LJSpeech-1.1/wavs/LJ001-0030.wav,6.9150625,4.521488
/mnt/md1/user_wago/data/LJSpeech-1.1/wavs/LJ002-0250.wav,2.7586875,3.9656959
/mnt/md1/user_wago/data/LJSpeech-1.1/wavs/LJ045-0081.wav,3.5481875,4.7050357
/mnt/md1/user_wago/data/LJSpeech-1.1/wavs/LJ010-0292.wav,6.392625,4.602558
/mnt/md1/user_wago/data/LJSpeech-1.1/wavs/LJ007-0200.wav,6.415875,4.47212
/mnt/md1/user_wago/data/LJSpeech-1.1/wavs/LJ026-0037.wav,4.175125,4.5436573
/mnt/md1/user_wago/data/LJSpeech-1.1/wavs/LJ027-0111.wav,2.6078125,4.5127883
/mnt/md1/user_wago/data/LJSpeech-1.1/wavs/LJ017-0021.wav,4.744,4.680981
/mnt/md1/user_wago/data/LJSpeech-1.1/wavs/LJ013-0225.wav,4.87175,4.666217
/mnt/md1/user_wago/data/LJSpeech-1.1/wavs/LJ040-0080.wav,2.5729375,4.362832
/mnt/md1/user_wago/data/LJSpeech-1.1/wavs/LJ014-0326.wav,8.238625,4.653434
/mnt/md1/user_wago/data/LJSpeech-1.1/wavs/LJ004-0119.wav,4.6163125,4.619134
/mnt/md1/user_wago/data/LJSpeech-1.1/wavs/LJ039-0043.wav,9.6434375,4.6060915
/mnt/md1/user_wago/data/LJSpeech-1.1/wavs/LJ049-0149.wav,9.004875,4.4377146
/mnt/md1/user_wago/data/LJSpeech-1.1/wavs/LJ003-0298.wav,8.645,4.5092793
/mnt/md1/user_wago/data/LJSpeech-1.1/wavs/LJ033-0142.wav,3.9545625,4.494171
/mnt/md1/user_wago/data/LJSpeech-1.1/wavs/LJ010-0025.wav,7.6116875,4.690939
/mnt/md1/user_wago/data/LJSpeech-1.1/wavs/LJ003-0341.wav,7.8206875,4.5916667
/mnt/md1/user_wago/data/LJSpeech-1.1/wavs/LJ044-0206.wav,9.585375,4.2978134
/mnt/md1/user_wago/data/LJSpeech-1.1/wavs/LJ047-0054.wav,5.4754375,4.5492992
/mnt/md1/user_wago/data/LJSpeech-1.1/wavs/LJ032-0094.wav,3.5714375,4.761299
/mnt/md1/user_wago/data/LJSpeech-1.1/wavs/LJ047-0154.wav,7.3795,4.613266
/mnt/md1/user_wago/data/LJSpeech-1.1/wavs/LJ014-0320.wav,9.2835,4.6462693
/mnt/md1/user_wago/data/LJSpeech-1.1/wavs/LJ034-0196.wav,7.19375,4.5870376
/mnt/md1/user_wago/data/LJSpeech-1.1/wavs/LJ042-0144.wav,3.780375,4.633173
/mnt/md1/user_wago/data/LJSpeech-1.1/wavs/LJ040-0129.wav,5.9746875,4.3960605
/mnt/md1/user_wago/data/LJSpeech-1.1/wavs/LJ029-0010.wav,1.272625,4.74946
/mnt/md1/user_wago/data/LJSpeech-1.1/wavs/LJ005-0201.wav,7.9948125,4.5894628
/mnt/md1/user_wago/data/LJSpeech-1.1/wavs/LJ021-0079.wav,5.8934375,4.3736916
/mnt/md1/user_wago/data/LJSpeech-1.1/wavs/LJ011-0154.wav,9.6550625,4.6214504
/mnt/md1/user_wago/data/LJSpeech-1.1/wavs/LJ046-0185.wav,5.8934375,4.5522485
/mnt/md1/user_wago/data/LJSpeech-1.1/wavs/LJ035-0112.wav,5.0226875,4.4086876
/mnt/md1/user_wago/data/LJSpeech-1.1/wavs/LJ038-0012.wav,7.9948125,4.6855597
/mnt/md1/user_wago/data/LJSpeech-1.1/wavs/LJ037-0129.wav,4.3725,4.60383
/mnt/md1/user_wago/data/LJSpeech-1.1/wavs/LJ028-0478.wav,6.2185,4.4350066
/mnt/md1/user_wago/data/LJSpeech-1.1/wavs/LJ012-0145.wav,8.9816875,4.6156797
/mnt/md1/user_wago/data/LJSpeech-1.1/wavs/LJ005-0008.wav,5.1851875,4.6884284
/mnt/md1/user_wago/data/LJSpeech-1.1/wavs/LJ001-0155.wav,4.256375,4.5821266
/mnt/md1/user_wago/data/LJSpeech-1.1/wavs/LJ010-0275.wav,3.81525,4.7390127
/mnt/md1/user_wago/data/LJSpeech-1.1/wavs/LJ003-0338.wav,9.30675,4.6171694
/mnt/md1/user_wago/data/LJSpeech-1.1/wavs/LJ003-0122.wav,5.254875,4.7300806
/mnt/md1/user_wago/data/LJSpeech-1.1/wavs/LJ042-0107.wav,5.0923125,4.508666
/mnt/md1/user_wago/data/LJSpeech-1.1/wavs/LJ048-0117.wav,4.778875,4.6927047
/mnt/md1/user_wago/data/LJSpeech-1.1/wavs/LJ015-0139.wav,8.1225,4.4358344
/mnt/md1/user_wago/data/LJSpeech-1.1/wavs/LJ048-0038.wav,1.5745,4.685316
/mnt/md1/user_wago/data/LJSpeech-1.1/wavs/LJ004-0059.wav,7.4259375,4.3375945
/mnt/md1/user_wago/data/LJSpeech-1.1/wavs/LJ049-0127.wav,7.925125,4.5728626
/mnt/md1/user_wago/data/LJSpeech-1.1/wavs/LJ014-0303.wav,8.0180625,4.658334
/mnt/md1/user_wago/data/LJSpeech-1.1/wavs/LJ016-0297.wav,6.9615,4.463097
/mnt/md1/user_wago/data/LJSpeech-1.1/wavs/LJ016-0171.wav,7.077625,4.6177897
/mnt/md1/user_wago/data/LJSpeech-1.1/wavs/LJ016-0050.wav,3.2579375,4.640239
/mnt/md1/user_wago/data/LJSpeech-1.1/wavs/LJ013-0263.wav,6.311375,4.636237
/mnt/md1/user_wago/data/LJSpeech-1.1/wavs/LJ005-0275.wav,6.102375,4.393726
/mnt/md1/user_wago/data/LJSpeech-1.1/wavs/LJ019-0077.wav,7.56525,4.4973392
/mnt/md1/user_wago/data/LJSpeech-1.1/wavs/LJ034-0085.wav,9.5273125,4.6012335
/mnt/md1/user_wago/data/LJSpeech-1.1/wavs/LJ019-0353.wav,7.9831875,4.582828
/mnt/md1/user_wago/data/LJSpeech-1.1/wavs/LJ019-0286.wav,5.638,4.6390514
/mnt/md1/user_wago/data/LJSpeech-1.1/wavs/LJ050-0245.wav,10.0381875,4.669197
/mnt/md1/user_wago/data/LJSpeech-1.1/wavs/LJ018-0168.wav,4.7091875,4.518917
/mnt/md1/user_wago/data/LJSpeech-1.1/wavs/LJ038-0036.wav,8.424375,4.555901
/mnt/md1/user_wago/data/LJSpeech-1.1/wavs/LJ021-0043.wav,9.771125,4.352266
/mnt/md1/user_wago/data/LJSpeech-1.1/wavs/LJ013-0039.wav,8.3895625,4.6872654
/mnt/md1/user_wago/data/LJSpeech-1.1/wavs/LJ003-0211.wav,7.7858125,4.637575
/mnt/md1/user_wago/data/LJSpeech-1.1/wavs/LJ015-0085.wav,5.24325,4.6212463
/mnt/md1/user_wago/data/LJSpeech-1.1/wavs/LJ027-0011.wav,8.0180625,4.425758
/mnt/md1/user_wago/data/LJSpeech-1.1/wavs/LJ019-0255.wav,9.1558125,4.7111535
/mnt/md1/user_wago/data/LJSpeech-1.1/wavs/LJ029-0129.wav,4.465375,4.8104653
/mnt/md1/user_wago/data/LJSpeech-1.1/wavs/LJ014-0010.wav,7.542,4.7715592
/mnt/md1/user_wago/data/LJSpeech-1.1/wavs/LJ001-0051.wav,4.860125,4.571866
/mnt/md1/user_wago/data/LJSpeech-1.1/wavs/LJ048-0228.wav,5.3941875,4.669637
/mnt/md1/user_wago/data/LJSpeech-1.1/wavs/LJ042-0076.wav,8.633375,4.529395
/mnt/md1/user_wago/data/LJSpeech-1.1/wavs/LJ048-0222.wav,8.436,4.6600513
/mnt/md1/user_wago/data/LJSpeech-1.1/wavs/LJ005-0144.wav,5.8585625,4.58029
/mnt/md1/user_wago/data/LJSpeech-1.1/wavs/LJ021-0081.wav,9.0165,4.4479737
/mnt/md1/user_wago/data/LJSpeech-1.1/wavs/LJ043-0170.wav,10.09625,4.560169
/mnt/md1/user_wago/data/LJSpeech-1.1/wavs/LJ045-0070.wav,8.227,4.545585
/mnt/md1/user_wago/data/LJSpeech-1.1/wavs/LJ020-0099.wav,9.190625,4.5022116
/mnt/md1/user_wago/data/LJSpeech-1.1/wavs/LJ044-0231.wav,8.6565625,4.679823
/mnt/md1/user_wago/data/LJSpeech-1.1/wavs/LJ037-0139.wav,9.9336875,4.762356
/mnt/md1/user_wago/data/LJSpeech-1.1/wavs/LJ019-0257.wav,6.8338125,4.621366
/mnt/md1/user_wago/data/LJSpeech-1.1/wavs/LJ035-0055.wav,7.3330625,4.520271
/mnt/md1/user_wago/data/LJSpeech-1.1/wavs/LJ001-0107.wav,3.675875,4.6694865
/mnt/md1/user_wago/data/LJSpeech-1.1/wavs/LJ002-0217.wav,7.5071875,4.6687784
/mnt/md1/user_wago/data/LJSpeech-1.1/wavs/LJ016-0260.wav,7.3330625,4.767683
/mnt/md1/user_wago/data/LJSpeech-1.1/wavs/LJ034-0207.wav,9.2719375,4.7143373
/mnt/md1/user_wago/data/LJSpeech-1.1/wavs/LJ016-0271.wav,9.4925,4.2861485
/mnt/md1/user_wago/data/LJSpeech-1.1/wavs/LJ043-0154.wav,8.1689375,4.4484715
/mnt/md1/user_wago/data/LJSpeech-1.1/wavs/LJ018-0253.wav,8.912,4.6266413
/mnt/md1/user_wago/data/LJSpeech-1.1/wavs/LJ019-0019.wav,8.83075,4.573914
/mnt/md1/user_wago/data/LJSpeech-1.1/wavs/LJ021-0145.wav,4.7091875,4.5773745
/mnt/md1/user_wago/data/LJSpeech-1.1/wavs/LJ043-0026.wav,9.4925,4.6946135
/mnt/md1/user_wago/data/LJSpeech-1.1/wavs/LJ008-0193.wav,7.1705,4.5291324
/mnt/md1/user_wago/data/LJSpeech-1.1/wavs/LJ028-0126.wav,5.6031875,4.659619
/mnt/md1/user_wago/data/LJSpeech-1.1/wavs/LJ013-0116.wav,8.633375,4.6337676
/mnt/md1/user_wago/data/LJSpeech-1.1/wavs/LJ032-0265.wav,6.9615,4.6353955
/mnt/md1/user_wago/data/LJSpeech-1.1/wavs/LJ026-0024.wav,8.3315,4.561075
/mnt/md1/user_wago/data/LJSpeech-1.1/wavs/LJ040-0030.wav,5.3941875,4.5448833
/mnt/md1/user_wago/data/LJSpeech-1.1/wavs/LJ048-0275.wav,6.8454375,4.5916276
/mnt/md1/user_wago/data/LJSpeech-1.1/wavs/LJ046-0013.wav,8.052875,4.730521
/mnt/md1/user_wago/data/LJSpeech-1.1/wavs/LJ008-0130.wav,10.0265625,4.392313
/mnt/md1/user_wago/data/LJSpeech-1.1/wavs/LJ007-0161.wav,9.57375,4.556259
/mnt/md1/user_wago/data/LJSpeech-1.1/wavs/LJ036-0181.wav,6.415875,4.6296964
/mnt/md1/user_wago/data/LJSpeech-1.1/wavs/LJ019-0128.wav,6.891875,4.6892447
/mnt/md1/user_wago/data/LJSpeech-1.1/wavs/LJ018-0061.wav,3.6410625,4.7972546
/mnt/md1/user_wago/data/LJSpeech-1.1/wavs/LJ006-0279.wav,9.295125,4.405585
/mnt/md1/user_wago/data/LJSpeech-1.1/wavs/LJ046-0154.wav,8.0760625,4.6015816
/mnt/md1/user_wago/data/LJSpeech-1.1/wavs/LJ016-0203.wav,7.7278125,4.567137
/mnt/md1/user_wago/data/LJSpeech-1.1/wavs/LJ019-0061.wav,5.0923125,4.6582637
/mnt/md1/user_wago/data/LJSpeech-1.1/wavs/LJ004-0013.wav,9.8291875,4.4963202
/mnt/md1/user_wago/data/LJSpeech-1.1/wavs/LJ025-0133.wav,5.2665,4.7703543
/mnt/md1/user_wago/data/LJSpeech-1.1/wavs/LJ014-0263.wav,6.5551875,4.672675
/mnt/md1/user_wago/data/LJSpeech-1.1/wavs/LJ030-0075.wav,2.8631875,4.637142
/mnt/md1/user_wago/data/LJSpeech-1.1/wavs/LJ038-0193.wav,5.7773125,4.711268
/mnt/md1/user_wago/data/LJSpeech-1.1/wavs/LJ011-0192.wav,3.81525,4.626905
/mnt/md1/user_wago/data/LJSpeech-1.1/wavs/LJ044-0140.wav,9.6318125,4.56233
/mnt/md1/user_wago/data/LJSpeech-1.1/wavs/LJ032-0254.wav,9.2370625,4.5902624
/mnt/md1/user_wago/data/LJSpeech-1.1/wavs/LJ018-0151.wav,5.8934375,4.6069064
/mnt/md1/user_wago/data/LJSpeech-1.1/wavs/LJ038-0186.wav,6.5551875,4.745316
/mnt/md1/user_wago/data/LJSpeech-1.1/wavs/LJ049-0155.wav,8.157375,4.582028
/mnt/md1/user_wago/data/LJSpeech-1.1/wavs/LJ019-0153.wav,7.6233125,4.39166
/mnt/md1/user_wago/data/LJSpeech-1.1/wavs/LJ044-0007.wav,8.6681875,4.490279
/mnt/md1/user_wago/data/LJSpeech-1.1/wavs/LJ042-0220.wav,3.803625,4.4945164
/mnt/md1/user_wago/data/LJSpeech-1.1/wavs/LJ006-0270.wav,6.7525625,4.572575
/mnt/md1/user_wago/data/LJSpeech-1.1/wavs/LJ012-0028.wav,9.2603125,4.6317945
/mnt/md1/user_wago/data/LJSpeech-1.1/wavs/LJ039-0026.wav,9.2719375,4.5930276
/mnt/md1/user_wago/data/LJSpeech-1.1/wavs/LJ020-0026.wav,9.57375,4.5994864
/mnt/md1/user_wago/data/LJSpeech-1.1/wavs/LJ040-0190.wav,4.8833125,4.5134335
/mnt/md1/user_wago/data/LJSpeech-1.1/wavs/LJ018-0030.wav,10.084625,4.507304
/mnt/md1/user_wago/data/LJSpeech-1.1/wavs/LJ018-0135.wav,7.66975,4.6833935
/mnt/md1/user_wago/data/LJSpeech-1.1/wavs/LJ031-0186.wav,5.7425,4.744761
/mnt/md1/user_wago/data/LJSpeech-1.1/wavs/LJ024-0099.wav,6.6480625,4.325893
/mnt/md1/user_wago/data/LJSpeech-1.1/wavs/LJ004-0164.wav,7.96,4.4304957
/mnt/md1/user_wago/data/LJSpeech-1.1/wavs/LJ039-0036.wav,2.9793125,4.7551594
/mnt/md1/user_wago/data/LJSpeech-1.1/wavs/LJ012-0262.wav,6.799,4.6101623
/mnt/md1/user_wago/data/LJSpeech-1.1/wavs/LJ010-0285.wav,5.2780625,4.5403056
/mnt/md1/user_wago/data/LJSpeech-1.1/wavs/LJ028-0253.wav,9.7246875,4.459069
/mnt/md1/user_wago/data/LJSpeech-1.1/wavs/LJ025-0082.wav,6.1836875,4.6721144
/mnt/md1/user_wago/data/LJSpeech-1.1/wavs/LJ018-0268.wav,5.6844375,4.660165
/mnt/md1/user_wago/data/LJSpeech-1.1/wavs/LJ009-0180.wav,9.30675,4.4852247
/mnt/md1/user_wago/data/LJSpeech-1.1/wavs/LJ033-0020.wav,8.552125,4.704997
/mnt/md1/user_wago/data/LJSpeech-1.1/wavs/LJ018-0045.wav,8.4591875,4.5612426
/mnt/md1/user_wago/data/LJSpeech-1.1/wavs/LJ037-0068.wav,2.07375,4.937311
/mnt/md1/user_wago/data/LJSpeech-1.1/wavs/LJ041-0140.wav,6.59,4.5751395
/mnt/md1/user_wago/data/LJSpeech-1.1/wavs/LJ016-0206.wav,7.4955625,4.652311
/mnt/md1/user_wago/data/LJSpeech-1.1/wavs/LJ031-0016.wav,9.086125,4.5332737
/mnt/md1/user_wago/data/LJSpeech-1.1/wavs/LJ014-0016.wav,10.0498125,4.5687127
/mnt/md1/user_wago/data/LJSpeech-1.1/wavs/LJ043-0058.wav,9.3648125,4.4958706
/mnt/md1/user_wago/data/LJSpeech-1.1/wavs/LJ045-0040.wav,6.868625,4.659669
/mnt/md1/user_wago/data/LJSpeech-1.1/wavs/LJ040-0045.wav,6.0559375,4.4174266
/mnt/md1/user_wago/data/LJSpeech-1.1/wavs/LJ012-0177.wav,4.651125,4.722085
/mnt/md1/user_wago/data/LJSpeech-1.1/wavs/LJ017-0219.wav,7.1240625,4.745701
/mnt/md1/user_wago/data/LJSpeech-1.1/wavs/LJ022-0163.wav,8.052875,4.573518
/mnt/md1/user_wago/data/LJSpeech-1.1/wavs/LJ009-0269.wav,4.744,4.485194
/mnt/md1/user_wago/data/LJSpeech-1.1/wavs/LJ050-0036.wav,6.601625,4.541866
/mnt/md1/user_wago/data/LJSpeech-1.1/wavs/LJ039-0123.wav,6.7641875,4.5730696
/mnt/md1/user_wago/data/LJSpeech-1.1/wavs/LJ004-0023.wav,6.682875,4.683006
/mnt/md1/user_wago/data/LJSpeech-1.1/wavs/LJ039-0142.wav,7.0428125,4.606578
/mnt/md1/user_wago/data/LJSpeech-1.1/wavs/LJ039-0056.wav,4.546625,4.579026
/mnt/md1/user_wago/data/LJSpeech-1.1/wavs/LJ031-0202.wav,6.6364375,4.722945
/mnt/md1/user_wago/data/LJSpeech-1.1/wavs/LJ039-0207.wav,4.66275,4.5570426
/mnt/md1/user_wago/data/LJSpeech-1.1/wavs/LJ043-0123.wav,9.480875,4.684262
/mnt/md1/user_wago/data/LJSpeech-1.1/wavs/LJ008-0149.wav,9.0513125,4.4094467
/mnt/md1/user_wago/data/LJSpeech-1.1/wavs/LJ008-0269.wav,8.1109375,4.423607
/mnt/md1/user_wago/data/LJSpeech-1.1/wavs/LJ047-0099.wav,5.55675,4.6870546
/mnt/md1/user_wago/data/LJSpeech-1.1/wavs/LJ042-0124.wav,6.1604375,4.542405
/mnt/md1/user_wago/data/LJSpeech-1.1/wavs/LJ016-0069.wav,3.780375,4.482415
/mnt/md1/user_wago/data/LJSpeech-1.1/wavs/LJ039-0137.wav,7.3446875,4.52145
/mnt/md1/user_wago/data/LJSpeech-1.1/wavs/LJ018-0021.wav,5.6728125,4.6518307
/mnt/md1/user_wago/data/LJSpeech-1.1/wavs/LJ025-0019.wav,6.40425,4.67624
/mnt/md1/user_wago/data/LJSpeech-1.1/wavs/LJ031-0211.wav,5.1968125,4.8017387
/mnt/md1/user_wago/data/LJSpeech-1.1/wavs/LJ048-0256.wav,9.2719375,4.4994745
/mnt/md1/user_wago/data/LJSpeech-1.1/wavs/LJ010-0001.wav,8.0180625,4.6893077
/mnt/md1/user_wago/data/LJSpeech-1.1/wavs/LJ021-0074.wav,5.3825625,4.659198
/mnt/md1/user_wago/data/LJSpeech-1.1/wavs/LJ013-0052.wav,4.5930625,4.5427704
/mnt/md1/user_wago/data/LJSpeech-1.1/wavs/LJ028-0050.wav,5.2780625,4.7347727
/mnt/md1/user_wago/data/LJSpeech-1.1/wavs/LJ022-0149.wav,7.4375625,4.602921
/mnt/md1/user_wago/data/LJSpeech-1.1/wavs/LJ048-0031.wav,7.93675,4.606682
/mnt/md1/user_wago/data/LJSpeech-1.1/wavs/LJ004-0165.wav,5.9514375,4.503449
/mnt/md1/user_wago/data/LJSpeech-1.1/wavs/LJ036-0183.wav,6.50875,4.6114507
/mnt/md1/user_wago/data/LJSpeech-1.1/wavs/LJ010-0271.wav,6.6480625,4.5753093
/mnt/md1/user_wago/data/LJSpeech-1.1/wavs/LJ016-0443.wav,6.6364375,4.6716595
/mnt/md1/user_wago/data/LJSpeech-1.1/wavs/LJ015-0077.wav,4.3493125,4.764004
/mnt/md1/user_wago/data/LJSpeech-1.1/wavs/LJ032-0075.wav,3.9313125,4.7641177
/mnt/md1/user_wago/data/LJSpeech-1.1/wavs/LJ013-0072.wav,2.71225,4.337048
/mnt/md1/user_wago/data/LJSpeech-1.1/wavs/LJ018-0074.wav,8.842375,4.719612
/mnt/md1/user_wago/data/LJSpeech-1.1/wavs/LJ008-0126.wav,9.0745625,4.598629
/mnt/md1/user_wago/data/LJSpeech-1.1/wavs/LJ018-0306.wav,10.09625,4.7325654
/mnt/md1/user_wago/data/LJSpeech-1.1/wavs/LJ001-0082.wav,6.9035,4.5003595
/mnt/md1/user_wago/data/LJSpeech-1.1/wavs/LJ013-0153.wav,8.3315,4.697709
/mnt/md1/user_wago/data/LJSpeech-1.1/wavs/LJ006-0263.wav,5.5683125,4.6082616
/mnt/md1/user_wago/data/LJSpeech-1.1/wavs/LJ009-0060.wav,4.9298125,4.557385
/mnt/md1/user_wago/data/LJSpeech-1.1/wavs/LJ018-0043.wav,5.2084375,4.747199
/mnt/md1/user_wago/data/LJSpeech-1.1/wavs/LJ005-0211.wav,8.912,4.159648
/mnt/md1/user_wago/data/LJSpeech-1.1/wavs/LJ032-0036.wav,9.6318125,4.5136724
/mnt/md1/user_wago/data/LJSpeech-1.1/wavs/LJ028-0061.wav,8.436,4.50353
/mnt/md1/user_wago/data/LJSpeech-1.1/wavs/LJ028-0188.wav,5.92825,4.477854
/mnt/md1/user_wago/data/LJSpeech-1.1/wavs/LJ015-0206.wav,8.0760625,4.5550156
/mnt/md1/user_wago/data/LJSpeech-1.1/wavs/LJ033-0085.wav,7.5071875,4.5969195
/mnt/md1/user_wago/data/LJSpeech-1.1/wavs/LJ032-0264.wav,3.966125,4.5813394
/mnt/md1/user_wago/data/LJSpeech-1.1/wavs/LJ036-0123.wav,5.2084375,4.4838934
/mnt/md1/user_wago/data/LJSpeech-1.1/wavs/LJ013-0101.wav,3.408875,4.6035223
/mnt/md1/user_wago/data/LJSpeech-1.1/wavs/LJ033-0044.wav,9.608625,4.64148
/mnt/md1/user_wago/data/LJSpeech-1.1/wavs/LJ012-0020.wav,5.9746875,4.512831
/mnt/md1/user_wago/data/LJSpeech-1.1/wavs/LJ010-0170.wav,6.67125,4.5066905
/mnt/md1/user_wago/data/LJSpeech-1.1/wavs/LJ006-0013.wav,9.0513125,4.6339474
/mnt/md1/user_wago/data/LJSpeech-1.1/wavs/LJ014-0012.wav,8.157375,4.794335
/mnt/md1/user_wago/data/LJSpeech-1.1/wavs/LJ039-0025.wav,1.4119375,4.5896096
/mnt/md1/user_wago/data/LJSpeech-1.1/wavs/LJ046-0176.wav,8.0180625,4.64746
/mnt/md1/user_wago/data/LJSpeech-1.1/wavs/LJ034-0191.wav,9.121,4.3490343
/mnt/md1/user_wago/data/LJSpeech-1.1/wavs/LJ049-0016.wav,1.49325,4.647482
/mnt/md1/user_wago/data/LJSpeech-1.1/wavs/LJ027-0071.wav,6.03275,4.564276
/mnt/md1/user_wago/data/LJSpeech-1.1/wavs/LJ040-0173.wav,4.744,4.419213
/mnt/md1/user_wago/data/LJSpeech-1.1/wavs/LJ014-0122.wav,5.7425,4.654466
/mnt/md1/user_wago/data/LJSpeech-1.1/wavs/LJ017-0158.wav,6.88025,4.818988
/mnt/md1/user_wago/data/LJSpeech-1.1/wavs/LJ033-0023.wav,6.29975,4.71017
/mnt/md1/user_wago/data/LJSpeech-1.1/wavs/LJ039-0140.wav,3.3391875,4.493333
/mnt/md1/user_wago/data/LJSpeech-1.1/wavs/LJ025-0100.wav,3.3391875,4.7536774
/mnt/md1/user_wago/data/LJSpeech-1.1/wavs/LJ018-0305.wav,7.6233125,4.6931863
/mnt/md1/user_wago/data/LJSpeech-1.1/wavs/LJ017-0084.wav,9.88725,4.6161275
/mnt/md1/user_wago/data/LJSpeech-1.1/wavs/LJ036-0032.wav,6.9499375,4.645206
/mnt/md1/user_wago/data/LJSpeech-1.1/wavs/LJ033-0196.wav,6.3345625,4.7308154
/mnt/md1/user_wago/data/LJSpeech-1.1/wavs/LJ046-0226.wav,6.868625,4.50846
/mnt/md1/user_wago/data/LJSpeech-1.1/wavs/LJ037-0177.wav,4.755625,4.6612167
/mnt/md1/user_wago/data/LJSpeech-1.1/wavs/LJ028-0385.wav,5.730875,4.352916
/mnt/md1/user_wago/data/LJSpeech-1.1/wavs/LJ010-0290.wav,6.415875,4.563081
/mnt/md1/user_wago/data/LJSpeech-1.1/wavs/LJ042-0078.wav,8.552125,4.6141467
/mnt/md1/user_wago/data/LJSpeech-1.1/wavs/LJ018-0396.wav,9.028125,4.5760927
/mnt/md1/user_wago/data/LJSpeech-1.1/wavs/LJ019-0342.wav,4.66275,4.51137
/mnt/md1/user_wago/data/LJSpeech-1.1/wavs/LJ046-0164.wav,8.1109375,4.480921
/mnt/md1/user_wago/data/LJSpeech-1.1/wavs/LJ016-0105.wav,9.9336875,4.5979934
/mnt/md1/user_wago/data/LJSpeech-1.1/wavs/LJ047-0101.wav,1.96925,4.4139585
/mnt/md1/user_wago/data/LJSpeech-1.1/wavs/LJ024-0084.wav,6.8338125,4.1712813
/mnt/md1/user_wago/data/LJSpeech-1.1/wavs/LJ046-0108.wav,5.0226875,4.62992
/mnt/md1/user_wago/data/LJSpeech-1.1/wavs/LJ016-0364.wav,9.7595625,4.6056204
/mnt/md1/user_wago/data/LJSpeech-1.1/wavs/LJ044-0224.wav,3.223125,4.534356
/mnt/md1/user_wago/data/LJSpeech-1.1/wavs/LJ048-0068.wav,4.7208125,4.661482
/mnt/md1/user_wago/data/LJSpeech-1.1/wavs/LJ048-0168.wav,8.7494375,4.722587
/mnt/md1/user_wago/data/LJSpeech-1.1/wavs/LJ019-0157.wav,5.6844375,4.536221
/mnt/md1/user_wago/data/LJSpeech-1.1/wavs/LJ044-0189.wav,8.319875,4.532
/mnt/md1/user_wago/data/LJSpeech-1.1/wavs/LJ021-0072.wav,9.086125,4.409594
/mnt/md1/user_wago/data/LJSpeech-1.1/wavs/LJ040-0238.wav,7.286625,4.2960925
/mnt/md1/user_wago/data/LJSpeech-1.1/wavs/LJ016-0440.wav,6.601625,4.7069535
/mnt/md1/user_wago/data/LJSpeech-1.1/wavs/LJ047-0191.wav,9.0745625,4.4817104
/mnt/md1/user_wago/data/LJSpeech-1.1/wavs/LJ017-0278.wav,1.562875,4.6788325
/mnt/md1/user_wago/data/LJSpeech-1.1/wavs/LJ048-0037.wav,9.2719375,4.6289997
/mnt/md1/user_wago/data/LJSpeech-1.1/wavs/LJ014-0176.wav,5.7540625,4.6283584
/mnt/md1/user_wago/data/LJSpeech-1.1/wavs/LJ021-0114.wav,7.553625,4.569419
/mnt/md1/user_wago/data/LJSpeech-1.1/wavs/LJ014-0040.wav,5.6960625,4.587484
/mnt/md1/user_wago/data/LJSpeech-1.1/wavs/LJ029-0105.wav,8.8539375,4.567483
/mnt/md1/user_wago/data/LJSpeech-1.1/wavs/LJ038-0062.wav,7.367875,4.691203
/mnt/md1/user_wago/data/LJSpeech-1.1/wavs/LJ017-0189.wav,8.505625,4.7768393
/mnt/md1/user_wago/data/LJSpeech-1.1/wavs/LJ012-0012.wav,7.7974375,4.607907
/mnt/md1/user_wago/data/LJSpeech-1.1/wavs/LJ022-0058.wav,8.4591875,4.6709814
/mnt/md1/user_wago/data/LJSpeech-1.1/wavs/LJ003-0340.wav,6.2185,4.6880546
/mnt/md1/user_wago/data/LJSpeech-1.1/wavs/LJ030-0060.wav,7.843875,4.718797
/mnt/md1/user_wago/data/LJSpeech-1.1/wavs/LJ012-0087.wav,5.8005,4.5736074
/mnt/md1/user_wago/data/LJSpeech-1.1/wavs/LJ008-0096.wav,5.1039375,4.439865
/mnt/md1/user_wago/data/LJSpeech-1.1/wavs/LJ014-0063.wav,5.4638125,4.7963843
/mnt/md1/user_wago/data/LJSpeech-1.1/wavs/LJ034-0060.wav,9.399625,4.549155
/mnt/md1/user_wago/data/LJSpeech-1.1/wavs/LJ039-0037.wav,6.9266875,4.6201077
/mnt/md1/user_wago/data/LJSpeech-1.1/wavs/LJ048-0105.wav,8.505625,4.618432
/mnt/md1/user_wago/data/LJSpeech-1.1/wavs/LJ034-0120.wav,8.436,4.4329405
/mnt/md1/user_wago/data/LJSpeech-1.1/wavs/LJ018-0104.wav,8.4940625,4.68198
/mnt/md1/user_wago/data/LJSpeech-1.1/wavs/LJ015-0128.wav,5.71925,4.124712
/mnt/md1/user_wago/data/LJSpeech-1.1/wavs/LJ019-0289.wav,8.5869375,4.524626
/mnt/md1/user_wago/data/LJSpeech-1.1/wavs/LJ011-0043.wav,8.4824375,4.563126
/mnt/md1/user_wago/data/LJSpeech-1.1/wavs/LJ031-0090.wav,7.576875,4.62093
/mnt/md1/user_wago/data/LJSpeech-1.1/wavs/LJ028-0017.wav,8.227,4.6266794
/mnt/md1/user_wago/data/LJSpeech-1.1/wavs/LJ039-0205.wav,3.0025,4.5121427
/mnt/md1/user_wago/data/LJSpeech-1.1/wavs/LJ013-0117.wav,9.2835,4.510736
/mnt/md1/user_wago/data/LJSpeech-1.1/wavs/LJ046-0218.wav,9.1674375,4.5157237
/mnt/md1/user_wago/data/LJSpeech-1.1/wavs/LJ009-0122.wav,7.5071875,4.576083
/mnt/md1/user_wago/data/LJSpeech-1.1/wavs/LJ039-0066.wav,9.0396875,4.5464706
/mnt/md1/user_wago/data/LJSpeech-1.1/wavs/LJ050-0132.wav,8.900375,4.718415
/mnt/md1/user_wago/data/LJSpeech-1.1/wavs/LJ025-0047.wav,7.56525,4.591646
/mnt/md1/user_wago/data/LJSpeech-1.1/wavs/LJ001-0025.wav,8.8655625,4.2176704
/mnt/md1/user_wago/data/LJSpeech-1.1/wavs/LJ030-0178.wav,8.4011875,4.605579
/mnt/md1/user_wago/data/LJSpeech-1.1/wavs/LJ014-0294.wav,7.1473125,4.7275934
/mnt/md1/user_wago/data/LJSpeech-1.1/wavs/LJ033-0149.wav,5.5915625,4.575528
/mnt/md1/user_wago/data/LJSpeech-1.1/wavs/LJ013-0082.wav,1.7021875,4.6811013
/mnt/md1/user_wago/data/LJSpeech-1.1/wavs/LJ011-0278.wav,8.1109375,4.4816074
/mnt/md1/user_wago/data/LJSpeech-1.1/wavs/LJ043-0128.wav,6.787375,4.751348
/mnt/md1/user_wago/data/LJSpeech-1.1/wavs/LJ028-0028.wav,8.1109375,4.6270666
/mnt/md1/user_wago/data/LJSpeech-1.1/wavs/LJ030-0134.wav,8.052875,4.715679
/mnt/md1/user_wago/data/LJSpeech-1.1/wavs/LJ021-0170.wav,5.7773125,4.4330077
/mnt/md1/user_wago/data/LJSpeech-1.1/wavs/LJ046-0250.wav,9.5389375,4.2941
/mnt/md1/user_wago/data/LJSpeech-1.1/wavs/LJ028-0115.wav,2.9676875,4.607087
/mnt/md1/user_wago/data/LJSpeech-1.1/wavs/LJ019-0134.wav,7.1473125,4.6099844
/mnt/md1/user_wago/data/LJSpeech-1.1/wavs/LJ018-0297.wav,7.066,4.8079653
/mnt/md1/user_wago/data/LJSpeech-1.1/wavs/LJ043-0130.wav,3.583,4.6228466
/mnt/md1/user_wago/data/LJSpeech-1.1/wavs/LJ046-0036.wav,7.739375,4.666515
/mnt/md1/user_wago/data/LJSpeech-1.1/wavs/LJ045-0198.wav,3.803625,4.7415876
/mnt/md1/user_wago/data/LJSpeech-1.1/wavs/LJ050-0155.wav,7.0311875,4.588521
/mnt/md1/user_wago/data/LJSpeech-1.1/wavs/LJ029-0212.wav,9.0165,4.490519
/mnt/md1/user_wago/data/LJSpeech-1.1/wavs/LJ012-0143.wav,8.0064375,4.6271653
/mnt/md1/user_wago/data/LJSpeech-1.1/wavs/LJ019-0048.wav,3.9196875,4.6241865
/mnt/md1/user_wago/data/LJSpeech-1.1/wavs/LJ045-0028.wav,9.4228125,4.609242
/mnt/md1/user_wago/data/LJSpeech-1.1/wavs/LJ012-0200.wav,9.121,4.5677624
/mnt/md1/user_wago/data/LJSpeech-1.1/wavs/LJ002-0119.wav,3.780375,4.582079
/mnt/md1/user_wago/data/LJSpeech-1.1/wavs/LJ031-0210.wav,7.843875,4.7195225
/mnt/md1/user_wago/data/LJSpeech-1.1/wavs/LJ016-0239.wav,7.9135625,4.5800147
/mnt/md1/user_wago/data/LJSpeech-1.1/wavs/LJ012-0234.wav,9.9685,4.5449834
/mnt/md1/user_wago/data/LJSpeech-1.1/wavs/LJ024-0053.wav,9.771125,3.8629978
/mnt/md1/user_wago/data/LJSpeech-1.1/wavs/LJ021-0188.wav,8.238625,4.2683263
/mnt/md1/user_wago/data/LJSpeech-1.1/wavs/LJ034-0007.wav,7.100875,4.618204
/mnt/md1/user_wago/data/LJSpeech-1.1/wavs/LJ018-0157.wav,2.7586875,4.780761
/mnt/md1/user_wago/data/LJSpeech-1.1/wavs/LJ016-0002.wav,5.45225,4.7660046
/mnt/md1/user_wago/data/LJSpeech-1.1/wavs/LJ008-0194.wav,7.6465,4.418788
/mnt/md1/user_wago/data/LJSpeech-1.1/wavs/LJ033-0046.wav,6.381,4.542273
/mnt/md1/user_wago/data/LJSpeech-1.1/wavs/LJ008-0205.wav,5.92825,4.4501314
/mnt/md1/user_wago/data/LJSpeech-1.1/wavs/LJ005-0273.wav,6.6480625,4.5247254
/mnt/md1/user_wago/data/LJSpeech-1.1/wavs/LJ004-0139.wav,8.1109375,4.4017243
/mnt/md1/user_wago/data/LJSpeech-1.1/wavs/LJ025-0027.wav,8.1225,4.6835093
/mnt/md1/user_wago/data/LJSpeech-1.1/wavs/LJ041-0092.wav,9.3299375,4.5063887
/mnt/md1/user_wago/data/LJSpeech-1.1/wavs/LJ010-0046.wav,6.59,4.6329994
/mnt/md1/user_wago/data/LJSpeech-1.1/wavs/LJ012-0049.wav,4.279625,4.7381806
/mnt/md1/user_wago/data/LJSpeech-1.1/wavs/LJ012-0239.wav,7.6000625,4.660132
/mnt/md1/user_wago/data/LJSpeech-1.1/wavs/LJ030-0211.wav,3.7455625,4.5790744
/mnt/md1/user_wago/data/LJSpeech-1.1/wavs/LJ009-0268.wav,5.6611875,4.427626
/mnt/md1/user_wago/data/LJSpeech-1.1/wavs/LJ003-0290.wav,9.4460625,4.53558
/mnt/md1/user_wago/data/LJSpeech-1.1/wavs/LJ033-0005.wav,6.59,4.66053
/mnt/md1/user_wago/data/LJSpeech-1.1/wavs/LJ016-0072.wav,6.5551875,4.554598
/mnt/md1/user_wago/data/LJSpeech-1.1/wavs/LJ025-0059.wav,7.9135625,4.605643
/mnt/md1/user_wago/data/LJSpeech-1.1/wavs/LJ046-0199.wav,10.073,4.5897627
/mnt/md1/user_wago/data/LJSpeech-1.1/wavs/LJ016-0127.wav,5.92825,4.57067
/mnt/md1/user_wago/data/LJSpeech-1.1/wavs/LJ009-0153.wav,9.88725,4.427891
/mnt/md1/user_wago/data/LJSpeech-1.1/wavs/LJ003-0144.wav,7.9135625,4.6035323
/mnt/md1/user_wago/data/LJSpeech-1.1/wavs/LJ017-0061.wav,6.114,4.5439725
/mnt/md1/user_wago/data/LJSpeech-1.1/wavs/LJ018-0052.wav,10.061375,4.6806755
/mnt/md1/user_wago/data/LJSpeech-1.1/wavs/LJ048-0286.wav,9.1558125,4.505254
/mnt/md1/user_wago/data/LJSpeech-1.1/wavs/LJ047-0055.wav,6.4275,4.536177
/mnt/md1/user_wago/data/LJSpeech-1.1/wavs/LJ014-0159.wav,5.649625,4.5309134
/mnt/md1/user_wago/data/LJSpeech-1.1/wavs/LJ002-0097.wav,8.923625,4.5636516
/mnt/md1/user_wago/data/LJSpeech-1.1/wavs/LJ049-0058.wav,7.5188125,4.643509
/mnt/md1/user_wago/data/LJSpeech-1.1/wavs/LJ028-0484.wav,3.722375,4.434289
/mnt/md1/user_wago/data/LJSpeech-1.1/wavs/LJ010-0309.wav,5.71925,4.684912
/mnt/md1/user_wago/data/LJSpeech-1.1/wavs/LJ011-0025.wav,10.084625,4.6750574
/mnt/md1/user_wago/data/LJSpeech-1.1/wavs/LJ048-0195.wav,7.158875,4.4798894
/mnt/md1/user_wago/data/LJSpeech-1.1/wavs/LJ012-0084.wav,7.4026875,4.644471
/mnt/md1/user_wago/data/LJSpeech-1.1/wavs/LJ035-0019.wav,6.5435625,4.3921757
/mnt/md1/user_wago/data/LJSpeech-1.1/wavs/LJ003-0119.wav,9.1441875,4.5885954
/mnt/md1/user_wago/data/LJSpeech-1.1/wavs/LJ017-0082.wav,9.086125,4.6647797
/mnt/md1/user_wago/data/LJSpeech-1.1/wavs/LJ028-0087.wav,3.3391875,4.606024
/mnt/md1/user_wago/data/LJSpeech-1.1/wavs/LJ021-0165.wav,1.110125,4.3000016
/mnt/md1/user_wago/data/LJSpeech-1.1/wavs/LJ035-0104.wav,5.5799375,4.580254
/mnt/md1/user_wago/data/LJSpeech-1.1/wavs/LJ039-0219.wav,6.868625,4.3596215
/mnt/md1/user_wago/data/LJSpeech-1.1/wavs/LJ035-0006.wav,4.5350625,4.6220117
/mnt/md1/user_wago/data/LJSpeech-1.1/wavs/LJ009-0157.wav,7.08925,4.6235924
/mnt/md1/user_wago/data/LJSpeech-1.1/wavs/LJ036-0063.wav,8.819125,4.7240796
/mnt/md1/user_wago/data/LJSpeech-1.1/wavs/LJ049-0108.wav,8.9584375,4.5965576
/mnt/md1/user_wago/data/LJSpeech-1.1/wavs/LJ040-0211.wav,5.3709375,4.2023273
/mnt/md1/user_wago/data/LJSpeech-1.1/wavs/LJ006-0056.wav,5.162,4.6052337
/mnt/md1/user_wago/data/LJSpeech-1.1/wavs/LJ017-0263.wav,3.0605625,4.6996
/mnt/md1/user_wago/data/LJSpeech-1.1/wavs/LJ041-0157.wav,8.1921875,4.499496
/mnt/md1/user_wago/data/LJSpeech-1.1/wavs/LJ013-0118.wav,9.3415625,4.7194633
/mnt/md1/user_wago/data/LJSpeech-1.1/wavs/LJ012-0210.wav,5.13875,4.559816
/mnt/md1/user_wago/data/LJSpeech-1.1/wavs/LJ006-0259.wav,5.8934375,4.446268
/mnt/md1/user_wago/data/LJSpeech-1.1/wavs/LJ006-0049.wav,6.5319375,4.7852526
/mnt/md1/user_wago/data/LJSpeech-1.1/wavs/LJ013-0007.wav,6.415875,4.5162344
/mnt/md1/user_wago/data/LJSpeech-1.1/wavs/LJ003-0098.wav,5.7656875,4.5984097
/mnt/md1/user_wago/data/LJSpeech-1.1/wavs/LJ001-0182.wav,6.13725,4.4997077
/mnt/md1/user_wago/data/LJSpeech-1.1/wavs/LJ002-0233.wav,6.8454375,4.418029
/mnt/md1/user_wago/data/LJSpeech-1.1/wavs/LJ009-0080.wav,5.3013125,4.626009
/mnt/md1/user_wago/data/LJSpeech-1.1/wavs/LJ033-0143.wav,6.682875,4.701801
/mnt/md1/user_wago/data/LJSpeech-1.1/wavs/LJ044-0197.wav,7.6929375,4.6371922
/mnt/md1/user_wago/data/LJSpeech-1.1/wavs/LJ019-0254.wav,7.971625,4.582293
/mnt/md1/user_wago/data/LJSpeech-1.1/wavs/LJ036-0167.wav,7.4259375,4.6746163
/mnt/md1/user_wago/data/LJSpeech-1.1/wavs/LJ031-0113.wav,3.29275,4.7768025
/mnt/md1/user_wago/data/LJSpeech-1.1/wavs/LJ037-0065.wav,7.4259375,4.606262
/mnt/md1/user_wago/data/LJSpeech-1.1/wavs/LJ035-0098.wav,5.4638125,4.514252
/mnt/md1/user_wago/data/LJSpeech-1.1/wavs/LJ050-0129.wav,7.4955625,4.5987234
/mnt/md1/user_wago/data/LJSpeech-1.1/wavs/LJ028-0343.wav,6.415875,4.3162146
/mnt/md1/user_wago/data/LJSpeech-1.1/wavs/LJ010-0083.wav,7.35625,4.63472
/mnt/md1/user_wago/data/LJSpeech-1.1/wavs/LJ007-0219.wav,5.9630625,4.4850883
/mnt/md1/user_wago/data/LJSpeech-1.1/wavs/LJ033-0052.wav,9.585375,4.6628532
/mnt/md1/user_wago/data/LJSpeech-1.1/wavs/LJ032-0244.wav,9.7015,4.587036
/mnt/md1/user_wago/data/LJSpeech-1.1/wavs/LJ022-0013.wav,8.25025,4.6003065
/mnt/md1/user_wago/data/LJSpeech-1.1/wavs/LJ017-0283.wav,6.114,4.700121
/mnt/md1/user_wago/data/LJSpeech-1.1/wavs/LJ025-0068.wav,2.155,4.6787505
/mnt/md1/user_wago/data/LJSpeech-1.1/wavs/LJ036-0070.wav,4.1055,4.7646146
/mnt/md1/user_wago/data/LJSpeech-1.1/wavs/LJ041-0119.wav,6.682875,4.4328876
/mnt/md1/user_wago/data/LJSpeech-1.1/wavs/LJ024-0130.wav,6.7525625,3.760769
/mnt/md1/user_wago/data/LJSpeech-1.1/wavs/LJ033-0092.wav,9.480875,4.596387
/mnt/md1/user_wago/data/LJSpeech-1.1/wavs/LJ033-0183.wav,5.3709375,4.6967344
/mnt/md1/user_wago/data/LJSpeech-1.1/wavs/LJ039-0171.wav,8.0180625,4.288385
/mnt/md1/user_wago/data/LJSpeech-1.1/wavs/LJ003-0006.wav,6.3578125,4.5963717
/mnt/md1/user_wago/data/LJSpeech-1.1/wavs/LJ009-0150.wav,8.703,4.554153
/mnt/md1/user_wago/data/LJSpeech-1.1/wavs/LJ024-0066.wav,6.021125,4.3528795
/mnt/md1/user_wago/data/LJSpeech-1.1/wavs/LJ006-0212.wav,7.83225,4.6127625
/mnt/md1/user_wago/data/LJSpeech-1.1/wavs/LJ039-0065.wav,5.9514375,4.4412503
/mnt/md1/user_wago/data/LJSpeech-1.1/wavs/LJ045-0214.wav,8.7843125,4.594428
/mnt/md1/user_wago/data/LJSpeech-1.1/wavs/LJ046-0058.wav,9.3531875,4.596137
/mnt/md1/user_wago/data/LJSpeech-1.1/wavs/LJ041-0114.wav,9.67825,4.5705004
/mnt/md1/user_wago/data/LJSpeech-1.1/wavs/LJ007-0220.wav,8.134125,4.427689
/mnt/md1/user_wago/data/LJSpeech-1.1/wavs/LJ047-0194.wav,6.1836875,4.731588
/mnt/md1/user_wago/data/LJSpeech-1.1/wavs/LJ021-0139.wav,6.4855,4.39549
/mnt/md1/user_wago/data/LJSpeech-1.1/wavs/LJ047-0031.wav,8.703,4.485644
/mnt/md1/user_wago/data/LJSpeech-1.1/wavs/LJ023-0046.wav,2.5845625,4.791087
/mnt/md1/user_wago/data/LJSpeech-1.1/wavs/LJ033-0067.wav,4.8020625,4.879692
/mnt/md1/user_wago/data/LJSpeech-1.1/wavs/LJ005-0237.wav,9.190625,4.4381695
/mnt/md1/user_wago/data/LJSpeech-1.1/wavs/LJ014-0088.wav,1.8879375,4.482654
/mnt/md1/user_wago/data/LJSpeech-1.1/wavs/LJ035-0092.wav,5.3129375,4.4780197
/mnt/md1/user_wago/data/LJSpeech-1.1/wavs/LJ045-0176.wav,4.1170625,4.462598
/mnt/md1/user_wago/data/LJSpeech-1.1/wavs/LJ019-0265.wav,4.7904375,4.555079
/mnt/md1/user_wago/data/LJSpeech-1.1/wavs/LJ016-0394.wav,9.5273125,4.745688
/mnt/md1/user_wago/data/LJSpeech-1.1/wavs/LJ040-0059.wav,9.88725,4.231554
/mnt/md1/user_wago/data/LJSpeech-1.1/wavs/LJ039-0067.wav,6.6248125,4.536657
/mnt/md1/user_wago/data/LJSpeech-1.1/wavs/LJ013-0094.wav,9.5389375,4.6035943
/mnt/md1/user_wago/data/LJSpeech-1.1/wavs/LJ019-0091.wav,5.231625,4.6585913
/mnt/md1/user_wago/data/LJSpeech-1.1/wavs/LJ015-0005.wav,4.001,4.7947903
/mnt/md1/user_wago/data/LJSpeech-1.1/wavs/LJ050-0211.wav,8.0876875,4.5191383
/mnt/md1/user_wago/data/LJSpeech-1.1/wavs/LJ022-0033.wav,4.8833125,4.621546
/mnt/md1/user_wago/data/LJSpeech-1.1/wavs/LJ037-0022.wav,5.8934375,4.7281485
/mnt/md1/user_wago/data/LJSpeech-1.1/wavs/LJ002-0053.wav,4.6975625,4.6889153
/mnt/md1/user_wago/data/LJSpeech-1.1/wavs/LJ036-0040.wav,9.8408125,4.5530243
/mnt/md1/user_wago/data/LJSpeech-1.1/wavs/LJ020-0079.wav,7.7278125,4.363887
/mnt/md1/user_wago/data/LJSpeech-1.1/wavs/LJ047-0146.wav,5.127125,4.5777645
/mnt/md1/user_wago/data/LJSpeech-1.1/wavs/LJ030-0014.wav,10.073,4.5736494
/mnt/md1/user_wago/data/LJSpeech-1.1/wavs/LJ037-0204.wav,8.8655625,4.6219134
/mnt/md1/user_wago/data/LJSpeech-1.1/wavs/LJ016-0177.wav,3.6526875,4.697628
/mnt/md1/user_wago/data/LJSpeech-1.1/wavs/LJ043-0030.wav,8.2850625,4.736383
/mnt/md1/user_wago/data/LJSpeech-1.1/wavs/LJ015-0223.wav,8.238625,4.7422223
/mnt/md1/user_wago/data/LJSpeech-1.1/wavs/LJ017-0032.wav,8.261875,4.734132
/mnt/md1/user_wago/data/LJSpeech-1.1/wavs/LJ039-0129.wav,2.0969375,3.8931656
/mnt/md1/user_wago/data/LJSpeech-1.1/wavs/LJ045-0112.wav,9.004875,4.5013857
/mnt/md1/user_wago/data/LJSpeech-1.1/wavs/LJ027-0060.wav,9.5505625,4.2180347
/mnt/md1/user_wago/data/LJSpeech-1.1/wavs/LJ033-0071.wav,6.2533125,4.6722
/mnt/md1/user_wago/data/LJSpeech-1.1/wavs/LJ030-0035.wav,1.86475,4.758276
/mnt/md1/user_wago/data/LJSpeech-1.1/wavs/LJ005-0123.wav,5.6728125,4.768445
/mnt/md1/user_wago/data/LJSpeech-1.1/wavs/LJ006-0147.wav,2.6078125,4.6806283
/mnt/md1/user_wago/data/LJSpeech-1.1/wavs/LJ037-0015.wav,6.230125,4.616859
/mnt/md1/user_wago/data/LJSpeech-1.1/wavs/LJ046-0121.wav,8.3083125,4.629435
/mnt/md1/user_wago/data/LJSpeech-1.1/wavs/LJ018-0083.wav,4.198375,4.5315003
/mnt/md1/user_wago/data/LJSpeech-1.1/wavs/LJ047-0239.wav,3.7339375,4.7372866
/mnt/md1/user_wago/data/LJSpeech-1.1/wavs/LJ048-0086.wav,4.18675,4.795982
/mnt/md1/user_wago/data/LJSpeech-1.1/wavs/LJ037-0092.wav,7.867125,4.7262745
/mnt/md1/user_wago/data/LJSpeech-1.1/wavs/LJ010-0059.wav,8.0760625,4.579931
/mnt/md1/user_wago/data/LJSpeech-1.1/wavs/LJ002-0019.wav,3.4436875,4.6787825
/mnt/md1/user_wago/data/LJSpeech-1.1/wavs/LJ032-0133.wav,6.2649375,4.738262
/mnt/md1/user_wago/data/LJSpeech-1.1/wavs/LJ017-0253.wav,6.40425,4.671216
/mnt/md1/user_wago/data/LJSpeech-1.1/wavs/LJ006-0065.wav,8.6565625,4.2403874
/mnt/md1/user_wago/data/LJSpeech-1.1/wavs/LJ024-0086.wav,4.0590625,4.3124266
/mnt/md1/user_wago/data/LJSpeech-1.1/wavs/LJ028-0230.wav,6.88025,4.431422
/mnt/md1/user_wago/data/LJSpeech-1.1/wavs/LJ028-0290.wav,2.4800625,4.7129126
/mnt/md1/user_wago/data/LJSpeech-1.1/wavs/LJ043-0109.wav,8.6914375,4.650399
/mnt/md1/user_wago/data/LJSpeech-1.1/wavs/LJ021-0064.wav,7.7045625,4.4013615
/mnt/md1/user_wago/data/LJSpeech-1.1/wavs/LJ014-0312.wav,8.7494375,4.6467743
/mnt/md1/user_wago/data/LJSpeech-1.1/wavs/LJ003-0268.wav,6.8454375,4.598201
/mnt/md1/user_wago/data/LJSpeech-1.1/wavs/LJ047-0190.wav,7.1240625,4.580437
/mnt/md1/user_wago/data/LJSpeech-1.1/wavs/LJ030-0232.wav,4.9878125,4.584169
/mnt/md1/user_wago/data/LJSpeech-1.1/wavs/LJ038-0046.wav,4.1170625,4.7349524
/mnt/md1/user_wago/data/LJSpeech-1.1/wavs/LJ008-0217.wav,7.576875,4.3962927
/mnt/md1/user_wago/data/LJSpeech-1.1/wavs/LJ042-0121.wav,6.77575,4.6282167
/mnt/md1/user_wago/data/LJSpeech-1.1/wavs/LJ030-0218.wav,4.66275,4.680307
/mnt/md1/user_wago/data/LJSpeech-1.1/wavs/LJ008-0296.wav,4.2331875,4.6274405
/mnt/md1/user_wago/data/LJSpeech-1.1/wavs/LJ039-0086.wav,6.7293125,4.371707
/mnt/md1/user_wago/data/LJSpeech-1.1/wavs/LJ021-0015.wav,3.014125,4.5748825
/mnt/md1/user_wago/data/LJSpeech-1.1/wavs/LJ002-0216.wav,2.8748125,4.8081107
/mnt/md1/user_wago/data/LJSpeech-1.1/wavs/LJ001-0167.wav,5.045875,4.5537868
/mnt/md1/user_wago/data/LJSpeech-1.1/wavs/LJ026-0050.wav,6.4855,4.667202
/mnt/md1/user_wago/data/LJSpeech-1.1/wavs/LJ033-0090.wav,7.3446875,4.5997467
/mnt/md1/user_wago/data/LJSpeech-1.1/wavs/LJ021-0101.wav,9.51575,4.4208255
/mnt/md1/user_wago/data/LJSpeech-1.1/wavs/LJ018-0080.wav,3.0605625,4.7139773
/mnt/md1/user_wago/data/LJSpeech-1.1/wavs/LJ013-0133.wav,10.0149375,4.629025
/mnt/md1/user_wago/data/LJSpeech-1.1/wavs/LJ009-0068.wav,7.0311875,4.656356
/mnt/md1/user_wago/data/LJSpeech-1.1/wavs/LJ027-0153.wav,9.7246875,4.494562
/mnt/md1/user_wago/data/LJSpeech-1.1/wavs/LJ022-0023.wav,8.912,4.5962977
/mnt/md1/user_wago/data/LJSpeech-1.1/wavs/LJ038-0215.wav,8.72625,4.6640897
/mnt/md1/user_wago/data/LJSpeech-1.1/wavs/LJ041-0129.wav,7.762625,4.581547
/mnt/md1/user_wago/data/LJSpeech-1.1/wavs/LJ045-0115.wav,5.997875,4.4637713
/mnt/md1/user_wago/data/LJSpeech-1.1/wavs/LJ009-0034.wav,2.062125,4.586091
/mnt/md1/user_wago/data/LJSpeech-1.1/wavs/LJ002-0177.wav,8.610125,4.5767355
/mnt/md1/user_wago/data/LJSpeech-1.1/wavs/LJ024-0087.wav,9.0513125,3.964211
/mnt/md1/user_wago/data/LJSpeech-1.1/wavs/LJ015-0051.wav,9.7363125,4.5007586
/mnt/md1/user_wago/data/LJSpeech-1.1/wavs/LJ039-0109.wav,3.9313125,4.541378
/mnt/md1/user_wago/data/LJSpeech-1.1/wavs/LJ028-0452.wav,9.028125,4.362488
/mnt/md1/user_wago/data/LJSpeech-1.1/wavs/LJ046-0100.wav,7.2285625,4.7510467
/mnt/md1/user_wago/data/LJSpeech-1.1/wavs/LJ029-0156.wav,4.384125,4.750125
/mnt/md1/user_wago/data/LJSpeech-1.1/wavs/LJ022-0138.wav,8.447625,4.669103
/mnt/md1/user_wago/data/LJSpeech-1.1/wavs/LJ022-0077.wav,4.97625,4.5136094
/mnt/md1/user_wago/data/LJSpeech-1.1/wavs/LJ043-0064.wav,2.0969375,4.6298513
/mnt/md1/user_wago/data/LJSpeech-1.1/wavs/LJ028-0333.wav,2.23625,4.7873178
/mnt/md1/user_wago/data/LJSpeech-1.1/wavs/LJ034-0203.wav,8.99325,4.623572
/mnt/md1/user_wago/data/LJSpeech-1.1/wavs/LJ009-0192.wav,5.9514375,4.551057
/mnt/md1/user_wago/data/LJSpeech-1.1/wavs/LJ050-0096.wav,7.100875,4.730172
/mnt/md1/user_wago/data/LJSpeech-1.1/wavs/LJ015-0116.wav,7.96,4.366204
/mnt/md1/user_wago/data/LJSpeech-1.1/wavs/LJ025-0034.wav,5.22,4.6985445
/mnt/md1/user_wago/data/LJSpeech-1.1/wavs/LJ008-0306.wav,5.61475,4.4309645
/mnt/md1/user_wago/data/LJSpeech-1.1/wavs/LJ027-0072.wav,9.4228125,4.5067296
/mnt/md1/user_wago/data/LJSpeech-1.1/wavs/LJ005-0158.wav,4.198375,4.583532
/mnt/md1/user_wago/data/LJSpeech-1.1/wavs/LJ031-0073.wav,7.19375,4.571372
/mnt/md1/user_wago/data/LJSpeech-1.1/wavs/LJ037-0187.wav,8.134125,4.7122126
/mnt/md1/user_wago/data/LJSpeech-1.1/wavs/LJ044-0210.wav,9.6550625,4.3590307
/mnt/md1/user_wago/data/LJSpeech-1.1/wavs/LJ003-0142.wav,3.9429375,4.6270523
/mnt/md1/user_wago/data/LJSpeech-1.1/wavs/LJ004-0065.wav,6.125625,4.291416
/mnt/md1/user_wago/data/LJSpeech-1.1/wavs/LJ020-0102.wav,6.3461875,4.617468
/mnt/md1/user_wago/data/LJSpeech-1.1/wavs/LJ021-0076.wav,2.6890625,4.281925
/mnt/md1/user_wago/data/LJSpeech-1.1/wavs/LJ050-0001.wav,9.4693125,4.417906
/mnt/md1/user_wago/data/LJSpeech-1.1/wavs/LJ024-0100.wav,5.4058125,4.1971736
/mnt/md1/user_wago/data/LJSpeech-1.1/wavs/LJ028-0487.wav,8.4940625,4.5146446
/mnt/md1/user_wago/data/LJSpeech-1.1/wavs/LJ011-0085.wav,5.9746875,4.548837
/mnt/md1/user_wago/data/LJSpeech-1.1/wavs/LJ034-0157.wav,8.93525,4.600129
/mnt/md1/user_wago/data/LJSpeech-1.1/wavs/LJ046-0081.wav,7.83225,4.7172704
/mnt/md1/user_wago/data/LJSpeech-1.1/wavs/LJ013-0055.wav,4.001,4.7258167
/mnt/md1/user_wago/data/LJSpeech-1.1/wavs/LJ018-0240.wav,6.706125,4.712492
/mnt/md1/user_wago/data/LJSpeech-1.1/wavs/LJ013-0067.wav,8.8075,4.696314
/mnt/md1/user_wago/data/LJSpeech-1.1/wavs/LJ048-0027.wav,9.3415625,4.5965376
/mnt/md1/user_wago/data/LJSpeech-1.1/wavs/LJ010-0219.wav,7.066,4.7193713
/mnt/md1/user_wago/data/LJSpeech-1.1/wavs/LJ038-0237.wav,8.5753125,4.7307014
/mnt/md1/user_wago/data/LJSpeech-1.1/wavs/LJ013-0104.wav,7.5304375,4.674281
/mnt/md1/user_wago/data/LJSpeech-1.1/wavs/LJ046-0052.wav,9.0629375,4.584823
/mnt/md1/user_wago/data/LJSpeech-1.1/wavs/LJ007-0222.wav,6.9383125,4.506801
/mnt/md1/user_wago/data/LJSpeech-1.1/wavs/LJ050-0239.wav,5.03425,4.612521
/mnt/md1/user_wago/data/LJSpeech-1.1/wavs/LJ039-0055.wav,6.8454375,4.5457115
/mnt/md1/user_wago/data/LJSpeech-1.1/wavs/LJ013-0060.wav,3.199875,4.2097425
/mnt/md1/user_wago/data/LJSpeech-1.1/wavs/LJ019-0311.wav,6.7293125,4.6027155
/mnt/md1/user_wago/data/LJSpeech-1.1/wavs/LJ028-0273.wav,4.744,4.452457
/mnt/md1/user_wago/data/LJSpeech-1.1/wavs/LJ018-0085.wav,6.7525625,4.640122
/mnt/md1/user_wago/data/LJSpeech-1.1/wavs/LJ025-0011.wav,8.25025,4.660489
/mnt/md1/user_wago/data/LJSpeech-1.1/wavs/LJ005-0185.wav,4.279625,4.727661
/mnt/md1/user_wago/data/LJSpeech-1.1/wavs/LJ043-0086.wav,3.2695625,4.655529
/mnt/md1/user_wago/data/LJSpeech-1.1/wavs/LJ049-0188.wav,9.5389375,4.6078534
/mnt/md1/user_wago/data/LJSpeech-1.1/wavs/LJ019-0345.wav,9.608625,4.511117
/mnt/md1/user_wago/data/LJSpeech-1.1/wavs/LJ045-0024.wav,1.47,4.3454943
/mnt/md1/user_wago/data/LJSpeech-1.1/wavs/LJ034-0019.wav,6.13725,4.539008
/mnt/md1/user_wago/data/LJSpeech-1.1/wavs/LJ018-0202.wav,4.1635,4.7175684
/mnt/md1/user_wago/data/LJSpeech-1.1/wavs/LJ006-0264.wav,7.739375,4.5490165
/mnt/md1/user_wago/data/LJSpeech-1.1/wavs/LJ010-0293.wav,6.323,4.459349
/mnt/md1/user_wago/data/LJSpeech-1.1/wavs/LJ018-0243.wav,6.6364375,4.7752333
/mnt/md1/user_wago/data/LJSpeech-1.1/wavs/LJ003-0289.wav,2.8864375,4.5897026
/mnt/md1/user_wago/data/LJSpeech-1.1/wavs/LJ046-0169.wav,7.8903125,4.5012646
/mnt/md1/user_wago/data/LJSpeech-1.1/wavs/LJ043-0080.wav,4.3260625,4.8147798
/mnt/md1/user_wago/data/LJSpeech-1.1/wavs/LJ026-0062.wav,7.681375,4.593634
/mnt/md1/user_wago/data/LJSpeech-1.1/wavs/LJ012-0283.wav,7.739375,4.639212
/mnt/md1/user_wago/data/LJSpeech-1.1/wavs/LJ010-0288.wav,3.6875,4.557841
/mnt/md1/user_wago/data/LJSpeech-1.1/wavs/LJ036-0033.wav,4.953,4.5819454
/mnt/md1/user_wago/data/LJSpeech-1.1/wavs/LJ041-0073.wav,7.9948125,4.674214
/mnt/md1/user_wago/data/LJSpeech-1.1/wavs/LJ019-0382.wav,7.158875,4.7817526
/mnt/md1/user_wago/data/LJSpeech-1.1/wavs/LJ014-0222.wav,8.72625,4.420003
/mnt/md1/user_wago/data/LJSpeech-1.1/wavs/LJ003-0101.wav,8.703,4.4321575
/mnt/md1/user_wago/data/LJSpeech-1.1/wavs/LJ008-0139.wav,6.13725,4.44402
/mnt/md1/user_wago/data/LJSpeech-1.1/wavs/LJ044-0049.wav,8.3083125,4.707581
/mnt/md1/user_wago/data/LJSpeech-1.1/wavs/LJ044-0040.wav,4.569875,4.4942727
/mnt/md1/user_wago/data/LJSpeech-1.1/wavs/LJ040-0072.wav,7.553625,4.4758387
/mnt/md1/user_wago/data/LJSpeech-1.1/wavs/LJ033-0145.wav,5.069125,4.4327774
/mnt/md1/user_wago/data/LJSpeech-1.1/wavs/LJ045-0067.wav,8.737875,4.6290007
/mnt/md1/user_wago/data/LJSpeech-1.1/wavs/LJ009-0152.wav,9.41125,4.5119452
/mnt/md1/user_wago/data/LJSpeech-1.1/wavs/LJ017-0196.wav,6.9150625,4.714779
/mnt/md1/user_wago/data/LJSpeech-1.1/wavs/LJ044-0159.wav,5.5915625,4.5114975
/mnt/md1/user_wago/data/LJSpeech-1.1/wavs/LJ027-0047.wav,4.0358125,4.4548454
/mnt/md1/user_wago/data/LJSpeech-1.1/wavs/LJ025-0102.wav,9.4228125,4.478856
/mnt/md1/user_wago/data/LJSpeech-1.1/wavs/LJ043-0144.wav,4.6163125,4.769346
/mnt/md1/user_wago/data/LJSpeech-1.1/wavs/LJ012-0088.wav,7.1705,4.7007174
/mnt/md1/user_wago/data/LJSpeech-1.1/wavs/LJ009-0002.wav,7.9831875,4.5281243
/mnt/md1/user_wago/data/LJSpeech-1.1/wavs/LJ050-0006.wav,5.8585625,4.6853275
/mnt/md1/user_wago/data/LJSpeech-1.1/wavs/LJ016-0353.wav,9.7479375,4.5686083
/mnt/md1/user_wago/data/LJSpeech-1.1/wavs/LJ006-0030.wav,9.8524375,4.628438
/mnt/md1/user_wago/data/LJSpeech-1.1/wavs/LJ047-0122.wav,8.0645,4.474198
/mnt/md1/user_wago/data/LJSpeech-1.1/wavs/LJ028-0414.wav,8.4824375,4.193549
/mnt/md1/user_wago/data/LJSpeech-1.1/wavs/LJ020-0064.wav,1.168125,4.083491
/mnt/md1/user_wago/data/LJSpeech-1.1/wavs/LJ041-0176.wav,6.1488125,4.5212483
/mnt/md1/user_wago/data/LJSpeech-1.1/wavs/LJ010-0038.wav,7.7045625,4.607761
/mnt/md1/user_wago/data/LJSpeech-1.1/wavs/LJ017-0214.wav,5.4058125,4.7283516
/mnt/md1/user_wago/data/LJSpeech-1.1/wavs/LJ005-0049.wav,5.6728125,4.6846437
/mnt/md1/user_wago/data/LJSpeech-1.1/wavs/LJ028-0295.wav,8.8539375,4.3769464
/mnt/md1/user_wago/data/LJSpeech-1.1/wavs/LJ008-0318.wav,4.175125,4.663596
/mnt/md1/user_wago/data/LJSpeech-1.1/wavs/LJ027-0125.wav,5.4754375,4.445631
/mnt/md1/user_wago/data/LJSpeech-1.1/wavs/LJ015-0263.wav,8.552125,4.6109653
/mnt/md1/user_wago/data/LJSpeech-1.1/wavs/LJ001-0069.wav,5.5683125,4.6144423
/mnt/md1/user_wago/data/LJSpeech-1.1/wavs/LJ016-0348.wav,3.87325,4.791681
/mnt/md1/user_wago/data/LJSpeech-1.1/wavs/LJ009-0088.wav,5.45225,4.2394514
/mnt/md1/user_wago/data/LJSpeech-1.1/wavs/LJ012-0136.wav,3.1534375,4.782788
/mnt/md1/user_wago/data/LJSpeech-1.1/wavs/LJ019-0344.wav,6.0095,4.5801597
/mnt/md1/user_wago/data/LJSpeech-1.1/wavs/LJ047-0147.wav,5.9746875,4.5116496
/mnt/md1/user_wago/data/LJSpeech-1.1/wavs/LJ044-0164.wav,3.02575,4.385298
/mnt/md1/user_wago/data/LJSpeech-1.1/wavs/LJ045-0107.wav,6.381,4.5835304
/mnt/md1/user_wago/data/LJSpeech-1.1/wavs/LJ016-0214.wav,9.190625,4.601201
/mnt/md1/user_wago/data/LJSpeech-1.1/wavs/LJ022-0144.wav,3.5714375,4.8075566
/mnt/md1/user_wago/data/LJSpeech-1.1/wavs/LJ040-0050.wav,8.714625,4.402726
/mnt/md1/user_wago/data/LJSpeech-1.1/wavs/LJ017-0017.wav,6.3345625,4.652461
/mnt/md1/user_wago/data/LJSpeech-1.1/wavs/LJ032-0177.wav,8.2966875,4.599394
/mnt/md1/user_wago/data/LJSpeech-1.1/wavs/LJ038-0078.wav,9.109375,4.6292243
/mnt/md1/user_wago/data/LJSpeech-1.1/wavs/LJ028-0485.wav,7.553625,4.6163535
/mnt/md1/user_wago/data/LJSpeech-1.1/wavs/LJ033-0171.wav,3.87325,4.482445
/mnt/md1/user_wago/data/LJSpeech-1.1/wavs/LJ038-0259.wav,4.256375,3.9498482
/mnt/md1/user_wago/data/LJSpeech-1.1/wavs/LJ030-0103.wav,2.0505,4.728755
/mnt/md1/user_wago/data/LJSpeech-1.1/wavs/LJ006-0260.wav,5.4754375,4.5598717
/mnt/md1/user_wago/data/LJSpeech-1.1/wavs/LJ018-0360.wav,7.6116875,4.524595
/mnt/md1/user_wago/data/LJSpeech-1.1/wavs/LJ021-0002.wav,2.8631875,4.7972674
/mnt/md1/user_wago/data/LJSpeech-1.1/wavs/LJ019-0137.wav,8.737875,4.561504
/mnt/md1/user_wago/data/LJSpeech-1.1/wavs/LJ023-0067.wav,3.014125,4.5289035
/mnt/md1/user_wago/data/LJSpeech-1.1/wavs/LJ013-0179.wav,7.19375,4.5283647
/mnt/md1/user_wago/data/LJSpeech-1.1/wavs/LJ049-0060.wav,7.96,4.471268
/mnt/md1/user_wago/data/LJSpeech-1.1/wavs/LJ004-0048.wav,9.0629375,4.458672
/mnt/md1/user_wago/data/LJSpeech-1.1/wavs/LJ044-0022.wav,9.666625,4.613727
/mnt/md1/user_wago/data/LJSpeech-1.1/wavs/LJ042-0140.wav,8.645,4.5452547
/mnt/md1/user_wago/data/LJSpeech-1.1/wavs/LJ021-0105.wav,3.6294375,4.388577
/mnt/md1/user_wago/data/LJSpeech-1.1/wavs/LJ002-0132.wav,9.2370625,4.671138
/mnt/md1/user_wago/data/LJSpeech-1.1/wavs/LJ024-0129.wav,6.2185,4.0614543
/mnt/md1/user_wago/data/LJSpeech-1.1/wavs/LJ028-0372.wav,4.4305625,4.732827
/mnt/md1/user_wago/data/LJSpeech-1.1/wavs/LJ036-0020.wav,7.9135625,4.612027
/mnt/md1/user_wago/data/LJSpeech-1.1/wavs/LJ024-0076.wav,5.5799375,4.30282
/mnt/md1/user_wago/data/LJSpeech-1.1/wavs/LJ043-0094.wav,6.381,4.765177
/mnt/md1/user_wago/data/LJSpeech-1.1/wavs/LJ014-0213.wav,6.7409375,4.514638
/mnt/md1/user_wago/data/LJSpeech-1.1/wavs/LJ035-0033.wav,4.1635,4.5871696
/mnt/md1/user_wago/data/LJSpeech-1.1/wavs/LJ033-0003.wav,1.458375,4.9206233
/mnt/md1/user_wago/data/LJSpeech-1.1/wavs/LJ044-0034.wav,8.7494375,4.5133834
/mnt/md1/user_wago/data/LJSpeech-1.1/wavs/LJ027-0177.wav,9.1790625,4.2691345
/mnt/md1/user_wago/data/LJSpeech-1.1/wavs/LJ044-0055.wav,8.645,4.592377
/mnt/md1/user_wago/data/LJSpeech-1.1/wavs/LJ011-0146.wav,4.546625,4.5889845
/mnt/md1/user_wago/data/LJSpeech-1.1/wavs/LJ039-0004.wav,3.617875,4.5962687
/mnt/md1/user_wago/data/LJSpeech-1.1/wavs/LJ003-0030.wav,5.51025,4.430707
/mnt/md1/user_wago/data/LJSpeech-1.1/wavs/LJ014-0290.wav,3.39725,4.7337418
/mnt/md1/user_wago/data/LJSpeech-1.1/wavs/LJ035-0049.wav,8.645,4.291101
/mnt/md1/user_wago/data/LJSpeech-1.1/wavs/LJ040-0126.wav,9.028125,4.1874466
/mnt/md1/user_wago/data/LJSpeech-1.1/wavs/LJ021-0125.wav,7.5884375,4.431005
/mnt/md1/user_wago/data/LJSpeech-1.1/wavs/LJ011-0067.wav,7.6929375,4.697081
/mnt/md1/user_wago/data/LJSpeech-1.1/wavs/LJ039-0081.wav,5.939875,4.2336907
/mnt/md1/user_wago/data/LJSpeech-1.1/wavs/LJ050-0060.wav,9.5389375,4.3808236
/mnt/md1/user_wago/data/LJSpeech-1.1/wavs/LJ002-0210.wav,8.3663125,4.707958
/mnt/md1/user_wago/data/LJSpeech-1.1/wavs/LJ015-0135.wav,2.2014375,4.603651
/mnt/md1/user_wago/data/LJSpeech-1.1/wavs/LJ002-0325.wav,8.215375,4.5725937
/mnt/md1/user_wago/data/LJSpeech-1.1/wavs/LJ028-0056.wav,8.795875,4.4215193
/mnt/md1/user_wago/data/LJSpeech-1.1/wavs/LJ011-0045.wav,7.8555,4.4810057
/mnt/md1/user_wago/data/LJSpeech-1.1/wavs/LJ035-0189.wav,5.6611875,4.5292773
/mnt/md1/user_wago/data/LJSpeech-1.1/wavs/LJ040-0147.wav,4.3493125,4.5531344
/mnt/md1/user_wago/data/LJSpeech-1.1/wavs/LJ025-0043.wav,7.93675,4.512002
/mnt/md1/user_wago/data/LJSpeech-1.1/wavs/LJ020-0071.wav,3.2579375,4.7698717
/mnt/md1/user_wago/data/LJSpeech-1.1/wavs/LJ035-0016.wav,9.121,4.3757515
/mnt/md1/user_wago/data/LJSpeech-1.1/wavs/LJ002-0298.wav,3.9545625,4.5104337
/mnt/md1/user_wago/data/LJSpeech-1.1/wavs/LJ010-0210.wav,5.429,4.636737
/mnt/md1/user_wago/data/LJSpeech-1.1/wavs/LJ012-0236.wav,6.102375,4.7792993
/mnt/md1/user_wago/data/LJSpeech-1.1/wavs/LJ010-0154.wav,7.484,4.537283
/mnt/md1/user_wago/data/LJSpeech-1.1/wavs/LJ007-0190.wav,8.3779375,4.324171
/mnt/md1/user_wago/data/LJSpeech-1.1/wavs/LJ027-0006.wav,4.8833125,4.484657
/mnt/md1/user_wago/data/LJSpeech-1.1/wavs/LJ012-0013.wav,7.449125,4.6796193
/mnt/md1/user_wago/data/LJSpeech-1.1/wavs/LJ037-0194.wav,2.1781875,4.8079877
/mnt/md1/user_wago/data/LJSpeech-1.1/wavs/LJ040-0187.wav,9.51575,4.433546
/mnt/md1/user_wago/data/LJSpeech-1.1/wavs/LJ050-0125.wav,7.739375,4.680909
/mnt/md1/user_wago/data/LJSpeech-1.1/wavs/LJ006-0297.wav,9.666625,4.578644
/mnt/md1/user_wago/data/LJSpeech-1.1/wavs/LJ045-0083.wav,8.436,4.601366
/mnt/md1/user_wago/data/LJSpeech-1.1/wavs/LJ032-0258.wav,7.5188125,4.589732
/mnt/md1/user_wago/data/LJSpeech-1.1/wavs/LJ029-0035.wav,6.288125,4.705534
/mnt/md1/user_wago/data/LJSpeech-1.1/wavs/LJ042-0114.wav,5.24325,4.5829535
/mnt/md1/user_wago/data/LJSpeech-1.1/wavs/LJ014-0102.wav,1.7835,4.4645553
/mnt/md1/user_wago/data/LJSpeech-1.1/wavs/LJ019-0351.wav,7.2285625,4.4910803
/mnt/md1/user_wago/data/LJSpeech-1.1/wavs/LJ013-0149.wav,9.956875,4.571051
/mnt/md1/user_wago/data/LJSpeech-1.1/wavs/LJ037-0134.wav,8.6798125,4.760191
/mnt/md1/user_wago/data/LJSpeech-1.1/wavs/LJ006-0164.wav,4.4421875,4.6153574
/mnt/md1/user_wago/data/LJSpeech-1.1/wavs/LJ036-0133.wav,7.5071875,4.248973
/mnt/md1/user_wago/data/LJSpeech-1.1/wavs/LJ016-0317.wav,4.755625,4.5393367
/mnt/md1/user_wago/data/LJSpeech-1.1/wavs/LJ046-0063.wav,6.5435625,4.6454887
/mnt/md1/user_wago/data/LJSpeech-1.1/wavs/LJ047-0223.wav,4.6163125,4.5635514
/mnt/md1/user_wago/data/LJSpeech-1.1/wavs/LJ003-0061.wav,3.6410625,4.8148174
/mnt/md1/user_wago/data/LJSpeech-1.1/wavs/LJ003-0157.wav,5.13875,4.688732
/mnt/md1/user_wago/data/LJSpeech-1.1/wavs/LJ037-0250.wav,4.755625,4.803409
/mnt/md1/user_wago/data/LJSpeech-1.1/wavs/LJ010-0301.wav,3.327625,4.726342
/mnt/md1/user_wago/data/LJSpeech-1.1/wavs/LJ042-0029.wav,4.384125,4.7462926
/mnt/md1/user_wago/data/LJSpeech-1.1/wavs/LJ015-0154.wav,6.230125,4.5425625
/mnt/md1/user_wago/data/LJSpeech-1.1/wavs/LJ009-0183.wav,8.436,4.5147223
/mnt/md1/user_wago/data/LJSpeech-1.1/wavs/LJ019-0150.wav,6.6596875,4.6523705
/mnt/md1/user_wago/data/LJSpeech-1.1/wavs/LJ016-0318.wav,5.905,4.638035
/mnt/md1/user_wago/data/LJSpeech-1.1/wavs/LJ031-0139.wav,6.021125,4.678085
/mnt/md1/user_wago/data/LJSpeech-1.1/wavs/LJ004-0185.wav,7.77425,4.5058594
/mnt/md1/user_wago/data/LJSpeech-1.1/wavs/LJ036-0069.wav,8.912,4.591792
/mnt/md1/user_wago/data/LJSpeech-1.1/wavs/LJ045-0128.wav,9.295125,4.585981
/mnt/md1/user_wago/data/LJSpeech-1.1/wavs/LJ028-0443.wav,4.268,4.6350765
/mnt/md1/user_wago/data/LJSpeech-1.1/wavs/LJ041-0145.wav,9.2486875,4.6053944
/mnt/md1/user_wago/data/LJSpeech-1.1/wavs/LJ040-0216.wav,8.72625,4.551593
/mnt/md1/user_wago/data/LJSpeech-1.1/wavs/LJ013-0099.wav,4.5001875,4.7041073
/mnt/md1/user_wago/data/LJSpeech-1.1/wavs/LJ041-0160.wav,8.5405,4.547595
/mnt/md1/user_wago/data/LJSpeech-1.1/wavs/LJ028-0367.wav,3.316,4.685345
/mnt/md1/user_wago/data/LJSpeech-1.1/wavs/LJ030-0180.wav,6.6364375,4.548884
/mnt/md1/user_wago/data/LJSpeech-1.1/wavs/LJ008-0225.wav,8.819125,4.494696
/mnt/md1/user_wago/data/LJSpeech-1.1/wavs/LJ028-0042.wav,5.4058125,4.742652
/mnt/md1/user_wago/data/LJSpeech-1.1/wavs/LJ016-0309.wav,8.2850625,4.715469
/mnt/md1/user_wago/data/LJSpeech-1.1/wavs/LJ044-0033.wav,4.674375,4.2762136
/mnt/md1/user_wago/data/LJSpeech-1.1/wavs/LJ018-0220.wav,4.198375,4.1437736
/mnt/md1/user_wago/data/LJSpeech-1.1/wavs/LJ047-0205.wav,2.3988125,4.5042644
/mnt/md1/user_wago/data/LJSpeech-1.1/wavs/LJ048-0017.wav,9.7479375,4.553806
/mnt/md1/user_wago/data/LJSpeech-1.1/wavs/LJ039-0090.wav,8.2734375,4.460084
/mnt/md1/user_wago/data/LJSpeech-1.1/wavs/LJ006-0142.wav,6.40425,4.626431
/mnt/md1/user_wago/data/LJSpeech-1.1/wavs/LJ009-0162.wav,5.812125,4.5803437
/mnt/md1/user_wago/data/LJSpeech-1.1/wavs/LJ006-0225.wav,2.9445,4.742575
/mnt/md1/user_wago/data/LJSpeech-1.1/wavs/LJ022-0192.wav,3.107,4.787566
/mnt/md1/user_wago/data/LJSpeech-1.1/wavs/LJ046-0156.wav,7.19375,4.6124935
/mnt/md1/user_wago/data/LJSpeech-1.1/wavs/LJ043-0092.wav,8.3895625,4.541813
/mnt/md1/user_wago/data/LJSpeech-1.1/wavs/LJ010-0072.wav,1.3423125,4.3926516
/mnt/md1/user_wago/data/LJSpeech-1.1/wavs/LJ046-0129.wav,5.0923125,4.481125
/mnt/md1/user_wago/data/LJSpeech-1.1/wavs/LJ041-0036.wav,6.4390625,4.552396
/mnt/md1/user_wago/data/LJSpeech-1.1/wavs/LJ045-0180.wav,5.1851875,4.609269
/mnt/md1/user_wago/data/LJSpeech-1.1/wavs/LJ028-0226.wav,6.6945,4.401313
/mnt/md1/user_wago/data/LJSpeech-1.1/wavs/LJ028-0467.wav,6.7409375,4.2818317
/mnt/md1/user_wago/data/LJSpeech-1.1/wavs/LJ022-0136.wav,7.3214375,4.6057262
/mnt/md1/user_wago/data/LJSpeech-1.1/wavs/LJ040-0022.wav,2.54975,4.4589605
/mnt/md1/user_wago/data/LJSpeech-1.1/wavs/LJ033-0167.wav,9.2603125,4.3819246
/mnt/md1/user_wago/data/LJSpeech-1.1/wavs/LJ015-0083.wav,6.2416875,4.576873
/mnt/md1/user_wago/data/LJSpeech-1.1/wavs/LJ018-0303.wav,9.898875,4.6709404
/mnt/md1/user_wago/data/LJSpeech-1.1/wavs/LJ027-0025.wav,7.542,4.452885
/mnt/md1/user_wago/data/LJSpeech-1.1/wavs/LJ011-0287.wav,7.35625,4.663347
/mnt/md1/user_wago/data/LJSpeech-1.1/wavs/LJ042-0219.wav,10.0265625,4.45296
/mnt/md1/user_wago/data/LJSpeech-1.1/wavs/LJ014-0287.wav,9.5621875,4.3479633
/mnt/md1/user_wago/data/LJSpeech-1.1/wavs/LJ027-0055.wav,9.086125,4.2821865
/mnt/md1/user_wago/data/LJSpeech-1.1/wavs/LJ021-0033.wav,4.39575,4.6070986
/mnt/md1/user_wago/data/LJSpeech-1.1/wavs/LJ035-0064.wav,6.0443125,4.5130205
/mnt/md1/user_wago/data/LJSpeech-1.1/wavs/LJ038-0103.wav,4.7091875,4.6521997
/mnt/md1/user_wago/data/LJSpeech-1.1/wavs/LJ007-0229.wav,9.689875,4.124756
/mnt/md1/user_wago/data/LJSpeech-1.1/wavs/LJ046-0112.wav,5.417375,4.673735
/mnt/md1/user_wago/data/LJSpeech-1.1/wavs/LJ029-0171.wav,7.4026875,4.718769
/mnt/md1/user_wago/data/LJSpeech-1.1/wavs/LJ040-0188.wav,9.806,4.3827295
/mnt/md1/user_wago/data/LJSpeech-1.1/wavs/LJ029-0061.wav,9.666625,4.6338377
/mnt/md1/user_wago/data/LJSpeech-1.1/wavs/LJ017-0093.wav,6.50875,4.764736
/mnt/md1/user_wago/data/LJSpeech-1.1/wavs/LJ011-0207.wav,5.0575,3.9858134
/mnt/md1/user_wago/data/LJSpeech-1.1/wavs/LJ031-0170.wav,6.3461875,4.569809
/mnt/md1/user_wago/data/LJSpeech-1.1/wavs/LJ002-0020.wav,1.5396875,4.139976
/mnt/md1/user_wago/data/LJSpeech-1.1/wavs/LJ039-0091.wav,8.261875,4.4211326
/mnt/md1/user_wago/data/LJSpeech-1.1/wavs/LJ050-0278.wav,8.923625,4.5824914
/mnt/md1/user_wago/data/LJSpeech-1.1/wavs/LJ050-0255.wav,2.2943125,4.6177797
/mnt/md1/user_wago/data/LJSpeech-1.1/wavs/LJ010-0197.wav,6.996375,4.6064234
/mnt/md1/user_wago/data/LJSpeech-1.1/wavs/LJ031-0161.wav,6.40425,4.5895863
/mnt/md1/user_wago/data/LJSpeech-1.1/wavs/LJ012-0175.wav,6.40425,4.67138
/mnt/md1/user_wago/data/LJSpeech-1.1/wavs/LJ034-0160.wav,7.286625,4.4237833
/mnt/md1/user_wago/data/LJSpeech-1.1/wavs/LJ038-0292.wav,5.045875,4.385413
/mnt/md1/user_wago/data/LJSpeech-1.1/wavs/LJ048-0083.wav,8.04125,4.4155827
/mnt/md1/user_wago/data/LJSpeech-1.1/wavs/LJ030-0090.wav,9.004875,4.463288
/mnt/md1/user_wago/data/LJSpeech-1.1/wavs/LJ034-0045.wav,8.912,4.5575447
/mnt/md1/user_wago/data/LJSpeech-1.1/wavs/LJ045-0182.wav,9.6318125,4.517044
/mnt/md1/user_wago/data/LJSpeech-1.1/wavs/LJ010-0093.wav,6.787375,4.4496713
/mnt/md1/user_wago/data/LJSpeech-1.1/wavs/LJ049-0087.wav,6.2765625,4.598016
/mnt/md1/user_wago/data/LJSpeech-1.1/wavs/LJ026-0007.wav,3.525,4.701533
/mnt/md1/user_wago/data/LJSpeech-1.1/wavs/LJ002-0058.wav,7.6116875,4.660034
/mnt/md1/user_wago/data/LJSpeech-1.1/wavs/LJ005-0159.wav,7.56525,4.7136135
/mnt/md1/user_wago/data/LJSpeech-1.1/wavs/LJ017-0269.wav,9.597,4.6413856
/mnt/md1/user_wago/data/LJSpeech-1.1/wavs/LJ028-0223.wav,8.9468125,4.355761
/mnt/md1/user_wago/data/LJSpeech-1.1/wavs/LJ042-0168.wav,4.941375,4.5489855
/mnt/md1/user_wago/data/LJSpeech-1.1/wavs/LJ010-0032.wav,9.0513125,4.5808983
/mnt/md1/user_wago/data/LJSpeech-1.1/wavs/LJ007-0116.wav,6.7176875,4.5779047
/mnt/md1/user_wago/data/LJSpeech-1.1/wavs/LJ040-0105.wav,4.9065625,4.5742874
/mnt/md1/user_wago/data/LJSpeech-1.1/wavs/LJ014-0277.wav,5.3709375,4.66603
/mnt/md1/user_wago/data/LJSpeech-1.1/wavs/LJ012-0259.wav,3.23475,4.6993117
/mnt/md1/user_wago/data/LJSpeech-1.1/wavs/LJ008-0264.wav,10.0149375,4.2520804
/mnt/md1/user_wago/data/LJSpeech-1.1/wavs/LJ017-0276.wav,5.24325,4.7976704
/mnt/md1/user_wago/data/LJSpeech-1.1/wavs/LJ016-0046.wav,5.5799375,4.720351
/mnt/md1/user_wago/data/LJSpeech-1.1/wavs/LJ019-0016.wav,9.8524375,4.592372
/mnt/md1/user_wago/data/LJSpeech-1.1/wavs/LJ015-0144.wav,5.8934375,4.5133514
/mnt/md1/user_wago/data/LJSpeech-1.1/wavs/LJ017-0181.wav,7.6465,4.6566987
/mnt/md1/user_wago/data/LJSpeech-1.1/wavs/LJ023-0005.wav,2.4104375,4.7639594
/mnt/md1/user_wago/data/LJSpeech-1.1/wavs/LJ045-0017.wav,7.7045625,4.6898594
/mnt/md1/user_wago/data/LJSpeech-1.1/wavs/LJ041-0009.wav,7.08925,4.746863
/mnt/md1/user_wago/data/LJSpeech-1.1/wavs/LJ012-0280.wav,4.0241875,4.585391
/mnt/md1/user_wago/data/LJSpeech-1.1/wavs/LJ044-0043.wav,7.7858125,4.465041
/mnt/md1/user_wago/data/LJSpeech-1.1/wavs/LJ024-0081.wav,9.190625,4.3007874
/mnt/md1/user_wago/data/LJSpeech-1.1/wavs/LJ033-0032.wav,4.546625,4.718367
/mnt/md1/user_wago/data/LJSpeech-1.1/wavs/LJ035-0081.wav,3.408875,4.605705
/mnt/md1/user_wago/data/LJSpeech-1.1/wavs/LJ018-0102.wav,10.09625,4.546909
/mnt/md1/user_wago/data/LJSpeech-1.1/wavs/LJ039-0234.wav,7.8206875,4.416478
/mnt/md1/user_wago/data/LJSpeech-1.1/wavs/LJ027-0083.wav,8.25025,4.4383225
/mnt/md1/user_wago/data/LJSpeech-1.1/wavs/LJ021-0065.wav,3.81525,4.412722
/mnt/md1/user_wago/data/LJSpeech-1.1/wavs/LJ030-0052.wav,4.4421875,4.7628384
/mnt/md1/user_wago/data/LJSpeech-1.1/wavs/LJ010-0119.wav,8.25025,4.3259773
/mnt/md1/user_wago/data/LJSpeech-1.1/wavs/LJ026-0101.wav,2.9445,4.6298904
/mnt/md1/user_wago/data/LJSpeech-1.1/wavs/LJ037-0153.wav,5.2665,4.6690974
/mnt/md1/user_wago/data/LJSpeech-1.1/wavs/LJ032-0061.wav,4.7324375,4.7019367
/mnt/md1/user_wago/data/LJSpeech-1.1/wavs/LJ050-0230.wav,3.4669375,4.656906
/mnt/md1/user_wago/data/LJSpeech-1.1/wavs/LJ007-0199.wav,8.1805625,4.445646
/mnt/md1/user_wago/data/LJSpeech-1.1/wavs/LJ011-0115.wav,8.157375,4.5583
/mnt/md1/user_wago/data/LJSpeech-1.1/wavs/LJ031-0029.wav,7.8903125,4.6321907
/mnt/md1/user_wago/data/LJSpeech-1.1/wavs/LJ032-0124.wav,8.1805625,4.364523
/mnt/md1/user_wago/data/LJSpeech-1.1/wavs/LJ047-0175.wav,9.3415625,4.602474
/mnt/md1/user_wago/data/LJSpeech-1.1/wavs/LJ026-0125.wav,6.7176875,4.3858356
/mnt/md1/user_wago/data/LJSpeech-1.1/wavs/LJ010-0126.wav,8.93525,4.5511975
/mnt/md1/user_wago/data/LJSpeech-1.1/wavs/LJ018-0071.wav,7.77425,4.585629
/mnt/md1/user_wago/data/LJSpeech-1.1/wavs/LJ002-0003.wav,10.0265625,4.5628366
/mnt/md1/user_wago/data/LJSpeech-1.1/wavs/LJ028-0012.wav,9.086125,4.522088
/mnt/md1/user_wago/data/LJSpeech-1.1/wavs/LJ011-0291.wav,7.7278125,4.5421453
/mnt/md1/user_wago/data/LJSpeech-1.1/wavs/LJ046-0158.wav,7.56525,4.6594486
/mnt/md1/user_wago/data/LJSpeech-1.1/wavs/LJ013-0208.wav,5.150375,4.7401824
/mnt/md1/user_wago/data/LJSpeech-1.1/wavs/LJ021-0183.wav,4.3144375,4.5385904
/mnt/md1/user_wago/data/LJSpeech-1.1/wavs/LJ047-0091.wav,4.55825,4.6288915
/mnt/md1/user_wago/data/LJSpeech-1.1/wavs/LJ035-0157.wav,6.3461875,4.555102
/mnt/md1/user_wago/data/LJSpeech-1.1/wavs/LJ003-0020.wav,7.1356875,4.4862194
/mnt/md1/user_wago/data/LJSpeech-1.1/wavs/LJ002-0231.wav,5.835375,4.530291
/mnt/md1/user_wago/data/LJSpeech-1.1/wavs/LJ009-0051.wav,4.5001875,4.617122
/mnt/md1/user_wago/data/LJSpeech-1.1/wavs/LJ030-0047.wav,4.2099375,4.8422995
/mnt/md1/user_wago/data/LJSpeech-1.1/wavs/LJ033-0082.wav,3.5365625,4.609728
/mnt/md1/user_wago/data/LJSpeech-1.1/wavs/LJ004-0080.wav,6.3345625,4.5506325
/mnt/md1/user_wago/data/LJSpeech-1.1/wavs/LJ021-0158.wav,6.0791875,4.373789
/mnt/md1/user_wago/data/LJSpeech-1.1/wavs/LJ003-0096.wav,8.35475,4.5944877
/mnt/md1/user_wago/data/LJSpeech-1.1/wavs/LJ019-0341.wav,7.0428125,4.7174716
/mnt/md1/user_wago/data/LJSpeech-1.1/wavs/LJ038-0160.wav,7.2401875,4.650129
/mnt/md1/user_wago/data/LJSpeech-1.1/wavs/LJ049-0002.wav,6.2185,4.7075663
/mnt/md1/user_wago/data/LJSpeech-1.1/wavs/LJ029-0149.wav,8.35475,4.5382366
/mnt/md1/user_wago/data/LJSpeech-1.1/wavs/LJ040-0107.wav,8.51725,4.521165
/mnt/md1/user_wago/data/LJSpeech-1.1/wavs/LJ022-0105.wav,8.25025,4.4693
/mnt/md1/user_wago/data/LJSpeech-1.1/wavs/LJ006-0268.wav,6.1720625,4.548525
/mnt/md1/user_wago/data/LJSpeech-1.1/wavs/LJ023-0096.wav,4.256375,4.6699543
/mnt/md1/user_wago/data/LJSpeech-1.1/wavs/LJ033-0103.wav,5.812125,4.6684394
/mnt/md1/user_wago/data/LJSpeech-1.1/wavs/LJ015-0048.wav,5.24325,4.6706266
/mnt/md1/user_wago/data/LJSpeech-1.1/wavs/LJ018-0317.wav,8.3315,4.653392
/mnt/md1/user_wago/data/LJSpeech-1.1/wavs/LJ027-0062.wav,6.4275,4.4628873
/mnt/md1/user_wago/data/LJSpeech-1.1/wavs/LJ047-0022.wav,1.980875,4.6471357
/mnt/md1/user_wago/data/LJSpeech-1.1/wavs/LJ045-0041.wav,8.0993125,4.563411
/mnt/md1/user_wago/data/LJSpeech-1.1/wavs/LJ046-0119.wav,6.8454375,4.6311426
/mnt/md1/user_wago/data/LJSpeech-1.1/wavs/LJ012-0007.wav,7.971625,4.7137275
/mnt/md1/user_wago/data/LJSpeech-1.1/wavs/LJ009-0282.wav,5.440625,4.465584
/mnt/md1/user_wago/data/LJSpeech-1.1/wavs/LJ006-0252.wav,9.4576875,4.6352954
/mnt/md1/user_wago/data/LJSpeech-1.1/wavs/LJ026-0140.wav,6.7293125,4.469153
/mnt/md1/user_wago/data/LJSpeech-1.1/wavs/LJ003-0273.wav,4.2331875,4.5956726
/mnt/md1/user_wago/data/LJSpeech-1.1/wavs/LJ032-0116.wav,6.6364375,4.4409227
/mnt/md1/user_wago/data/LJSpeech-1.1/wavs/LJ021-0008.wav,3.223125,4.1723185
/mnt/md1/user_wago/data/LJSpeech-1.1/wavs/LJ028-0138.wav,6.0095,4.6612325
/mnt/md1/user_wago/data/LJSpeech-1.1/wavs/LJ002-0077.wav,6.9035,4.644061
/mnt/md1/user_wago/data/LJSpeech-1.1/wavs/LJ014-0229.wav,7.4026875,4.6079664
/mnt/md1/user_wago/data/LJSpeech-1.1/wavs/LJ005-0129.wav,4.3144375,4.769231
/mnt/md1/user_wago/data/LJSpeech-1.1/wavs/LJ049-0097.wav,3.966125,4.589671
/mnt/md1/user_wago/data/LJSpeech-1.1/wavs/LJ030-0187.wav,6.98475,4.5992947
/mnt/md1/user_wago/data/LJSpeech-1.1/wavs/LJ030-0002.wav,3.1766875,4.7966933
/mnt/md1/user_wago/data/LJSpeech-1.1/wavs/LJ019-0284.wav,10.0149375,4.6117277
/mnt/md1/user_wago/data/LJSpeech-1.1/wavs/LJ001-0056.wav,5.4986875,4.3575106
/mnt/md1/user_wago/data/LJSpeech-1.1/wavs/LJ026-0060.wav,9.864,4.532864
/mnt/md1/user_wago/data/LJSpeech-1.1/wavs/LJ028-0116.wav,8.0645,4.502276
/mnt/md1/user_wago/data/LJSpeech-1.1/wavs/LJ004-0145.wav,4.651125,4.6670427
/mnt/md1/user_wago/data/LJSpeech-1.1/wavs/LJ037-0046.wav,6.9499375,4.6378465
/mnt/md1/user_wago/data/LJSpeech-1.1/wavs/LJ003-0224.wav,7.2053125,4.5844436
/mnt/md1/user_wago/data/LJSpeech-1.1/wavs/LJ042-0172.wav,9.109375,4.4081526
/mnt/md1/user_wago/data/LJSpeech-1.1/wavs/LJ013-0064.wav,2.932875,4.6428967
/mnt/md1/user_wago/data/LJSpeech-1.1/wavs/LJ044-0158.wav,5.2084375,4.6353617
/mnt/md1/user_wago/data/LJSpeech-1.1/wavs/LJ038-0201.wav,8.319875,4.735477
/mnt/md1/user_wago/data/LJSpeech-1.1/wavs/LJ028-0342.wav,3.0025,4.6205463
/mnt/md1/user_wago/data/LJSpeech-1.1/wavs/LJ050-0145.wav,8.3895625,4.5991435
/mnt/md1/user_wago/data/LJSpeech-1.1/wavs/LJ048-0221.wav,4.3028125,4.6908607
/mnt/md1/user_wago/data/LJSpeech-1.1/wavs/LJ015-0146.wav,5.1851875,4.583665
/mnt/md1/user_wago/data/LJSpeech-1.1/wavs/LJ040-0094.wav,6.6596875,4.532153
/mnt/md1/user_wago/data/LJSpeech-1.1/wavs/LJ027-0053.wav,9.318375,4.4214683
/mnt/md1/user_wago/data/LJSpeech-1.1/wavs/LJ002-0246.wav,5.359375,4.4051247
/mnt/md1/user_wago/data/LJSpeech-1.1/wavs/LJ031-0224.wav,4.0241875,4.7650437
/mnt/md1/user_wago/data/LJSpeech-1.1/wavs/LJ007-0011.wav,9.086125,4.6965065
/mnt/md1/user_wago/data/LJSpeech-1.1/wavs/LJ021-0116.wav,8.819125,4.598063
/mnt/md1/user_wago/data/LJSpeech-1.1/wavs/LJ027-0037.wav,2.92125,4.352442
/mnt/md1/user_wago/data/LJSpeech-1.1/wavs/LJ032-0074.wav,6.125625,4.4881735
/mnt/md1/user_wago/data/LJSpeech-1.1/wavs/LJ012-0260.wav,8.4591875,4.617811
/mnt/md1/user_wago/data/LJSpeech-1.1/wavs/LJ039-0074.wav,8.51725,4.5201654
/mnt/md1/user_wago/data/LJSpeech-1.1/wavs/LJ030-0003.wav,2.143375,4.6150947
/mnt/md1/user_wago/data/LJSpeech-1.1/wavs/LJ032-0145.wav,4.686,4.601039
/mnt/md1/user_wago/data/LJSpeech-1.1/wavs/LJ012-0135.wav,8.72625,4.644423
/mnt/md1/user_wago/data/LJSpeech-1.1/wavs/LJ046-0152.wav,5.82375,4.63954
/mnt/md1/user_wago/data/LJSpeech-1.1/wavs/LJ034-0009.wav,3.81525,4.614276
/mnt/md1/user_wago/data/LJSpeech-1.1/wavs/LJ021-0006.wav,9.7595625,4.528685
/mnt/md1/user_wago/data/LJSpeech-1.1/wavs/LJ029-0174.wav,3.699125,4.7336726
/mnt/md1/user_wago/data/LJSpeech-1.1/wavs/LJ007-0042.wav,4.4421875,4.7423625
/mnt/md1/user_wago/data/LJSpeech-1.1/wavs/LJ006-0241.wav,6.125625,4.396947
/mnt/md1/user_wago/data/LJSpeech-1.1/wavs/LJ036-0169.wav,4.6975625,4.690222
/mnt/md1/user_wago/data/LJSpeech-1.1/wavs/LJ048-0088.wav,9.689875,4.5794196
/mnt/md1/user_wago/data/LJSpeech-1.1/wavs/LJ008-0137.wav,3.5714375,4.5789666
/mnt/md1/user_wago/data/LJSpeech-1.1/wavs/LJ022-0190.wav,9.2255,4.5667615
/mnt/md1/user_wago/data/LJSpeech-1.1/wavs/LJ025-0153.wav,6.61325,4.7018657
/mnt/md1/user_wago/data/LJSpeech-1.1/wavs/LJ032-0112.wav,2.5961875,4.534462
/mnt/md1/user_wago/data/LJSpeech-1.1/wavs/LJ009-0279.wav,3.39725,4.47545
/mnt/md1/user_wago/data/LJSpeech-1.1/wavs/LJ023-0062.wav,3.989375,4.525312
/mnt/md1/user_wago/data/LJSpeech-1.1/wavs/LJ035-0022.wav,9.597,4.442288
/mnt/md1/user_wago/data/LJSpeech-1.1/wavs/LJ014-0266.wav,7.77425,4.6254597
/mnt/md1/user_wago/data/LJSpeech-1.1/wavs/LJ050-0234.wav,9.864,4.5794063
/mnt/md1/user_wago/data/LJSpeech-1.1/wavs/LJ045-0225.wav,5.51025,4.678609
/mnt/md1/user_wago/data/LJSpeech-1.1/wavs/LJ047-0181.wav,9.88725,4.4604993
/mnt/md1/user_wago/data/LJSpeech-1.1/wavs/LJ017-0086.wav,4.8136875,4.6877275
/mnt/md1/user_wago/data/LJSpeech-1.1/wavs/LJ043-0084.wav,5.9630625,4.485583
/mnt/md1/user_wago/data/LJSpeech-1.1/wavs/LJ018-0044.wav,9.3648125,4.650396
/mnt/md1/user_wago/data/LJSpeech-1.1/wavs/LJ010-0161.wav,2.8864375,4.6991353
/mnt/md1/user_wago/data/LJSpeech-1.1/wavs/LJ047-0115.wav,6.50875,4.530135
/mnt/md1/user_wago/data/LJSpeech-1.1/wavs/LJ010-0241.wav,8.5753125,4.708987
/mnt/md1/user_wago/data/LJSpeech-1.1/wavs/LJ010-0205.wav,6.578375,4.743758
/mnt/md1/user_wago/data/LJSpeech-1.1/wavs/LJ019-0219.wav,8.0064375,4.467004
/mnt/md1/user_wago/data/LJSpeech-1.1/wavs/LJ032-0208.wav,6.9035,4.639145
/mnt/md1/user_wago/data/LJSpeech-1.1/wavs/LJ035-0144.wav,1.853125,4.74119
/mnt/md1/user_wago/data/LJSpeech-1.1/wavs/LJ038-0295.wav,9.028125,4.418667
/mnt/md1/user_wago/data/LJSpeech-1.1/wavs/LJ032-0045.wav,7.66975,4.7525544
/mnt/md1/user_wago/data/LJSpeech-1.1/wavs/LJ009-0158.wav,8.5753125,4.6615753
/mnt/md1/user_wago/data/LJSpeech-1.1/wavs/LJ048-0040.wav,4.7324375,4.775503
/mnt/md1/user_wago/data/LJSpeech-1.1/wavs/LJ037-0112.wav,5.2780625,4.6572514
/mnt/md1/user_wago/data/LJSpeech-1.1/wavs/LJ007-0173.wav,10.073,4.666791
/mnt/md1/user_wago/data/LJSpeech-1.1/wavs/LJ038-0143.wav,9.086125,4.6941013
/mnt/md1/user_wago/data/LJSpeech-1.1/wavs/LJ045-0104.wav,9.8291875,4.599824
/mnt/md1/user_wago/data/LJSpeech-1.1/wavs/LJ014-0335.wav,4.3144375,4.533189
/mnt/md1/user_wago/data/LJSpeech-1.1/wavs/LJ003-0345.wav,5.5335,4.734238
/mnt/md1/user_wago/data/LJSpeech-1.1/wavs/LJ015-0092.wav,8.0993125,4.563144
/mnt/md1/user_wago/data/LJSpeech-1.1/wavs/LJ005-0069.wav,5.5335,4.707486
/mnt/md1/user_wago/data/LJSpeech-1.1/wavs/LJ031-0103.wav,7.658125,4.696684
/mnt/md1/user_wago/data/LJSpeech-1.1/wavs/LJ014-0201.wav,9.004875,4.523637
/mnt/md1/user_wago/data/LJSpeech-1.1/wavs/LJ035-0180.wav,5.336125,4.535266
/mnt/md1/user_wago/data/LJSpeech-1.1/wavs/LJ012-0251.wav,7.56525,4.6054134
/mnt/md1/user_wago/data/LJSpeech-1.1/wavs/LJ044-0156.wav,3.9313125,4.360808
/mnt/md1/user_wago/data/LJSpeech-1.1/wavs/LJ027-0117.wav,6.6945,4.464668
/mnt/md1/user_wago/data/LJSpeech-1.1/wavs/LJ033-0089.wav,6.392625,4.675047
/mnt/md1/user_wago/data/LJSpeech-1.1/wavs/LJ012-0257.wav,7.286625,4.5063834
/mnt/md1/user_wago/data/LJSpeech-1.1/wavs/LJ032-0234.wav,8.2966875,4.7062907
/mnt/md1/user_wago/data/LJSpeech-1.1/wavs/LJ001-0068.wav,9.121,4.342459
/mnt/md1/user_wago/data/LJSpeech-1.1/wavs/LJ050-0018.wav,7.19375,4.4966617
/mnt/md1/user_wago/data/LJSpeech-1.1/wavs/LJ009-0101.wav,7.948375,4.4611073
/mnt/md1/user_wago/data/LJSpeech-1.1/wavs/LJ027-0098.wav,4.55825,4.659343
/mnt/md1/user_wago/data/LJSpeech-1.1/wavs/LJ033-0155.wav,9.7363125,4.728162
/mnt/md1/user_wago/data/LJSpeech-1.1/wavs/LJ011-0117.wav,6.9383125,4.6565685
/mnt/md1/user_wago/data/LJSpeech-1.1/wavs/LJ038-0262.wav,9.57375,4.144662
/mnt/md1/user_wago/data/LJSpeech-1.1/wavs/LJ032-0142.wav,7.484,4.409939
/mnt/md1/user_wago/data/LJSpeech-1.1/wavs/LJ022-0061.wav,6.102375,4.643278
/mnt/md1/user_wago/data/LJSpeech-1.1/wavs/LJ039-0085.wav,7.066,4.5410447
/mnt/md1/user_wago/data/LJSpeech-1.1/wavs/LJ045-0023.wav,9.6550625,4.5403967
/mnt/md1/user_wago/data/LJSpeech-1.1/wavs/LJ002-0172.wav,5.22,4.3919945
/mnt/md1/user_wago/data/LJSpeech-1.1/wavs/LJ007-0169.wav,2.642625,4.666205
/mnt/md1/user_wago/data/LJSpeech-1.1/wavs/LJ014-0044.wav,9.295125,4.6028237
/mnt/md1/user_wago/data/LJSpeech-1.1/wavs/LJ021-0058.wav,6.3694375,4.4310265
/mnt/md1/user_wago/data/LJSpeech-1.1/wavs/LJ011-0275.wav,4.5234375,4.3245993
/mnt/md1/user_wago/data/LJSpeech-1.1/wavs/LJ003-0165.wav,5.71925,4.595126
/mnt/md1/user_wago/data/LJSpeech-1.1/wavs/LJ008-0256.wav,5.03425,4.589168
/mnt/md1/user_wago/data/LJSpeech-1.1/wavs/LJ028-0125.wav,5.4754375,4.597884
/mnt/md1/user_wago/data/LJSpeech-1.1/wavs/LJ036-0019.wav,8.2734375,4.640678
/mnt/md1/user_wago/data/LJSpeech-1.1/wavs/LJ029-0194.wav,4.29125,4.770556
/mnt/md1/user_wago/data/LJSpeech-1.1/wavs/LJ026-0036.wav,8.1109375,4.5692997
/mnt/md1/user_wago/data/LJSpeech-1.1/wavs/LJ004-0030.wav,7.6233125,4.37469
/mnt/md1/user_wago/data/LJSpeech-1.1/wavs/LJ032-0067.wav,8.6914375,4.6730413
/mnt/md1/user_wago/data/LJSpeech-1.1/wavs/LJ004-0100.wav,8.8888125,4.4213305
/mnt/md1/user_wago/data/LJSpeech-1.1/wavs/LJ043-0137.wav,9.0165,4.6826706
/mnt/md1/user_wago/data/LJSpeech-1.1/wavs/LJ018-0262.wav,3.8965,4.632784
/mnt/md1/user_wago/data/LJSpeech-1.1/wavs/LJ045-0205.wav,6.7409375,4.663899
/mnt/md1/user_wago/data/LJSpeech-1.1/wavs/LJ048-0230.wav,2.44525,4.640868
/mnt/md1/user_wago/data/LJSpeech-1.1/wavs/LJ029-0180.wav,3.675875,4.703052
/mnt/md1/user_wago/data/LJSpeech-1.1/wavs/LJ017-0206.wav,8.1109375,4.6532335
/mnt/md1/user_wago/data/LJSpeech-1.1/wavs/LJ005-0170.wav,6.311375,4.7005286
/mnt/md1/user_wago/data/LJSpeech-1.1/wavs/LJ034-0128.wav,6.9035,4.586923
/mnt/md1/user_wago/data/LJSpeech-1.1/wavs/LJ004-0101.wav,4.0358125,4.668
/mnt/md1/user_wago/data/LJSpeech-1.1/wavs/LJ048-0245.wav,6.6480625,4.694151
/mnt/md1/user_wago/data/LJSpeech-1.1/wavs/LJ046-0246.wav,9.2719375,4.5656853
/mnt/md1/user_wago/data/LJSpeech-1.1/wavs/LJ029-0106.wav,8.5869375,4.7016478
/mnt/md1/user_wago/data/LJSpeech-1.1/wavs/LJ036-0105.wav,1.2145625,4.3269615
/mnt/md1/user_wago/data/LJSpeech-1.1/wavs/LJ022-0055.wav,7.08925,4.6148477
/mnt/md1/user_wago/data/LJSpeech-1.1/wavs/LJ034-0218.wav,6.8221875,4.6315637
/mnt/md1/user_wago/data/LJSpeech-1.1/wavs/LJ018-0274.wav,8.8539375,4.544223
/mnt/md1/user_wago/data/LJSpeech-1.1/wavs/LJ012-0085.wav,8.157375,4.743112
/mnt/md1/user_wago/data/LJSpeech-1.1/wavs/LJ038-0175.wav,5.8818125,4.726317
/mnt/md1/user_wago/data/LJSpeech-1.1/wavs/LJ013-0158.wav,5.521875,4.5948887
/mnt/md1/user_wago/data/LJSpeech-1.1/wavs/LJ018-0325.wav,10.0498125,4.6522765
/mnt/md1/user_wago/data/LJSpeech-1.1/wavs/LJ031-0226.wav,7.46075,4.7171745
/mnt/md1/user_wago/data/LJSpeech-1.1/wavs/LJ050-0056.wav,7.77425,4.7121754
/mnt/md1/user_wago/data/LJSpeech-1.1/wavs/LJ024-0030.wav,7.1356875,4.3180265
/mnt/md1/user_wago/data/LJSpeech-1.1/wavs/LJ016-0255.wav,9.388,4.5813484
/mnt/md1/user_wago/data/LJSpeech-1.1/wavs/LJ007-0186.wav,4.9994375,4.549733
/mnt/md1/user_wago/data/LJSpeech-1.1/wavs/LJ047-0011.wav,8.3663125,4.6198025
/mnt/md1/user_wago/data/LJSpeech-1.1/wavs/LJ031-0181.wav,5.1851875,4.714615
/mnt/md1/user_wago/data/LJSpeech-1.1/wavs/LJ018-0354.wav,3.2695625,4.7604127
/mnt/md1/user_wago/data/LJSpeech-1.1/wavs/LJ040-0209.wav,4.268,3.9273984
/mnt/md1/user_wago/data/LJSpeech-1.1/wavs/LJ033-0152.wav,8.319875,4.6531973
/mnt/md1/user_wago/data/LJSpeech-1.1/wavs/LJ043-0053.wav,7.449125,4.6854687
/mnt/md1/user_wago/data/LJSpeech-1.1/wavs/LJ038-0151.wav,4.2099375,4.7724223
/mnt/md1/user_wago/data/LJSpeech-1.1/wavs/LJ029-0193.wav,5.254875,4.6107073
/mnt/md1/user_wago/data/LJSpeech-1.1/wavs/LJ046-0074.wav,9.109375,4.7255945
/mnt/md1/user_wago/data/LJSpeech-1.1/wavs/LJ040-0123.wav,6.29975,4.549894
/mnt/md1/user_wago/data/LJSpeech-1.1/wavs/LJ029-0087.wav,9.4693125,4.607609
/mnt/md1/user_wago/data/LJSpeech-1.1/wavs/LJ041-0152.wav,9.376375,4.657082
/mnt/md1/user_wago/data/LJSpeech-1.1/wavs/LJ042-0148.wav,3.617875,4.4775553
/mnt/md1/user_wago/data/LJSpeech-1.1/wavs/LJ039-0079.wav,9.3415625,4.2327065
/mnt/md1/user_wago/data/LJSpeech-1.1/wavs/LJ040-0119.wav,9.864,4.4669313
/mnt/md1/user_wago/data/LJSpeech-1.1/wavs/LJ022-0006.wav,6.9035,4.7067137
/mnt/md1/user_wago/data/LJSpeech-1.1/wavs/LJ002-0192.wav,8.1689375,4.5560975
/mnt/md1/user_wago/data/LJSpeech-1.1/wavs/LJ034-0013.wav,7.576875,4.6458583
/mnt/md1/user_wago/data/LJSpeech-1.1/wavs/LJ021-0024.wav,9.67825,4.5258346
/mnt/md1/user_wago/data/LJSpeech-1.1/wavs/LJ036-0056.wav,9.0396875,4.6187477
/mnt/md1/user_wago/data/LJSpeech-1.1/wavs/LJ045-0123.wav,7.83225,4.6488304
/mnt/md1/user_wago/data/LJSpeech-1.1/wavs/LJ019-0087.wav,7.8555,4.684836
/mnt/md1/user_wago/data/LJSpeech-1.1/wavs/LJ047-0078.wav,6.6480625,4.6519747
/mnt/md1/user_wago/data/LJSpeech-1.1/wavs/LJ037-0160.wav,9.875625,4.6674013
/mnt/md1/user_wago/data/LJSpeech-1.1/wavs/LJ017-0077.wav,10.084625,4.567855
/mnt/md1/user_wago/data/LJSpeech-1.1/wavs/LJ021-0025.wav,6.682875,4.4887257
/mnt/md1/user_wago/data/LJSpeech-1.1/wavs/LJ037-0144.wav,6.868625,4.7982755
/mnt/md1/user_wago/data/LJSpeech-1.1/wavs/LJ040-0161.wav,9.6550625,4.3569384
/mnt/md1/user_wago/data/LJSpeech-1.1/wavs/LJ026-0119.wav,6.1604375,4.5050616
/mnt/md1/user_wago/data/LJSpeech-1.1/wavs/LJ046-0149.wav,9.4460625,4.376077
/mnt/md1/user_wago/data/LJSpeech-1.1/wavs/LJ019-0273.wav,5.905,4.608678
/mnt/md1/user_wago/data/LJSpeech-1.1/wavs/LJ011-0125.wav,8.900375,4.5888395
/mnt/md1/user_wago/data/LJSpeech-1.1/wavs/LJ012-0016.wav,8.0876875,4.7594748
/mnt/md1/user_wago/data/LJSpeech-1.1/wavs/LJ032-0035.wav,8.0876875,4.6784086
/mnt/md1/user_wago/data/LJSpeech-1.1/wavs/LJ047-0007.wav,7.7858125,4.6317616
/mnt/md1/user_wago/data/LJSpeech-1.1/wavs/LJ046-0136.wav,2.619375,4.689721
/mnt/md1/user_wago/data/LJSpeech-1.1/wavs/LJ010-0296.wav,9.597,4.5096245
/mnt/md1/user_wago/data/LJSpeech-1.1/wavs/LJ016-0012.wav,2.7586875,4.756468
/mnt/md1/user_wago/data/LJSpeech-1.1/wavs/LJ005-0240.wav,9.376375,4.5614367
/mnt/md1/user_wago/data/LJSpeech-1.1/wavs/LJ038-0256.wav,8.8539375,4.2932115
/mnt/md1/user_wago/data/LJSpeech-1.1/wavs/LJ002-0232.wav,5.4754375,4.504787
/mnt/md1/user_wago/data/LJSpeech-1.1/wavs/LJ010-0080.wav,4.5234375,4.5439444
/mnt/md1/user_wago/data/LJSpeech-1.1/wavs/LJ003-0330.wav,7.56525,4.5511713
/mnt/md1/user_wago/data/LJSpeech-1.1/wavs/LJ016-0326.wav,7.4955625,4.5109634
/mnt/md1/user_wago/data/LJSpeech-1.1/wavs/LJ036-0058.wav,8.99325,4.534077
/mnt/md1/user_wago/data/LJSpeech-1.1/wavs/LJ009-0004.wav,5.61475,4.5187335
/mnt/md1/user_wago/data/LJSpeech-1.1/wavs/LJ028-0325.wav,3.0025,3.9604917
/mnt/md1/user_wago/data/LJSpeech-1.1/wavs/LJ050-0223.wav,9.5505625,4.6567497
/mnt/md1/user_wago/data/LJSpeech-1.1/wavs/LJ030-0185.wav,5.1735625,4.426336
/mnt/md1/user_wago/data/LJSpeech-1.1/wavs/LJ048-0244.wav,7.6465,4.6685376
/mnt/md1/user_wago/data/LJSpeech-1.1/wavs/LJ031-0104.wav,3.722375,4.6898184
/mnt/md1/user_wago/data/LJSpeech-1.1/wavs/LJ002-0312.wav,9.0396875,4.5126505
/mnt/md1/user_wago/data/LJSpeech-1.1/wavs/LJ046-0254.wav,4.1403125,4.572482
/mnt/md1/user_wago/data/LJSpeech-1.1/wavs/LJ038-0105.wav,5.5799375,4.720636
/mnt/md1/user_wago/data/LJSpeech-1.1/wavs/LJ042-0208.wav,6.7293125,4.526606
/mnt/md1/user_wago/data/LJSpeech-1.1/wavs/LJ021-0196.wav,9.5389375,4.3156815
/mnt/md1/user_wago/data/LJSpeech-1.1/wavs/LJ018-0136.wav,5.835375,4.667155
/mnt/md1/user_wago/data/LJSpeech-1.1/wavs/LJ017-0008.wav,3.6410625,4.864623
/mnt/md1/user_wago/data/LJSpeech-1.1/wavs/LJ043-0097.wav,3.0721875,4.679104
/mnt/md1/user_wago/data/LJSpeech-1.1/wavs/LJ047-0023.wav,6.415875,4.6996455
/mnt/md1/user_wago/data/LJSpeech-1.1/wavs/LJ030-0231.wav,4.546625,4.734827
/mnt/md1/user_wago/data/LJSpeech-1.1/wavs/LJ011-0074.wav,4.8020625,4.659436
/mnt/md1/user_wago/data/LJSpeech-1.1/wavs/LJ037-0269.wav,6.61325,4.679905
/mnt/md1/user_wago/data/LJSpeech-1.1/wavs/LJ007-0013.wav,6.323,4.704175
/mnt/md1/user_wago/data/LJSpeech-1.1/wavs/LJ035-0072.wav,8.052875,4.3824296
/mnt/md1/user_wago/data/LJSpeech-1.1/wavs/LJ016-0344.wav,8.72625,4.378166
/mnt/md1/user_wago/data/LJSpeech-1.1/wavs/LJ001-0074.wav,6.50875,4.676171
/mnt/md1/user_wago/data/LJSpeech-1.1/wavs/LJ020-0103.wav,6.19525,4.481175
/mnt/md1/user_wago/data/LJSpeech-1.1/wavs/LJ016-0187.wav,3.50175,4.6577187
/mnt/md1/user_wago/data/LJSpeech-1.1/wavs/LJ045-0236.wav,5.2084375,4.67651
/mnt/md1/user_wago/data/LJSpeech-1.1/wavs/LJ026-0056.wav,6.3345625,4.6134152
/mnt/md1/user_wago/data/LJSpeech-1.1/wavs/LJ018-0010.wav,5.6031875,4.4881983
/mnt/md1/user_wago/data/LJSpeech-1.1/wavs/LJ040-0117.wav,8.6914375,4.3908954
/mnt/md1/user_wago/data/LJSpeech-1.1/wavs/LJ044-0168.wav,8.62175,4.45996
/mnt/md1/user_wago/data/LJSpeech-1.1/wavs/LJ034-0033.wav,2.6774375,4.7128615
/mnt/md1/user_wago/data/LJSpeech-1.1/wavs/LJ050-0192.wav,8.319875,4.643203
/mnt/md1/user_wago/data/LJSpeech-1.1/wavs/LJ009-0204.wav,6.1720625,4.6749506
/mnt/md1/user_wago/data/LJSpeech-1.1/wavs/LJ028-0468.wav,4.7091875,4.7191186
/mnt/md1/user_wago/data/LJSpeech-1.1/wavs/LJ028-0291.wav,6.1604375,4.2953525
/mnt/md1/user_wago/data/LJSpeech-1.1/wavs/LJ010-0132.wav,5.812125,4.68474
/mnt/md1/user_wago/data/LJSpeech-1.1/wavs/LJ018-0055.wav,5.127125,4.760025
/mnt/md1/user_wago/data/LJSpeech-1.1/wavs/LJ022-0079.wav,8.0064375,4.546995
/mnt/md1/user_wago/data/LJSpeech-1.1/wavs/LJ010-0108.wav,5.03425,4.690808
/mnt/md1/user_wago/data/LJSpeech-1.1/wavs/LJ015-0264.wav,9.028125,4.572635
/mnt/md1/user_wago/data/LJSpeech-1.1/wavs/LJ012-0054.wav,7.7858125,4.7232985
/mnt/md1/user_wago/data/LJSpeech-1.1/wavs/LJ049-0076.wav,9.5505625,4.6180477
/mnt/md1/user_wago/data/LJSpeech-1.1/wavs/LJ012-0139.wav,7.56525,4.5854754
/mnt/md1/user_wago/data/LJSpeech-1.1/wavs/LJ019-0049.wav,8.436,4.6504927
/mnt/md1/user_wago/data/LJSpeech-1.1/wavs/LJ013-0077.wav,9.5389375,4.70106
/mnt/md1/user_wago/data/LJSpeech-1.1/wavs/LJ043-0052.wav,3.13025,4.6306944
/mnt/md1/user_wago/data/LJSpeech-1.1/wavs/LJ040-0057.wav,9.0745625,4.513065
/mnt/md1/user_wago/data/LJSpeech-1.1/wavs/LJ021-0001.wav,7.0428125,4.5025935
/mnt/md1/user_wago/data/LJSpeech-1.1/wavs/LJ018-0130.wav,3.316,4.6725383
/mnt/md1/user_wago/data/LJSpeech-1.1/wavs/LJ008-0012.wav,9.7595625,4.5096436
/mnt/md1/user_wago/data/LJSpeech-1.1/wavs/LJ015-0270.wav,3.780375,4.6593604
/mnt/md1/user_wago/data/LJSpeech-1.1/wavs/LJ050-0049.wav,4.744,4.6425543
/mnt/md1/user_wago/data/LJSpeech-1.1/wavs/LJ008-0174.wav,8.157375,4.547204
/mnt/md1/user_wago/data/LJSpeech-1.1/wavs/LJ014-0158.wav,3.327625,4.534464
/mnt/md1/user_wago/data/LJSpeech-1.1/wavs/LJ047-0208.wav,4.953,4.62464
/mnt/md1/user_wago/data/LJSpeech-1.1/wavs/LJ009-0266.wav,7.286625,4.4766154
/mnt/md1/user_wago/data/LJSpeech-1.1/wavs/LJ018-0315.wav,5.9746875,4.730706
/mnt/md1/user_wago/data/LJSpeech-1.1/wavs/LJ002-0186.wav,8.4011875,4.612705
/mnt/md1/user_wago/data/LJSpeech-1.1/wavs/LJ047-0152.wav,9.57375,4.599226
/mnt/md1/user_wago/data/LJSpeech-1.1/wavs/LJ039-0180.wav,8.7843125,4.295361
/mnt/md1/user_wago/data/LJSpeech-1.1/wavs/LJ009-0036.wav,4.5930625,4.594626
/mnt/md1/user_wago/data/LJSpeech-1.1/wavs/LJ013-0073.wav,7.5884375,4.486961
/mnt/md1/user_wago/data/LJSpeech-1.1/wavs/LJ004-0202.wav,6.799,4.569908
/mnt/md1/user_wago/data/LJSpeech-1.1/wavs/LJ037-0001.wav,9.8175625,4.6040335
/mnt/md1/user_wago/data/LJSpeech-1.1/wavs/LJ017-0164.wav,8.6565625,4.530871
/mnt/md1/user_wago/data/LJSpeech-1.1/wavs/LJ025-0142.wav,6.8454375,4.5750093
/mnt/md1/user_wago/data/LJSpeech-1.1/wavs/LJ025-0152.wav,8.3779375,4.70794
/mnt/md1/user_wago/data/LJSpeech-1.1/wavs/LJ040-0184.wav,9.0396875,4.353103
/mnt/md1/user_wago/data/LJSpeech-1.1/wavs/LJ017-0094.wav,6.230125,4.6388493
/mnt/md1/user_wago/data/LJSpeech-1.1/wavs/LJ041-0150.wav,6.8338125,4.6030264
/mnt/md1/user_wago/data/LJSpeech-1.1/wavs/LJ040-0218.wav,8.7494375,4.380744
/mnt/md1/user_wago/data/LJSpeech-1.1/wavs/LJ047-0045.wav,3.5365625,4.614267
/mnt/md1/user_wago/data/LJSpeech-1.1/wavs/LJ007-0127.wav,4.755625,4.588243
/mnt/md1/user_wago/data/LJSpeech-1.1/wavs/LJ022-0040.wav,8.0645,4.6280127
/mnt/md1/user_wago/data/LJSpeech-1.1/wavs/LJ015-0226.wav,7.542,4.610967
/mnt/md1/user_wago/data/LJSpeech-1.1/wavs/LJ034-0219.wav,6.9266875,4.65956
/mnt/md1/user_wago/data/LJSpeech-1.1/wavs/LJ012-0131.wav,5.0110625,4.7813115
/mnt/md1/user_wago/data/LJSpeech-1.1/wavs/LJ016-0209.wav,6.5435625,4.5560656
/mnt/md1/user_wago/data/LJSpeech-1.1/wavs/LJ026-0141.wav,8.5985625,4.543017
/mnt/md1/user_wago/data/LJSpeech-1.1/wavs/LJ010-0277.wav,4.66275,4.5936017
/mnt/md1/user_wago/data/LJSpeech-1.1/wavs/LJ016-0073.wav,8.795875,4.6745405
/mnt/md1/user_wago/data/LJSpeech-1.1/wavs/LJ029-0051.wav,5.5683125,4.6854973
/mnt/md1/user_wago/data/LJSpeech-1.1/wavs/LJ008-0313.wav,5.6844375,4.438187
/mnt/md1/user_wago/data/LJSpeech-1.1/wavs/LJ050-0186.wav,4.674375,4.499724
/mnt/md1/user_wago/data/LJSpeech-1.1/wavs/LJ007-0152.wav,9.9453125,4.4448647
/mnt/md1/user_wago/data/LJSpeech-1.1/wavs/LJ036-0155.wav,7.182125,4.6130166
/mnt/md1/user_wago/data/LJSpeech-1.1/wavs/LJ007-0008.wav,1.2378125,4.1135488
/mnt/md1/user_wago/data/LJSpeech-1.1/wavs/LJ028-0048.wav,3.408875,4.6243763
/mnt/md1/user_wago/data/LJSpeech-1.1/wavs/LJ008-0210.wav,3.3740625,4.2039623
/mnt/md1/user_wago/data/LJSpeech-1.1/wavs/LJ014-0096.wav,9.213875,4.6960864
/mnt/md1/user_wago/data/LJSpeech-1.1/wavs/LJ001-0089.wav,8.6681875,4.3990407
/mnt/md1/user_wago/data/LJSpeech-1.1/wavs/LJ004-0062.wav,9.4344375,4.5991073
/mnt/md1/user_wago/data/LJSpeech-1.1/wavs/LJ008-0154.wav,8.4708125,4.4802194
/mnt/md1/user_wago/data/LJSpeech-1.1/wavs/LJ033-0129.wav,2.2130625,4.714878
/mnt/md1/user_wago/data/LJSpeech-1.1/wavs/LJ015-0218.wav,7.8555,4.6991415
/mnt/md1/user_wago/data/LJSpeech-1.1/wavs/LJ011-0135.wav,7.948375,4.6599674
/mnt/md1/user_wago/data/LJSpeech-1.1/wavs/LJ043-0032.wav,5.7540625,4.7618747
/mnt/md1/user_wago/data/LJSpeech-1.1/wavs/LJ021-0069.wav,8.633375,4.5651293
/mnt/md1/user_wago/data/LJSpeech-1.1/wavs/LJ039-0241.wav,6.497125,4.468407
/mnt/md1/user_wago/data/LJSpeech-1.1/wavs/LJ005-0165.wav,9.376375,4.58805
/mnt/md1/user_wago/data/LJSpeech-1.1/wavs/LJ015-0122.wav,5.3129375,4.390909
/mnt/md1/user_wago/data/LJSpeech-1.1/wavs/LJ010-0264.wav,4.7324375,4.1877675
/mnt/md1/user_wago/data/LJSpeech-1.1/wavs/LJ020-0073.wav,3.316,4.4326997
/mnt/md1/user_wago/data/LJSpeech-1.1/wavs/LJ046-0139.wav,5.5335,4.748254
/mnt/md1/user_wago/data/LJSpeech-1.1/wavs/LJ035-0167.wav,5.6728125,4.5609646
/mnt/md1/user_wago/data/LJSpeech-1.1/wavs/LJ028-0391.wav,7.4026875,4.39736
/mnt/md1/user_wago/data/LJSpeech-1.1/wavs/LJ028-0364.wav,2.44525,4.1883993
/mnt/md1/user_wago/data/LJSpeech-1.1/wavs/LJ006-0079.wav,3.71075,4.622733
/mnt/md1/user_wago/data/LJSpeech-1.1/wavs/LJ033-0080.wav,5.649625,4.785816
/mnt/md1/user_wago/data/LJSpeech-1.1/wavs/LJ029-0148.wav,6.2649375,4.6321735
/mnt/md1/user_wago/data/LJSpeech-1.1/wavs/LJ005-0206.wav,7.2053125,4.67439
/mnt/md1/user_wago/data/LJSpeech-1.1/wavs/LJ023-0010.wav,8.5869375,4.5229387
/mnt/md1/user_wago/data/LJSpeech-1.1/wavs/LJ005-0052.wav,8.795875,4.56097
/mnt/md1/user_wago/data/LJSpeech-1.1/wavs/LJ006-0257.wav,3.5481875,4.503726
/mnt/md1/user_wago/data/LJSpeech-1.1/wavs/LJ019-0372.wav,8.51725,4.506486
/mnt/md1/user_wago/data/LJSpeech-1.1/wavs/LJ005-0114.wav,4.744,4.5826187
/mnt/md1/user_wago/data/LJSpeech-1.1/wavs/LJ019-0389.wav,2.723875,4.602502
/mnt/md1/user_wago/data/LJSpeech-1.1/wavs/LJ009-0189.wav,5.9630625,4.4080486
/mnt/md1/user_wago/data/LJSpeech-1.1/wavs/LJ030-0034.wav,9.4925,4.5864673
/mnt/md1/user_wago/data/LJSpeech-1.1/wavs/LJ039-0016.wav,7.4026875,4.452578
/mnt/md1/user_wago/data/LJSpeech-1.1/wavs/LJ049-0094.wav,6.0675625,4.6260657
/mnt/md1/user_wago/data/LJSpeech-1.1/wavs/LJ034-0184.wav,6.2185,4.7018104
/mnt/md1/user_wago/data/LJSpeech-1.1/wavs/LJ018-0283.wav,8.9468125,4.6919847
/mnt/md1/user_wago/data/LJSpeech-1.1/wavs/LJ035-0164.wav,1.8879375,4.572027
/mnt/md1/user_wago/data/LJSpeech-1.1/wavs/LJ039-0157.wav,7.158875,4.424639
/mnt/md1/user_wago/data/LJSpeech-1.1/wavs/LJ005-0134.wav,7.08925,4.639651
/mnt/md1/user_wago/data/LJSpeech-1.1/wavs/LJ028-0476.wav,6.4275,4.6052313
/mnt/md1/user_wago/data/LJSpeech-1.1/wavs/LJ032-0148.wav,9.4925,4.550974
/mnt/md1/user_wago/data/LJSpeech-1.1/wavs/LJ045-0224.wav,7.6349375,4.5788755
/mnt/md1/user_wago/data/LJSpeech-1.1/wavs/LJ008-0203.wav,5.0806875,4.583512
/mnt/md1/user_wago/data/LJSpeech-1.1/wavs/LJ016-0278.wav,8.5753125,4.580542
/mnt/md1/user_wago/data/LJSpeech-1.1/wavs/LJ003-0161.wav,4.7208125,4.7143474
/mnt/md1/user_wago/data/LJSpeech-1.1/wavs/LJ019-0395.wav,4.9181875,4.6907964
/mnt/md1/user_wago/data/LJSpeech-1.1/wavs/LJ017-0157.wav,8.238625,4.756092
/mnt/md1/user_wago/data/LJSpeech-1.1/wavs/LJ002-0169.wav,7.66975,4.630013
/mnt/md1/user_wago/data/LJSpeech-1.1/wavs/LJ047-0010.wav,6.206875,4.720252
/mnt/md1/user_wago/data/LJSpeech-1.1/wavs/LJ036-0148.wav,7.7045625,4.5659385
/mnt/md1/user_wago/data/LJSpeech-1.1/wavs/LJ002-0150.wav,3.8384375,4.3403454
/mnt/md1/user_wago/data/LJSpeech-1.1/wavs/LJ012-0114.wav,3.1766875,4.744719
/mnt/md1/user_wago/data/LJSpeech-1.1/wavs/LJ013-0232.wav,4.87175,4.6854925
/mnt/md1/user_wago/data/LJSpeech-1.1/wavs/LJ010-0226.wav,4.6395625,4.7562904
/mnt/md1/user_wago/data/LJSpeech-1.1/wavs/LJ014-0157.wav,7.5071875,4.5761375
/mnt/md1/user_wago/data/LJSpeech-1.1/wavs/LJ046-0085.wav,4.3144375,4.6845765
/mnt/md1/user_wago/data/LJSpeech-1.1/wavs/LJ027-0134.wav,6.5551875,4.3670654
/mnt/md1/user_wago/data/LJSpeech-1.1/wavs/LJ045-0144.wav,8.7843125,4.5622563
/mnt/md1/user_wago/data/LJSpeech-1.1/wavs/LJ015-0080.wav,9.3299375,4.623629
/mnt/md1/user_wago/data/LJSpeech-1.1/wavs/LJ050-0140.wav,9.20225,4.6593256
/mnt/md1/user_wago/data/LJSpeech-1.1/wavs/LJ018-0216.wav,6.1720625,4.6840343
/mnt/md1/user_wago/data/LJSpeech-1.1/wavs/LJ009-0003.wav,5.5335,4.5648313
/mnt/md1/user_wago/data/LJSpeech-1.1/wavs/LJ034-0106.wav,9.388,4.570976
/mnt/md1/user_wago/data/LJSpeech-1.1/wavs/LJ028-0196.wav,6.5435625,4.5807214
/mnt/md1/user_wago/data/LJSpeech-1.1/wavs/LJ047-0224.wav,7.56525,4.6297207
/mnt/md1/user_wago/data/LJSpeech-1.1/wavs/LJ009-0054.wav,1.748625,4.429011
/mnt/md1/user_wago/data/LJSpeech-1.1/wavs/LJ040-0042.wav,9.956875,4.2282887
/mnt/md1/user_wago/data/LJSpeech-1.1/wavs/LJ005-0204.wav,3.5365625,4.5020485
/mnt/md1/user_wago/data/LJSpeech-1.1/wavs/LJ014-0293.wav,3.2115,4.567394
/mnt/md1/user_wago/data/LJSpeech-1.1/wavs/LJ047-0015.wav,2.5265,4.71346
/mnt/md1/user_wago/data/LJSpeech-1.1/wavs/LJ045-0157.wav,8.8539375,4.1642737
/mnt/md1/user_wago/data/LJSpeech-1.1/wavs/LJ011-0194.wav,4.755625,4.599446
/mnt/md1/user_wago/data/LJSpeech-1.1/wavs/LJ028-0051.wav,6.311375,4.6780534
/mnt/md1/user_wago/data/LJSpeech-1.1/wavs/LJ004-0109.wav,2.631,4.5222416
/mnt/md1/user_wago/data/LJSpeech-1.1/wavs/LJ050-0017.wav,3.39725,4.6379004
/mnt/md1/user_wago/data/LJSpeech-1.1/wavs/LJ013-0131.wav,8.343125,4.546894
/mnt/md1/user_wago/data/LJSpeech-1.1/wavs/LJ017-0041.wav,7.367875,4.713999
/mnt/md1/user_wago/data/LJSpeech-1.1/wavs/LJ018-0042.wav,5.2896875,4.646806
/mnt/md1/user_wago/data/LJSpeech-1.1/wavs/LJ028-0292.wav,9.78275,4.4085846
/mnt/md1/user_wago/data/LJSpeech-1.1/wavs/LJ014-0132.wav,9.78275,4.481667
/mnt/md1/user_wago/data/LJSpeech-1.1/wavs/LJ034-0181.wav,8.35475,4.486239
/mnt/md1/user_wago/data/LJSpeech-1.1/wavs/LJ039-0159.wav,7.9948125,4.4871073
/mnt/md1/user_wago/data/LJSpeech-1.1/wavs/LJ016-0302.wav,8.912,4.6196494
/mnt/md1/user_wago/data/LJSpeech-1.1/wavs/LJ016-0228.wav,10.09625,4.527071
/mnt/md1/user_wago/data/LJSpeech-1.1/wavs/LJ011-0127.wav,9.7363125,4.583734
/mnt/md1/user_wago/data/LJSpeech-1.1/wavs/LJ028-0463.wav,7.8903125,4.574759
/mnt/md1/user_wago/data/LJSpeech-1.1/wavs/LJ012-0180.wav,7.867125,4.6033945
/mnt/md1/user_wago/data/LJSpeech-1.1/wavs/LJ007-0130.wav,5.22,4.658133
/mnt/md1/user_wago/data/LJSpeech-1.1/wavs/LJ032-0048.wav,9.295125,4.7299275
/mnt/md1/user_wago/data/LJSpeech-1.1/wavs/LJ002-0104.wav,8.2734375,4.652013
/mnt/md1/user_wago/data/LJSpeech-1.1/wavs/LJ008-0047.wav,7.2053125,4.574366
/mnt/md1/user_wago/data/LJSpeech-1.1/wavs/LJ049-0035.wav,8.0760625,4.5522223
/mnt/md1/user_wago/data/LJSpeech-1.1/wavs/LJ019-0158.wav,9.2835,4.2487664
/mnt/md1/user_wago/data/LJSpeech-1.1/wavs/LJ040-0097.wav,9.09775,4.050392
/mnt/md1/user_wago/data/LJSpeech-1.1/wavs/LJ005-0271.wav,9.0396875,4.43794
/mnt/md1/user_wago/data/LJSpeech-1.1/wavs/LJ044-0065.wav,5.905,4.5701118
/mnt/md1/user_wago/data/LJSpeech-1.1/wavs/LJ042-0184.wav,9.1441875,4.56366
/mnt/md1/user_wago/data/LJSpeech-1.1/wavs/LJ028-0120.wav,9.086125,4.546686
/mnt/md1/user_wago/data/LJSpeech-1.1/wavs/LJ035-0107.wav,6.8338125,4.5700564
/mnt/md1/user_wago/data/LJSpeech-1.1/wavs/LJ016-0183.wav,3.5714375,4.7091417
/mnt/md1/user_wago/data/LJSpeech-1.1/wavs/LJ049-0179.wav,8.0064375,4.61085
/mnt/md1/user_wago/data/LJSpeech-1.1/wavs/LJ011-0001.wav,8.343125,4.4483824
/mnt/md1/user_wago/data/LJSpeech-1.1/wavs/LJ040-0054.wav,8.227,4.297693
/mnt/md1/user_wago/data/LJSpeech-1.1/wavs/LJ049-0220.wav,9.30675,4.491083
/mnt/md1/user_wago/data/LJSpeech-1.1/wavs/LJ006-0207.wav,6.50875,4.3767996
/mnt/md1/user_wago/data/LJSpeech-1.1/wavs/LJ012-0288.wav,5.4058125,4.5209208
/mnt/md1/user_wago/data/LJSpeech-1.1/wavs/LJ024-0067.wav,8.528875,4.169912
/mnt/md1/user_wago/data/LJSpeech-1.1/wavs/LJ001-0103.wav,5.3709375,4.5382795
/mnt/md1/user_wago/data/LJSpeech-1.1/wavs/LJ030-0028.wav,6.1488125,4.7460785
/mnt/md1/user_wago/data/LJSpeech-1.1/wavs/LJ037-0239.wav,3.304375,4.7769847
/mnt/md1/user_wago/data/LJSpeech-1.1/wavs/LJ009-0261.wav,6.311375,4.3841515
/mnt/md1/user_wago/data/LJSpeech-1.1/wavs/LJ007-0098.wav,6.3461875,4.727949
/mnt/md1/user_wago/data/LJSpeech-1.1/wavs/LJ025-0129.wav,9.597,4.6668186
/mnt/md1/user_wago/data/LJSpeech-1.1/wavs/LJ030-0006.wav,9.771125,4.6319504
/mnt/md1/user_wago/data/LJSpeech-1.1/wavs/LJ010-0191.wav,6.9266875,4.6097956
/mnt/md1/user_wago/data/LJSpeech-1.1/wavs/LJ046-0217.wav,7.0428125,4.4359517
/mnt/md1/user_wago/data/LJSpeech-1.1/wavs/LJ013-0211.wav,2.422,4.5574617
/mnt/md1/user_wago/data/LJSpeech-1.1/wavs/LJ028-0401.wav,5.649625,4.4698296
/mnt/md1/user_wago/data/LJSpeech-1.1/wavs/LJ008-0307.wav,6.4623125,4.595372
/mnt/md1/user_wago/data/LJSpeech-1.1/wavs/LJ013-0228.wav,6.7641875,4.686417
/mnt/md1/user_wago/data/LJSpeech-1.1/wavs/LJ007-0006.wav,3.014125,4.518653
/mnt/md1/user_wago/data/LJSpeech-1.1/wavs/LJ004-0237.wav,6.1836875,4.2938375
/mnt/md1/user_wago/data/LJSpeech-1.1/wavs/LJ038-0233.wav,9.376375,4.628771
/mnt/md1/user_wago/data/LJSpeech-1.1/wavs/LJ041-0040.wav,6.8221875,4.576833
/mnt/md1/user_wago/data/LJSpeech-1.1/wavs/LJ001-0126.wav,3.2115,4.5336475
/mnt/md1/user_wago/data/LJSpeech-1.1/wavs/LJ045-0066.wav,2.5265,4.5727816
/mnt/md1/user_wago/data/LJSpeech-1.1/wavs/LJ028-0266.wav,7.4026875,4.5203576
/mnt/md1/user_wago/data/LJSpeech-1.1/wavs/LJ023-0061.wav,7.25175,4.526083
/mnt/md1/user_wago/data/LJSpeech-1.1/wavs/LJ047-0149.wav,8.343125,4.5503054
/mnt/md1/user_wago/data/LJSpeech-1.1/wavs/LJ048-0139.wav,4.1055,4.8047915
/mnt/md1/user_wago/data/LJSpeech-1.1/wavs/LJ010-0273.wav,7.1240625,4.6257935
/mnt/md1/user_wago/data/LJSpeech-1.1/wavs/LJ050-0168.wav,6.9615,4.6318455
/mnt/md1/user_wago/data/LJSpeech-1.1/wavs/LJ028-0465.wav,4.651125,4.6628637
/mnt/md1/user_wago/data/LJSpeech-1.1/wavs/LJ047-0138.wav,7.2401875,4.5806217
/mnt/md1/user_wago/data/LJSpeech-1.1/wavs/LJ050-0068.wav,4.5001875,4.6060057
/mnt/md1/user_wago/data/LJSpeech-1.1/wavs/LJ014-0089.wav,8.6565625,4.5765343
/mnt/md1/user_wago/data/LJSpeech-1.1/wavs/LJ030-0079.wav,7.1124375,4.6933994
/mnt/md1/user_wago/data/LJSpeech-1.1/wavs/LJ011-0266.wav,2.4684375,4.789759
/mnt/md1/user_wago/data/LJSpeech-1.1/wavs/LJ013-0194.wav,7.472375,4.7109995
/mnt/md1/user_wago/data/LJSpeech-1.1/wavs/LJ042-0136.wav,9.597,4.3721924
/mnt/md1/user_wago/data/LJSpeech-1.1/wavs/LJ025-0048.wav,6.0095,4.5846186
/mnt/md1/user_wago/data/LJSpeech-1.1/wavs/LJ045-0145.wav,4.198375,4.695819
/mnt/md1/user_wago/data/LJSpeech-1.1/wavs/LJ005-0034.wav,3.6526875,4.7487936
/mnt/md1/user_wago/data/LJSpeech-1.1/wavs/LJ019-0155.wav,4.3144375,4.67313
/mnt/md1/user_wago/data/LJSpeech-1.1/wavs/LJ022-0131.wav,2.71225,4.636076
/mnt/md1/user_wago/data/LJSpeech-1.1/wavs/LJ049-0062.wav,4.8253125,4.526019
/mnt/md1/user_wago/data/LJSpeech-1.1/wavs/LJ048-0130.wav,8.04125,4.7222633
/mnt/md1/user_wago/data/LJSpeech-1.1/wavs/LJ029-0101.wav,9.0396875,4.6100655
/mnt/md1/user_wago/data/LJSpeech-1.1/wavs/LJ013-0256.wav,8.157375,4.6340666
/mnt/md1/user_wago/data/LJSpeech-1.1/wavs/LJ041-0107.wav,8.35475,4.173651
/mnt/md1/user_wago/data/LJSpeech-1.1/wavs/LJ017-0171.wav,4.0125625,4.6433744
/mnt/md1/user_wago/data/LJSpeech-1.1/wavs/LJ008-0235.wav,9.2603125,4.540152
/mnt/md1/user_wago/data/LJSpeech-1.1/wavs/LJ030-0064.wav,5.9514375,4.8192115
/mnt/md1/user_wago/data/LJSpeech-1.1/wavs/LJ036-0200.wav,9.6434375,4.587643
/mnt/md1/user_wago/data/LJSpeech-1.1/wavs/LJ049-0156.wav,5.3941875,4.509323
/mnt/md1/user_wago/data/LJSpeech-1.1/wavs/LJ013-0187.wav,5.045875,4.531269
/mnt/md1/user_wago/data/LJSpeech-1.1/wavs/LJ012-0174.wav,4.8136875,4.566906
/mnt/md1/user_wago/data/LJSpeech-1.1/wavs/LJ027-0076.wav,6.4275,4.4191713
/mnt/md1/user_wago/data/LJSpeech-1.1/wavs/LJ008-0201.wav,6.6945,4.4699984
/mnt/md1/user_wago/data/LJSpeech-1.1/wavs/LJ027-0102.wav,6.706125,4.6132216
/mnt/md1/user_wago/data/LJSpeech-1.1/wavs/LJ005-0151.wav,5.51025,4.638686
/mnt/md1/user_wago/data/LJSpeech-1.1/wavs/LJ029-0128.wav,3.39725,4.6418777
/mnt/md1/user_wago/data/LJSpeech-1.1/wavs/LJ014-0148.wav,5.9514375,4.6277213
/mnt/md1/user_wago/data/LJSpeech-1.1/wavs/LJ048-0178.wav,9.480875,4.559172
/mnt/md1/user_wago/data/LJSpeech-1.1/wavs/LJ023-0075.wav,9.585375,4.492195
/mnt/md1/user_wago/data/LJSpeech-1.1/wavs/LJ027-0026.wav,5.51025,4.613137
/mnt/md1/user_wago/data/LJSpeech-1.1/wavs/LJ049-0095.wav,5.8934375,4.5364323
/mnt/md1/user_wago/data/LJSpeech-1.1/wavs/LJ015-0275.wav,5.9746875,4.6595387
/mnt/md1/user_wago/data/LJSpeech-1.1/wavs/LJ016-0390.wav,9.806,4.615206
/mnt/md1/user_wago/data/LJSpeech-1.1/wavs/LJ029-0063.wav,2.44525,4.326697
/mnt/md1/user_wago/data/LJSpeech-1.1/wavs/LJ003-0118.wav,5.231625,4.651328
/mnt/md1/user_wago/data/LJSpeech-1.1/wavs/LJ019-0060.wav,6.9035,4.598313
/mnt/md1/user_wago/data/LJSpeech-1.1/wavs/LJ003-0261.wav,6.114,4.5093846
/mnt/md1/user_wago/data/LJSpeech-1.1/wavs/LJ003-0022.wav,2.5845625,4.5671525
/mnt/md1/user_wago/data/LJSpeech-1.1/wavs/LJ041-0022.wav,7.0544375,4.4517026
/mnt/md1/user_wago/data/LJSpeech-1.1/wavs/LJ034-0100.wav,9.806,4.5316873
/mnt/md1/user_wago/data/LJSpeech-1.1/wavs/LJ006-0093.wav,8.714625,4.591056
/mnt/md1/user_wago/data/LJSpeech-1.1/wavs/LJ022-0171.wav,4.3376875,4.487901
/mnt/md1/user_wago/data/LJSpeech-1.1/wavs/LJ008-0133.wav,9.190625,4.4022226
/mnt/md1/user_wago/data/LJSpeech-1.1/wavs/LJ008-0011.wav,7.7161875,4.460317
/mnt/md1/user_wago/data/LJSpeech-1.1/wavs/LJ018-0275.wav,9.7595625,4.6266575
/mnt/md1/user_wago/data/LJSpeech-1.1/wavs/LJ029-0030.wav,7.1705,4.7687097
/mnt/md1/user_wago/data/LJSpeech-1.1/wavs/LJ050-0198.wav,7.9948125,4.734453
/mnt/md1/user_wago/data/LJSpeech-1.1/wavs/LJ037-0189.wav,8.14575,4.6590023
/mnt/md1/user_wago/data/LJSpeech-1.1/wavs/LJ012-0042.wav,4.569875,4.7816763
/mnt/md1/user_wago/data/LJSpeech-1.1/wavs/LJ038-0156.wav,7.7278125,4.649247
/mnt/md1/user_wago/data/LJSpeech-1.1/wavs/LJ002-0208.wav,2.2246875,4.6595926
/mnt/md1/user_wago/data/LJSpeech-1.1/wavs/LJ008-0142.wav,6.415875,4.546594
/mnt/md1/user_wago/data/LJSpeech-1.1/wavs/LJ039-0059.wav,9.7595625,4.48504
/mnt/md1/user_wago/data/LJSpeech-1.1/wavs/LJ043-0102.wav,9.67825,4.740961
/mnt/md1/user_wago/data/LJSpeech-1.1/wavs/LJ017-0248.wav,7.3795,4.623502
/mnt/md1/user_wago/data/LJSpeech-1.1/wavs/LJ008-0165.wav,9.2835,4.5809703
/mnt/md1/user_wago/data/LJSpeech-1.1/wavs/LJ012-0121.wav,9.213875,4.6718225
/mnt/md1/user_wago/data/LJSpeech-1.1/wavs/LJ038-0202.wav,8.7494375,4.6672935
/mnt/md1/user_wago/data/LJSpeech-1.1/wavs/LJ028-0153.wav,7.1124375,4.5195775
/mnt/md1/user_wago/data/LJSpeech-1.1/wavs/LJ012-0111.wav,5.8585625,4.700592
/mnt/md1/user_wago/data/LJSpeech-1.1/wavs/LJ004-0232.wav,9.875625,4.399781
/mnt/md1/user_wago/data/LJSpeech-1.1/wavs/LJ005-0066.wav,10.09625,4.667691
/mnt/md1/user_wago/data/LJSpeech-1.1/wavs/LJ008-0246.wav,4.964625,4.6900845
/mnt/md1/user_wago/data/LJSpeech-1.1/wavs/LJ044-0161.wav,2.1201875,4.3738165
/mnt/md1/user_wago/data/LJSpeech-1.1/wavs/LJ003-0117.wav,8.8655625,4.4936767
/mnt/md1/user_wago/data/LJSpeech-1.1/wavs/LJ031-0117.wav,3.4669375,4.678607
/mnt/md1/user_wago/data/LJSpeech-1.1/wavs/LJ027-0091.wav,4.6163125,4.509496
/mnt/md1/user_wago/data/LJSpeech-1.1/wavs/LJ032-0255.wav,2.7355,4.6825123
/mnt/md1/user_wago/data/LJSpeech-1.1/wavs/LJ028-0169.wav,7.6233125,4.668544
/mnt/md1/user_wago/data/LJSpeech-1.1/wavs/LJ028-0124.wav,7.3795,4.554609
/mnt/md1/user_wago/data/LJSpeech-1.1/wavs/LJ014-0327.wav,8.3315,4.492592
/mnt/md1/user_wago/data/LJSpeech-1.1/wavs/LJ040-0155.wav,4.9181875,4.432445
/mnt/md1/user_wago/data/LJSpeech-1.1/wavs/LJ050-0147.wav,5.7425,4.721675
/mnt/md1/user_wago/data/LJSpeech-1.1/wavs/LJ019-0028.wav,5.2896875,4.5047956
/mnt/md1/user_wago/data/LJSpeech-1.1/wavs/LJ010-0187.wav,9.864,4.545068
/mnt/md1/user_wago/data/LJSpeech-1.1/wavs/LJ021-0138.wav,9.004875,4.4514694
/mnt/md1/user_wago/data/LJSpeech-1.1/wavs/LJ032-0009.wav,4.6395625,4.816204
/mnt/md1/user_wago/data/LJSpeech-1.1/wavs/LJ036-0078.wav,8.1109375,4.637387
/mnt/md1/user_wago/data/LJSpeech-1.1/wavs/LJ017-0059.wav,7.4143125,4.658388
/mnt/md1/user_wago/data/LJSpeech-1.1/wavs/LJ011-0130.wav,9.9220625,4.419408
/mnt/md1/user_wago/data/LJSpeech-1.1/wavs/LJ026-0162.wav,9.9336875,4.4635963
/mnt/md1/user_wago/data/LJSpeech-1.1/wavs/LJ021-0123.wav,8.134125,4.5241
/mnt/md1/user_wago/data/LJSpeech-1.1/wavs/LJ040-0028.wav,7.925125,4.575126
/mnt/md1/user_wago/data/LJSpeech-1.1/wavs/LJ047-0202.wav,8.795875,4.7380886
/mnt/md1/user_wago/data/LJSpeech-1.1/wavs/LJ047-0241.wav,8.4591875,4.5365047
/mnt/md1/user_wago/data/LJSpeech-1.1/wavs/LJ043-0139.wav,6.1604375,4.724231
/mnt/md1/user_wago/data/LJSpeech-1.1/wavs/LJ010-0004.wav,6.9383125,4.835137
/mnt/md1/user_wago/data/LJSpeech-1.1/wavs/LJ026-0164.wav,6.7525625,4.45489
/mnt/md1/user_wago/data/LJSpeech-1.1/wavs/LJ010-0134.wav,6.311375,4.2433305
/mnt/md1/user_wago/data/LJSpeech-1.1/wavs/LJ016-0227.wav,6.9499375,4.600854
/mnt/md1/user_wago/data/LJSpeech-1.1/wavs/LJ048-0046.wav,4.2215625,4.6570196
/mnt/md1/user_wago/data/LJSpeech-1.1/wavs/LJ005-0010.wav,6.810625,4.467868
/mnt/md1/user_wago/data/LJSpeech-1.1/wavs/LJ046-0042.wav,9.9220625,4.586507
/mnt/md1/user_wago/data/LJSpeech-1.1/wavs/LJ003-0056.wav,8.8888125,4.540339
/mnt/md1/user_wago/data/LJSpeech-1.1/wavs/LJ003-0256.wav,7.4143125,4.5328655
/mnt/md1/user_wago/data/LJSpeech-1.1/wavs/LJ001-0075.wav,6.810625,4.4104424
/mnt/md1/user_wago/data/LJSpeech-1.1/wavs/LJ039-0068.wav,3.8616875,4.641909
/mnt/md1/user_wago/data/LJSpeech-1.1/wavs/LJ007-0025.wav,5.3013125,4.6038704
/mnt/md1/user_wago/data/LJSpeech-1.1/wavs/LJ050-0038.wav,4.964625,4.7982883
/mnt/md1/user_wago/data/LJSpeech-1.1/wavs/LJ013-0100.wav,9.7479375,4.5773315
/mnt/md1/user_wago/data/LJSpeech-1.1/wavs/LJ038-0243.wav,6.6480625,4.6618276
/mnt/md1/user_wago/data/LJSpeech-1.1/wavs/LJ015-0082.wav,8.714625,4.614158
/mnt/md1/user_wago/data/LJSpeech-1.1/wavs/LJ004-0186.wav,5.6031875,4.3000727
/mnt/md1/user_wago/data/LJSpeech-1.1/wavs/LJ048-0094.wav,5.03425,4.69086
/mnt/md1/user_wago/data/LJSpeech-1.1/wavs/LJ027-0032.wav,5.847,4.260922
/mnt/md1/user_wago/data/LJSpeech-1.1/wavs/LJ015-0188.wav,5.7773125,4.560542
/mnt/md1/user_wago/data/LJSpeech-1.1/wavs/LJ001-0004.wav,5.13875,4.523176
/mnt/md1/user_wago/data/LJSpeech-1.1/wavs/LJ017-0223.wav,6.601625,4.7398562
/mnt/md1/user_wago/data/LJSpeech-1.1/wavs/LJ030-0118.wav,6.114,4.7166805
/mnt/md1/user_wago/data/LJSpeech-1.1/wavs/LJ028-0155.wav,3.583,4.6930475
/mnt/md1/user_wago/data/LJSpeech-1.1/wavs/LJ003-0305.wav,5.3709375,4.764153
/mnt/md1/user_wago/data/LJSpeech-1.1/wavs/LJ024-0078.wav,7.0311875,3.9650567
/mnt/md1/user_wago/data/LJSpeech-1.1/wavs/LJ046-0190.wav,6.7293125,4.695531
/mnt/md1/user_wago/data/LJSpeech-1.1/wavs/LJ027-0035.wav,8.157375,4.41938
/mnt/md1/user_wago/data/LJSpeech-1.1/wavs/LJ012-0070.wav,7.100875,4.7492995
/mnt/md1/user_wago/data/LJSpeech-1.1/wavs/LJ007-0139.wav,6.4739375,4.7414784
/mnt/md1/user_wago/data/LJSpeech-1.1/wavs/LJ003-0055.wav,8.900375,4.5268693
/mnt/md1/user_wago/data/LJSpeech-1.1/wavs/LJ033-0015.wav,5.8585625,4.7458005
/mnt/md1/user_wago/data/LJSpeech-1.1/wavs/LJ046-0240.wav,8.343125,4.402611
/mnt/md1/user_wago/data/LJSpeech-1.1/wavs/LJ017-0130.wav,6.3461875,4.6198215
/mnt/md1/user_wago/data/LJSpeech-1.1/wavs/LJ006-0012.wav,5.3825625,4.690521
/mnt/md1/user_wago/data/LJSpeech-1.1/wavs/LJ014-0233.wav,6.29975,4.554148
/mnt/md1/user_wago/data/LJSpeech-1.1/wavs/LJ039-0098.wav,1.8183125,4.373663
/mnt/md1/user_wago/data/LJSpeech-1.1/wavs/LJ003-0308.wav,8.0876875,4.675132
/mnt/md1/user_wago/data/LJSpeech-1.1/wavs/LJ040-0228.wav,8.3315,4.454698
/mnt/md1/user_wago/data/LJSpeech-1.1/wavs/LJ034-0040.wav,9.78275,4.7616544
/mnt/md1/user_wago/data/LJSpeech-1.1/wavs/LJ037-0064.wav,7.553625,4.8265066
/mnt/md1/user_wago/data/LJSpeech-1.1/wavs/LJ013-0223.wav,8.261875,4.442962
/mnt/md1/user_wago/data/LJSpeech-1.1/wavs/LJ022-0070.wav,4.8833125,4.6816826
/mnt/md1/user_wago/data/LJSpeech-1.1/wavs/LJ009-0230.wav,7.6929375,4.7514644
/mnt/md1/user_wago/data/LJSpeech-1.1/wavs/LJ023-0133.wav,4.5815,4.4712863
/mnt/md1/user_wago/data/LJSpeech-1.1/wavs/LJ022-0008.wav,4.651125,4.4072294
/mnt/md1/user_wago/data/LJSpeech-1.1/wavs/LJ003-0132.wav,9.30675,4.6745987
/mnt/md1/user_wago/data/LJSpeech-1.1/wavs/LJ045-0204.wav,4.1519375,4.7106576
/mnt/md1/user_wago/data/LJSpeech-1.1/wavs/LJ050-0121.wav,8.5985625,4.59804
/mnt/md1/user_wago/data/LJSpeech-1.1/wavs/LJ046-0242.wav,5.22,4.5232663
/mnt/md1/user_wago/data/LJSpeech-1.1/wavs/LJ009-0041.wav,4.9298125,4.671414
/mnt/md1/user_wago/data/LJSpeech-1.1/wavs/LJ008-0183.wav,8.4011875,4.501773
/mnt/md1/user_wago/data/LJSpeech-1.1/wavs/LJ002-0201.wav,8.4591875,4.5442677
/mnt/md1/user_wago/data/LJSpeech-1.1/wavs/LJ013-0027.wav,6.0559375,4.5696945
/mnt/md1/user_wago/data/LJSpeech-1.1/wavs/LJ037-0246.wav,7.484,4.739645
/mnt/md1/user_wago/data/LJSpeech-1.1/wavs/LJ018-0334.wav,5.649625,4.7484865
/mnt/md1/user_wago/data/LJSpeech-1.1/wavs/LJ027-0130.wav,7.0428125,4.4739475
/mnt/md1/user_wago/data/LJSpeech-1.1/wavs/LJ010-0158.wav,6.021125,4.5540986
/mnt/md1/user_wago/data/LJSpeech-1.1/wavs/LJ030-0039.wav,6.2533125,4.7765365
/mnt/md1/user_wago/data/LJSpeech-1.1/wavs/LJ032-0095.wav,9.0745625,4.740186
/mnt/md1/user_wago/data/LJSpeech-1.1/wavs/LJ047-0032.wav,8.2038125,4.610796
/mnt/md1/user_wago/data/LJSpeech-1.1/wavs/LJ028-0346.wav,4.55825,4.6173735
/mnt/md1/user_wago/data/LJSpeech-1.1/wavs/LJ008-0238.wav,9.8175625,4.5309863
/mnt/md1/user_wago/data/LJSpeech-1.1/wavs/LJ015-0107.wav,5.8005,4.612732
/mnt/md1/user_wago/data/LJSpeech-1.1/wavs/LJ001-0133.wav,8.7843125,4.4066777
/mnt/md1/user_wago/data/LJSpeech-1.1/wavs/LJ032-0238.wav,8.5405,4.6159406
/mnt/md1/user_wago/data/LJSpeech-1.1/wavs/LJ032-0235.wav,9.0396875,4.528484
/mnt/md1/user_wago/data/LJSpeech-1.1/wavs/LJ044-0112.wav,7.0195625,4.7825074
/mnt/md1/user_wago/data/LJSpeech-1.1/wavs/LJ021-0133.wav,3.3740625,4.709249
/mnt/md1/user_wago/data/LJSpeech-1.1/wavs/LJ019-0086.wav,9.9336875,4.4177775
/mnt/md1/user_wago/data/LJSpeech-1.1/wavs/LJ003-0178.wav,4.6395625,4.6907434
/mnt/md1/user_wago/data/LJSpeech-1.1/wavs/LJ017-0159.wav,7.6000625,4.6876116
/mnt/md1/user_wago/data/LJSpeech-1.1/wavs/LJ023-0105.wav,7.6116875,4.567176
/mnt/md1/user_wago/data/LJSpeech-1.1/wavs/LJ049-0159.wav,8.14575,4.525832
/mnt/md1/user_wago/data/LJSpeech-1.1/wavs/LJ021-0136.wav,3.223125,4.2999887
/mnt/md1/user_wago/data/LJSpeech-1.1/wavs/LJ001-0037.wav,4.256375,4.4446363
/mnt/md1/user_wago/data/LJSpeech-1.1/wavs/LJ026-0161.wav,5.3941875,4.4995356
/mnt/md1/user_wago/data/LJSpeech-1.1/wavs/LJ031-0048.wav,6.1604375,4.689124
/mnt/md1/user_wago/data/LJSpeech-1.1/wavs/LJ013-0057.wav,7.8786875,4.5495696
/mnt/md1/user_wago/data/LJSpeech-1.1/wavs/LJ030-0254.wav,8.72625,4.5012007
/mnt/md1/user_wago/data/LJSpeech-1.1/wavs/LJ028-0515.wav,1.8995625,4.3182626
/mnt/md1/user_wago/data/LJSpeech-1.1/wavs/LJ044-0149.wav,8.424375,4.6123843
/mnt/md1/user_wago/data/LJSpeech-1.1/wavs/LJ048-0255.wav,9.480875,4.620594
/mnt/md1/user_wago/data/LJSpeech-1.1/wavs/LJ016-0315.wav,5.0575,4.68397
/mnt/md1/user_wago/data/LJSpeech-1.1/wavs/LJ017-0110.wav,8.41275,4.6754565
/mnt/md1/user_wago/data/LJSpeech-1.1/wavs/LJ036-0214.wav,2.9445,4.8419185
/mnt/md1/user_wago/data/LJSpeech-1.1/wavs/LJ020-0047.wav,7.867125,4.437971
/mnt/md1/user_wago/data/LJSpeech-1.1/wavs/LJ007-0215.wav,6.4275,4.2144976
/mnt/md1/user_wago/data/LJSpeech-1.1/wavs/LJ007-0233.wav,4.8253125,4.6375175
/mnt/md1/user_wago/data/LJSpeech-1.1/wavs/LJ014-0231.wav,2.038875,4.431195
/mnt/md1/user_wago/data/LJSpeech-1.1/wavs/LJ014-0240.wav,2.6774375,4.5862465
/mnt/md1/user_wago/data/LJSpeech-1.1/wavs/LJ036-0110.wav,9.2255,4.521267
/mnt/md1/user_wago/data/LJSpeech-1.1/wavs/LJ046-0027.wav,9.99175,4.64969
/mnt/md1/user_wago/data/LJSpeech-1.1/wavs/LJ029-0183.wav,5.847,4.6169615
/mnt/md1/user_wago/data/LJSpeech-1.1/wavs/LJ019-0003.wav,7.3214375,4.672122
/mnt/md1/user_wago/data/LJSpeech-1.1/wavs/LJ049-0190.wav,5.3709375,4.640696
/mnt/md1/user_wago/data/LJSpeech-1.1/wavs/LJ031-0032.wav,8.99325,4.534435
/mnt/md1/user_wago/data/LJSpeech-1.1/wavs/LJ042-0017.wav,5.45225,4.4966497
/mnt/md1/user_wago/data/LJSpeech-1.1/wavs/LJ032-0055.wav,8.6565625,4.464248
/mnt/md1/user_wago/data/LJSpeech-1.1/wavs/LJ038-0198.wav,6.9035,4.736573
/mnt/md1/user_wago/data/LJSpeech-1.1/wavs/LJ016-0413.wav,5.4870625,4.693418
/mnt/md1/user_wago/data/LJSpeech-1.1/wavs/LJ001-0022.wav,7.0544375,4.235854
/mnt/md1/user_wago/data/LJSpeech-1.1/wavs/LJ043-0087.wav,7.93675,4.695808
/mnt/md1/user_wago/data/LJSpeech-1.1/wavs/LJ018-0158.wav,8.610125,4.5273895
/mnt/md1/user_wago/data/LJSpeech-1.1/wavs/LJ016-0352.wav,4.686,4.3721046
/mnt/md1/user_wago/data/LJSpeech-1.1/wavs/LJ012-0273.wav,8.1689375,4.690306
/mnt/md1/user_wago/data/LJSpeech-1.1/wavs/LJ046-0030.wav,4.1286875,4.7351513
/mnt/md1/user_wago/data/LJSpeech-1.1/wavs/LJ048-0289.wav,9.794375,4.5766177
/mnt/md1/user_wago/data/LJSpeech-1.1/wavs/LJ002-0195.wav,7.751,4.640921
/mnt/md1/user_wago/data/LJSpeech-1.1/wavs/LJ003-0348.wav,4.964625,4.6391807
/mnt/md1/user_wago/data/LJSpeech-1.1/wavs/LJ014-0232.wav,8.35475,4.452123
/mnt/md1/user_wago/data/LJSpeech-1.1/wavs/LJ001-0093.wav,7.1240625,4.1977882
/mnt/md1/user_wago/data/LJSpeech-1.1/wavs/LJ006-0025.wav,7.681375,4.4869995
/mnt/md1/user_wago/data/LJSpeech-1.1/wavs/LJ018-0228.wav,6.706125,4.6020217
/mnt/md1/user_wago/data/LJSpeech-1.1/wavs/LJ032-0150.wav,9.5621875,4.624554
/mnt/md1/user_wago/data/LJSpeech-1.1/wavs/LJ036-0065.wav,3.5714375,4.6325326
/mnt/md1/user_wago/data/LJSpeech-1.1/wavs/LJ050-0242.wav,7.5884375,4.658519
/mnt/md1/user_wago/data/LJSpeech-1.1/wavs/LJ050-0264.wav,2.84,4.711511
/mnt/md1/user_wago/data/LJSpeech-1.1/wavs/LJ031-0086.wav,4.1403125,4.7416115
/mnt/md1/user_wago/data/LJSpeech-1.1/wavs/LJ010-0143.wav,6.9150625,4.527779
/mnt/md1/user_wago/data/LJSpeech-1.1/wavs/LJ005-0190.wav,3.699125,4.4697285
/mnt/md1/user_wago/data/LJSpeech-1.1/wavs/LJ024-0044.wav,6.2765625,3.9839041
/mnt/md1/user_wago/data/LJSpeech-1.1/wavs/LJ032-0198.wav,6.4739375,4.755356
/mnt/md1/user_wago/data/LJSpeech-1.1/wavs/LJ035-0202.wav,7.576875,4.4707203
/mnt/md1/user_wago/data/LJSpeech-1.1/wavs/LJ020-0069.wav,2.1898125,4.886979
/mnt/md1/user_wago/data/LJSpeech-1.1/wavs/LJ050-0143.wav,4.001,4.4559636
/mnt/md1/user_wago/data/LJSpeech-1.1/wavs/LJ005-0208.wav,6.2185,4.245535
/mnt/md1/user_wago/data/LJSpeech-1.1/wavs/LJ032-0088.wav,4.360875,4.4295626
/mnt/md1/user_wago/data/LJSpeech-1.1/wavs/LJ016-0243.wav,8.505625,4.645369
/mnt/md1/user_wago/data/LJSpeech-1.1/wavs/LJ019-0316.wav,3.9313125,4.606737
/mnt/md1/user_wago/data/LJSpeech-1.1/wavs/LJ048-0266.wav,9.3299375,4.5375013
/mnt/md1/user_wago/data/LJSpeech-1.1/wavs/LJ007-0109.wav,8.83075,4.577604
/mnt/md1/user_wago/data/LJSpeech-1.1/wavs/LJ035-0106.wav,3.6294375,4.3573756
/mnt/md1/user_wago/data/LJSpeech-1.1/wavs/LJ033-0194.wav,6.682875,4.6106334
/mnt/md1/user_wago/data/LJSpeech-1.1/wavs/LJ039-0189.wav,8.633375,4.4742327
/mnt/md1/user_wago/data/LJSpeech-1.1/wavs/LJ028-0243.wav,8.703,4.530432
/mnt/md1/user_wago/data/LJSpeech-1.1/wavs/LJ003-0302.wav,7.19375,4.579938
/mnt/md1/user_wago/data/LJSpeech-1.1/wavs/LJ034-0133.wav,5.730875,4.5539722
/mnt/md1/user_wago/data/LJSpeech-1.1/wavs/LJ010-0192.wav,3.50175,4.693509
/mnt/md1/user_wago/data/LJSpeech-1.1/wavs/LJ039-0045.wav,7.77425,4.678998
/mnt/md1/user_wago/data/LJSpeech-1.1/wavs/LJ030-0138.wav,9.8408125,4.5965753
/mnt/md1/user_wago/data/LJSpeech-1.1/wavs/LJ037-0214.wav,5.9746875,4.5504303
/mnt/md1/user_wago/data/LJSpeech-1.1/wavs/LJ002-0042.wav,7.1356875,4.739582
/mnt/md1/user_wago/data/LJSpeech-1.1/wavs/LJ038-0246.wav,7.8206875,4.573818
/mnt/md1/user_wago/data/LJSpeech-1.1/wavs/LJ005-0121.wav,1.3075,4.504522
/mnt/md1/user_wago/data/LJSpeech-1.1/wavs/LJ008-0255.wav,5.231625,4.54721
/mnt/md1/user_wago/data/LJSpeech-1.1/wavs/LJ003-0277.wav,9.1325625,4.6352386
/mnt/md1/user_wago/data/LJSpeech-1.1/wavs/LJ036-0011.wav,4.384125,4.6219196
/mnt/md1/user_wago/data/LJSpeech-1.1/wavs/LJ047-0151.wav,7.553625,4.669688
/mnt/md1/user_wago/data/LJSpeech-1.1/wavs/LJ046-0232.wav,7.681375,4.6608076
/mnt/md1/user_wago/data/LJSpeech-1.1/wavs/LJ039-0248.wav,4.778875,4.213616
/mnt/md1/user_wago/data/LJSpeech-1.1/wavs/LJ003-0163.wav,9.8408125,4.4995575
/mnt/md1/user_wago/data/LJSpeech-1.1/wavs/LJ050-0235.wav,7.9948125,4.454721
/mnt/md1/user_wago/data/LJSpeech-1.1/wavs/LJ019-0375.wav,8.5869375,4.5071135
/mnt/md1/user_wago/data/LJSpeech-1.1/wavs/LJ022-0167.wav,6.787375,4.6002407
/mnt/md1/user_wago/data/LJSpeech-1.1/wavs/LJ035-0083.wav,3.525,4.5929556
/mnt/md1/user_wago/data/LJSpeech-1.1/wavs/LJ035-0009.wav,5.1155625,4.577281
/mnt/md1/user_wago/data/LJSpeech-1.1/wavs/LJ002-0106.wav,6.2649375,4.5386295
/mnt/md1/user_wago/data/LJSpeech-1.1/wavs/LJ021-0134.wav,7.2053125,4.431764
/mnt/md1/user_wago/data/LJSpeech-1.1/wavs/LJ034-0036.wav,2.619375,4.3213687
/mnt/md1/user_wago/data/LJSpeech-1.1/wavs/LJ002-0001.wav,8.1805625,4.488598
/mnt/md1/user_wago/data/LJSpeech-1.1/wavs/LJ047-0005.wav,6.6480625,4.692847
/mnt/md1/user_wago/data/LJSpeech-1.1/wavs/LJ003-0197.wav,3.327625,4.640141
/mnt/md1/user_wago/data/LJSpeech-1.1/wavs/LJ008-0008.wav,6.29975,4.604855
/mnt/md1/user_wago/data/LJSpeech-1.1/wavs/LJ013-0014.wav,6.288125,4.7555656
/mnt/md1/user_wago/data/LJSpeech-1.1/wavs/LJ050-0213.wav,5.359375,4.7197433
/mnt/md1/user_wago/data/LJSpeech-1.1/wavs/LJ010-0194.wav,7.93675,4.5412455
/mnt/md1/user_wago/data/LJSpeech-1.1/wavs/LJ028-0141.wav,4.070625,4.452193
/mnt/md1/user_wago/data/LJSpeech-1.1/wavs/LJ038-0289.wav,7.077625,4.509682
/mnt/md1/user_wago/data/LJSpeech-1.1/wavs/LJ030-0154.wav,6.9615,4.759889
/mnt/md1/user_wago/data/LJSpeech-1.1/wavs/LJ040-0120.wav,8.2966875,4.4180255
/mnt/md1/user_wago/data/LJSpeech-1.1/wavs/LJ018-0352.wav,8.737875,4.503456
/mnt/md1/user_wago/data/LJSpeech-1.1/wavs/LJ044-0208.wav,3.966125,4.6393595
/mnt/md1/user_wago/data/LJSpeech-1.1/wavs/LJ050-0119.wav,8.1805625,4.6962795
/mnt/md1/user_wago/data/LJSpeech-1.1/wavs/LJ050-0003.wav,8.343125,4.520414
/mnt/md1/user_wago/data/LJSpeech-1.1/wavs/LJ004-0162.wav,7.9135625,4.45939
/mnt/md1/user_wago/data/LJSpeech-1.1/wavs/LJ041-0050.wav,1.5048125,4.6436
/mnt/md1/user_wago/data/LJSpeech-1.1/wavs/LJ031-0196.wav,5.7889375,4.7908072
/mnt/md1/user_wago/data/LJSpeech-1.1/wavs/LJ012-0095.wav,9.57375,4.557971
/mnt/md1/user_wago/data/LJSpeech-1.1/wavs/LJ021-0207.wav,8.9816875,4.3682585
/mnt/md1/user_wago/data/LJSpeech-1.1/wavs/LJ042-0055.wav,8.72625,4.404928
/mnt/md1/user_wago/data/LJSpeech-1.1/wavs/LJ034-0027.wav,7.8555,4.5648913
/mnt/md1/user_wago/data/LJSpeech-1.1/wavs/LJ008-0068.wav,4.5234375,4.551512
/mnt/md1/user_wago/data/LJSpeech-1.1/wavs/LJ012-0202.wav,5.5915625,4.689264
/mnt/md1/user_wago/data/LJSpeech-1.1/wavs/LJ013-0086.wav,9.3648125,4.5850143
/mnt/md1/user_wago/data/LJSpeech-1.1/wavs/LJ042-0192.wav,7.7858125,4.606963
/mnt/md1/user_wago/data/LJSpeech-1.1/wavs/LJ036-0017.wav,6.415875,4.6170626
/mnt/md1/user_wago/data/LJSpeech-1.1/wavs/LJ009-0197.wav,7.35625,4.5429
/mnt/md1/user_wago/data/LJSpeech-1.1/wavs/LJ036-0207.wav,2.9676875,4.770273
/mnt/md1/user_wago/data/LJSpeech-1.1/wavs/LJ047-0206.wav,4.4421875,4.408126
/mnt/md1/user_wago/data/LJSpeech-1.1/wavs/LJ049-0227.wav,6.392625,4.677804
/mnt/md1/user_wago/data/LJSpeech-1.1/wavs/LJ005-0176.wav,4.1170625,4.6180778
/mnt/md1/user_wago/data/LJSpeech-1.1/wavs/LJ003-0269.wav,8.41275,4.603362
/mnt/md1/user_wago/data/LJSpeech-1.1/wavs/LJ030-0140.wav,2.5961875,4.811984
/mnt/md1/user_wago/data/LJSpeech-1.1/wavs/LJ019-0313.wav,7.0544375,4.553521
/mnt/md1/user_wago/data/LJSpeech-1.1/wavs/LJ027-0105.wav,6.9266875,4.538747
/mnt/md1/user_wago/data/LJSpeech-1.1/wavs/LJ050-0241.wav,5.1735625,4.5546474
/mnt/md1/user_wago/data/LJSpeech-1.1/wavs/LJ023-0012.wav,10.0033125,4.4926147
/mnt/md1/user_wago/data/LJSpeech-1.1/wavs/LJ010-0105.wav,5.4058125,4.6740828
/mnt/md1/user_wago/data/LJSpeech-1.1/wavs/LJ013-0189.wav,3.989375,4.7693386
/mnt/md1/user_wago/data/LJSpeech-1.1/wavs/LJ043-0120.wav,6.9499375,4.7828455
/mnt/md1/user_wago/data/LJSpeech-1.1/wavs/LJ019-0319.wav,4.6279375,4.6566443
/mnt/md1/user_wago/data/LJSpeech-1.1/wavs/LJ043-0013.wav,5.440625,4.650337
/mnt/md1/user_wago/data/LJSpeech-1.1/wavs/LJ014-0138.wav,8.1109375,4.238293
/mnt/md1/user_wago/data/LJSpeech-1.1/wavs/LJ040-0012.wav,4.6975625,4.4359894
/mnt/md1/user_wago/data/LJSpeech-1.1/wavs/LJ010-0229.wav,9.4693125,4.6276464
/mnt/md1/user_wago/data/LJSpeech-1.1/wavs/LJ044-0016.wav,6.996375,4.5851064
/mnt/md1/user_wago/data/LJSpeech-1.1/wavs/LJ020-0052.wav,7.19375,4.387853
/mnt/md1/user_wago/data/LJSpeech-1.1/wavs/LJ030-0055.wav,9.7363125,4.5789347
/mnt/md1/user_wago/data/LJSpeech-1.1/wavs/LJ035-0183.wav,7.93675,4.472344
/mnt/md1/user_wago/data/LJSpeech-1.1/wavs/LJ034-0037.wav,8.2734375,4.72067
/mnt/md1/user_wago/data/LJSpeech-1.1/wavs/LJ011-0032.wav,6.5551875,4.4438314
/mnt/md1/user_wago/data/LJSpeech-1.1/wavs/LJ028-0371.wav,5.82375,4.6203613
/mnt/md1/user_wago/data/LJSpeech-1.1/wavs/LJ002-0326.wav,7.077625,4.4355035
/mnt/md1/user_wago/data/LJSpeech-1.1/wavs/LJ005-0009.wav,9.09775,4.4600477
/mnt/md1/user_wago/data/LJSpeech-1.1/wavs/LJ026-0139.wav,7.77425,4.5918117
/mnt/md1/user_wago/data/LJSpeech-1.1/wavs/LJ014-0246.wav,8.029625,4.7216105
/mnt/md1/user_wago/data/LJSpeech-1.1/wavs/LJ030-0065.wav,4.941375,4.633418
/mnt/md1/user_wago/data/LJSpeech-1.1/wavs/LJ005-0174.wav,3.9196875,4.6650505
/mnt/md1/user_wago/data/LJSpeech-1.1/wavs/LJ003-0218.wav,8.6681875,4.6939154
/mnt/md1/user_wago/data/LJSpeech-1.1/wavs/LJ041-0111.wav,5.162,4.546197
/mnt/md1/user_wago/data/LJSpeech-1.1/wavs/LJ032-0210.wav,4.6279375,4.285767
/mnt/md1/user_wago/data/LJSpeech-1.1/wavs/LJ046-0004.wav,3.4785625,4.79875
/mnt/md1/user_wago/data/LJSpeech-1.1/wavs/LJ016-0096.wav,8.052875,4.5780306
/mnt/md1/user_wago/data/LJSpeech-1.1/wavs/LJ045-0172.wav,2.7586875,4.3662395
/mnt/md1/user_wago/data/LJSpeech-1.1/wavs/LJ024-0121.wav,6.323,4.368309
/mnt/md1/user_wago/data/LJSpeech-1.1/wavs/LJ002-0016.wav,8.7726875,4.7605624
/mnt/md1/user_wago/data/LJSpeech-1.1/wavs/LJ029-0093.wav,7.1473125,4.740257
/mnt/md1/user_wago/data/LJSpeech-1.1/wavs/LJ039-0165.wav,6.19525,4.232413
/mnt/md1/user_wago/data/LJSpeech-1.1/wavs/LJ026-0136.wav,5.3245,4.4163413
/mnt/md1/user_wago/data/LJSpeech-1.1/wavs/LJ039-0240.wav,7.7045625,4.539788
/mnt/md1/user_wago/data/LJSpeech-1.1/wavs/LJ033-0139.wav,7.9135625,4.671406
/mnt/md1/user_wago/data/LJSpeech-1.1/wavs/LJ028-0499.wav,5.127125,4.5107856
/mnt/md1/user_wago/data/LJSpeech-1.1/wavs/LJ025-0111.wav,7.1356875,4.4891653
/mnt/md1/user_wago/data/LJSpeech-1.1/wavs/LJ028-0241.wav,4.860125,4.720432
/mnt/md1/user_wago/data/LJSpeech-1.1/wavs/LJ007-0235.wav,9.1558125,4.510478
/mnt/md1/user_wago/data/LJSpeech-1.1/wavs/LJ007-0012.wav,3.9313125,4.7343235
/mnt/md1/user_wago/data/LJSpeech-1.1/wavs/LJ014-0066.wav,9.6434375,4.582334
/mnt/md1/user_wago/data/LJSpeech-1.1/wavs/LJ043-0138.wav,9.7130625,4.6675253
/mnt/md1/user_wago/data/LJSpeech-1.1/wavs/LJ032-0030.wav,5.127125,4.6724696
/mnt/md1/user_wago/data/LJSpeech-1.1/wavs/LJ039-0023.wav,7.158875,4.2595415
/mnt/md1/user_wago/data/LJSpeech-1.1/wavs/LJ038-0034.wav,7.1356875,4.6596756
/mnt/md1/user_wago/data/LJSpeech-1.1/wavs/LJ045-0054.wav,7.391125,4.447464
/mnt/md1/user_wago/data/LJSpeech-1.1/wavs/LJ008-0079.wav,7.0428125,4.605359
/mnt/md1/user_wago/data/LJSpeech-1.1/wavs/LJ010-0035.wav,3.037375,4.4783926
/mnt/md1/user_wago/data/LJSpeech-1.1/wavs/LJ041-0142.wav,4.1170625,4.7742996
/mnt/md1/user_wago/data/LJSpeech-1.1/wavs/LJ028-0094.wav,8.0760625,4.4114504
/mnt/md1/user_wago/data/LJSpeech-1.1/wavs/LJ046-0160.wav,7.1356875,4.6741357
/mnt/md1/user_wago/data/LJSpeech-1.1/wavs/LJ039-0132.wav,8.7610625,4.3120737
/mnt/md1/user_wago/data/LJSpeech-1.1/wavs/LJ022-0143.wav,7.5071875,4.5079517
/mnt/md1/user_wago/data/LJSpeech-1.1/wavs/LJ012-0134.wav,5.162,4.73425
/mnt/md1/user_wago/data/LJSpeech-1.1/wavs/LJ007-0158.wav,9.004875,4.5047264
/mnt/md1/user_wago/data/LJSpeech-1.1/wavs/LJ038-0137.wav,7.925125,4.654433
/mnt/md1/user_wago/data/LJSpeech-1.1/wavs/LJ028-0501.wav,4.3260625,4.539443
/mnt/md1/user_wago/data/LJSpeech-1.1/wavs/LJ012-0056.wav,9.09775,4.6378803
/mnt/md1/user_wago/data/LJSpeech-1.1/wavs/LJ045-0118.wav,6.601625,4.546263
/mnt/md1/user_wago/data/LJSpeech-1.1/wavs/LJ016-0378.wav,1.5976875,4.5448585
/mnt/md1/user_wago/data/LJSpeech-1.1/wavs/LJ001-0061.wav,3.50175,4.396831
/mnt/md1/user_wago/data/LJSpeech-1.1/wavs/LJ001-0138.wav,6.311375,4.3305078
/mnt/md1/user_wago/data/LJSpeech-1.1/wavs/LJ002-0175.wav,7.2285625,4.7075205
/mnt/md1/user_wago/data/LJSpeech-1.1/wavs/LJ017-0202.wav,9.4344375,4.4765887
/mnt/md1/user_wago/data/LJSpeech-1.1/wavs/LJ013-0001.wav,9.0745625,4.581644
/mnt/md1/user_wago/data/LJSpeech-1.1/wavs/LJ028-0420.wav,3.316,4.415527
/mnt/md1/user_wago/data/LJSpeech-1.1/wavs/LJ004-0125.wav,4.39575,4.5057583
/mnt/md1/user_wago/data/LJSpeech-1.1/wavs/LJ024-0011.wav,9.2255,4.4514403
/mnt/md1/user_wago/data/LJSpeech-1.1/wavs/LJ012-0276.wav,8.6565625,4.6310525
/mnt/md1/user_wago/data/LJSpeech-1.1/wavs/LJ009-0007.wav,9.0396875,4.368879
/mnt/md1/user_wago/data/LJSpeech-1.1/wavs/LJ011-0005.wav,7.5884375,4.663947
/mnt/md1/user_wago/data/LJSpeech-1.1/wavs/LJ047-0025.wav,4.6975625,4.642481
/mnt/md1/user_wago/data/LJSpeech-1.1/wavs/LJ028-0214.wav,9.67825,4.21065
/mnt/md1/user_wago/data/LJSpeech-1.1/wavs/LJ001-0072.wav,6.497125,4.5246267
/mnt/md1/user_wago/data/LJSpeech-1.1/wavs/LJ003-0154.wav,5.545125,4.598782
/mnt/md1/user_wago/data/LJSpeech-1.1/wavs/LJ006-0253.wav,5.254875,4.49904
/mnt/md1/user_wago/data/LJSpeech-1.1/wavs/LJ049-0196.wav,9.8524375,4.522147
/mnt/md1/user_wago/data/LJSpeech-1.1/wavs/LJ019-0113.wav,4.1055,4.4684076
/mnt/md1/user_wago/data/LJSpeech-1.1/wavs/LJ024-0101.wav,9.99175,4.168931
/mnt/md1/user_wago/data/LJSpeech-1.1/wavs/LJ008-0046.wav,5.521875,4.548566
/mnt/md1/user_wago/data/LJSpeech-1.1/wavs/LJ039-0153.wav,6.9499375,4.511283
/mnt/md1/user_wago/data/LJSpeech-1.1/wavs/LJ038-0111.wav,4.488625,4.686422
/mnt/md1/user_wago/data/LJSpeech-1.1/wavs/LJ040-0035.wav,9.8291875,4.5660625
/mnt/md1/user_wago/data/LJSpeech-1.1/wavs/LJ049-0059.wav,6.6945,4.5219836
/mnt/md1/user_wago/data/LJSpeech-1.1/wavs/LJ008-0031.wav,8.6798125,4.3966637
/mnt/md1/user_wago/data/LJSpeech-1.1/wavs/LJ002-0075.wav,4.651125,4.389399
/mnt/md1/user_wago/data/LJSpeech-1.1/wavs/LJ011-0230.wav,8.3315,4.601893
/mnt/md1/user_wago/data/LJSpeech-1.1/wavs/LJ033-0180.wav,7.576875,4.3822455
/mnt/md1/user_wago/data/LJSpeech-1.1/wavs/LJ011-0288.wav,6.114,4.7332296
/mnt/md1/user_wago/data/LJSpeech-1.1/wavs/LJ014-0308.wav,8.4940625,4.603938
/mnt/md1/user_wago/data/LJSpeech-1.1/wavs/LJ033-0126.wav,2.329125,4.641878
/mnt/md1/user_wago/data/LJSpeech-1.1/wavs/LJ037-0192.wav,7.6929375,4.6063743
/mnt/md1/user_wago/data/LJSpeech-1.1/wavs/LJ025-0107.wav,3.304375,4.57787
/mnt/md1/user_wago/data/LJSpeech-1.1/wavs/LJ006-0303.wav,5.2780625,4.519865
/mnt/md1/user_wago/data/LJSpeech-1.1/wavs/LJ019-0182.wav,5.359375,4.616034
/mnt/md1/user_wago/data/LJSpeech-1.1/wavs/LJ045-0077.wav,7.9948125,4.7123036
/mnt/md1/user_wago/data/LJSpeech-1.1/wavs/LJ043-0153.wav,8.9816875,4.604863
/mnt/md1/user_wago/data/LJSpeech-1.1/wavs/LJ028-0047.wav,4.8949375,4.6797113
/mnt/md1/user_wago/data/LJSpeech-1.1/wavs/LJ012-0025.wav,4.093875,4.7342296
/mnt/md1/user_wago/data/LJSpeech-1.1/wavs/LJ004-0038.wav,9.6318125,4.533436
/mnt/md1/user_wago/data/LJSpeech-1.1/wavs/LJ001-0077.wav,9.3648125,4.576139
/mnt/md1/user_wago/data/LJSpeech-1.1/wavs/LJ036-0111.wav,8.0645,4.6202016
/mnt/md1/user_wago/data/LJSpeech-1.1/wavs/LJ035-0129.wav,5.3245,4.5275145
/mnt/md1/user_wago/data/LJSpeech-1.1/wavs/LJ008-0135.wav,6.50875,4.2397003
/mnt/md1/user_wago/data/LJSpeech-1.1/wavs/LJ043-0054.wav,7.7858125,4.7107596
/mnt/md1/user_wago/data/LJSpeech-1.1/wavs/LJ045-0193.wav,6.2185,4.5888753
/mnt/md1/user_wago/data/LJSpeech-1.1/wavs/LJ002-0095.wav,9.4576875,4.5619063
/mnt/md1/user_wago/data/LJSpeech-1.1/wavs/LJ016-0253.wav,8.447625,4.6541886
/mnt/md1/user_wago/data/LJSpeech-1.1/wavs/LJ017-0127.wav,7.5884375,4.660016
/mnt/md1/user_wago/data/LJSpeech-1.1/wavs/LJ037-0150.wav,9.7015,4.7780547
/mnt/md1/user_wago/data/LJSpeech-1.1/wavs/LJ012-0192.wav,5.3129375,4.621488
/mnt/md1/user_wago/data/LJSpeech-1.1/wavs/LJ042-0008.wav,4.6163125,4.5277023
/mnt/md1/user_wago/data/LJSpeech-1.1/wavs/LJ029-0104.wav,8.1805625,4.587823
/mnt/md1/user_wago/data/LJSpeech-1.1/wavs/LJ019-0044.wav,9.399625,4.6792173
/mnt/md1/user_wago/data/LJSpeech-1.1/wavs/LJ015-0065.wav,6.7176875,4.3832707
/mnt/md1/user_wago/data/LJSpeech-1.1/wavs/LJ050-0021.wav,8.5753125,4.599775
/mnt/md1/user_wago/data/LJSpeech-1.1/wavs/LJ050-0226.wav,9.4344375,4.550124
/mnt/md1/user_wago/data/LJSpeech-1.1/wavs/LJ044-0091.wav,5.045875,4.5274143
/mnt/md1/user_wago/data/LJSpeech-1.1/wavs/LJ021-0130.wav,9.7479375,4.3597326
/mnt/md1/user_wago/data/LJSpeech-1.1/wavs/LJ030-0217.wav,8.9584375,4.581016
/mnt/md1/user_wago/data/LJSpeech-1.1/wavs/LJ044-0129.wav,6.8338125,4.7119575
/mnt/md1/user_wago/data/LJSpeech-1.1/wavs/LJ031-0184.wav,2.038875,4.8034706
/mnt/md1/user_wago/data/LJSpeech-1.1/wavs/LJ050-0126.wav,3.1534375,4.3810244
/mnt/md1/user_wago/data/LJSpeech-1.1/wavs/LJ047-0245.wav,7.0428125,4.376082
/mnt/md1/user_wago/data/LJSpeech-1.1/wavs/LJ049-0172.wav,5.9863125,4.669492
/mnt/md1/user_wago/data/LJSpeech-1.1/wavs/LJ048-0138.wav,7.1124375,4.6017003
/mnt/md1/user_wago/data/LJSpeech-1.1/wavs/LJ005-0091.wav,8.052875,4.575606
/mnt/md1/user_wago/data/LJSpeech-1.1/wavs/LJ011-0180.wav,6.1836875,4.65895
/mnt/md1/user_wago/data/LJSpeech-1.1/wavs/LJ048-0177.wav,9.5273125,4.5699625
/mnt/md1/user_wago/data/LJSpeech-1.1/wavs/LJ001-0099.wav,8.029625,4.4719715
/mnt/md1/user_wago/data/LJSpeech-1.1/wavs/LJ048-0043.wav,9.771125,4.5250416
/mnt/md1/user_wago/data/LJSpeech-1.1/wavs/LJ016-0160.wav,5.1968125,4.6876335
/mnt/md1/user_wago/data/LJSpeech-1.1/wavs/LJ010-0206.wav,5.417375,4.701133
/mnt/md1/user_wago/data/LJSpeech-1.1/wavs/LJ031-0158.wav,6.9150625,4.5733557
/mnt/md1/user_wago/data/LJSpeech-1.1/wavs/LJ018-0265.wav,8.9584375,4.5947375
/mnt/md1/user_wago/data/LJSpeech-1.1/wavs/LJ031-0172.wav,6.19525,4.799057
/mnt/md1/user_wago/data/LJSpeech-1.1/wavs/LJ020-0061.wav,9.6201875,4.5590367
/mnt/md1/user_wago/data/LJSpeech-1.1/wavs/LJ041-0185.wav,10.0381875,4.3520937
/mnt/md1/user_wago/data/LJSpeech-1.1/wavs/LJ034-0195.wav,3.432125,4.786639
/mnt/md1/user_wago/data/LJSpeech-1.1/wavs/LJ010-0149.wav,2.6890625,4.4625835
/mnt/md1/user_wago/data/LJSpeech-1.1/wavs/LJ050-0205.wav,2.7819375,4.757175
/mnt/md1/user_wago/data/LJSpeech-1.1/wavs/LJ041-0054.wav,6.6480625,4.5377235
/mnt/md1/user_wago/data/LJSpeech-1.1/wavs/LJ024-0058.wav,6.2765625,4.116119
/mnt/md1/user_wago/data/LJSpeech-1.1/wavs/LJ037-0050.wav,6.09075,4.7482367
/mnt/md1/user_wago/data/LJSpeech-1.1/wavs/LJ047-0059.wav,7.0428125,4.6094217
/mnt/md1/user_wago/data/LJSpeech-1.1/wavs/LJ010-0031.wav,4.8949375,4.6284237
/mnt/md1/user_wago/data/LJSpeech-1.1/wavs/LJ027-0046.wav,7.0428125,4.379386
/mnt/md1/user_wago/data/LJSpeech-1.1/wavs/LJ006-0127.wav,6.381,4.3369737
/mnt/md1/user_wago/data/LJSpeech-1.1/wavs/LJ030-0248.wav,5.71925,4.721864
/mnt/md1/user_wago/data/LJSpeech-1.1/wavs/LJ022-0158.wav,8.3779375,4.4739223
/mnt/md1/user_wago/data/LJSpeech-1.1/wavs/LJ042-0244.wav,4.3144375,4.2354097
/mnt/md1/user_wago/data/LJSpeech-1.1/wavs/LJ048-0179.wav,8.0876875,4.5121326
/mnt/md1/user_wago/data/LJSpeech-1.1/wavs/LJ013-0174.wav,9.794375,4.5931687
/mnt/md1/user_wago/data/LJSpeech-1.1/wavs/LJ031-0087.wav,5.7656875,4.6442766
/mnt/md1/user_wago/data/LJSpeech-1.1/wavs/LJ012-0058.wav,8.0876875,4.601117
/mnt/md1/user_wago/data/LJSpeech-1.1/wavs/LJ023-0025.wav,3.5481875,4.6180544
/mnt/md1/user_wago/data/LJSpeech-1.1/wavs/LJ016-0077.wav,7.4955625,4.6500473
/mnt/md1/user_wago/data/LJSpeech-1.1/wavs/LJ017-0117.wav,7.0544375,4.7547846
/mnt/md1/user_wago/data/LJSpeech-1.1/wavs/LJ050-0070.wav,7.8090625,4.6937275
/mnt/md1/user_wago/data/LJSpeech-1.1/wavs/LJ035-0120.wav,6.601625,4.491086
/mnt/md1/user_wago/data/LJSpeech-1.1/wavs/LJ037-0082.wav,2.0969375,4.763736
/mnt/md1/user_wago/data/LJSpeech-1.1/wavs/LJ045-0090.wav,8.795875,4.6182175
/mnt/md1/user_wago/data/LJSpeech-1.1/wavs/LJ049-0134.wav,8.1109375,4.567718
/mnt/md1/user_wago/data/LJSpeech-1.1/wavs/LJ015-0137.wav,6.288125,4.4566545
/mnt/md1/user_wago/data/LJSpeech-1.1/wavs/LJ028-0083.wav,8.2966875,4.5512857
/mnt/md1/user_wago/data/LJSpeech-1.1/wavs/LJ004-0087.wav,7.8206875,4.556844
/mnt/md1/user_wago/data/LJSpeech-1.1/wavs/LJ027-0162.wav,4.5001875,4.6472635
/mnt/md1/user_wago/data/LJSpeech-1.1/wavs/LJ008-0170.wav,4.9878125,4.488551
/mnt/md1/user_wago/data/LJSpeech-1.1/wavs/LJ047-0119.wav,5.6611875,4.5987067
/mnt/md1/user_wago/data/LJSpeech-1.1/wavs/LJ039-0233.wav,5.847,4.53965
/mnt/md1/user_wago/data/LJSpeech-1.1/wavs/LJ034-0071.wav,7.6349375,4.6745253
/mnt/md1/user_wago/data/LJSpeech-1.1/wavs/LJ043-0021.wav,4.8136875,4.710383
/mnt/md1/user_wago/data/LJSpeech-1.1/wavs/LJ035-0043.wav,7.3214375,4.627033
/mnt/md1/user_wago/data/LJSpeech-1.1/wavs/LJ037-0238.wav,6.5551875,4.7594953
/mnt/md1/user_wago/data/LJSpeech-1.1/wavs/LJ034-0090.wav,2.7006875,4.4322367
/mnt/md1/user_wago/data/LJSpeech-1.1/wavs/LJ004-0172.wav,4.6395625,4.46677
/mnt/md1/user_wago/data/LJSpeech-1.1/wavs/LJ047-0137.wav,6.415875,4.7039523
/mnt/md1/user_wago/data/LJSpeech-1.1/wavs/LJ041-0132.wav,6.392625,4.6905694
/mnt/md1/user_wago/data/LJSpeech-1.1/wavs/LJ019-0393.wav,9.57375,4.584349
/mnt/md1/user_wago/data/LJSpeech-1.1/wavs/LJ045-0074.wav,8.2038125,4.55675
/mnt/md1/user_wago/data/LJSpeech-1.1/wavs/LJ032-0219.wav,2.247875,4.588503
/mnt/md1/user_wago/data/LJSpeech-1.1/wavs/LJ018-0255.wav,2.92125,4.6363955
/mnt/md1/user_wago/data/LJSpeech-1.1/wavs/LJ045-0237.wav,8.4011875,4.6795554
/mnt/md1/user_wago/data/LJSpeech-1.1/wavs/LJ029-0034.wav,8.819125,4.6004443
/mnt/md1/user_wago/data/LJSpeech-1.1/wavs/LJ018-0119.wav,2.9909375,4.66652
/mnt/md1/user_wago/data/LJSpeech-1.1/wavs/LJ028-0162.wav,5.521875,4.6262455
/mnt/md1/user_wago/data/LJSpeech-1.1/wavs/LJ041-0141.wav,7.66975,4.623184
/mnt/md1/user_wago/data/LJSpeech-1.1/wavs/LJ037-0132.wav,5.8005,4.6087227
/mnt/md1/user_wago/data/LJSpeech-1.1/wavs/LJ016-0190.wav,7.9135625,4.570953
/mnt/md1/user_wago/data/LJSpeech-1.1/wavs/LJ005-0198.wav,6.2533125,4.5965295
/mnt/md1/user_wago/data/LJSpeech-1.1/wavs/LJ024-0098.wav,8.3083125,4.257606
/mnt/md1/user_wago/data/LJSpeech-1.1/wavs/LJ022-0139.wav,3.23475,4.713119
/mnt/md1/user_wago/data/LJSpeech-1.1/wavs/LJ015-0033.wav,8.0993125,4.566874
/mnt/md1/user_wago/data/LJSpeech-1.1/wavs/LJ042-0128.wav,7.6929375,4.6224184
/mnt/md1/user_wago/data/LJSpeech-1.1/wavs/LJ024-0070.wav,9.3415625,4.040335
/mnt/md1/user_wago/data/LJSpeech-1.1/wavs/LJ002-0281.wav,3.617875,4.3212237
/mnt/md1/user_wago/data/LJSpeech-1.1/wavs/LJ043-0164.wav,4.3260625,4.6640472
/mnt/md1/user_wago/data/LJSpeech-1.1/wavs/LJ019-0067.wav,5.2780625,4.504772
/mnt/md1/user_wago/data/LJSpeech-1.1/wavs/LJ002-0047.wav,5.34775,4.7511735
/mnt/md1/user_wago/data/LJSpeech-1.1/wavs/LJ048-0199.wav,6.40425,4.5693874
/mnt/md1/user_wago/data/LJSpeech-1.1/wavs/LJ033-0207.wav,7.391125,4.545724
/mnt/md1/user_wago/data/LJSpeech-1.1/wavs/LJ019-0399.wav,7.7045625,4.448403
/mnt/md1/user_wago/data/LJSpeech-1.1/wavs/LJ046-0244.wav,4.384125,4.5769506
/mnt/md1/user_wago/data/LJSpeech-1.1/wavs/LJ030-0167.wav,7.553625,4.561478
/mnt/md1/user_wago/data/LJSpeech-1.1/wavs/LJ011-0065.wav,9.794375,4.6449547
/mnt/md1/user_wago/data/LJSpeech-1.1/wavs/LJ030-0156.wav,7.9948125,4.669137
/mnt/md1/user_wago/data/LJSpeech-1.1/wavs/LJ016-0163.wav,8.215375,4.6070757
/mnt/md1/user_wago/data/LJSpeech-1.1/wavs/LJ009-0077.wav,5.0226875,4.572448
/mnt/md1/user_wago/data/LJSpeech-1.1/wavs/LJ010-0146.wav,9.2255,4.6306343
/mnt/md1/user_wago/data/LJSpeech-1.1/wavs/LJ006-0254.wav,8.6565625,4.500367
/mnt/md1/user_wago/data/LJSpeech-1.1/wavs/LJ007-0095.wav,5.03425,4.2887588
/mnt/md1/user_wago/data/LJSpeech-1.1/wavs/LJ039-0105.wav,8.3083125,4.4603004
/mnt/md1/user_wago/data/LJSpeech-1.1/wavs/LJ050-0150.wav,3.4785625,4.7194967
/mnt/md1/user_wago/data/LJSpeech-1.1/wavs/LJ014-0151.wav,3.2695625,4.5246143
/mnt/md1/user_wago/data/LJSpeech-1.1/wavs/LJ035-0173.wav,5.6611875,4.4750137
/mnt/md1/user_wago/data/LJSpeech-1.1/wavs/LJ030-0050.wav,1.49325,4.758815
/mnt/md1/user_wago/data/LJSpeech-1.1/wavs/LJ013-0195.wav,5.905,4.714667
/mnt/md1/user_wago/data/LJSpeech-1.1/wavs/LJ049-0014.wav,5.4754375,4.7209663
/mnt/md1/user_wago/data/LJSpeech-1.1/wavs/LJ009-0098.wav,7.077625,3.7994928
/mnt/md1/user_wago/data/LJSpeech-1.1/wavs/LJ002-0252.wav,4.5234375,4.3652544
/mnt/md1/user_wago/data/LJSpeech-1.1/wavs/LJ032-0138.wav,3.2695625,4.5727253
/mnt/md1/user_wago/data/LJSpeech-1.1/wavs/LJ005-0043.wav,6.50875,4.6577873
/mnt/md1/user_wago/data/LJSpeech-1.1/wavs/LJ048-0065.wav,7.484,4.6232514
/mnt/md1/user_wago/data/LJSpeech-1.1/wavs/LJ026-0130.wav,3.792,4.683302
/mnt/md1/user_wago/data/LJSpeech-1.1/wavs/LJ028-0103.wav,5.2896875,4.674824
/mnt/md1/user_wago/data/LJSpeech-1.1/wavs/LJ031-0095.wav,9.67825,4.7074175
/mnt/md1/user_wago/data/LJSpeech-1.1/wavs/LJ012-0074.wav,9.30675,4.6022415
/mnt/md1/user_wago/data/LJSpeech-1.1/wavs/LJ005-0096.wav,4.8136875,4.527592
/mnt/md1/user_wago/data/LJSpeech-1.1/wavs/LJ031-0081.wav,4.953,4.53937
/mnt/md1/user_wago/data/LJSpeech-1.1/wavs/LJ039-0146.wav,9.7595625,4.2503033
/mnt/md1/user_wago/data/LJSpeech-1.1/wavs/LJ006-0301.wav,7.4143125,4.5030622
/mnt/md1/user_wago/data/LJSpeech-1.1/wavs/LJ001-0007.wav,8.3895625,4.2247844
/mnt/md1/user_wago/data/LJSpeech-1.1/wavs/LJ006-0171.wav,8.1109375,4.567726
/mnt/md1/user_wago/data/LJSpeech-1.1/wavs/LJ039-0170.wav,3.0721875,4.577297
/mnt/md1/user_wago/data/LJSpeech-1.1/wavs/LJ030-0186.wav,7.739375,4.729887
/mnt/md1/user_wago/data/LJSpeech-1.1/wavs/LJ014-0067.wav,7.77425,4.6226664
/mnt/md1/user_wago/data/LJSpeech-1.1/wavs/LJ022-0011.wav,5.730875,4.6978607
/mnt/md1/user_wago/data/LJSpeech-1.1/wavs/LJ017-0168.wav,5.0923125,4.7468166
/mnt/md1/user_wago/data/LJSpeech-1.1/wavs/LJ026-0143.wav,7.925125,4.5077868
/mnt/md1/user_wago/data/LJSpeech-1.1/wavs/LJ030-0112.wav,8.795875,4.5701885
/mnt/md1/user_wago/data/LJSpeech-1.1/wavs/LJ003-0021.wav,8.7843125,4.6204405
/mnt/md1/user_wago/data/LJSpeech-1.1/wavs/LJ004-0123.wav,3.095375,4.6908126
/mnt/md1/user_wago/data/LJSpeech-1.1/wavs/LJ021-0047.wav,6.497125,4.450996
/mnt/md1/user_wago/data/LJSpeech-1.1/wavs/LJ003-0015.wav,8.4708125,4.4727006
/mnt/md1/user_wago/data/LJSpeech-1.1/wavs/LJ033-0205.wav,6.2649375,4.442425
/mnt/md1/user_wago/data/LJSpeech-1.1/wavs/LJ009-0082.wav,6.682875,4.542547
/mnt/md1/user_wago/data/LJSpeech-1.1/wavs/LJ018-0280.wav,4.093875,4.643341
/mnt/md1/user_wago/data/LJSpeech-1.1/wavs/LJ027-0119.wav,8.83075,4.5430717
/mnt/md1/user_wago/data/LJSpeech-1.1/wavs/LJ007-0146.wav,3.908125,4.3779488
/mnt/md1/user_wago/data/LJSpeech-1.1/wavs/LJ023-0117.wav,9.388,4.544195
/mnt/md1/user_wago/data/LJSpeech-1.1/wavs/LJ002-0108.wav,8.14575,4.546178
/mnt/md1/user_wago/data/LJSpeech-1.1/wavs/LJ050-0269.wav,5.1735625,4.683278
/mnt/md1/user_wago/data/LJSpeech-1.1/wavs/LJ025-0151.wav,8.4708125,4.622433
/mnt/md1/user_wago/data/LJSpeech-1.1/wavs/LJ050-0166.wav,5.069125,4.792816
/mnt/md1/user_wago/data/LJSpeech-1.1/wavs/LJ008-0095.wav,9.004875,4.483441
/mnt/md1/user_wago/data/LJSpeech-1.1/wavs/LJ044-0230.wav,9.51575,4.5447135
/mnt/md1/user_wago/data/LJSpeech-1.1/wavs/LJ013-0173.wav,4.29125,4.558858
/mnt/md1/user_wago/data/LJSpeech-1.1/wavs/LJ041-0131.wav,7.762625,4.6910424
/mnt/md1/user_wago/data/LJSpeech-1.1/wavs/LJ038-0208.wav,9.5505625,4.601626
/mnt/md1/user_wago/data/LJSpeech-1.1/wavs/LJ042-0004.wav,2.0156875,4.5679207
/mnt/md1/user_wago/data/LJSpeech-1.1/wavs/LJ005-0023.wav,9.399625,4.2790504
/mnt/md1/user_wago/data/LJSpeech-1.1/wavs/LJ016-0246.wav,9.6550625,4.5177937
/mnt/md1/user_wago/data/LJSpeech-1.1/wavs/LJ041-0034.wav,9.9104375,4.429384
/mnt/md1/user_wago/data/LJSpeech-1.1/wavs/LJ010-0246.wav,9.689875,4.635977
/mnt/md1/user_wago/data/LJSpeech-1.1/wavs/LJ019-0073.wav,3.792,4.576793
/mnt/md1/user_wago/data/LJSpeech-1.1/wavs/LJ011-0030.wav,1.4468125,4.401991
/mnt/md1/user_wago/data/LJSpeech-1.1/wavs/LJ015-0112.wav,7.19375,4.48021
/mnt/md1/user_wago/data/LJSpeech-1.1/wavs/LJ018-0388.wav,4.9994375,4.57734
/mnt/md1/user_wago/data/LJSpeech-1.1/wavs/LJ036-0174.wav,6.4390625,4.7801814
/mnt/md1/user_wago/data/LJSpeech-1.1/wavs/LJ033-0094.wav,8.227,4.612021
/mnt/md1/user_wago/data/LJSpeech-1.1/wavs/LJ002-0168.wav,9.480875,4.5894685
/mnt/md1/user_wago/data/LJSpeech-1.1/wavs/LJ005-0040.wav,6.03275,4.5839663
/mnt/md1/user_wago/data/LJSpeech-1.1/wavs/LJ012-0128.wav,4.29125,4.4235005
/mnt/md1/user_wago/data/LJSpeech-1.1/wavs/LJ011-0084.wav,6.40425,4.7068486
/mnt/md1/user_wago/data/LJSpeech-1.1/wavs/LJ048-0097.wav,5.6960625,4.742364
/mnt/md1/user_wago/data/LJSpeech-1.1/wavs/LJ029-0038.wav,9.20225,4.6243677
/mnt/md1/user_wago/data/LJSpeech-1.1/wavs/LJ017-0267.wav,8.645,4.548055
/mnt/md1/user_wago/data/LJSpeech-1.1/wavs/LJ008-0270.wav,7.08925,4.444733
/mnt/md1/user_wago/data/LJSpeech-1.1/wavs/LJ013-0191.wav,4.836875,4.7035103
/mnt/md1/user_wago/data/LJSpeech-1.1/wavs/LJ005-0003.wav,9.388,4.6558356
/mnt/md1/user_wago/data/LJSpeech-1.1/wavs/LJ022-0187.wav,5.8934375,4.748379
/mnt/md1/user_wago/data/LJSpeech-1.1/wavs/LJ035-0168.wav,7.681375,4.4888935
/mnt/md1/user_wago/data/LJSpeech-1.1/wavs/LJ018-0063.wav,6.7293125,4.634045
/mnt/md1/user_wago/data/LJSpeech-1.1/wavs/LJ033-0093.wav,8.319875,4.414424
/mnt/md1/user_wago/data/LJSpeech-1.1/wavs/LJ012-0119.wav,8.842375,4.6056786
/mnt/md1/user_wago/data/LJSpeech-1.1/wavs/LJ016-0385.wav,6.67125,4.4676065
/mnt/md1/user_wago/data/LJSpeech-1.1/wavs/LJ010-0013.wav,5.649625,4.6978416
/mnt/md1/user_wago/data/LJSpeech-1.1/wavs/LJ003-0125.wav,8.424375,4.495819
/mnt/md1/user_wago/data/LJSpeech-1.1/wavs/LJ038-0121.wav,2.909625,4.7317715
/mnt/md1/user_wago/data/LJSpeech-1.1/wavs/LJ049-0226.wav,6.2416875,4.6587996
/mnt/md1/user_wago/data/LJSpeech-1.1/wavs/LJ045-0173.wav,3.6410625,4.4911904
/mnt/md1/user_wago/data/LJSpeech-1.1/wavs/LJ008-0125.wav,5.231625,4.4162793
/mnt/md1/user_wago/data/LJSpeech-1.1/wavs/LJ011-0195.wav,8.9816875,4.45244
/mnt/md1/user_wago/data/LJSpeech-1.1/wavs/LJ019-0378.wav,6.4275,4.4980164
/mnt/md1/user_wago/data/LJSpeech-1.1/wavs/LJ044-0057.wav,8.0180625,4.641479
/mnt/md1/user_wago/data/LJSpeech-1.1/wavs/LJ029-0103.wav,7.2401875,4.5991693
/mnt/md1/user_wago/data/LJSpeech-1.1/wavs/LJ010-0097.wav,8.5405,4.62202
/mnt/md1/user_wago/data/LJSpeech-1.1/wavs/LJ047-0056.wav,2.0040625,4.749702
/mnt/md1/user_wago/data/LJSpeech-1.1/wavs/LJ006-0284.wav,10.09625,4.5824046
/mnt/md1/user_wago/data/LJSpeech-1.1/wavs/LJ016-0347.wav,5.0806875,4.6690574
/mnt/md1/user_wago/data/LJSpeech-1.1/wavs/LJ028-0070.wav,8.900375,4.738922
/mnt/md1/user_wago/data/LJSpeech-1.1/wavs/LJ017-0046.wav,3.1883125,4.830612
/mnt/md1/user_wago/data/LJSpeech-1.1/wavs/LJ030-0109.wav,1.6209375,4.6931233
/mnt/md1/user_wago/data/LJSpeech-1.1/wavs/LJ011-0035.wav,8.51725,4.5500054
/mnt/md1/user_wago/data/LJSpeech-1.1/wavs/LJ012-0062.wav,4.18675,4.5136585
/mnt/md1/user_wago/data/LJSpeech-1.1/wavs/LJ019-0188.wav,6.682875,4.7217736
/mnt/md1/user_wago/data/LJSpeech-1.1/wavs/LJ038-0110.wav,4.686,4.8476634
/mnt/md1/user_wago/data/LJSpeech-1.1/wavs/LJ048-0070.wav,7.2169375,4.496851
/mnt/md1/user_wago/data/LJSpeech-1.1/wavs/LJ012-0037.wav,4.9065625,4.6382885
/mnt/md1/user_wago/data/LJSpeech-1.1/wavs/LJ022-0068.wav,8.157375,4.523804
/mnt/md1/user_wago/data/LJSpeech-1.1/wavs/LJ018-0181.wav,7.739375,4.7040257
/mnt/md1/user_wago/data/LJSpeech-1.1/wavs/LJ041-0091.wav,3.884875,4.569576
/mnt/md1/user_wago/data/LJSpeech-1.1/wavs/LJ012-0255.wav,3.4669375,4.494878
/mnt/md1/user_wago/data/LJSpeech-1.1/wavs/LJ040-0085.wav,4.569875,4.455423
/mnt/md1/user_wago/data/LJSpeech-1.1/wavs/LJ038-0146.wav,4.8485,4.718748
/mnt/md1/user_wago/data/LJSpeech-1.1/wavs/LJ003-0241.wav,3.6526875,4.425708
/mnt/md1/user_wago/data/LJSpeech-1.1/wavs/LJ037-0025.wav,8.923625,4.609583
/mnt/md1/user_wago/data/LJSpeech-1.1/wavs/LJ047-0093.wav,9.99175,4.5471845
/mnt/md1/user_wago/data/LJSpeech-1.1/wavs/LJ040-0214.wav,5.359375,4.5104055
/mnt/md1/user_wago/data/LJSpeech-1.1/wavs/LJ049-0069.wav,4.4073125,4.699005
/mnt/md1/user_wago/data/LJSpeech-1.1/wavs/LJ019-0330.wav,5.0110625,4.531122
/mnt/md1/user_wago/data/LJSpeech-1.1/wavs/LJ038-0302.wav,8.633375,4.4751716
/mnt/md1/user_wago/data/LJSpeech-1.1/wavs/LJ015-0152.wav,4.9994375,4.621146
/mnt/md1/user_wago/data/LJSpeech-1.1/wavs/LJ007-0227.wav,8.6565625,4.5662527
/mnt/md1/user_wago/data/LJSpeech-1.1/wavs/LJ046-0180.wav,9.99175,4.363881
/mnt/md1/user_wago/data/LJSpeech-1.1/wavs/LJ050-0246.wav,5.1851875,4.701643
/mnt/md1/user_wago/data/LJSpeech-1.1/wavs/LJ018-0311.wav,7.4143125,4.6929126
/mnt/md1/user_wago/data/LJSpeech-1.1/wavs/LJ012-0078.wav,7.1356875,4.676216
/mnt/md1/user_wago/data/LJSpeech-1.1/wavs/LJ015-0177.wav,7.2401875,4.6058173
/mnt/md1/user_wago/data/LJSpeech-1.1/wavs/LJ011-0157.wav,6.1488125,4.1362877
/mnt/md1/user_wago/data/LJSpeech-1.1/wavs/LJ039-0048.wav,4.9181875,4.5056167
/mnt/md1/user_wago/data/LJSpeech-1.1/wavs/LJ021-0032.wav,2.9909375,4.7765913
/mnt/md1/user_wago/data/LJSpeech-1.1/wavs/LJ003-0040.wav,9.1441875,4.582911
/mnt/md1/user_wago/data/LJSpeech-1.1/wavs/LJ018-0387.wav,7.681375,4.5634155
/mnt/md1/user_wago/data/LJSpeech-1.1/wavs/LJ046-0187.wav,9.4925,4.4870224
/mnt/md1/user_wago/data/LJSpeech-1.1/wavs/LJ035-0045.wav,8.1805625,4.5302453
/mnt/md1/user_wago/data/LJSpeech-1.1/wavs/LJ009-0280.wav,7.275,4.490362
/mnt/md1/user_wago/data/LJSpeech-1.1/wavs/LJ009-0094.wav,7.066,4.337311
/mnt/md1/user_wago/data/LJSpeech-1.1/wavs/LJ027-0080.wav,5.707625,4.4912934
/mnt/md1/user_wago/data/LJSpeech-1.1/wavs/LJ037-0080.wav,9.794375,4.6018333
/mnt/md1/user_wago/data/LJSpeech-1.1/wavs/LJ027-0024.wav,9.689875,4.291954
/mnt/md1/user_wago/data/LJSpeech-1.1/wavs/LJ007-0048.wav,4.2448125,4.662844
/mnt/md1/user_wago/data/LJSpeech-1.1/wavs/LJ011-0236.wav,5.61475,4.4880757
/mnt/md1/user_wago/data/LJSpeech-1.1/wavs/LJ012-0086.wav,9.028125,4.667556
/mnt/md1/user_wago/data/LJSpeech-1.1/wavs/LJ017-0122.wav,7.3446875,4.618777
/mnt/md1/user_wago/data/LJSpeech-1.1/wavs/LJ005-0132.wav,3.29275,4.413432
/mnt/md1/user_wago/data/LJSpeech-1.1/wavs/LJ047-0009.wav,7.7974375,4.7208204
/mnt/md1/user_wago/data/LJSpeech-1.1/wavs/LJ023-0115.wav,7.3330625,4.4301634
/mnt/md1/user_wago/data/LJSpeech-1.1/wavs/LJ048-0133.wav,8.7494375,4.580422
/mnt/md1/user_wago/data/LJSpeech-1.1/wavs/LJ031-0162.wav,4.546625,4.839097
/mnt/md1/user_wago/data/LJSpeech-1.1/wavs/LJ026-0137.wav,5.7889375,4.245838
/mnt/md1/user_wago/data/LJSpeech-1.1/wavs/LJ018-0184.wav,5.55675,4.715525
/mnt/md1/user_wago/data/LJSpeech-1.1/wavs/LJ003-0051.wav,7.8090625,4.557584
/mnt/md1/user_wago/data/LJSpeech-1.1/wavs/LJ015-0186.wav,5.521875,4.435159
/mnt/md1/user_wago/data/LJSpeech-1.1/wavs/LJ018-0150.wav,3.4205,4.7850614
/mnt/md1/user_wago/data/LJSpeech-1.1/wavs/LJ009-0022.wav,8.1225,4.4156747
/mnt/md1/user_wago/data/LJSpeech-1.1/wavs/LJ013-0190.wav,5.61475,4.7190914
/mnt/md1/user_wago/data/LJSpeech-1.1/wavs/LJ014-0155.wav,4.3725,4.508378
/mnt/md1/user_wago/data/LJSpeech-1.1/wavs/LJ047-0174.wav,3.6643125,4.343166
/mnt/md1/user_wago/data/LJSpeech-1.1/wavs/LJ028-0258.wav,4.3493125,4.2929406
/mnt/md1/user_wago/data/LJSpeech-1.1/wavs/LJ033-0121.wav,4.546625,4.790045
/mnt/md1/user_wago/data/LJSpeech-1.1/wavs/LJ003-0180.wav,8.1689375,4.7639856
/mnt/md1/user_wago/data/LJSpeech-1.1/wavs/LJ012-0081.wav,6.0675625,4.519888
/mnt/md1/user_wago/data/LJSpeech-1.1/wavs/LJ007-0050.wav,8.7726875,4.7000766
/mnt/md1/user_wago/data/LJSpeech-1.1/wavs/LJ010-0230.wav,4.5815,4.66556
/mnt/md1/user_wago/data/LJSpeech-1.1/wavs/LJ009-0053.wav,9.5621875,4.4922895
/mnt/md1/user_wago/data/LJSpeech-1.1/wavs/LJ049-0115.wav,5.0110625,4.579306
/mnt/md1/user_wago/data/LJSpeech-1.1/wavs/LJ015-0259.wav,6.8338125,4.686957
/mnt/md1/user_wago/data/LJSpeech-1.1/wavs/LJ042-0193.wav,5.55675,4.7267904
/mnt/md1/user_wago/data/LJSpeech-1.1/wavs/LJ018-0350.wav,5.1039375,4.635155
/mnt/md1/user_wago/data/LJSpeech-1.1/wavs/LJ022-0160.wav,6.706125,4.6268187
/mnt/md1/user_wago/data/LJSpeech-1.1/wavs/LJ010-0092.wav,5.2780625,4.401871
/mnt/md1/user_wago/data/LJSpeech-1.1/wavs/LJ009-0075.wav,8.5869375,4.6340237
/mnt/md1/user_wago/data/LJSpeech-1.1/wavs/LJ050-0207.wav,4.8949375,4.722686
/mnt/md1/user_wago/data/LJSpeech-1.1/wavs/LJ022-0034.wav,3.8500625,4.5840592
/mnt/md1/user_wago/data/LJSpeech-1.1/wavs/LJ050-0252.wav,9.78275,4.618436
/mnt/md1/user_wago/data/LJSpeech-1.1/wavs/LJ002-0045.wav,3.408875,4.754041
/mnt/md1/user_wago/data/LJSpeech-1.1/wavs/LJ046-0188.wav,3.095375,4.692
/mnt/md1/user_wago/data/LJSpeech-1.1/wavs/LJ008-0199.wav,6.50875,4.435335
/mnt/md1/user_wago/data/LJSpeech-1.1/wavs/LJ010-0066.wav,7.7161875,4.6031528
/mnt/md1/user_wago/data/LJSpeech-1.1/wavs/LJ003-0011.wav,9.399625,4.5315976
/mnt/md1/user_wago/data/LJSpeech-1.1/wavs/LJ047-0088.wav,7.948375,4.754844
/mnt/md1/user_wago/data/LJSpeech-1.1/wavs/LJ040-0182.wav,8.83075,4.394895
/mnt/md1/user_wago/data/LJSpeech-1.1/wavs/LJ013-0135.wav,7.6000625,4.7286887
/mnt/md1/user_wago/data/LJSpeech-1.1/wavs/LJ011-0055.wav,3.699125,4.602018
/mnt/md1/user_wago/data/LJSpeech-1.1/wavs/LJ010-0124.wav,9.121,4.422249
/mnt/md1/user_wago/data/LJSpeech-1.1/wavs/LJ048-0008.wav,7.2401875,4.6579695
/mnt/md1/user_wago/data/LJSpeech-1.1/wavs/LJ032-0246.wav,7.971625,4.653926
/mnt/md1/user_wago/data/LJSpeech-1.1/wavs/LJ006-0170.wav,9.5389375,4.570674
/mnt/md1/user_wago/data/LJSpeech-1.1/wavs/LJ037-0014.wav,4.9181875,4.63659
/mnt/md1/user_wago/data/LJSpeech-1.1/wavs/LJ026-0084.wav,7.286625,4.5583563
/mnt/md1/user_wago/data/LJSpeech-1.1/wavs/LJ017-0116.wav,5.55675,4.6776443
/mnt/md1/user_wago/data/LJSpeech-1.1/wavs/LJ005-0200.wav,6.5435625,4.3815556
/mnt/md1/user_wago/data/LJSpeech-1.1/wavs/LJ033-0073.wav,8.052875,4.7322626
/mnt/md1/user_wago/data/LJSpeech-1.1/wavs/LJ012-0222.wav,3.4785625,4.783611
/mnt/md1/user_wago/data/LJSpeech-1.1/wavs/LJ003-0152.wav,6.996375,4.5505
/mnt/md1/user_wago/data/LJSpeech-1.1/wavs/LJ025-0049.wav,6.2185,4.679949
/mnt/md1/user_wago/data/LJSpeech-1.1/wavs/LJ002-0089.wav,6.415875,4.6804276
/mnt/md1/user_wago/data/LJSpeech-1.1/wavs/LJ002-0297.wav,7.286625,4.5008287
/mnt/md1/user_wago/data/LJSpeech-1.1/wavs/LJ014-0147.wav,4.1055,4.678704
/mnt/md1/user_wago/data/LJSpeech-1.1/wavs/LJ024-0039.wav,8.5869375,4.1969976
/mnt/md1/user_wago/data/LJSpeech-1.1/wavs/LJ003-0186.wav,9.388,4.7204866
/mnt/md1/user_wago/data/LJSpeech-1.1/wavs/LJ033-0130.wav,8.5869375,4.6518855
/mnt/md1/user_wago/data/LJSpeech-1.1/wavs/LJ016-0252.wav,4.465375,4.727068
/mnt/md1/user_wago/data/LJSpeech-1.1/wavs/LJ009-0110.wav,5.150375,4.484372
/mnt/md1/user_wago/data/LJSpeech-1.1/wavs/LJ009-0171.wav,7.484,4.4649568
/mnt/md1/user_wago/data/LJSpeech-1.1/wavs/LJ017-0212.wav,1.65575,4.4237013
/mnt/md1/user_wago/data/LJSpeech-1.1/wavs/LJ029-0083.wav,8.2966875,4.5776963
/mnt/md1/user_wago/data/LJSpeech-1.1/wavs/LJ043-0175.wav,7.6929375,4.655549
/mnt/md1/user_wago/data/LJSpeech-1.1/wavs/LJ004-0057.wav,5.1155625,4.474971
/mnt/md1/user_wago/data/LJSpeech-1.1/wavs/LJ005-0286.wav,7.6929375,4.4335485
/mnt/md1/user_wago/data/LJSpeech-1.1/wavs/LJ007-0137.wav,8.3895625,4.600782
/mnt/md1/user_wago/data/LJSpeech-1.1/wavs/LJ028-0393.wav,3.5598125,4.0656195
/mnt/md1/user_wago/data/LJSpeech-1.1/wavs/LJ027-0065.wav,8.9584375,4.4084077
/mnt/md1/user_wago/data/LJSpeech-1.1/wavs/LJ018-0144.wav,6.6364375,4.67756
/mnt/md1/user_wago/data/LJSpeech-1.1/wavs/LJ039-0186.wav,8.51725,4.5000553
/mnt/md1/user_wago/data/LJSpeech-1.1/wavs/LJ036-0184.wav,6.88025,4.5224476
/mnt/md1/user_wago/data/LJSpeech-1.1/wavs/LJ028-0180.wav,6.4623125,4.603681
/mnt/md1/user_wago/data/LJSpeech-1.1/wavs/LJ014-0313.wav,9.689875,4.5581045
/mnt/md1/user_wago/data/LJSpeech-1.1/wavs/LJ025-0080.wav,7.7974375,4.7220254
/mnt/md1/user_wago/data/LJSpeech-1.1/wavs/LJ003-0182.wav,4.5350625,4.631501
/mnt/md1/user_wago/data/LJSpeech-1.1/wavs/LJ020-0068.wav,2.54975,4.6816287
